OID_;UIDENTSTLAE;ULAND;UREGBEZ;UKREIS;UGEMEINDE;UJAHR;UMONAT;USTUNDE;UWOCHENTAG;UKATEGORIE;UART;UTYP1;ULICHTVERH;IstStrassenzustand;IstRad;IstPKW;IstFuss;IstKrad;IstGkfz;IstSonstige;LINREFX;LINREFY;XGCSWGS84;YGCSWGS84;PLST
82957;08240321437100501950;08;4;37;100;2024;03;07;5;3;6;3;0;1;0;1;1;0;0;0;537228,881000000052154;5317629,271999999880791;9,499182300000029;48,010873138000079;1
82960;08240321436000584030;08;4;36;083;2024;03;15;5;3;5;2;0;0;1;1;0;0;0;0;531628,146099999547005;5301690,932600000873208;9,422916191000070;47,867777083000078;1
82970;08240321317000491350;08;3;17;059;2024;03;07;5;3;5;3;0;1;1;1;0;0;0;0;412887,048600000329316;5349908,952999999746680;7,825443110000037;48,296378083000036;1
82973;08240321311010588670;08;3;11;000;2024;03;13;5;3;3;6;0;0;1;0;0;0;0;0;411894,391900000162423;5315226,190400000661612;7,819238846000076;47,984267722000027;1
82974;08240321311010532810;08;3;11;000;2024;03;17;5;2;3;6;0;0;1;0;0;0;0;0;416764,603400000371039;5315654,664200000464916;7,884411500000056;47,988774384000067;1
82982;08240321216100547870;08;2;16;043;2024;03;18;5;3;6;4;1;0;0;1;1;0;0;0;441059,154600000008941;5411931,188699999824166;8,196450089000052;48,857544940000025;1
82986;08240321212010577810;08;2;15;029;2024;03;17;5;3;5;3;1;0;1;1;0;0;0;0;466594,501600000075996;5448207,806700000539422;8,541574138000044;49,185764410000047;1
82988;08240321121500585130;08;1;25;079;2024;03;16;5;3;6;4;0;0;0;1;1;0;0;0;511881,190100000239909;5454792,329900000244379;9,163243686000044;49,245788513000036;1
82998;08240320436000490100;08;4;35;035;2024;03;13;4;3;5;3;0;0;1;1;0;0;0;0;542821,663900000043213;5283442,289999999105930;9,570783438000035;47,702943801000060;1
82999;08240320436000483730;08;4;36;009;2024;03;16;4;3;0;1;0;0;1;0;0;0;0;0;556643,537999999709427;5307443,027599999681115;9,758141287000058;47,917807025000059;1
83000;08240321311010574120;08;3;11;000;2024;03;16;5;3;3;6;0;0;1;0;0;0;0;0;414961,683699999935925;5315709,484699999913573;7,860241343000041;47,989030320000040;1
83001;08240320436000483210;08;4;35;005;2024;03;13;4;3;0;1;0;0;1;0;0;0;0;0;525836,040300000458956;5286295,486700000241399;9,344551526000032;47,729518157000030;1
83002;08240320435100484100;08;4;35;016;2024;03;14;4;2;5;3;0;0;1;1;0;0;0;0;534702,088700000196695;5279429,098600000143051;9,462240010000073;47,667322843000079;1
83009;08240320337010562430;08;3;37;126;2024;03;07;4;3;6;7;0;0;1;0;1;0;0;0;444613,602300000376999;5275888,064999999478459;8,262707825000064;47,634023495000065;1
83014;08240320317100562760;08;3;17;056;2024;03;06;4;3;5;3;1;0;1;1;0;0;0;0;434447,385999999940395;5383047,731300000101328;8,110913809000067;48,597076161000075;1
83018;08240320311000542700;08;3;16;017;2024;03;05;4;3;4;6;2;0;1;0;0;0;0;1;407953,926699999719858;5341929,930800000205636;7,760681061000071;48,223910980000028;1
83021;08240320231302620730;08;2;31;000;2024;03;16;4;3;4;6;0;0;1;1;0;0;0;0;480993,235600000247359;5418042,610700000077486;8,740581591000023;48,915030351000041;1
83022;08240320231302535330;08;2;31;000;2024;03;18;4;3;3;2;1;0;1;1;0;0;0;0;475569,859000000171363;5414231,768999999389052;8,666788428000075;48,880559201000040;1
83032;08240320212010532220;08;2;12;000;2024;03;14;4;3;5;3;0;0;1;1;0;0;0;0;460449,395999999716878;5431026,356000000610948;8,458931253000060;49,030850990000033;1
83033;08240320212010492280;08;2;12;000;2024;03;14;4;3;5;6;0;0;1;1;0;0;0;0;452830,146700000390410;5429238,705700000748038;8,354910983000025;49,014235284000051;1
83043;08240320119100516450;08;1;19;003;2024;03;07;4;3;6;4;1;0;0;0;1;0;0;1;534313,863199999555945;5417190,784499999135733;9,468263754000077;48,906708647000073;1
83046;08240320118200530980;08;1;18;080;2024;03;14;4;3;5;3;0;0;1;1;0;0;0;0;504461,764999999664724;5410687,347999999299645;9,060817506000035;48,849139582000078;1
83047;08240320118010553680;08;1;15;021;2024;03;13;4;2;5;3;0;0;1;1;0;0;0;0;490432,139000000432134;5379894,635999999940395;8,870296308000036;48,572069169000031;1
83051;08240320116500544050;08;1;16;049;2024;03;08;4;3;6;4;0;0;0;1;1;0;0;0;524306,189500000327826;5387378,428600000217557;9,329935047000049;48,638995634000025;1
83055;08240320115100575830;08;1;15;013;2024;03;15;4;3;4;6;0;0;1;0;0;0;0;0;495280,269999999552965;5389720,427999999374151;8,935906606000060;48,660519359000034;1
83056;08240319437200481400;08;4;37;008;2024;03;14;3;3;0;1;0;0;1;0;0;0;0;0;521325,615000000223517;5328167,940999999642372;9,286473166000064;48,106418020000035;1
83059;08240319436000532870;08;4;37;056;2024;03;17;3;3;3;2;0;0;1;0;0;0;0;0;527870,956000000238419;5300892,416999999433756;9,372626551000053;47,860766725000076;1
83060;08240319436000481320;08;4;36;013;2024;03;17;3;2;5;3;0;0;1;1;0;0;0;0;544599,268699999898672;5298036,672900000587106;9,595974623000075;47,834130124000069;1
83061;08240319435100561840;08;4;35;029;2024;03;16;3;3;0;6;0;0;1;1;0;0;0;0;545297,692400000058115;5275009,840199999511242;9,602911073000030;47,626906329000064;1
83065;08240319335400575300;08;3;35;079;2024;03;18;3;2;0;7;0;0;1;0;0;0;0;0;500217,096400000154972;5301898,589400000870228;9,002903053000068;47,870424286000059;1
83067;08240319335100611870;08;3;35;043;2024;03;20;3;2;0;7;2;0;1;0;0;0;0;0;515340,239799999631941;5281077,645999999716878;9,204396293000059;47,682905030000029;1
83069;08240319335000516280;08;3;35;100;2024;03;14;3;3;6;4;0;0;0;1;1;0;0;0;489525,975200000219047;5287204,164100000634789;8,860294601000021;47,738126267000041;1
83070;08240319326000474170;08;3;26;003;2024;03;13;3;3;5;3;0;0;1;1;0;0;0;0;465260,616700000129640;5320464,967800000682473;8,533966956000029;48,036525667000035;1
83072;08240319311400480440;08;3;15;050;2024;03;15;3;3;5;3;0;0;1;1;0;0;0;0;401697,035299999639392;5303138,189400000497699;7,685371661000033;47,874051181000027;1
83075;08240319311010475180;08;3;36;050;2024;03;15;3;2;0;7;0;0;1;0;0;0;0;0;399597,482300000265241;5274758,202500000596046;7,663852133000034;47,618444774000068;1
83076;08240319235100542220;08;2;35;085;2024;03;02;3;3;5;3;2;1;1;1;0;0;0;0;482768,373900000005960;5395094,022099999710917;8,765773370000034;48,708640563000074;1
83078;08240319231102584280;08;2;36;040;2024;03;06;3;2;5;3;1;1;1;1;0;0;0;0;485559,827700000256300;5420166,539799999445677;8,802834177000022;48,934259892000057;1
83083;08240319136010552750;08;1;36;028;2024;03;21;3;2;6;4;2;0;0;1;1;0;0;0;568181,622000000439584;5405028,709799999371171;9,928367112000046;48,794512428000075;1
83084;08240325118500528500;08;1;18;049;2024;03;10;2;3;5;2;0;0;1;1;0;0;0;0;519248,362900000065565;5421079,133700000122190;9,262859232000039;48,942338335000045;1
83086;08240319127100557340;08;1;27;012;2024;03;04;3;2;0;7;2;0;1;0;0;0;0;0;566623,474000000394881;5432369,247999999672174;9,911618477000047;49,040598853000063;1
83107;08240318416010534580;08;4;15;091;2024;03;09;2;2;6;4;0;1;0;1;1;0;0;0;513361,460099999792874;5359595,886499999091029;9,180481198000052;48,389384361000054;1
83108;08240318337200511470;08;3;37;062;2024;03;05;2;3;5;3;2;1;1;1;0;0;0;0;453538,196000000461936;5274615,841000000014901;8,381637362000049;47,623278946000028;1
83111;08240318335300470670;08;3;35;077;2024;03;17;2;2;0;1;0;1;1;0;0;0;0;0;494111,330799999646842;5293721,008400000631809;8,921366913000043;47,796820021000030;1
83112;08240318326400513290;08;3;26;074;2024;03;17;2;3;5;3;0;0;1;1;0;0;0;0;460516,553199999965727;5323128,395999999716878;8,470081654000069;48,060212030000059;1
83115;08240318311010470640;08;3;11;000;2024;03;17;2;2;6;4;0;0;0;1;1;0;0;0;413641,718000000342727;5317110,500800000503659;7,842271783000058;48,001456076000068;1
83120;08240318226200552570;08;2;26;059;2024;03;14;2;3;2;6;0;0;1;1;0;0;0;0;465383,932900000363588;5460167,679199999198318;8,523929080000073;49,293275506000043;1
83121;08240318222014522330;08;2;22;000;2024;03;17;2;2;5;3;0;0;1;0;0;0;0;1;463593,015599999576807;5483464,163200000301003;8,497164927000028;49,502715091000027;1
83125;08240318118400632650;08;1;18;048;2024;03;08;2;3;6;4;0;0;0;0;1;0;0;1;515709,110000000335276;5415114,175000000745058;9,214297286000033;48,888779455000076;1
83147;08240317231000532290;08;2;31;000;2024;03;20;1;1;6;4;2;0;0;1;1;0;0;0;480563,400799999944866;5416746,268500000238419;8,734776680000039;48,903355549000025;1
83155;08240317119100460280;08;1;19;069;2024;03;12;1;2;8;7;0;0;1;0;0;0;0;0;528490,092400000430644;5430730,107699999585748;9,389739902000031;49,028796372000045;1
83160;08240317111310467670;08;1;11;000;2024;03;17;1;3;5;3;0;0;1;1;0;0;0;0;516647,241100000217557;5407406,650100000202656;9,226781401000039;48,819419807000031;1
83163;08240316426010452830;08;4;26;100;2024;03;10;7;2;5;3;0;0;1;1;0;0;0;0;577376,863800000399351;5317690,042500000447035;10,037448555000026;48,007819754000082;1
83164;08240316425000456090;08;4;25;020;2024;03;15;7;3;6;4;0;0;0;1;1;0;0;0;558544,169900000095367;5361519,425499999895692;9,791022038000051;48,404112080000061;1
83166;08240318115400477990;08;1;15;045;2024;03;15;2;3;5;3;0;0;1;1;0;0;0;0;497355,190399999730289;5396121,962400000542402;8,964042800000072;48,718120447000047;1
83167;08240316416100451630;08;4;16;048;2024;03;16;7;3;8;1;0;0;1;0;0;0;0;0;494270,372000000439584;5376301,118000000715256;8,922377509000057;48,539787639000053;1
83171;08240316317000463270;08;3;17;057;2024;03;16;7;3;8;1;0;0;1;0;0;0;0;0;413150,804100000299513;5381206,323699999600649;7,822510246000036;48,577921927000034;1
83175;08240316231102571440;08;2;36;067;2024;03;09;7;3;6;7;0;0;0;1;1;0;0;0;486760,054700000211596;5412574,287599999457598;8,819468102000030;48,865988902000026;1
83185;08240316225100494980;08;2;25;074;2024;03;22;7;2;6;4;2;0;0;1;1;0;0;0;507031,244099999777973;5466594,896099999547005;9,096814876000053;49,352029136000056;1
83196;08240316117300602980;08;1;17;026;2024;03;17;7;3;5;3;0;1;1;1;0;0;0;0;547728,582299999892712;5396267,636800000444055;9,648883557000033;48,717609447000029;1
83203;08240315436000443650;08;4;35;066;2024;03;15;6;2;0;7;0;0;1;0;0;0;0;0;518648,682500000111759;5287042,484099999070168;9,248733456000025;47,736487026000077;1
83207;08240315425000496270;08;4;25;033;2024;03;19;6;3;3;2;2;0;1;1;0;0;0;0;553791,956000000238419;5342628,403100000694394;9,724407708000058;48,234592649000035;1
83212;08240315317010466750;08;3;17;073;2024;03;08;6;2;6;4;0;0;0;1;1;0;0;0;411564,155000000260770;5348766,118000000715256;7,807849652000073;48,285915008000075;1
83214;08240315311010446310;08;3;11;000;2024;03;18;6;3;9;1;2;1;1;1;0;0;0;0;412879,583899999968708;5315335,066700000315905;7,832417107000026;47,985382050000055;1
83221;08240315127202528620;08;1;27;014;2024;03;06;6;3;5;3;0;0;1;1;0;0;0;0;578373,022499999962747;5442799,265699999406934;10,074384086000066;49,133023569000045;1
83228;08240315118500523210;08;1;18;054;2024;03;18;6;3;6;4;1;0;0;1;1;0;0;0;521794,913300000131130;5426875,014200000092387;9,297945415000072;48,994390947000056;1
83240;08240314435100435910;08;4;35;016;2024;03;17;5;3;2;6;0;0;1;0;0;0;0;0;537533,597299999557436;5278639,879799999296665;9,499887149000074;47,660063805000050;1
83243;08240314417100507030;08;4;17;079;2024;03;15;5;3;5;3;0;0;1;1;0;0;0;0;499998,227300000376999;5346889,409900000318885;8,999976108000055;48,275210008000045;1
83248;08240314335100521630;08;3;35;043;2024;03;17;5;3;5;3;0;0;1;1;0;0;0;0;510946,368999999947846;5282000,526000000536442;9,145874903000049;47,691298132000043;1
83254;08240314316100435360;08;3;16;011;2024;03;15;5;3;6;6;0;0;1;0;1;0;0;0;414673,224200000055134;5329880,116299999877810;7,853549634000046;48,116461055000059;1
83255;08240314311100470550;08;3;15;115;2024;03;09;5;3;5;3;0;0;1;0;0;0;0;1;408236,153400000184774;5320735,790100000798702;7,769044916000041;48,033312736000028;1
83258;08240314311010498290;08;3;36;082;2024;03;06;5;3;5;3;1;0;1;1;0;0;0;0;414228,438400000333786;5274106,882400000467896;7,858643895000057;47,614687911000033;1
83263;08240314231000523310;08;2;36;044;2024;03;13;5;3;6;4;0;0;0;1;1;0;0;0;483290,350399999879301;5404571,052400000393391;8,772483855000075;48,793909523000082;1
83265;08240314226400465460;08;2;26;084;2024;03;09;5;3;5;3;0;0;1;1;0;0;0;0;468098,367300000041723;5469640,109099999070168;8,560501199000043;49,378626127000075;1
83271;08240314215202463630;08;2;15;064;2024;03;19;5;3;5;2;2;0;1;1;0;0;0;0;477960,783800000324845;5451410,384999999776483;8,697375787000055;49,215085967000050;1
83272;08240326212010594480;08;2;12;000;2024;03;18;3;3;6;2;0;0;1;0;1;0;0;0;451976,784699999727309;5430916,415699999779463;8,343042698000033;49,029260438000051;1
83277;08240314136100479110;08;1;36;033;2024;03;07;5;3;0;7;0;1;1;1;0;0;0;0;580939,127000000327826;5416303,961999999359250;10,104271118000042;48,894394404000082;1
83278;08240314127202517970;08;1;27;014;2024;03;16;5;3;5;3;0;0;1;0;0;0;0;1;576327,786999999545515;5443818,605000000447035;10,046544770000025;49,142448875000071;1
83292;08240314118200488420;08;1;18;011;2024;03;14;5;3;0;7;0;0;1;0;0;0;0;0;502212,419200000353158;5409397,403200000524521;9,030150123000055;48,837547514000050;1
83296;08240314111210474390;08;1;11;000;2024;03;14;5;2;0;1;0;0;1;0;0;0;0;0;512788,780100000090897;5400201,023099999874830;9,173994553000057;48,754690062000066;1
83301;08240313426100436900;08;4;26;128;2024;03;16;4;3;6;2;0;1;0;1;1;0;0;0;559647,463399999774992;5331048,606599999591708;9,801629285000047;48,129896778000045;1
83307;08240313336300462430;08;3;36;081;2024;03;07;4;3;5;3;0;1;1;1;0;0;0;0;412230,356800000183284;5278007,090600000694394;7,831279093000035;47,649506179000070;1
83308;08240313336200509880;08;3;36;069;2024;03;15;4;3;6;7;0;0;0;1;1;0;0;0;405666,367800000123680;5269160,942700000479817;7,745799569000042;47,569005853000078;1
83318;08240313311010508910;08;3;11;000;2024;03;17;4;3;5;3;0;0;1;1;0;0;0;0;414593,384999999776483;5317879,125000000000000;7,854874231000053;48,008498002000067;1
83320;08240313311010428760;08;3;11;000;2024;03;19;4;3;5;3;2;1;1;1;0;0;0;0;410173,279000000096858;5318810,127000000327826;7,795427948000054;48,016266546000054;1
83325;08240313221200596830;08;2;21;000;2024;03;06;4;3;0;7;1;1;1;0;0;0;0;0;477551,980399999767542;5471976,742699999362230;8,690606286000047;49,400065597000037;1
83328;08240313212302543230;08;2;12;000;2024;03;10;4;3;6;2;0;0;0;1;1;0;0;0;455183,345999999903142;5428485,732000000774860;8,387174200000061;49,007637644000056;1
83332;08240313212010500740;08;2;12;000;2024;03;20;4;3;5;2;2;1;1;1;0;0;0;0;455071,964200000278652;5427488,072000000625849;8,385761629000058;48,998655499000051;1
83337;08240313136010492110;08;1;36;042;2024;03;19;4;1;6;7;2;1;0;1;1;0;0;0;552138,864799999631941;5405215,058900000527501;9,709971356000040;48,797741006000081;1
83340;08240313135010522410;08;1;35;025;2024;03;14;4;2;6;6;0;0;0;1;1;0;0;0;581441,067699999548495;5399389,114399999380112;10,107760061000022;48,742192889000080;1
83343;08240313126100427930;08;1;26;060;2024;03;14;4;3;6;4;0;0;0;1;1;0;0;0;544666,444000000134110;5460515,204199999570847;9,614324074000024;49,295749288000081;1
83344;08240313121500458450;08;1;25;065;2024;03;06;4;3;5;3;2;1;1;1;0;0;0;0;516259,721699999645352;5449082,374399999156594;9,223171478000040;49,194325633000062;1
83351;08240313119300518840;08;1;19;067;2024;03;18;4;3;6;4;2;1;0;1;1;0;0;0;539104,884700000286102;5405709,868599999696016;9,532545005000031;48,803148606000036;1
83357;08240312436400420200;08;4;36;011;2024;03;12;3;3;6;4;0;0;0;1;1;0;0;0;548695,593000000342727;5297132,531999999657273;9,650608133000048;47,825698483000053;1
83363;08240312426000436800;08;4;25;039;2024;03;06;3;3;5;3;1;0;1;1;0;0;0;0;566301,311599999666214;5353090,089199999347329;9,894491584000036;48,327517640000053;1
83374;08240312317000482700;08;3;17;121;2024;03;06;3;3;6;6;2;0;0;1;1;0;0;0;426050,148599999956787;5342789,952999999746680;8,004137697000033;48,234015300000067;1
83375;08240312311100416320;08;3;15;059;2024;03;07;3;3;5;3;0;0;1;1;0;0;0;0;399197,688000000081956;5321966,513000000268221;7,647543186000064;48,043019761000039;1
83376;08240312311010498320;08;3;11;000;2024;03;21;3;3;5;3;2;1;1;1;0;0;0;0;414002,862200000323355;5315235,866599999368191;7,847487912000076;47,984641725000074;1
83380;08240312231202467000;08;2;36;072;2024;03;18;3;2;5;3;2;1;1;1;0;0;0;0;464906,297000000253320;5410754,430999999865890;8,521646955000051;48,848766769000065;1
83381;08240312215402534020;08;2;15;009;2024;03;19;3;3;5;3;2;1;1;1;0;0;1;0;469721,527700000442564;5441032,327400000765920;8,585024774000033;49,121382332000053;1
83384;08240312212010426900;08;2;12;000;2024;03;18;3;3;2;6;2;1;1;0;0;0;0;0;458059,167200000025332;5427671,441600000485778;8,426580336000029;49,000515119000056;1
83385;08240312211100468600;08;2;11;000;2024;03;12;3;3;5;3;0;1;1;1;0;0;0;0;441067,151499999687076;5403594,011299999430776;8,197756870000035;48,782552668000051;1
83386;08240312135010506640;08;1;35;032;2024;03;16;3;2;6;7;0;0;0;0;1;0;0;1;577961,477300000376999;5393414,688200000673532;10,059310440000047;48,688901006000037;1
83388;08240312127100497860;08;1;27;076;2024;03;00;3;3;0;1;2;0;1;0;0;0;0;0;552249,216000000014901;5439829,400699999183416;9,715915421000034;49,109087430000045;1
83402;08240311435200416050;08;4;35;036;2024;03;15;2;3;0;1;0;0;1;0;0;0;0;0;519983,265599999576807;5282336,488199999555945;9,266317901000036;47,694104688000039;1
83403;08240311435100450950;08;4;35;035;2024;03;17;2;3;5;3;0;0;1;1;0;0;0;0;541822,800300000235438;5283274,656600000336766;9,557453849000069;47,701501016000066;1
83418;08240311316100492480;08;3;16;054;2024;03;15;2;3;0;1;0;1;1;0;0;0;0;0;417831,077999999746680;5337422,594000000506639;7,894513800000027;48,184723106000035;1
83420;08240311311010470500;08;3;36;103;2024;03;18;2;1;6;4;0;0;0;1;1;0;0;0;413442,617200000211596;5283620,456700000911951;7,846305209000036;47,700166601000035;1
83434;08240311119300549060;08;1;19;076;2024;03;14;2;3;6;4;0;0;0;0;1;1;0;0;541031,557699999772012;5406362,810699999332428;9,558847150000076;48,808897940000065;1
83435;08240311119300412580;08;1;19;076;2024;03;11;2;3;0;1;0;0;1;0;0;0;0;0;541875,353600000031292;5406761,006799999624491;9,570379635000052;48,812423613000078;1
83437;08240311119100454890;08;1;19;008;2024;03;08;2;2;6;4;0;0;0;1;1;0;0;0;534793,339599999599159;5422806,965099999681115;9,475286003000065;48,957201763000057;1
83442;08240326231000540110;08;2;37;045;2024;03;18;3;3;5;3;0;0;1;1;0;0;0;0;459875,900000000372529;5361141,390000000596046;8,457883409000033;48,402153031000068;1
83444;08240311117200482720;08;1;17;058;2024;03;20;2;3;0;1;2;1;1;0;0;0;0;0;546198,393299999646842;5378881,727499999105930;9,626142804000040;48,561327296000059;1
83449;08240310437200454030;08;4;37;123;2024;03;17;1;3;8;1;1;1;1;0;0;0;0;0;507668,974000000394881;5309944,622999999672174;9,102693937000026;47,942771266000079;1
83453;08240314127202447170;08;1;27;014;2024;03;16;5;3;5;3;0;0;1;1;0;0;0;0;577440,467400000430644;5443698,878399999812245;10,061775207000039;49,141232798000033;1
83454;08240310335300407650;08;3;35;075;2024;03;12;1;3;0;1;0;0;1;0;0;0;0;0;493820,092000000178814;5283331,422000000253320;8,917625567000073;47,703336244000070;1
83462;08240310212402479570;08;2;12;000;2024;03;20;1;3;0;5;2;1;1;1;0;0;0;0;455645,110799999907613;5427232,852399999275804;8,393624868000074;48,996401217000027;1
83466;08240310119400483720;08;1;19;041;2024;03;12;1;3;6;4;0;0;0;1;1;0;0;0;526466,509499999694526;5410057,612199999392033;9,360715847000051;48,842926326000054;1
83474;08240309436100401780;08;4;36;055;2024;03;12;7;3;5;3;0;0;1;1;0;0;0;0;572667,275000000372529;5299523,087999999523163;9,971248618000061;47,844942619000051;1
83475;08240309426010485470;08;4;25;033;2024;03;15;7;2;5;3;0;0;1;1;0;0;0;0;553095,155000000260770;5348737,565799999982119;9,715791690000060;48,289609855000037;1
83477;08240309416200477460;08;4;16;025;2024;03;10;7;3;0;1;0;0;1;0;0;0;0;0;503990,893400000408292;5361463,590800000354648;9,053925256000070;48,406316196000034;1
83480;08240309335010434200;08;3;35;055;2024;03;09;7;3;5;2;0;0;1;1;0;0;0;0;495074,178000000305474;5285852,412000000476837;8,934313261000057;47,726029963000030;1
83487;08240309311010578260;08;3;15;094;2024;03;17;7;2;4;6;0;0;1;0;0;1;0;0;431924,503100000321865;5318214,043500000610948;8,087161010000045;48,013592179000057;1
83497;08240309222600578280;08;2;22;000;2024;03;20;7;3;4;2;2;0;1;1;0;0;0;0;463331,314299999736249;5483252,992000000551343;8,493570191000060;49,500799950000044;1
83507;08240309212010477130;08;2;12;000;2024;03;18;7;3;2;6;2;0;1;1;0;0;0;0;455712,666899999603629;5427038,828299999237061;8,394569524000076;48,994660796000062;1
83510;08240309119500446860;08;1;19;042;2024;03;14;7;3;0;1;0;0;1;0;0;0;0;0;526644,754999999888241;5416643,697000000625849;9,363574173000075;48,902164717000062;1
83524;08240308436300476910;08;4;36;052;2024;03;15;6;3;5;3;0;0;1;1;0;0;0;0;566638,083499999716878;5287278,279899999499321;9,888794423000036;47,735436455000070;1
83537;08240308311300465770;08;3;11;000;2024;03;13;6;3;0;4;0;0;0;1;1;0;0;0;417526,495099999941885;5315497,517100000753999;7,894651204000070;47,987459473000058;1
83547;08240308222400457170;08;2;22;000;2024;03;08;6;3;5;3;0;0;1;1;0;0;0;0;468904,445799999870360;5478793,368799999356270;8,570888678000074;49,460998699000072;1
83548;08240308222301469950;08;2;22;000;2024;03;14;6;3;6;7;0;0;0;1;1;0;0;0;467179,745099999941885;5484713,323400000110269;8,546597492000046;49,514155410000058;1
83560;08240308211100424510;08;2;16;049;2024;03;07;6;3;6;2;0;0;0;1;1;0;0;0;438899,008399999700487;5401152,595599999651313;8,168608166000070;48,760382870000058;1
83561;08240308136200438870;08;1;36;046;2024;03;14;6;3;0;7;0;0;1;0;0;0;0;0;578017,150999999605119;5419804,600999999791384;10,065082355000072;48,926254672000027;1
83562;08240324212010570720;08;2;12;000;2024;03;17;1;3;6;4;0;1;1;0;1;0;0;0;454327,123900000005960;5428274,968000000342727;8,375490595000031;49,005679032000046;1
83570;08240308118200458620;08;1;18;019;2024;03;07;6;3;5;3;1;0;1;1;0;0;0;0;503604,630400000140071;5404002,826600000262260;9,049075328000072;48,789011888000061;1
83584;08240307437100410380;08;4;37;100;2024;03;12;5;3;0;1;0;0;1;0;0;0;0;0;542061,449599999934435;5317140,241599999368191;9,563928616000055;48,006173633000060;1
83586;08240313336200516690;08;3;36;105;2024;03;17;4;3;5;3;1;0;1;1;0;0;0;0;401591,883999999612570;5267294,530999999493361;7,692060060000074;47,551611418000050;1
83589;08240307421200424290;08;4;21;000;2024;03;14;5;3;4;2;0;0;1;1;0;0;0;0;574439,876400000415742;5362538,849600000306964;10,005947645000049;48,411605130000055;1
83593;08240307415400416260;08;4;15;061;2024;03;07;5;3;5;3;0;1;1;1;0;0;0;0;516442,914599999785423;5370234,090900000184774;9,222521513000061;48,485017423000045;1
83612;08240307118200450780;08;1;18;011;2024;03;06;5;3;1;2;1;0;1;1;0;0;0;0;497212,737800000235438;5410472,186699999496341;8,962008794000042;48,847213803000045;1
83617;08240307111320419350;08;1;11;000;2024;03;23;5;3;0;7;2;0;1;0;0;0;0;0;515565,361999999731779;5405967,460400000214577;9,211988738000059;48,806501125000068;1
83622;08240306435100442760;08;4;35;016;2024;03;16;4;3;5;3;0;1;1;0;0;0;0;1;536194,427500000223517;5278679,693900000303984;9,482055522000053;47,660498348000033;1
83625;08240306426010443670;08;4;26;038;2024;03;06;4;2;6;4;2;1;0;1;1;0;0;0;561487,572999999858439;5316739,950999999418855;9,824298733000035;48,000998830000071;1
83626;08240306425000459810;08;4;25;033;2024;03;12;4;2;5;3;0;1;1;1;0;0;0;0;553085,975700000301003;5348762,320499999448657;9,715671063000059;48,289833319000081;1
83634;08240306311500416250;08;3;15;113;2024;03;17;4;3;6;4;0;1;0;1;1;0;0;0;441228,208700000308454;5306866,583799999207258;8,213454592000062;47,912429487000054;1
83635;08240306311010490340;08;3;11;000;2024;03;11;4;3;0;6;0;1;1;1;0;0;0;0;414480,220499999821186;5315947,456199999898672;7,853742273000023;47,991106765000040;1
83637;08240306311010419170;08;3;11;000;2024;03;16;4;3;0;7;0;1;1;0;0;0;0;0;412266,575400000438094;5318664,712300000712276;7,823522511000021;48,015249381000046;1
83638;08240306235100387990;08;2;35;029;2024;03;15;4;2;6;4;0;1;0;1;1;0;0;0;487103,885599999688566;5393481,067800000309944;8,824755304000064;48,694235087000038;1
83641;08240306222200455730;08;2;22;000;2024;03;18;4;3;5;2;2;0;1;1;0;0;0;0;461709,867499999701977;5481070,115399999544024;8,471388903000047;49,481065951000062;1
83642;08240306222014433020;08;2;22;000;2024;03;15;4;3;6;4;0;0;0;0;1;0;0;1;462807,838499999605119;5482675,385399999096990;8,486395164000044;49,495572809000066;1
83644;08240306221011440570;08;2;26;018;2024;03;07;4;3;6;2;0;0;0;1;1;0;0;0;473104,915099999867380;5471496,283099999651313;8,629347602000053;49,395563706000075;1
83647;08240306136300375160;08;1;36;065;2024;03;08;4;3;6;2;0;1;0;0;1;0;0;1;559791,734000000171363;5404344,460000000894070;9,814042952000023;48,789221019000081;1
83652;08240306121200377990;08;1;21;000;2024;03;06;4;3;6;2;0;1;0;1;1;0;0;0;516426,170699999667704;5443729,049000000581145;9,225237485000036;49,146166534000031;1
83667;08240305435100374200;08;4;35;016;2024;03;16;3;3;0;1;0;0;1;0;0;0;0;0;536046,970300000160933;5280457,784900000318885;9,480238420000035;47,676504766000050;1
83670;08240305336400422080;08;3;36;008;2024;03;16;3;3;3;7;0;0;1;1;0;0;0;0;395860,487999999895692;5275215,959000000730157;7,614026436000074;47,621972426000070;1
83671;08240305335100448460;08;3;35;043;2024;03;12;3;3;3;6;0;0;0;0;1;0;0;1;514841,719800000078976;5280213,832800000905991;9,197724590000064;47,675144390000071;1
83682;08240305311010374290;08;3;11;000;2024;03;18;3;3;5;3;0;0;1;0;0;0;0;0;414012,553100000135601;5315063,660499999299645;7,847652242000038;47,983093967000059;1
83688;08240305222700379680;08;2;22;000;2024;03;15;3;3;0;7;0;1;1;0;0;0;0;0;464083,945000000298023;5480694,263399999588728;8,504196820000061;49,477830465000068;1
83697;08240305135100406460;08;1;35;020;2024;03;08;3;3;4;6;0;0;1;0;0;0;0;0;584659,719999999739230;5385594,395999999716878;10,148706031000074;48,617689867000081;1
83698;08240305128300448170;08;1;28;131;2024;03;13;3;3;6;4;0;0;0;1;1;0;0;0;536923,885700000450015;5512259,190199999138713;9,512685265000073;49,761674057000050;1
83709;08240305117300377400;08;1;17;026;2024;03;18;3;3;0;1;2;1;1;0;0;0;0;0;548901,119099999777973;5394112,688899999484420;9,664568105000058;48,698133810000058;1