OID_;UIDENTSTLAE;ULAND;UREGBEZ;UKREIS;UGEMEINDE;UJAHR;UMONAT;USTUNDE;UWOCHENTAG;UKATEGORIE;UART;UTYP1;ULICHTVERH;IstStrassenzustand;IstRad;IstPKW;IstFuss;IstKrad;IstGkfz;IstSonstige;LINREFX;LINREFY;XGCSWGS84;YGCSWGS84;PLST
83710;08240319111500515390;08;1;11;000;2024;03;15;3;3;6;6;0;0;1;0;1;0;0;0;516161,521800000220537;5398637,950600000098348;9,219819893000022;48,740550332000055;1
83712;08240305111140549430;08;1;11;000;2024;03;23;3;3;0;1;2;0;1;0;0;0;0;0;509861,742999999783933;5402845,830600000917912;9,134235011000044;48,778535882000028;1
83720;08240304335100367650;08;3;35;043;2024;03;19;2;3;0;1;2;0;1;0;0;0;0;0;513790,681699999608099;5279949,282199999317527;9,183714157000054;47,672787329000073;1
83723;08240304311100438490;08;3;15;132;2024;03;11;2;3;0;6;0;0;1;1;0;0;0;0;409088,204199999570847;5322195,130799999460578;7,780162057000041;48,046561508000082;1
83730;08240304216200519190;08;2;16;007;2024;03;17;2;3;3;6;0;0;1;1;0;0;0;0;436012,623800000175834;5395558,303999999538064;8,130206763000047;48,709772253000040;1
83732;08240304121600400730;08;1;25;046;2024;03;11;2;3;5;3;0;0;1;1;0;0;0;0;519712,010099999606609;5434756,660299999639392;9,269854781000049;49,065360072000033;1
83737;08240319215302565480;08;2;15;082;2024;03;13;3;2;2;6;0;0;1;0;0;0;0;0;489394,266900000162423;5439571,438999999314547;8,854681997000057;49,108895318000066;1
83741;08240304111330409440;08;1;11;000;2024;03;07;2;3;3;6;0;0;1;1;0;0;0;0;512064,209499999880791;5410745,716299999505281;9,164446455000075;48,849563422000074;1
83753;08240303311010390250;08;3;11;000;2024;03;11;1;3;3;3;0;0;1;0;0;0;0;1;410381,477800000458956;5316468,930500000715256;7,798708428000054;47,995236259000080;1
83756;08240311216300459000;08;2;16;015;2024;03;08;2;3;6;7;0;0;0;1;1;0;0;0;448797,307799999602139;5403288,275900000706315;8,303015544000061;48,780486863000078;1
83761;08240303221011383930;08;2;21;000;2024;03;17;1;3;6;2;1;0;0;1;1;0;0;0;475212,352900000289083;5469378,546700000762939;8,658522558000072;49,376604437000026;1
83769;08240303119500372710;08;1;19;041;2024;03;13;1;2;8;7;0;0;1;0;0;0;0;0;526756,035500000230968;5412067,444399999454618;9,364793082000062;48,860993693000069;1
83771;08240303119300439200;08;1;19;055;2024;03;13;1;3;0;6;0;0;1;1;0;0;0;0;547003,298299999907613;5409375,305199999362230;9,640522126000064;48,835573342000032;1
83774;08240303118100400280;08;1;18;071;2024;03;13;1;2;0;1;0;0;1;0;0;0;0;0;509835,511699999682605;5420481,509999999776483;9,134301703000062;48,937183602000061;1
83777;08240303117010422890;08;4;25;031;2024;03;02;1;1;6;4;2;0;0;1;1;0;0;0;568941,856499999761581;5370344,393400000408292;9,932945723000046;48,482443787000079;1
83784;08240302436000382910;08;4;36;039;2024;03;20;7;1;6;4;2;0;0;1;1;0;0;0;548160,533200000412762;5289214,347500000149012;9,642581025000027;47,754499260000046;1
83786;08240302435100389560;08;4;35;042;2024;03;15;7;3;0;7;0;0;1;0;0;0;0;0;552230,336299999617040;5276272,827299999073148;9,695328558000028;47,637747536000063;1
83798;08240302317500355220;08;3;17;034;2024;03;21;7;3;6;2;2;0;0;1;1;0;0;0;427235,095700000412762;5361342,743599999696016;8,016891088000023;48,401041534000058;1
83802;08240302311010377330;08;3;11;000;2024;03;00;7;2;0;1;2;0;1;0;0;0;0;0;413033,860899999737740;5317599,937799999490380;7,834025301000054;48,005776308000065;1
83805;08240311426000523860;08;4;26;062;2024;03;16;2;3;9;1;0;0;1;0;0;0;0;0;552415,866499999538064;5320199,587300000712276;9,703117347000045;48,032931645000076;1
83814;08240302211000418320;08;2;16;024;2024;03;19;7;3;2;6;2;0;1;1;0;0;0;0;444266,669099999591708;5407362,283600000664592;8,240795859000059;48,816743719000044;1
83833;08240302118500387230;08;1;18;001;2024;03;10;7;3;6;4;0;0;0;1;1;0;0;0;523940,643199999816716;5418778,758300000801682;9,326801814000021;48,921481312000026;1
83846;08240301426100403740;08;4;26;021;2024;03;10;6;3;5;3;0;1;1;1;0;0;0;0;558587,644999999552965;5327172,241900000721216;9,786854709000067;48,095122838000066;1
83847;08240301421300350990;08;4;21;000;2024;03;11;6;3;4;2;0;0;1;1;0;0;0;0;572526,073499999940395;5360297,277599999681115;9,979702027000030;48,391664833000050;1
83848;08240301421300348220;08;4;25;028;2024;03;12;6;3;5;3;0;1;1;1;0;0;0;0;579488,929399999789894;5340322,894099999219179;10,069979852000074;48,211153245000048;1
83855;08240309421300398620;08;4;25;039;2024;03;19;7;3;5;3;2;0;1;1;0;0;0;0;566379,573599999770522;5353191,424699999392033;9,895563268000046;48,328420996000034;1
83856;08240301335100376640;08;3;35;043;2024;03;12;6;3;0;1;0;1;1;0;0;0;0;0;510967,745900000445545;5281960,107000000774860;9,146158761000038;47,690934094000056;1
83864;08240301317000512860;08;3;17;098;2024;03;18;6;3;1;6;1;0;1;1;0;0;0;0;438951,777999999932945;5369659,365000000223517;8,173961500000075;48,477097833000073;1
83865;08240301317000417020;08;3;17;098;2024;03;15;6;2;6;4;0;0;0;1;1;0;0;0;438948,040900000371039;5364900,360999999567866;8,174605203000056;48,434287682000047;1
83870;08240301235100377570;08;2;35;008;2024;03;05;6;3;6;4;2;1;0;1;1;0;0;0;480283,277800000272691;5402242,432099999859929;8,731652131000033;48,772873500000060;1
83871;08240307118500463900;08;1;18;006;2024;03;13;5;3;6;4;0;0;0;1;1;0;0;0;517740,575699999928474;5421403,341700000688434;9,242282927000076;48,945299872000078;1
83899;08240229326000058050;08;3;35;022;2024;02;10;5;3;5;2;0;0;1;1;0;0;0;0;482625,428799999877810;5298442,707299999892712;8,767803904000061;47,839095509000060;1
83902;08240310118010499650;08;1;18;047;2024;03;11;1;2;3;3;0;0;1;1;0;0;0;0;506783,734199999831617;5426390,399800000712276;9,092728934000036;48,990378966000037;1
83905;08240229311100076980;08;3;15;132;2024;02;07;5;3;6;4;1;0;0;1;1;0;0;0;409257,510900000110269;5324106,073499999940395;7,782027875000040;48,063774658000057;1
83906;08240229311010067760;08;3;11;000;2024;02;14;5;3;5;3;0;0;1;0;0;1;0;0;412184,902499999850988;5315806,796299999579787;7,823012566000045;47,989530401000081;1
83912;08240315118400452810;08;1;18;048;2024;03;17;6;3;0;1;0;0;1;0;0;0;0;0;513789,517400000244379;5416624,221799999475479;9,188162117000047;48,902409120000073;1
83918;08240303225100371700;08;2;25;058;2024;03;16;1;3;6;6;0;0;0;1;1;0;0;0;509914,574000000022352;5466511,856599999591708;9,136513964000073;49,351242124000066;1
83930;08240229121400058860;08;1;25;086;2024;02;15;5;3;5;2;0;0;1;1;0;0;0;0;504854,870000000111759;5440416,878000000491738;9,066530884000031;49,116572703000031;1
83932;08240229118600073820;08;1;18;050;2024;02;11;5;3;5;3;0;0;1;1;0;0;0;0;507327,887299999594688;5415942,913899999111891;9,099979207000047;48,896390388000043;1
83933;08240229118600065970;08;1;18;076;2024;02;08;5;3;6;4;0;0;0;1;1;0;0;0;504630,519000000320375;5422787,607999999076128;9,063254984000025;48,957989408000060;1
83937;08240229118500063760;08;1;18;063;2024;02;07;5;3;4;2;0;0;1;1;0;0;0;0;515069,022699999623001;5423054,759099999442697;9,205858926000076;48,960226279000040;1
83945;08240229115100066360;08;1;15;024;2024;02;22;5;3;3;6;2;0;1;1;0;0;0;0;500508,400999999605119;5388176,702999999746680;9,006902134000029;48,646649385000046;1
83953;08240228435100054130;08;4;35;035;2024;02;15;4;3;5;3;0;0;1;1;0;0;0;0;542242,068699999712408;5282804,782600000500679;9,562996462000058;47,697246170000028;1
83969;08240228437100077710;08;4;37;086;2024;02;12;4;3;5;3;0;0;1;1;0;0;0;0;528707,804999999701977;5311025,073000000789762;9,384489306000035;47,951894716000027;1
83973;08240311311010472200;08;3;11;000;2024;03;11;2;3;6;6;0;0;1;0;1;0;0;0;414612,888299999758601;5315860,198400000110269;7,855537465000054;47,990339575000064;1
83989;08240228111500338310;08;1;11;000;2024;02;19;4;3;6;4;2;0;0;0;1;0;0;1;516700,771499999798834;5398554,629899999126792;9,227151026000058;48,739786559000038;1
83999;08240227325000069600;08;3;26;074;2024;02;17;3;2;6;4;0;0;0;0;1;0;0;1;462763,843700000084937;5327294,488099999725819;8,499878794000040;48,097828335000031;1
84001;08240227311010069570;08;3;11;000;2024;02;08;3;3;5;3;0;0;1;1;0;0;0;0;410172,489299999549985;5318811,025399999693036;7,795417173000033;48,016274516000067;1
84006;08240227221300070360;08;2;26;012;2024;02;14;3;3;5;5;0;0;1;1;0;0;0;0;475803,935800000093877;5477613,409900000318885;8,666170165000040;49,450699303000079;1
84008;08240227212402047390;08;2;12;000;2024;02;10;3;3;5;3;0;1;1;1;0;0;0;0;456403,279099999926984;5426645,705700000748038;8,404052188000037;48,991173756000080;1
84015;08240227119200061580;08;1;19;093;2024;02;13;3;3;5;3;0;0;1;0;0;0;0;1;523359,120400000363588;5406208,634199999272823;9,318146273000025;48,808426602000054;1
84027;08240226436000048630;08;4;35;016;2024;02;12;2;3;6;4;0;0;0;1;1;0;0;0;532170,626299999654293;5279194,632799999788404;9,428504078000060;47,665344134000065;1
84030;08240226435200048500;08;4;35;066;2024;02;14;2;2;5;3;0;0;1;1;0;0;0;0;518210,120400000363588;5286884,383099999278784;9,242877417000045;47,735077037000053;1
84035;08240226417300067340;08;4;17;008;2024;02;06;2;3;6;6;2;0;1;0;1;0;0;0;493384,248999999836087;5351953,747999999672174;8,910757088000025;48,320737812000061;1
84036;08240226416200061410;08;4;16;022;2024;02;16;2;3;0;1;0;0;1;0;0;0;0;0;509612,756299999542534;5375142,431500000879169;9,130202570000051;48,529316233000031;1
84044;08240226311010070670;08;3;15;098;2024;02;13;2;3;4;6;0;0;1;0;0;0;1;0;407663,093100000172853;5312407,719200000166893;7,763151431000040;47,958318361000067;1
84048;08240226222301070650;08;2;22;000;2024;02;13;2;3;5;2;0;0;1;1;0;0;0;0;464538,126299999654293;5483993,320800000801682;8,510170301000073;49,507530594000059;1
84050;08240226216100057100;08;2;16;043;2024;02;00;2;3;0;7;2;0;1;0;0;0;0;0;440808,465699999593198;5411575,474700000137091;8,193084190000036;48,854321443000060;1
84057;08240226119300068610;08;1;19;067;2024;02;10;2;3;5;2;0;0;1;1;0;0;0;0;539583,385499999858439;5405927,463600000366569;9,539082088000043;48,805075698000053;1
84058;08240226119200047040;08;1;19;020;2024;02;20;2;3;6;4;2;0;1;0;1;0;0;0;519969,478699999861419;5406785,775200000032783;9,272008743000072;48,813736623000068;1
84063;08240229222600072930;08;2;22;000;2024;02;08;5;3;4;2;0;0;1;1;0;0;0;0;461689,852800000458956;5484407,919999999925494;8,470788988000038;49,511086426000077;1
84075;08240225316100058450;08;3;16;036;2024;02;09;1;2;0;1;0;1;1;0;0;0;0;0;412590,245299999602139;5325934,651599999517202;7,826376891000052;48,080688477000081;1
84087;08240225426000059870;08;4;26;134;2024;02;14;1;2;9;1;0;0;1;0;0;0;0;0;559956,707999999634922;5335747,211699999868870;9,806446985000036;48,172136640000076;1
84095;08240224436000061270;08;4;37;088;2024;02;12;7;3;6;4;0;0;0;1;1;0;0;0;519032,735000000335276;5307768,041999999433756;9,254766842000038;47,922951254000054;1
84100;08240224327200063350;08;3;27;046;2024;02;21;7;2;6;2;2;1;0;1;1;0;0;0;480606,556300000287592;5324416,549799999222159;8,739652366000030;48,072728697000059;1
84102;08240224317000065240;08;3;17;057;2024;02;14;7;2;6;4;0;0;0;1;1;0;0;0;414217,580199999734759;5378244,983100000768900;7,837580957000057;48,551433288000055;1
84108;08240224221300068080;08;2;21;000;2024;02;16;7;3;1;6;0;0;1;1;0;0;0;0;477209,941200000233948;5474782,939699999988079;8,685731042000043;49,425294166000072;1
84109;08240224215102068230;08;2;15;102;2024;02;12;7;3;5;2;0;0;1;1;0;0;0;0;456048,877700000070035;5437705,494400000199676;8,398008433000030;49,090632054000025;1
84116;08240302311400370870;08;3;15;108;2024;03;17;7;3;2;6;0;0;1;1;0;0;0;0;405448,935200000181794;5302761,803600000217557;7,735616175000075;47,871228974000076;1
84121;08240224119400042490;08;1;19;076;2024;02;14;7;3;2;6;0;0;1;1;0;0;0;0;542384,643299999646842;5406487,680700000375509;9,577288021000072;48,809930389000044;1
84135;08240224116200072330;08;1;16;077;2024;02;10;7;3;5;3;0;0;1;1;0;0;0;0;517533,424999999813735;5391266,516000000759959;9,238166446000037;48,674199819000080;1
84137;08240223436300063890;08;4;36;081;2024;02;18;6;3;5;3;2;0;1;1;0;0;0;0;562459,285000000149012;5281693,711999999359250;9,832265066000048;47,685611909000045;1
84139;08240223426300064340;08;4;26;097;2024;02;06;6;2;6;2;2;0;0;1;1;0;0;0;536360,110399999655783;5333192,767899999395013;9,488858708000066;48,150943780000034;1
84142;08240223337200062470;08;3;37;123;2024;02;22;6;3;4;2;2;0;1;1;0;0;0;0;453026,911700000055134;5279267,937999999150634;8,374333452000030;47,665097965000029;1
84143;08240223335300066600;08;3;35;075;2024;02;14;6;3;5;3;0;0;1;1;0;0;0;0;488576,933000000193715;5290029,469000000506639;8,847561845000030;47,763530976000027;1
84145;08240223326000068890;08;3;35;015;2024;02;13;6;3;0;1;0;0;1;0;0;0;0;0;476334,606999999843538;5282198,255000000819564;8,684618425000053;47,692736550000063;1
84154;08240223221300062480;08;2;21;000;2024;02;20;6;2;0;7;2;0;1;0;0;0;0;0;477668,399899999611080;5473637,114700000733137;8,692117456000062;49,415004674000045;1
84156;08240223216300062710;08;2;16;033;2024;02;09;6;3;1;5;0;0;1;1;0;0;0;0;447004,690700000151992;5413122,636099999770522;8,277345117000038;48,868798531000039;1
84168;08240223117300048880;08;1;17;026;2024;02;10;6;3;0;1;0;0;1;0;0;0;0;0;548909,442300000227988;5393869,777499999850988;9,664652442000033;48,695948052000062;1
84171;08240319436400475690;08;4;36;013;2024;03;09;3;3;0;1;0;1;1;0;0;0;0;0;545696,369900000281632;5296478,916799999773502;9,610469833000025;47,820038034000049;1
84173;08240223111500318260;08;1;11;000;2024;02;17;6;3;0;7;1;0;1;0;0;0;0;0;512848,352099999785423;5402776,093699999153614;9,174885460000041;48,777854019000074;1
84177;08240222416010061850;08;4;15;061;2024;02;07;5;3;5;3;1;1;1;1;0;0;0;0;515693,508999999612570;5372312,942999999970198;9,212458026000036;48,503738659000078;1
84180;08240303426100358650;08;4;26;043;2024;03;15;1;3;0;7;0;0;1;0;0;0;0;0;572627,946899999864399;5323801,409399999305606;9,974822733000053;48,063353898000059;1
84183;08240222336200062650;08;3;36;069;2024;02;21;5;3;7;7;2;1;1;0;0;0;0;0;402857,466300000436604;5266876,880899999290705;7,708968737000021;47,548044968000056;1
84186;08240222335300040040;08;3;35;075;2024;02;18;5;3;5;2;2;1;1;1;0;0;0;0;487138,754499999806285;5289804,364700000733137;8,828376435000052;47,761478501000056;1
84189;08240222317200049430;08;3;17;057;2024;02;17;5;3;5;3;0;0;1;1;0;0;0;0;413153,005199999548495;5381509,731599999591708;7,822476692000066;48,580651196000076;1
84203;08240222121200035640;08;1;21;000;2024;02;08;5;3;5;3;0;1;1;1;0;0;0;0;515894,898000000044703;5443738,358999999240041;9,217953038000076;49,146264260000066;1
84215;08240222115100052780;08;1;15;003;2024;02;17;5;3;5;2;0;1;1;1;0;0;0;0;500093,849000000394881;5392187,462500000372529;9,001275019000047;48,682730949000074;1
84216;08240222111500360540;08;1;11;000;2024;02;08;5;3;5;3;0;1;1;1;0;0;0;0;510170,736999999731779;5397226,947000000625849;9,138302121000038;48,727983558000062;1
84218;08240222111340312250;08;1;11;000;2024;02;08;5;3;5;2;0;1;1;0;0;0;0;1;513154,124099999666214;5406756,923599999397993;9,179174944000067;48,813658748000080;1
84224;08240221426000060420;08;4;26;021;2024;02;05;4;2;6;4;2;0;0;1;1;0;0;0;559940,321999999694526;5326695,727499999105930;9,804952934000028;48,090710220000062;1
84230;08240221325000057770;08;3;26;003;2024;02;07;4;2;6;4;0;0;0;1;1;0;0;0;470436,383000000379980;5313625,797800000756979;8,603870054000026;47,975254572000040;1
84231;08240221311400033780;08;3;15;111;2024;02;07;4;3;2;6;0;0;1;1;0;0;0;0;403255,040500000119209;5299475,522199999541044;7,707021217000033;47,841341705000048;1
84235;08240221226700075680;08;2;26;041;2024;02;19;4;3;4;6;2;0;1;0;0;0;0;1;476663,041299999691546;5465527,046800000593066;8,678732816000036;49,342017834000046;1
84236;08240221226700059240;08;2;26;060;2024;02;09;4;3;5;3;0;0;1;1;0;0;0;0;477891,425599999725819;5463405,039100000634789;8,695760712000038;49,322976204000042;1
84244;08240221136200047100;08;1;36;046;2024;02;07;4;3;8;1;0;0;1;0;0;0;0;0;576071,229000000283122;5424375,243300000205636;10,039374990000056;48,967606267000065;1
84247;08240221119400061140;08;1;19;090;2024;02;17;4;3;5;3;1;0;1;1;0;0;0;0;531939,426400000229478;5406704,495799999684095;9,435043765000046;48,812505445000056;1
84250;08240221118500032910;08;1;18;078;2024;02;07;4;3;5;2;0;0;1;1;0;0;0;0;513677,171000000089407;5420438,971999999135733;9,186757020000073;48,936727939000036;1
84254;08240221111370045520;08;1;11;000;2024;02;19;4;3;6;6;2;0;1;0;1;0;0;0;511384,405199999921024;5406392,075500000268221;9,155059228000027;48,810411566000028;1
84265;08240321421200495010;08;4;25;072;2024;03;19;5;3;3;2;2;0;1;1;0;0;0;0;583201,213100000284612;5372771,238500000908971;10,126356359000056;48,502546847000076;1
84267;08240220336400032150;08;3;36;091;2024;02;16;3;3;5;3;0;0;1;1;0;0;0;0;395804,188099999912083;5274237,002399999648333;7,613510238000060;47,613157510000065;1
84268;08240220335300034690;08;3;35;081;2024;02;17;3;3;2;6;0;0;1;1;0;0;0;0;490015,422100000083447;5296416,589600000530481;8,866611106000050;47,821022919000029;1
84271;08240228121400075330;08;1;25;086;2024;02;12;4;2;6;4;0;0;0;1;1;0;0;0;504109,802400000393391;5443569,824400000274181;9,056352659000027;49,144940173000066;1
84272;08240220317500031170;08;3;17;096;2024;02;23;3;2;0;1;2;0;1;0;0;0;0;0;421809,829900000244379;5368847,718299999833107;7,942203633000076;48,467898982000065;1
84279;08240220235100031420;08;2;35;047;2024;02;07;3;3;4;2;0;0;1;0;0;0;0;1;477158,377700000070035;5390166,902499999850988;8,689791003000039;48,664136062000068;1
84280;08240311119400421200;08;1;19;090;2024;03;13;2;3;5;3;0;0;1;1;0;0;0;0;531932,168700000271201;5406700,611400000751019;9,434944609000070;48,812470875000031;1
84283;08240220226300432300;08;2;26;097;2024;02;16;3;3;6;4;0;0;0;1;1;0;0;0;485916,679100000299513;5467425,211300000548363;8,806054472000028;49,359375720000060;1
84284;08240220226300041750;08;2;26;006;2024;02;04;3;3;5;2;2;1;1;1;0;0;0;0;484744,775999999605119;5467617,800000000745058;8,789908582000066;49,361079851000056;1
84287;08240220216200031690;08;2;16;007;2024;02;05;3;3;5;3;2;1;1;1;0;0;0;0;436280,233799999579787;5393645,754300000146031;8,134139154000025;48,692596162000029;1
84290;08240223115100071030;08;1;15;003;2024;02;11;6;3;6;4;0;0;1;0;1;0;0;0;500223,971699999645352;5392255,588400000706315;9,003042884000024;48,683343784000044;1
84292;08240308117300433420;08;1;17;026;2024;03;18;6;3;5;3;1;0;1;1;0;0;0;0;548752,746100000105798;5393979,664999999105930;9,662536147000026;48,696948808000059;1
84300;08240220119100060720;08;1;19;008;2024;02;10;3;3;6;4;0;0;0;1;1;0;0;0;532181,865600000135601;5421022,178200000897050;9,439472712000054;48,941288296000039;1
84303;08240220117300075050;08;1;17;026;2024;02;15;3;3;6;2;0;0;0;1;1;0;0;0;547775,907999999821186;5395052,772199999541044;9,649386264000043;48,706677521000074;1
84317;08240219415300074510;08;4;15;019;2024;02;15;2;3;5;3;0;0;1;1;0;0;0;0;518696,965300000272691;5369666,763399999588728;9,252999845000033;48,479850539000040;1
84321;08240219326400423770;08;3;26;075;2024;02;15;2;3;6;4;0;0;0;1;1;0;0;0;460326,961099999956787;5317183,073300000280142;8,468087983000032;48,006711709000058;1
84324;08240219221011030640;08;2;21;000;2024;02;18;2;3;3;2;2;1;1;1;0;0;0;0;476556,674100000411272;5472839,411299999803305;8,676837609000074;49,407787644000052;1
84326;08240219215202031260;08;2;15;039;2024;02;16;2;3;5;3;0;0;1;1;0;0;0;0;472713,703800000250340;5452068,585599999874830;8,625283948000060;49,220795311000074;1
84333;08240219121400043170;08;1;25;058;2024;02;16;2;2;0;1;0;1;1;0;0;0;0;0;508501,731800000183284;5444249,878100000321865;9,116588033000028;49,151012411000067;1
84335;08240219121300051110;08;1;21;000;2024;02;08;2;3;4;6;0;0;1;0;0;0;0;0;514548,646700000390410;5443245,239399999380112;9,199475372000052;49,141861852000034;1
84339;08240219118400028490;08;1;18;048;2024;02;09;2;3;5;3;0;0;1;1;0;0;0;0;512958,491999999620020;5416850,349300000816584;9,176829760000032;48,904461244000061;1
84340;08240219118200030800;08;1;18;019;2024;02;18;2;3;6;4;1;1;0;1;1;0;0;0;504635,133899999782443;5405498,272800000384450;9,063122010000029;48,802457992000029;1
84350;08240218435200025870;08;4;35;052;2024;02;13;1;3;5;3;0;0;1;1;0;0;0;0;522817,923000000417233;5289674,654999999329448;9,304479548000074;47,760035877000064;1
84358;08240218212010040800;08;2;12;000;2024;02;13;1;3;1;5;0;0;1;1;0;0;0;0;452166,302000000141561;5430565,615499999374151;8,345676494000031;49,026119725000058;1
84359;08240317121500587340;08;1;25;069;2024;03;16;1;3;6;6;0;0;0;1;1;0;0;0;522147,468999999575317;5452738,267999999225140;9,304183930000022;49,227026562000049;1
84360;08240218136100042210;08;1;36;088;2024;02;13;1;3;2;6;0;0;1;0;0;0;0;0;577320,290400000289083;5415907,770800000056624;10,054832478000037;48,891293129000076;1
84369;08240217416010027790;08;4;17;079;2024;02;16;7;2;0;1;0;0;1;0;0;0;0;0;503153,669700000435114;5343026,836100000888109;9,042474692000042;48,240451430000064;1
84375;08240217311010032450;08;3;11;000;2024;02;00;7;3;5;3;2;0;1;1;0;0;0;0;413184,536399999633431;5315305,622300000861287;7,836509142000068;47,985158653000042;1
84395;08240319136200562870;08;1;36;019;2024;03;16;3;3;0;1;0;0;1;0;0;0;0;0;581756,662999999709427;5422658,964999999850988;10,116696500000046;48,951444148000064;1
84397;08240216335100046450;08;3;35;043;2024;02;17;6;3;5;3;2;0;1;1;0;0;0;0;512490,822999999858439;5279828,868000000715256;9,166394574000037;47,671730301000025;1
84399;08240216335100043810;08;3;35;043;2024;02;20;6;3;5;2;2;0;1;1;0;0;0;0;513394,744599999859929;5280328,721999999135733;9,178451301000052;47,676209722000067;1
84400;08240216335100020280;08;3;35;043;2024;02;20;6;3;0;1;2;0;1;0;0;0;0;0;513538,290199999697506;5279436,488199999555945;9,180336016000069;47,668178717000046;1
84406;08240216316100057500;08;3;16;043;2024;02;06;6;3;4;6;2;0;1;0;0;0;0;1;410550,415300000458956;5330533,148199999704957;7,798030899000025;48,121769210000082;1
84412;08240216231102020870;08;2;36;065;2024;02;07;6;3;7;7;1;0;1;0;0;0;0;0;488535,895999999716878;5419804,551000000908971;8,843479354000067;48,931065855000043;1
84414;08240216222500073380;08;2;22;000;2024;02;16;6;3;5;3;0;0;1;1;0;0;0;0;465517,222900000400841;5476477,168500000610948;8,524349032000032;49,439982547000056;1
84419;08240216215302046070;08;2;15;007;2024;02;15;6;3;0;7;0;0;1;0;0;0;0;0;477737,132600000128150;5431822,265100000426173;8,695386123000048;49,038877064000076;1
84420;08240216136300047510;08;1;36;028;2024;02;11;6;2;9;7;0;0;1;0;0;0;0;0;568009,888000000268221;5405041,994999999180436;9,926031285000022;48,794650733000026;1
84421;08240316311300539930;08;3;11;000;2024;03;15;7;3;5;3;0;0;1;1;0;0;0;0;411850,165199999697506;5315205,017999999225140;7,818650612000056;47,984071176000043;1
84432;08240227118500052810;08;1;18;001;2024;02;17;3;3;6;4;0;0;0;1;1;0;0;0;523691,388399999588728;5419032,364099999889731;9,323414148000040;48,923772237000037;1
84435;08240216117010050460;08;1;17;049;2024;02;15;6;2;2;6;0;0;1;0;0;1;0;0;554457,528599999845028;5392491,817600000649691;9,739860034000060;48,683093217000078;1
84443;08240216115100047670;08;1;15;021;2024;02;22;6;3;0;7;2;1;1;0;0;0;0;0;490142,259600000455976;5382520,643999999389052;8,866304366000065;48,595688887000051;1
84449;08240215435200020950;08;4;35;059;2024;02;17;5;3;0;3;1;0;1;1;0;0;0;0;512674,230000000447035;5290665,325999999418855;9,169153109000035;47,769228720000058;1
84451;08240222212010055130;08;2;12;000;2024;02;07;5;2;5;3;2;1;1;1;0;0;0;0;460783,245500000193715;5425819,945199999958277;8,464001165000070;48,984039553000059;1
84453;08240228317500072280;08;3;17;096;2024;02;16;4;3;4;6;0;0;1;0;0;0;0;1;423649,997600000351667;5374187,952400000765920;7,966117897000061;48,516160204000073;1
84461;08240215311100020230;08;3;15;132;2024;02;13;5;3;0;7;0;0;1;0;0;0;0;0;409389,085799999535084;5322462,239700000733137;7,784141730000044;48,049006963000068;1
84464;08240215311010032270;08;3;15;133;2024;02;17;5;2;8;7;1;0;1;0;0;0;0;0;396901,778599999845028;5326806,987700000405312;7,615581136000060;48,086190518000080;1
84469;08240215226095038110;08;2;26;098;2024;02;20;5;2;6;7;2;0;0;0;1;0;1;0;476318,357900000177324;5457848,222400000318885;8,674443249000035;49,272933604000059;1
84470;08240215221300067610;08;2;21;000;2024;02;19;5;3;6;7;2;0;1;0;1;0;0;0;477673,376899999566376;5473527,697499999776483;8,692192227000021;49,414020667000045;1
84471;08240215221011029250;08;2;21;000;2024;02;16;5;3;5;3;0;0;1;0;0;0;0;1;477828,918600000441074;5472814,889000000432134;8,694376389000070;49,407614753000075;1
84474;08240516115100773760;08;1;15;051;2024;05;11;5;3;0;7;0;0;1;0;0;0;0;0;504400,741999999620020;5385510,783299999311566;9,059716854000044;48,622650992000047;1
84476;08240515436400774930;08;4;36;082;2024;05;18;4;3;0;2;0;1;1;1;0;0;0;0;548505,597699999809265;5295169,234300000593066;9,647850053000070;47,808049249000078;1
84477;08240515435100756350;08;4;35;016;2024;05;17;4;3;0;1;0;0;1;0;0;0;0;0;536284,803299999795854;5277960,980799999088049;9,483199482000032;47,654026731000044;1
84478;08240515426100805820;08;4;26;021;2024;05;17;4;3;5;3;0;0;1;1;0;0;0;0;558430,324099999852479;5327126,606200000271201;9,784735787000045;48,094726737000030;1
84480;08240515416010782670;08;4;15;061;2024;05;13;4;3;5;3;0;1;1;1;0;0;0;0;516045,259899999946356;5370548,620799999684095;9,217152184000042;48,487857324000061;1
84483;08240515335300783900;08;3;35;075;2024;05;09;4;3;0;7;0;0;1;0;0;0;0;0;488048,774899999611080;5288943,184299999848008;8,840543593000064;47,753747517000079;1
84504;08240515116200755760;08;1;16;080;2024;05;11;4;3;6;4;0;1;0;1;1;0;0;0;522119,875799999572337;5395747,355299999937415;9,300705967000056;48,714363682000055;1
84512;08240514436100754840;08;4;36;055;2024;05;12;3;3;6;3;0;0;0;1;1;0;0;0;576398,768799999728799;5297056,892200000584126;10,020679434000044;47,822323955000059;1
84514;08240514436000756940;08;4;37;053;2024;05;14;3;3;0;1;0;0;1;0;0;0;0;0;527764,766999999992549;5319264,491000000387430;9,372392202000071;48,026066466000032;1
84515;08240514435100751070;08;4;35;016;2024;05;07;3;3;0;1;0;0;1;0;0;0;0;0;536034,574400000274181;5279749,986500000581145;9,480014875000052;47,670137122000028;1
84516;08240514426100787020;08;4;26;021;2024;05;17;3;2;0;2;0;0;1;1;0;0;0;0;558925,367899999953806;5326819,732899999246001;9,791341348000060;48,091920458000061;1