OID_;UIDENTSTLAE;ULAND;UREGBEZ;UKREIS;UGEMEINDE;UJAHR;UMONAT;USTUNDE;UWOCHENTAG;UKATEGORIE;UART;UTYP1;ULICHTVERH;IstStrassenzustand;IstRad;IstPKW;IstFuss;IstKrad;IstGkfz;IstSonstige;LINREFX;LINREFY;XGCSWGS84;YGCSWGS84;PLST
84517;08240514426100785970;08;4;26;021;2024;05;14;3;3;4;6;0;0;1;0;0;0;0;0;559496,559000000357628;5328243,439099999144673;9,799209914000073;48,104675264000036;1
84520;08240514421200770100;08;4;25;084;2024;05;12;3;3;0;1;0;0;1;0;0;0;0;0;558464,896399999968708;5376839,204900000244379;9,792093290000025;48,541929816000049;1
84524;08240514317000762610;08;3;17;065;2024;05;09;3;3;4;6;0;0;1;0;0;0;0;1;417453,537899999879301;5355993,699599999934435;7,885809789000064;48,351722503000076;1
84525;08240514311010753630;08;3;15;109;2024;05;18;3;3;8;7;0;0;1;0;0;0;0;0;426314,751199999824166;5318229,852299999445677;8,011947067000051;48,013112095000054;1
84526;08240514311010752970;08;3;11;000;2024;05;17;3;3;0;7;0;0;1;0;0;0;0;0;415051,357699999585748;5320006,327999999746680;7,860591843000066;48,027694037000060;1
84535;08240514222301820230;08;2;22;000;2024;05;17;3;3;3;2;0;0;1;1;0;0;0;0;463322,245000000111759;5483261,294999999925494;8,493444169000043;49,500874083000042;1
84542;08240514211100787440;08;2;11;000;2024;05;09;3;3;9;1;0;0;1;0;0;0;0;0;442999,736600000411272;5401189,380200000479817;8,224395520000030;48,761102756000071;1
84547;08240514121600753290;08;1;25;110;2024;05;15;3;3;5;2;0;0;1;1;0;0;0;0;526277,766999999992549;5442905,255000000819564;9,360267676000035;49,138413812000067;1
84555;08240514116000750560;08;4;17;079;2024;05;06;3;3;3;6;0;0;1;0;0;0;0;1;498455,480800000019372;5347978,651200000196695;8,979179806000047;48,285007752000070;1
84557;08240514115200782500;08;1;15;053;2024;05;07;3;3;0;7;0;0;0;0;1;0;1;0;483405,059899999760091;5380312,907800000160933;8,775019834000034;48,575685328000077;1
84559;08240514111500754120;08;1;11;000;2024;05;13;3;3;5;3;0;0;0;1;1;0;0;1;516028,347000000067055;5403791,831000000238419;9,218209302000048;48,786917678000066;1
84563;08240513436000747220;08;4;37;076;2024;05;12;2;3;0;7;0;0;1;0;0;0;0;0;527881,323400000110269;5325267,138699999079108;9,374346699000057;48,080066680000073;1
84567;08240513421200748050;08;4;21;000;2024;05;21;2;3;0;1;2;0;1;0;0;0;0;0;574212,912499999627471;5361306,439300000667572;10,002663094000070;48,400546161000079;1
84571;08240513415100772550;08;4;15;029;2024;05;05;2;2;5;3;1;0;1;1;0;0;0;0;522453,375900000333786;5378980,158500000834465;9,304330915000037;48,563513128000068;1
84572;08240513317600749640;08;3;17;040;2024;05;16;2;3;6;4;0;0;0;1;1;0;0;0;432494,389499999582767;5347415,180900000035763;8,090170680000028;48,276341085000070;1
84577;08240513311000750000;08;3;15;132;2024;05;06;2;3;5;2;0;0;1;1;0;0;0;0;409072,850599999539554;5323502,395400000736117;7,779678255000022;48,058318247000045;1
84578;08240513231000761990;08;2;31;000;2024;05;18;2;3;6;2;0;0;0;1;1;0;0;0;476443,378800000064075;5415712,513299999758601;8,678617132000056;48,893913273000067;1
84580;08240513225100808710;08;2;25;058;2024;05;17;2;3;4;6;0;1;1;0;0;0;0;1;507619,822800000198185;5466562,442299999296665;9,104918522000048;49,351730141000075;1
84583;08240513221300781990;08;2;26;012;2024;05;20;2;3;5;3;0;0;1;0;0;0;0;0;476087,794999999925494;5477324,721999999135733;8,670103888000028;49,448113861000081;1
84585;08240513215302748600;08;2;15;089;2024;05;07;2;3;6;4;0;0;0;1;1;0;0;0;469228,661000000312924;5430546,796000000089407;8,579067769000062;49,027037808000046;1
84598;08240513116100782010;08;1;16;019;2024;05;15;2;3;2;7;0;0;1;1;0;0;0;0;525131,104000000283122;5399518,654999999329448;9,341870954000058;48,748175729000081;1
84599;08240513115400789490;08;1;15;045;2024;05;15;2;3;0;7;0;0;1;0;0;0;0;0;500978,789699999615550;5394677,097599999979138;9,013303595000025;48,705127186000027;1
84602;08240512426000746420;08;4;26;100;2024;05;17;1;3;0;1;0;0;1;0;0;0;0;0;578049,957899999804795;5314484,994400000199676;10,045888825000077;47,978906267000070;1
84609;08240512336300776300;08;3;36;081;2024;05;17;1;3;9;1;0;0;1;0;0;0;0;0;409857,213000000454485;5278208,445000000298023;7,799644392000062;47,650991295000040;1
84651;08240511436000799690;08;4;36;005;2024;05;16;7;3;7;7;0;0;1;0;0;0;0;1;540020,188000000081956;5307306,461999999359250;9,535646745000065;47,917831651000029;1
84652;08240511435200772540;08;4;35;066;2024;05;17;7;2;0;1;0;0;1;0;0;0;0;0;519626,349999999627471;5287293,548000000417233;9,261784631000069;47,738716972000077;1
84660;08240511335300756460;08;3;35;026;2024;05;10;7;2;0;1;0;0;1;0;0;0;0;0;481261,360500000417233;5282348,101099999621511;8,750268621000032;47,694246474000067;1
84662;08240511317200743710;08;3;17;057;2024;05;14;7;3;5;3;0;0;1;1;0;0;0;0;413215,432900000363588;5375114,582900000736117;7,824656083000036;48,523139180000044;1
84665;08240511311500762200;08;3;15;094;2024;05;15;7;3;0;1;0;0;1;0;0;0;0;0;434624,630800000391901;5315358,540799999609590;8,123798265000062;47,988185677000047;1
84667;08240511311010757770;08;3;36;034;2024;05;17;7;2;3;2;0;0;1;0;0;0;0;0;417236,574900000356138;5278369,229399999603629;7,897859113000038;47,653423647000068;1
84669;08240511221011780110;08;2;21;000;2024;05;09;7;2;3;2;0;0;1;0;0;0;0;1;477825,065200000070035;5472808,067199999466538;8,694323653000026;49,407553251000081;1
84672;08240511135200761000;08;1;35;019;2024;05;18;7;2;0;1;0;0;1;0;0;0;0;0;584475,670599999837577;5392634,397800000384450;10,147645471000033;48,681035069000075;1
84678;08240511119400763010;08;1;19;079;2024;05;13;7;3;5;3;0;0;1;1;0;0;0;0;523234,074300000444055;5409270,680500000715256;9,316616657000054;48,835976717000051;1
84682;08240511119100759570;08;1;19;061;2024;05;11;7;2;0;7;0;0;1;0;0;0;0;0;543364,309200000017881;5415687,368400000035763;9,591604764000067;48,892617395000059;1
84689;08240511115100788360;08;1;15;044;2024;05;09;7;3;0;7;0;0;0;1;1;0;0;0;504200,804999999701977;5389874,574699999764562;9,057048021000071;48,661909790000038;1
84698;08240510337010799720;08;3;37;097;2024;05;18;6;3;0;1;0;0;1;0;0;0;0;0;436077,364099999889731;5289687,808599999174476;8,147064898000053;47,757388752000054;1
84702;08240510335400776920;08;3;35;098;2024;05;16;6;3;5;3;0;0;1;1;0;0;0;0;504516,752500000409782;5295904,999800000339746;9,060336255000038;47,816481542000076;1
84703;08240510335000742110;08;3;35;035;2024;05;13;6;1;6;4;0;0;0;1;1;0;0;0;483318,934100000187755;5290111,471999999135733;8,777392393000071;47,764154160000032;1
84705;08240510317500770430;08;3;17;096;2024;05;11;6;3;6;6;0;0;0;1;1;0;0;0;421992,852900000289083;5369831,915999999269843;7,944495606000032;48,476774486000068;1
84709;08240510311010773880;08;3;11;000;2024;05;18;6;3;8;7;0;0;1;0;0;0;0;0;403761,904400000348687;5315001,622500000521541;7,710327745000029;47,981075851000071;1
84715;08240510222200810370;08;2;22;000;2024;05;12;6;3;6;4;0;0;1;0;1;0;0;0;463455,295599999837577;5480842,252499999478459;8,495505307000030;49,479124036000030;1
84720;08240510212010750800;08;2;12;000;2024;05;13;6;3;6;2;0;0;0;1;1;0;0;0;459215,346800000406802;5428087,209300000220537;8,442345199000044;49,004332501000079;1
84722;08240510135200757000;08;1;35;019;2024;05;13;6;3;5;3;0;0;1;1;0;0;0;0;584125,928999999538064;5392414,722999999299645;10,142850335000048;48,679106473000047;1
84728;08240510119500769640;08;1;19;089;2024;05;13;6;3;5;3;0;0;1;1;0;0;0;0;534175,495900000445545;5411866,772900000214577;9,465930490000062;48,858824140000081;1
84732;08240510118500763700;08;1;18;063;2024;05;08;6;3;0;1;0;0;1;0;1;0;0;0;514881,154799999669194;5422308,532199999317527;9,203265190000025;48,953518052000049;1
84734;08240510118100785530;08;1;18;079;2024;05;09;6;3;6;3;0;0;0;0;1;0;1;0;510762,097799999639392;5421668,051200000569224;9,146985328000028;48,947841918000051;1
84737;08240510117300754130;08;1;17;026;2024;05;12;6;3;3;2;0;0;1;1;0;0;0;0;547697,611999999731779;5394897,707000000402331;9,648304191000022;48,705288625000037;1
84739;08240510117200805320;08;1;17;024;2024;05;18;6;3;5;3;0;0;1;1;0;0;0;0;560502,320899999700487;5385546,587099999189377;9,820961304000036;48,620062565000069;1
84749;08240509436000738940;08;4;37;088;2024;05;19;5;3;8;1;0;0;1;0;0;0;0;0;518922,427899999544024;5307260,082100000232458;9,253268009000067;47,918384291000052;1
84752;08240509426100738950;08;4;26;021;2024;05;19;5;2;0;1;0;0;1;0;0;0;0;0;558353,442999999970198;5327806,931700000539422;9,783796379000023;48,100854121000054;1
84759;08240509335200738550;08;3;35;025;2024;05;15;5;3;0;1;0;0;1;0;0;0;0;0;496913,180900000035763;5279837,447100000455976;8,958879270000068;47,671920776000036;1
84771;08240509221011779050;08;2;26;103;2024;05;13;5;3;3;6;0;0;1;1;0;0;0;0;471099,260599999688566;5456994,862800000235438;8,602758450000067;49,265033226000071;1
84772;08240509216300803650;08;2;16;015;2024;05;12;5;3;3;6;0;0;1;0;0;1;0;0;456538,400000000372529;5412291,187000000849366;8,407428973000037;48,862060817000042;1
84774;08240509216100750960;08;2;16;043;2024;05;22;5;3;0;7;2;0;1;0;0;0;0;0;439403,129099999554455;5414284,986999999731779;8,173527023000076;48,878557545000035;1
84777;08240509212702925610;08;2;15;017;2024;05;12;5;3;2;6;0;0;1;1;0;0;0;0;457901,627999999560416;5417567,044999999925494;8,425471301000073;48,909612990000028;1
84783;08240509121400740600;08;1;25;056;2024;05;18;5;2;0;1;0;0;1;0;0;0;0;0;512162,374800000339746;5435959,373400000855327;9,166538041000024;49,076374405000081;1
84792;08240509111110786060;08;1;11;000;2024;05;18;5;3;0;1;0;0;1;0;0;0;0;0;512642,843799999915063;5402509,480799999088049;9,172079998000072;48,775459800000078;1
84796;08240508337010736530;08;3;37;062;2024;05;12;4;3;5;3;0;0;1;1;0;0;0;0;455564,821499999612570;5275067,702899999916553;8,408562454000048;47,627486692000048;1
84798;08240508335100767550;08;3;35;002;2024;05;18;4;3;5;3;0;0;1;1;0;0;0;0;505616,001000000163913;5286608,705000000074506;9,074900151000065;47,732829152000079;1
84802;08240508316200763920;08;3;16;056;2024;05;08;4;3;5;2;0;0;1;1;0;0;0;0;421329,954199999570847;5325981,667300000786781;7,943691716000046;48,082249913000055;1
84815;08240515111240754950;08;1;11;000;2024;05;19;4;3;6;7;1;1;0;1;1;0;0;0;518635,760300000198185;5400585,935499999672174;9,253560922000077;48,758005143000048;1
84817;08240508221200805120;08;2;21;000;2024;05;22;4;3;3;2;2;0;1;1;0;0;0;0;477662,672399999573827;5473178,263699999079108;8,692064313000060;49,410877172000028;1
84822;08240508136000738140;08;1;36;042;2024;05;14;4;3;0;7;0;0;1;0;0;0;0;0;547883,861999999731779;5404899,078400000929832;9,651998531000061;48,795240950000050;1
84828;08240507436300760030;08;4;36;081;2024;05;12;3;3;5;3;0;1;1;1;0;0;0;0;562903,023500000126660;5281872,951300000771880;9,838203032000024;47,687181438000039;1
84836;08240507311010805110;08;3;11;000;2024;05;16;3;3;0;7;0;1;1;0;0;0;0;0;412594,811999999918044;5314403,156999999657273;7,828791090000038;47,976960358000042;1
84841;08240507231102802140;08;2;36;038;2024;05;05;3;3;5;3;1;0;1;1;0;0;0;0;485303,562800000421703;5427072,255899999290705;8,799085758000047;48,996375025000077;1
84845;08240507212010734500;08;2;12;000;2024;05;16;3;3;0;7;0;1;1;0;0;0;0;0;461850,870500000193715;5427492,109999999403954;8,478435402000059;48,999147971000070;1
84849;08240507118010757550;08;1;15;044;2024;05;09;3;2;6;4;0;0;0;1;1;0;0;0;504335,001600000075996;5389442,719399999827147;9,058865920000073;48,658023840000055;1
84855;08240506436000746190;08;4;36;083;2024;05;13;2;3;5;2;0;1;1;1;0;0;0;0;531713,110000000335276;5300790,172299999743700;9,423986162000062;47,859668613000053;1
84858;08240511317100743750;08;3;17;056;2024;05;14;7;3;8;1;0;0;1;0;0;0;0;0;433933,178399999625981;5381416,738800000399351;8,104199904000041;48,582351072000051;1
84859;08240506425000734820;08;4;25;033;2024;05;14;2;3;5;3;0;1;1;1;0;0;0;0;554067,417500000447035;5346239,395899999886751;9,728578323000022;48,267053944000054;1
84861;08240506336200798330;08;3;36;105;2024;05;20;2;2;0;1;1;1;1;0;0;0;0;0;399617,195600000210106;5267306,875900000333786;7,665818965000028;47,551420201000042;1
84865;08240506325202754320;08;3;25;072;2024;05;09;2;3;6;4;0;0;1;0;1;0;0;0;470592,953300000168383;5328954,472400000318885;8,604914693000069;48,113172403000078;1
84867;08240506317000773330;08;3;17;065;2024;05;12;2;3;1;3;0;1;1;1;0;0;0;0;416545,505199999548495;5354496,140100000426173;7,873852678000048;48,338132746000042;1
84869;08240506311010757980;08;3;11;000;2024;05;13;2;3;0;7;0;1;1;0;0;0;0;0;413199,029299999587238;5315689,021500000730157;7,836625821000041;47,988609430000054;1
84870;08240506311010753800;08;3;11;000;2024;05;09;2;3;3;2;0;1;1;1;0;0;0;0;413077,372200000099838;5315392,486300000920892;7,835055662000059;47,985925470000041;1
84871;08240506311010735450;08;3;11;000;2024;05;15;2;3;0;1;0;1;1;0;0;0;0;0;413205,296900000423193;5315701,162499999627471;7,836707352000076;47,988719494000065;1
84878;08240506211100798240;08;2;16;049;2024;05;15;2;2;1;5;0;1;1;1;0;0;0;0;433535,520600000396371;5400192,767200000584126;8,095792086000074;48,751199780000036;1
84880;08240506127100762620;08;1;27;076;2024;05;14;2;3;0;7;0;0;1;0;0;0;0;0;554524,487999999895692;5440167,891000000759959;9,747134051000046;49,111934511000072;1
84891;08240506111500735480;08;1;11;000;2024;05;08;2;3;5;2;0;0;1;0;0;0;0;1;517926,009399999864399;5403873,650900000706315;9,244047342000044;48,787601915000039;1
84895;08240505415100759460;08;4;15;050;2024;05;13;1;3;8;1;0;0;1;0;0;0;0;0;521978,301599999889731;5378209,477800000458956;9,297851188000038;48,556596781000053;1
84897;08240505336200759530;08;3;36;082;2024;05;11;1;3;6;7;0;1;0;1;1;0;0;0;415860,074000000022352;5271773,634999999776483;7,880799506000074;47,593911753000043;1
84900;08240505316100730720;08;3;16;043;2024;05;00;1;3;0;1;2;0;1;0;0;0;0;0;410342,610199999995530;5332963,182199999690056;7,794727697000042;48,143598097000051;1
84901;08240505311100759290;08;3;15;043;2024;05;13;1;3;0;7;0;0;1;0;0;0;0;0;405577,257100000046194;5322815,679899999871850;7,732927589000042;48,051633529000071;1
84905;08240505311010731860;08;3;11;000;2024;05;19;1;3;0;1;0;0;1;0;0;0;0;0;415642,184500000439584;5316068,705000000074506;7,869289576000028;47,992351794000058;1
84908;08240505216100784230;08;2;16;039;2024;05;17;1;3;0;7;0;0;1;0;0;0;0;0;442597,260400000028312;5415810,724899999797344;8,216872720000026;48,892585483000062;1
84915;08240505125102740770;08;1;25;046;2024;05;09;1;3;6;7;0;0;0;1;1;0;0;0;519339,248200000263751;5432446,863600000739098;9,264641460000064;49,044594266000047;1
84918;08240505119400732210;08;1;19;079;2024;05;16;1;3;2;6;0;0;1;1;0;0;0;0;522152,129700000397861;5410445,657400000840425;9,301936468000065;48,846586052000077;1
84919;08240505118600731550;08;1;18;050;2024;05;14;1;3;5;3;0;0;1;1;0;0;0;0;505890,318799999542534;5416671,202999999746680;9,080376037000065;48,902957241000081;1
84924;08240504436400752620;08;4;36;008;2024;05;17;7;2;5;3;0;0;1;1;0;0;0;0;545582,454699999652803;5308699,803400000557303;9,610237747000042;47,929995895000047;1
84938;08240504317600730190;08;3;17;146;2024;05;13;7;3;5;3;0;0;1;1;0;0;0;0;430213,394000000320375;5354679,075999999418855;8,058230445000049;48,341436037000051;1
84942;08240504311010739960;08;3;11;000;2024;05;17;7;3;0;4;0;0;0;0;1;1;0;0;412642,890700000338256;5317812,826700000092387;7,828741245000060;48,007637988000056;1
84943;08240504311010730490;08;3;11;000;2024;05;10;7;3;1;6;0;0;1;1;0;0;0;0;419476,557500000111759;5313936,242900000885129;7,921074718000057;47,973663346000080;1
84946;08240504226700752580;08;2;26;041;2024;05;14;7;3;2;6;0;0;1;1;0;0;0;0;477434,063099999912083;5467073,476399999111891;8,689259289000063;49,355956885000069;1
84953;08240504212102730700;08;2;12;000;2024;05;23;7;3;9;7;2;1;1;0;0;0;0;0;462109,232800000347197;5427762,215500000864267;8,481942311000068;49,001593549000063;1
84954;08240504211100784340;08;2;11;000;2024;05;20;7;2;8;1;1;0;1;0;0;0;0;0;443708,177000000141561;5400374,939999999478459;8,234145767000030;48,753841179000062;1
84958;08240514212302754980;08;2;12;000;2024;05;15;3;3;0;2;0;0;1;1;0;0;0;0;455814,851999999955297;5430982,857999999076128;8,395537002000026;49,030145045000040;1
84961;08240504127202769140;08;1;27;102;2024;05;18;7;2;0;7;0;0;1;0;0;0;0;0;590178,365000000223517;5434257,767999999225140;10,234275688000025;49,054587510000033;1
84962;08240504126200741320;08;1;26;066;2024;05;13;7;2;2;2;0;0;1;0;0;0;0;0;534655,263199999928474;5450983,972699999809265;9,475815349000072;49,210666663000040;1
84965;08240504121500741050;08;1;25;111;2024;05;14;7;2;0;7;0;0;1;0;0;0;0;0;526329,328999999910593;5454094,144300000742078;9,361707526000032;49,239057250000030;1
84977;08240504111210746860;08;1;11;000;2024;05;11;7;3;5;3;0;0;1;1;0;0;0;0;509191,253999999724329;5397398,051999999210238;9,124986919000037;48,729538038000044;1
84983;08240503421300736240;08;4;25;137;2024;05;12;6;3;6;7;0;0;0;0;1;1;0;0;574035,967799999751151;5354691,587799999862909;9,999108046000060;48,341064838000079;1
84985;08240503416200749720;08;4;16;015;2024;05;15;6;3;6;7;0;0;1;0;1;0;0;0;506143,943699999712408;5366486,703999999910593;9,083091048000028;48,451489339000034;1
84987;08240503335400747800;08;3;35;079;2024;05;08;6;3;5;2;0;0;1;1;0;0;0;0;499982,457200000062585;5299109,687599999830127;8,999765528000069;47,845331427000076;1
84994;08240503226000735780;08;2;22;000;2024;05;00;6;2;6;4;2;1;0;1;1;0;0;0;461299,849999999627471;5481321,316999999806285;8,465704115000051;49,483299372000033;1
84997;08240503222200749180;08;2;22;000;2024;05;15;6;3;6;7;0;0;1;0;1;0;0;0;461799,846099999733269;5481245,695499999448657;8,472614078000049;49,482650873000068;1
85001;08240503221011736120;08;2;21;000;2024;05;09;6;3;6;6;0;0;0;1;1;0;0;0;479105,692699999548495;5473681,933599999174476;8,711930572000028;49,415458875000070;1
85005;08240503136000729870;08;1;36;065;2024;05;17;6;3;0;7;0;0;1;0;0;0;0;0;558461,462700000032783;5402986,360400000587106;9,795740473000023;48,777131275000045;1
85016;08240502436200729690;08;4;36;064;2024;05;15;5;3;0;1;0;0;1;0;0;0;0;0;540342,034500000067055;5289700,624099999666214;9,538313193000022;47,759411005000061;1
85017;08240502436000727870;08;4;36;009;2024;05;12;5;3;3;6;0;0;1;1;0;0;0;0;555030,144600000232458;5307760,589800000190735;9,736589370000047;47,920804520000047;1
85019;08240502426000737440;08;4;25;020;2024;05;17;5;2;5;3;0;1;1;1;0;0;0;0;555750,529099999926984;5363412,363500000908971;9,753530702000035;48,421393789000035;1
85029;08240506435100732820;08;4;35;016;2024;05;13;2;3;0;1;0;1;1;0;0;0;0;0;533136,902300000190735;5280337,614499999210238;9,441460944000028;47,675579254000070;1
85039;08240513327100779780;08;3;27;025;2024;05;16;2;3;0;3;0;0;1;1;0;0;0;0;479993,642400000244379;5309854,990900000557303;8,732103700000039;47,941698290000033;1
85040;08240502216100742810;08;2;16;043;2024;05;08;5;3;5;3;0;0;1;1;0;0;0;0;442593,298999999649823;5412612,065300000831485;8,217267756000069;48,863813279000055;1
85046;08240509335400771660;08;3;35;098;2024;05;16;5;3;5;3;0;0;1;1;0;0;0;0;504422,467000000178814;5296356,070000000298023;9,059081364000065;47,820540687000062;1
85053;08240502118400760270;08;1;18;048;2024;05;07;5;3;5;3;0;0;1;1;0;0;0;0;514205,008500000461936;5416282,801699999719858;9,193819709000024;48,899328411000056;1
85059;08240512231000746550;08;2;36;076;2024;05;17;1;3;3;6;0;0;1;0;0;1;0;0;473224,786600000225008;5423357,158900000154972;8,634204794000027;48,962550301000078;1
85060;08240502111500727830;08;1;11;000;2024;05;10;5;3;5;3;0;0;1;1;0;0;0;0;508403,396499999798834;5397637,668400000780821;9,114278176000028;48,731704755000067;1
85063;08240501435100732710;08;4;35;024;2024;05;19;4;3;0;1;0;0;1;0;0;0;0;0;528688,147300000302494;5280046,294099999591708;9,382175463000067;47,673170818000074;1
85064;08240501426100782310;08;4;26;120;2024;05;15;4;3;3;1;0;0;1;1;0;0;0;0;561505,584099999628961;5324443,086899999529123;9,825646624000058;48,070296026000051;1
85067;08240501416100743010;08;4;16;036;2024;05;11;4;3;0;6;0;0;1;0;0;0;0;0;494691,629900000058115;5367530,507500000298023;8,928196047000029;48,460887482000032;1
85069;08240501336300738070;08;3;36;081;2024;05;10;4;3;5;3;0;0;1;0;0;0;0;0;412231,786000000312924;5278007,432199999690056;7,831298051000033;47,649509446000081;1
85070;08240501335300742140;08;3;35;035;2024;05;15;4;1;0;1;0;0;1;0;0;0;0;0;483437,440999999642372;5290285,325999999418855;8,778967220000027;47,765721466000059;1
85073;08240501317600728320;08;3;17;145;2024;05;15;4;3;2;6;0;0;1;1;0;0;0;0;441840,036999999545515;5348783,349999999627471;8,215928164000047;48,289576508000039;1
85074;08240501316200727790;08;3;16;014;2024;05;17;4;3;6;4;0;0;0;1;1;0;0;0;425718,130300000309944;5331040,255499999970198;8,001721669000062;48,128281709000078;1
85075;08240501316100744860;08;3;16;039;2024;05;18;4;2;4;6;0;0;1;0;0;0;0;0;417324,057400000281632;5326144,298299999907613;7,889882987000021;48,083205858000042;1
85076;08240501311010782270;08;3;15;102;2024;05;15;4;2;0;7;0;0;1;0;0;0;0;1;438942,150100000202656;5294358,899000000208616;8,184629508000057;47,799690490000046;1
85079;08240501311010727140;08;3;11;000;2024;05;15;4;3;0;1;0;0;1;0;0;0;0;0;414620,520299999974668;5316021,866599999368191;7,855607581000072;47,991794865000031;1
85090;08240501212702732690;08;2;15;046;2024;05;16;4;3;3;6;0;0;1;0;0;0;0;0;452957,753399999812245;5416159,070000000298023;8,358167214000048;48,896592135000049;1
85092;08240501212010741410;08;2;15;108;2024;05;22;4;2;0;7;2;0;1;0;0;0;0;0;448525,377500000409782;5422957,445900000631809;8,296839390000059;48,957391479000080;1
85107;08240501119400732130;08;1;19;091;2024;05;22;4;3;0;1;2;0;1;0;0;0;0;0;528828,552799999713898;5404896,922499999403954;9,392545033000033;48,796397159000037;1
85112;08240501118200757280;08;1;18;019;2024;05;14;4;2;8;7;0;0;1;0;0;0;0;0;504699,875199999660254;5404106,089900000020862;9,063987737000048;48,789933525000038;1
85114;08240501117200743400;08;1;17;007;2024;05;17;4;3;0;7;0;0;1;0;0;0;0;0;555285,715900000184774;5387770,500000000000000;9,750479981000069;48,640550395000048;1
85117;08240501116010727780;08;1;16;019;2024;05;12;4;2;2;6;0;0;1;1;0;0;0;0;529491,379399999976158;5398811,792999999597669;9,401133941000069;48,741625719000069;1
85119;08240501111330728080;08;1;11;000;2024;05;14;4;3;2;2;0;0;1;1;0;0;0;0;511925,897199999541044;5408603,706800000742078;9,162498793000054;48,830296939000050;1
85124;08240430426200718500;08;4;26;070;2024;04;22;3;2;0;1;2;0;1;0;0;0;0;0;565146,357900000177324;5342162,551500000059605;9,877227005000066;48,229336994000050;1
85125;08240430426000701100;08;4;21;000;2024;04;18;3;3;3;1;0;0;1;0;0;0;0;1;575124,700100000016391;5363245,875700000673532;10,015327178000064;48,417883643000039;1
85129;08240430415400698670;08;4;15;087;2024;04;17;3;2;5;3;0;0;1;1;0;0;0;0;510988,894999999552965;5382200,892000000923872;9,149028410000028;48,592793494000034;1
85132;08240430337010715820;08;3;37;076;2024;04;15;3;3;5;3;0;0;1;1;0;0;0;0;427387,372999999672174;5271715,594000000506639;8,034117054000035;47,594783066000048;1
85136;08240430326300721880;08;3;26;017;2024;04;15;3;3;0;2;0;0;1;1;0;0;0;0;440798,028300000354648;5322322,872899999842048;8,205567304000056;48,051440132000039;1
85139;08240430325102731170;08;3;25;012;2024;04;07;3;3;8;6;0;0;1;1;0;0;0;0;463798,203999999910593;5355520,971000000834465;8,511359644000038;48,351827721000063;1
85146;08240430311010709380;08;3;11;000;2024;04;21;3;3;3;2;1;0;1;1;0;0;0;0;414554,474000000394881;5317171,332000000402331;7,854493623000053;48,002125934000048;1
85147;08240430311010707950;08;3;36;105;2024;04;17;3;3;8;3;0;0;1;0;0;1;0;0;398785,715599999763072;5267565,602399999275804;7,654711375000034;47,553618481000058;1
85149;08240430235100726950;08;2;35;007;2024;04;13;3;3;5;3;0;0;1;1;0;0;0;0;484189,751000000163913;5398924,166200000792742;8,784946902000058;48,743134130000044;1
85151;08240430231000734560;08;2;31;000;2024;04;09;3;3;6;4;0;0;0;1;1;0;0;0;478449,815600000321865;5416437,651100000366569;8,705952286000070;48,900509402000068;1
85155;08240430222400718030;08;2;26;105;2024;04;19;3;3;1;5;0;0;1;1;0;0;0;0;470827,681699999608099;5479698,444199999794364;8,597361462000038;49,469234966000045;1
85164;08240430136100711550;08;1;36;038;2024;04;17;3;3;5;3;0;0;1;1;0;0;0;0;591031,894199999980628;5413880,842399999499321;10,241397550000045;48,871201035000070;1
85165;08240514117400754780;08;1;17;051;2024;05;17;3;3;4;2;0;0;1;1;0;0;0;0;539959,244400000199676;5398822,304400000721216;9,543510278000042;48,741136714000049;1
85166;08240430136000712800;08;1;36;065;2024;04;18;3;3;6;3;0;0;0;1;1;0;0;0;558687,636500000022352;5404956,278899999335408;9,799100001000056;48,794829548000052;1
85170;08240430121600700480;08;1;25;110;2024;04;18;3;3;6;7;0;0;0;1;1;0;0;0;527990,483599999919534;5442643,666699999943376;9,383730287000049;49,135985120000043;1
85171;08240430121300698510;08;1;21;000;2024;04;14;3;3;0;7;0;0;1;0;0;0;0;0;514417,596300000324845;5443233,447000000625849;9,197678139000061;49,141758865000043;1
85172;08240430121200698030;08;1;21;000;2024;04;12;3;3;0;1;0;0;1;0;0;0;0;0;516738,201700000092387;5442897,200200000777841;9,229481500000077;49,138675361000026;1
85173;08240430119200700510;08;1;19;020;2024;04;18;3;3;5;3;0;0;1;1;0;0;0;0;520907,546000000089407;5409232,016000000759959;9,284910923000041;48,835711609000043;1
85174;08240430118400719450;08;1;18;048;2024;04;17;3;2;5;2;0;0;1;1;0;0;0;0;512256,583999999798834;5417716,592000000178814;9,167277676000026;48,912268011000037;1
85188;08240430111500700720;08;1;11;000;2024;04;15;3;2;6;4;0;0;1;0;1;0;0;0;512294,882000000216067;5402242,069000000134110;9,167335964000074;48,773061155000050;1
85189;08240430111340699190;08;1;11;000;2024;04;08;3;3;5;2;0;0;1;0;0;0;1;0;512808,054499999620020;5407545,521500000730157;9,174485704000062;48,820760096000072;1
85192;08240429426300697040;08;4;26;097;2024;04;17;2;3;0;1;0;0;1;0;0;0;0;0;536482,134300000034273;5333514,593299999833107;9,490526842000065;48,153832130000069;1
85193;08240429421200724360;08;4;21;000;2024;04;17;2;3;6;4;0;0;1;0;1;0;0;0;573356,814699999988079;5361808,259600000455976;9,991186193000033;48,405160343000034;1
85194;08240429417300696390;08;4;17;031;2024;04;17;2;3;8;1;0;0;1;0;0;0;0;0;497163,530600000172853;5356446,260500000789762;8,961707279000052;48,361183627000059;1