OID_;UIDENTSTLAE;ULAND;UREGBEZ;UKREIS;UGEMEINDE;UJAHR;UMONAT;USTUNDE;UWOCHENTAG;UKATEGORIE;UART;UTYP1;ULICHTVERH;IstStrassenzustand;IstRad;IstPKW;IstFuss;IstKrad;IstGkfz;IstSonstige;LINREFX;LINREFY;XGCSWGS84;YGCSWGS84;PLST
85201;08240429326000944830;08;3;35;002;2024;04;10;2;3;8;1;0;0;1;0;0;0;0;0;505664,920699999667704;5289951,681900000199676;9,075596131000054;47,762907415000029;1
85205;08240429311010717120;08;3;11;000;2024;04;16;2;3;4;6;0;0;1;0;0;0;0;0;410646,317099999636412;5320795,960899999365211;7,801355784000066;48,034195804000035;1
85213;08240429136100724290;08;1;36;088;2024;04;16;2;3;4;6;0;0;1;0;0;0;0;0;580763,761900000274181;5409089,991200000047684;10,100455462000070;48,829533611000045;1
85214;08240429126100718730;08;1;26;020;2024;04;15;2;3;5;3;0;0;1;1;0;0;0;0;551191,142300000414252;5470533,060300000011921;9,705342101000042;49,385342043000037;1
85215;08240429121200910150;08;1;21;000;2024;04;05;2;3;6;4;1;0;0;1;1;0;0;0;515961,010800000280142;5442421,993599999696016;9,218807445000039;49,134421403000033;1
85225;08240501226700738380;08;2;26;103;2024;05;19;4;3;0;7;0;0;1;0;0;0;0;0;471699,605600000359118;5457219,057399999350309;8,610994155000071;49,267077930000028;1
85231;08240429116100717410;08;1;16;058;2024;04;09;2;3;5;3;0;0;1;1;0;0;0;0;535194,657200000248849;5395221,031099999323487;9,478399339000021;48,709028047000061;1
85236;08240429111210826580;08;1;11;000;2024;04;11;2;3;6;7;0;0;1;0;1;0;0;0;510924,059600000269711;5397283,711200000718236;9,148547304000033;48,728481460000069;1
85240;08240428436300704830;08;4;36;078;2024;04;01;1;2;9;1;2;0;1;0;0;0;0;0;557725,337299999780953;5291259,442999999970198;9,770459972000026;47,772113054000044;1
85241;08240428436100709520;08;4;36;010;2024;04;17;1;3;5;3;0;0;1;1;0;0;0;0;572667,387699999846518;5304603,401599999517202;9,972104440000066;47,890645615000039;1
85247;08240509226000831960;08;2;26;107;2024;05;19;5;3;4;6;0;0;1;0;0;1;0;0;474219,930599999614060;5483001,564099999144673;8,643965157000025;49,499098988000071;1
85249;08240428317000714290;08;3;17;057;2024;04;11;1;3;0;7;0;0;1;0;0;0;0;0;416368,335300000384450;5379707,165200000628829;7,866425518000028;48,564875484000027;1
85251;08240428311010692630;08;3;11;000;2024;04;20;1;3;5;3;0;0;1;1;0;0;0;0;415096,941999999806285;5312619,309000000357628;7,862664513000027;47,961250769000060;1
85261;08240428128200691060;08;1;28;139;2024;04;12;1;3;9;1;0;0;1;0;0;0;0;0;553116,675999999977648;5488099,357999999076128;9,734228195000071;49,543171114000074;1
85267;08240428117400714100;08;1;17;012;2024;04;06;1;3;0;1;1;0;1;0;0;0;0;0;545640,337700000032783;5387537,885399999096990;9,619531293000023;48,639236531000051;1
85268;08240428116200716850;08;1;16;077;2024;04;17;1;3;3;6;0;0;1;0;0;0;0;0;514834,935999999754131;5389821,788000000640750;9,201459786000044;48,661272876000055;1
85271;08240427437200714150;08;4;37;065;2024;04;12;7;3;5;3;0;0;1;1;0;0;0;0;517182,894899999722838;5317830,479900000616908;9,230407944000035;48,013536924000050;1
85274;08240427436300703610;08;4;36;081;2024;04;09;7;3;0;1;0;0;1;0;0;0;0;0;562955,228500000201166;5281364,666999999433756;9,838825283000062;47,682603464000067;1
85275;08240427436200689230;08;4;36;064;2024;04;09;7;3;5;2;0;0;1;1;0;0;0;0;545520,179600000381470;5292537,241399999707937;9,607702444000040;47,784587306000049;1
85292;08240427317000714450;08;3;17;100;2024;04;12;7;2;5;3;0;0;1;1;0;0;0;0;423737,209400000050664;5367391,368799999356270;7,968539218000046;48,455035790000068;1
85298;08240427226700714530;08;2;26;098;2024;04;20;7;3;8;7;2;0;1;0;0;0;0;0;480439,908999999985099;5460924,463899999856949;8,730951873000038;49,300750354000058;1
85299;08240427226600716320;08;2;26;096;2024;04;17;7;3;5;3;0;0;1;1;0;0;0;0;476104,683000000193715;5489106,963099999353290;8,669624150000061;49,554092047000040;1
85300;08240427221400691590;08;2;21;000;2024;04;13;7;3;0;7;0;0;1;0;0;0;0;0;477530,570700000040233;5470132,177100000903010;8,690415494000035;49,383473176000052;1
85321;08240427116010703860;08;1;16;019;2024;04;17;7;3;3;6;0;0;1;1;0;0;0;0;524995,594800000078976;5397140,588400000706315;9,339883337000060;48,726788406000026;1
85327;08240426417100726350;08;4;17;044;2024;04;12;6;3;6;4;0;1;0;1;1;0;0;0;497277,243200000375509;5336429,047900000587106;8,963371344000052;48,181094091000034;1
85331;08240512317000788260;08;3;17;026;2024;05;15;1;3;5;2;0;0;1;0;0;1;0;0;413925,601099999621511;5348779,541999999433756;7,839673273000074;48,286361308000039;1
85332;08240426336300712160;08;3;36;081;2024;04;11;6;3;0;1;0;1;1;0;0;0;0;0;409849,517300000414252;5278230,844699999317527;7,799537320000070;47,651191725000047;1
85336;08240426317000713690;08;3;17;100;2024;04;08;6;2;5;7;0;0;1;1;0;0;0;0;423936,145700000226498;5366510,038100000470877;7,971389540000075;48,447132279000073;1
85337;08240426317000710250;08;3;17;065;2024;04;07;6;3;5;3;0;0;1;1;0;0;0;0;412916,139999999664724;5353869,604000000283122;7,825017483000067;48,332007352000062;1
85339;08240426311400698360;08;3;15;074;2024;04;09;6;2;0;1;0;1;1;0;0;0;0;0;398740,958999999798834;5295698,440999999642372;7,647591270000021;47,806671824000034;1
85341;08240426311010707940;08;3;36;050;2024;04;11;6;3;3;6;0;1;1;1;0;0;0;0;399438,246700000017881;5274836,519799999892712;7,661715655000023;47,619124565000050;1
85351;08240426215302712720;08;2;15;082;2024;04;22;6;3;5;3;2;1;1;1;0;0;0;0;489554,835500000044703;5439019,702199999243021;8,856896347000031;49,103934962000039;1
85353;08240426212010713950;08;2;12;000;2024;04;13;6;3;3;6;0;0;1;1;0;0;0;0;456124,906999999657273;5428899,410000000149012;8,400003707000053;49,011426381000035;1
85356;08240426136100686290;08;1;36;088;2024;04;16;6;3;0;7;0;0;1;0;0;0;0;0;580705,593000000342727;5413336,067900000140071;10,100499711000055;48,867731209000056;1
85361;08240426121500719080;08;1;25;005;2024;04;08;6;3;6;4;0;0;0;1;1;0;0;0;515624,098799999803305;5453564,155999999493361;9,214621821000037;49,234656760000064;1
85369;08240426111500702190;08;1;11;000;2024;04;19;6;3;6;6;0;0;1;0;1;0;0;0;515525,504300000146031;5405398,195100000128150;9,211424383000065;48,801381090000064;1
85370;08240514117300820260;08;1;17;026;2024;05;12;3;3;5;3;0;0;1;1;0;0;0;0;546278,440899999812245;5396388,663000000640750;9,629183313000055;48,718807476000052;1
85371;08240426111500686610;08;1;11;000;2024;04;16;6;1;6;4;0;0;0;0;1;0;0;1;506907,221400000154972;5405530,905700000002980;9,094064181000022;48,802730458000042;1
85372;08240425436000688850;08;4;36;005;2024;04;12;5;3;6;6;0;0;1;0;1;0;0;0;540339,257199999876320;5309638,170600000768900;9,540135492000047;47,938789802000031;1
85382;08240425326000711860;08;3;26;061;2024;04;08;5;3;0;7;0;0;0;1;1;0;1;0;469993,158999999985099;5319232,187000000849366;8,597539204000043;48,025674422000066;1
85386;08240425316200712910;08;3;16;009;2024;04;13;5;3;5;2;0;0;1;1;0;0;0;0;416812,701500000432134;5324356,978299999609590;7,883366156000022;48,067061744000057;1
85392;08240508317000775270;08;3;17;034;2024;05;17;4;3;6;3;0;0;0;1;1;0;0;0;427087,816300000064075;5361527,285000000149012;8,014869481000062;48,402684507000060;1
85418;08240424222600683630;08;2;22;000;2024;04;11;4;3;4;6;0;1;1;0;0;0;0;0;461756,308799999766052;5484494,105599999427795;8,471698612000068;49,511865812000053;1
85436;08240424116500694810;08;1;16;081;2024;04;19;4;3;5;3;0;1;1;1;0;0;0;0;515617,891999999992549;5385722,820000000298023;9,211937774000035;48,624379003000058;1
85439;08240423436200705410;08;4;36;064;2024;04;23;3;3;0;1;2;0;1;0;0;0;0;0;545239,787200000137091;5292300,278999999165535;9,603934676000051;47,782475106000049;1
85442;08240423426000701160;08;4;26;031;2024;04;00;3;2;0;1;2;0;1;0;0;0;0;0;582910,193799999542534;5329703,267300000414252;10,113953242000036;48,115189530000066;1
85447;08240423335100690510;08;3;35;043;2024;04;20;3;2;5;3;2;1;1;1;0;0;0;0;513388,147099999710917;5280332,307900000363588;9,178363516000047;47,676242123000065;1
85449;08240423327200679350;08;3;27;051;2024;04;16;3;3;6;4;0;0;0;1;1;0;0;0;484169,939500000327826;5332276,329700000584126;8,787196963000042;48,143541210000080;1
85454;08240423311010711750;08;3;15;003;2024;04;08;3;3;5;2;0;0;1;1;0;0;0;0;412636,479899999685585;5312175,989299999549985;7,829801999000040;47,956931875000066;1
85458;08240423231000742120;08;2;35;008;2024;04;17;3;3;6;4;0;0;0;1;1;0;0;0;480264,239500000141561;5402133,670399999246001;8,731398239000043;48,771894489000033;1
85462;08240423212702683800;08;2;15;110;2024;04;17;3;3;5;2;0;0;1;1;0;0;0;0;461570,017300000414252;5419144,744400000199676;8,475383976000046;48,924043504000053;1
85464;08240423136200707710;08;1;36;019;2024;04;20;3;3;0;1;2;0;1;0;0;0;0;0;581852,150000000372529;5422890,635500000789762;10,118047041000068;48,953515155000048;1
85473;08240423111500694080;08;1;11;000;2024;04;17;3;3;5;3;0;0;1;1;0;0;0;0;514064,841000000014901;5403008,521199999377131;9,191451569000037;48,779918603000056;1
85474;08240423111250693540;08;1;11;000;2024;04;16;3;3;5;3;0;0;1;1;0;0;0;0;517967,224200000055134;5404172,087200000882149;9,244621491000032;48,790285419000043;1
85477;08240423111000685910;08;1;11;000;2024;04;15;3;3;6;7;0;1;1;0;1;0;0;0;512431,050900000147521;5398297,606899999082088;9,169070131000069;48,737574222000035;1
85478;08240422436400677080;08;4;36;011;2024;04;14;2;3;3;6;0;0;1;1;0;0;0;0;548702,599999999627471;5297139,969000000506639;9,650702582000065;47,825764863000074;1
85480;08240422435100675600;08;4;35;016;2024;04;16;2;3;5;3;0;0;1;1;0;0;0;0;539015,700899999588728;5283608,054600000381470;9,520069656000032;47,704676351000046;1
85483;08240422415400671890;08;4;15;061;2024;04;15;2;3;3;2;0;0;1;1;0;0;0;0;515366,266800000332296;5370789,013900000602007;9,207971783000062;48,490036956000040;1
85484;08240422336300672510;08;3;36;081;2024;04;05;2;3;1;6;2;0;1;1;0;0;0;0;410449,540099999867380;5281202,123099999502301;7,806916568000076;47,678003957000044;1
85486;08240422235100726400;08;2;35;033;2024;04;09;2;3;5;7;0;0;1;0;0;0;0;1;458671,109000000171363;5406746,821499999612570;8,437064723000049;48,812332597000079;1
85490;08240512237100754290;08;2;37;028;2024;05;16;1;2;6;4;0;0;0;1;1;0;0;0;456539,084300000220537;5367897,683800000697374;8,412101314000040;48,462711639000077;1
85491;08240422222800692520;08;2;22;000;2024;04;11;2;3;5;3;0;0;1;1;0;0;0;0;462502,512099999934435;5486039,104499999433756;8,481859472000053;49,525808815000062;1
85493;08240422212010674960;08;2;12;000;2024;04;17;2;3;5;3;0;0;1;1;0;0;0;0;456364,256299999542534;5426310,912599999457598;8,403554743000029;48,988159487000075;1
85500;08240422231000681120;08;2;36;071;2024;04;12;2;3;0;7;0;0;1;1;0;0;0;0;468720,697300000116229;5422367,283999999985099;8,572748951000051;48,953434426000058;1
85515;08240421226600704960;08;2;26;107;2024;04;14;1;2;6;2;0;1;0;1;1;0;0;0;475120,122899999842048;5484482,700600000098348;8,656303683000033;49,512458903000038;1
85518;08240421222000669780;08;2;22;000;2024;04;22;1;2;6;4;2;0;0;1;1;0;0;0;462497,257500000298023;5486214,856599999591708;8,481770158000074;49,527389278000044;1
85545;08240420317100689730;08;3;17;056;2024;04;13;7;3;5;3;0;0;1;1;0;0;0;0;433829,865399999544024;5382206,454700000584126;8,102673503000062;48,589443789000029;1
85556;08240420226400720360;08;2;26;063;2024;04;10;7;2;0;1;0;1;1;0;0;0;0;0;471195,468299999833107;5472022,901599999517202;8,602995180000050;49,400213172000065;1
85560;08240420222014704370;08;2;22;000;2024;04;16;7;3;6;4;0;1;0;0;1;0;0;1;462664,821299999952316;5482461,539000000804663;8,484440457000062;49,493640588000062;1
85561;08240420221400694640;08;2;21;000;2024;04;09;7;3;4;2;0;1;1;0;0;0;0;1;477286,003399999812245;5469971,704500000923872;8,687055057000066;49,382020672000067;1
85566;08240512335100751050;08;3;35;043;2024;05;16;1;3;6;6;0;0;1;0;1;0;0;0;513018,195899999700487;5280535,201600000262260;9,173440917000050;47,678075246000049;1
85585;08240419336400701800;08;3;36;091;2024;04;20;6;3;5;3;1;0;1;1;0;0;0;0;394859,506500000134110;5271692,277799999341369;7,601553869000043;47,590114782000057;1
85589;08240419316100678350;08;3;16;039;2024;04;15;6;3;6;7;0;0;0;0;1;0;0;1;417989,230700000189245;5327353,451400000602007;7,898580523000021;48,094168583000055;1
85615;08240419117400681410;08;1;17;018;2024;04;12;6;3;5;3;0;1;1;1;0;0;0;0;539452,883899999782443;5396194,395199999213219;9,536371782000060;48,717529250000041;1
85620;08240419111500678230;08;1;11;000;2024;04;06;6;2;6;4;0;0;0;1;1;0;0;0;515973,834099999628961;5406844,293400000780821;9,217585913000050;48,814378618000035;1
85639;08240418317010694520;08;3;17;096;2024;04;18;5;2;6;4;0;0;0;1;1;0;0;0;422038,244300000369549;5370106,982400000095367;7,945058379000045;48,479254313000069;1
85642;08240418311010663270;08;3;11;000;2024;04;14;5;3;1;5;0;0;1;1;0;0;0;0;413467,184600000269711;5316359,038899999111891;7,840084011000044;47,994672815000058;1
85654;08240502311010745980;08;3;11;000;2024;05;13;5;3;3;2;0;1;1;1;0;0;0;0;414518,548600000329316;5317040,533900000154972;7,854038159000027;48,000944552000078;1
85661;08240418136000695800;08;1;36;070;2024;04;14;5;1;3;6;0;0;1;1;0;0;0;0;561222,776100000366569;5411356,207399999722838;9,834570469000028;48,852152052000065;1
85663;08240418135010674040;08;4;21;000;2024;04;08;5;3;3;2;0;0;1;1;0;0;0;0;573980,386199999600649;5361548,719499999657273;9,999564718000045;48,402752848000034;1
85668;08240418121200695880;08;1;21;000;2024;04;17;5;3;6;7;0;0;1;0;1;0;0;0;515941,433299999684095;5442339,111999999731779;9,218535784000039;49,133676363000063;1
85669;08240505335200733180;08;3;35;063;2024;05;18;1;3;9;1;0;0;1;0;0;0;0;0;495728,372499999590218;5287333,068900000303984;8,943022529000075;47,739356989000044;1
85673;08240418119100690550;08;1;19;083;2024;04;12;5;3;6;4;0;1;0;1;1;0;0;0;535393,598299999721348;5418789,201400000602007;9,483136439000077;48,921026331000064;1
85686;08240504119500752630;08;1;19;089;2024;05;13;7;3;4;6;0;0;1;1;0;0;0;0;532968,170800000429153;5409601,902000000700355;9,449288685000056;48,838515659000052;1
85688;08240418116100720820;08;1;16;019;2024;04;16;5;3;3;6;0;0;1;1;0;0;0;0;523912,012199999764562;5398676,226500000804663;9,325238422000041;48,740645354000037;1
85691;08240418111500663460;08;1;11;000;2024;04;16;5;3;3;6;0;1;1;1;0;0;0;0;513037,804100000299513;5403355,084699999541044;9,177482538000049;48,783058633000053;1
85698;08240417436000653250;08;4;35;036;2024;04;17;4;3;0;7;0;0;1;0;0;0;0;0;520222,307199999690056;5283124,407500000670552;9,269540119000055;47,701186604000043;1
85700;08240417426100672920;08;4;26;021;2024;04;08;4;3;5;3;0;1;1;1;0;0;0;0;558826,047899999655783;5328628,086799999698997;9,790256962000058;48,108197900000050;1
85701;08240417426100655510;08;4;26;021;2024;04;06;4;2;6;4;0;1;0;1;1;0;0;0;558586,281600000336766;5327170,449300000444055;9,786836154000071;48,095106837000060;1
85712;08240417311400687700;08;3;15;074;2024;04;10;4;3;6;3;0;0;0;1;1;0;0;0;395846,521900000050664;5296123,039100000634789;7,608842977000052;47,810029123000049;1
85715;08240417311010657670;08;3;36;105;2024;04;16;4;3;5;3;0;1;1;1;0;0;0;0;399994,982200000435114;5267267,818299999460578;7,670847591000040;47,551127151000060;1
85716;08240417311010653590;08;3;15;098;2024;04;06;4;3;5;3;1;1;1;1;0;0;0;0;407988,055300000123680;5312684,953999999910593;7,767443916000047;47,960858922000057;1
85726;08240417216100689140;08;2;16;043;2024;04;06;4;3;5;1;1;1;1;1;0;0;0;0;442118,650399999693036;5412113,792700000107288;8,210867097000062;48,859287215000052;1
85735;08240514337010754440;08;3;37;002;2024;05;17;3;2;0;1;0;0;1;0;0;0;0;0;432980,173799999989569;5273899,424399999901652;8,108168114000023;47,615032636000080;1
85736;08240417119400670990;08;1;19;090;2024;04;07;4;3;5;2;0;1;1;1;0;0;0;0;530826,025999999605119;5407281,865000000223517;9,419922059000044;48,817755500000032;1
85769;08240511135100760820;08;1;35;016;2024;05;17;7;2;5;3;0;0;1;1;0;0;0;0;593129,602099999785423;5386653,301200000569224;10,263839650000023;48,626010239000038;1
85776;08240416121050649940;08;1;21;000;2024;04;07;3;3;5;3;0;0;1;1;0;0;0;0;516376,358000000007451;5444867,690700000151992;9,224600750000036;49,156410299000072;1
85777;08240509117400750780;08;1;17;051;2024;05;13;5;3;0;1;0;0;1;0;0;0;0;0;541069,003399999812245;5397303,988399999216199;9,558452758000044;48,727406363000057;1
85781;08240503111250730010;08;1;11;000;2024;05;15;6;3;5;3;0;0;1;1;0;0;0;0;518291,015999999828637;5403515,839099999517202;9,249000622000040;48,784372459000053;1
85788;08240510127202759260;08;1;27;014;2024;05;19;6;2;0;1;0;0;1;0;0;0;0;0;570892,468000000342727;5445001,705000000074506;9,972239961000071;49,153741159000049;1
85791;08240415426000671160;08;4;25;008;2024;04;07;2;3;6;4;0;1;0;1;1;0;0;0;564558,160299999639392;5380907,136800000444055;9,875267523000048;48,577924395000082;1
85804;08240415311010649500;08;3;11;000;2024;04;12;2;2;0;7;0;0;1;0;0;0;0;0;414437,332899999804795;5316740,910700000822544;7,853009361000034;47,998238461000028;1
85808;08240415225200682210;08;2;25;014;2024;04;16;2;3;6;4;0;0;0;1;1;0;0;0;523614,123999999836087;5485628,370600000023842;9,326279771000031;49,522814436000033;1
85810;08240415225100658390;08;2;25;074;2024;04;05;2;3;5;3;2;1;1;1;0;0;0;0;506958,095700000412762;5466570,844000000506639;9,095807259000026;49,351813625000034;1
85820;08240415212702669890;08;2;15;096;2024;04;15;2;2;5;3;0;0;1;1;0;0;0;0;459882,999499999918044;5414444,196699999272823;8,452817014000061;48,881653348000043;1
85823;08240415212010654740;08;2;12;000;2024;04;12;2;2;5;3;0;0;1;1;0;0;0;0;456364,165099999867380;5426315,200899999588728;8,403553036000062;48,988198054000065;1
85824;08240415136000674460;08;1;36;002;2024;04;12;2;3;0;7;0;0;0;1;1;0;0;1;571019,884800000116229;5415063,162100000306964;9,968746623000072;48,884450427000047;1
85826;08240415121600649450;08;1;25;110;2024;04;13;2;3;6;4;0;0;0;1;1;0;0;0;529844,339399999938905;5442954,738199999555945;9,409167749000062;49,138696001000028;1
85830;08240415118010671220;08;1;18;070;2024;04;14;2;2;6;4;0;0;0;0;1;0;0;1;520567,014899999834597;5423557,009800000116229;9,280991926000070;48,964585829000043;1
85835;08240415116010667170;08;1;16;050;2024;04;16;2;2;5;3;0;0;1;0;0;0;0;1;526865,745500000193715;5388791,916899999603629;9,364769749000061;48,651606601000026;1
85837;08240415115200675380;08;1;15;004;2024;04;22;2;2;5;3;2;0;1;1;0;0;0;0;488004,514999999664724;5374198,213999999687076;8,837551209000026;48,520780722000040;1
85840;08240415111230648710;08;1;11;000;2024;04;08;2;3;6;4;0;0;0;1;1;0;0;0;507823,373700000345707;5396527,864600000903010;9,106369376000032;48,721728480000081;1
85843;08240414436300648470;08;4;36;094;2024;04;18;1;3;0;1;0;0;1;0;0;0;0;0;567424,718600000254810;5286043,590199999511242;9,899093734000076;47,724246836000077;1
85844;08240414436200648530;08;4;36;064;2024;04;18;1;3;0;1;0;0;1;0;0;0;0;0;546292,582299999892712;5291898,187999999150634;9,617945399000064;47,778782684000078;1
85849;08240414435100681320;08;4;35;013;2024;04;12;1;3;4;6;0;0;1;0;0;0;0;0;540318,557000000029802;5277592,024000000208616;9,536880059000055;47,650468304000071;1
85852;08240414426200645850;08;4;26;073;2024;04;13;1;3;2;6;0;0;1;0;0;0;0;0;564856,947100000455976;5338132,944700000807643;9,872714216000077;48,193117085000040;1
85865;08240414336400685690;08;3;36;045;2024;04;14;1;3;5;3;0;0;1;1;0;0;0;0;399724,718899999745190;5285469,632899999618530;7,663086355000075;47,714816626000072;1
85866;08240414336400681530;08;3;36;014;2024;04;17;1;3;0;7;0;0;1;0;0;0;0;0;393283,635999999940395;5278609,655500000342727;7,578914692000069;47,652079292000053;1
85872;08240414335200645410;08;3;35;063;2024;04;11;1;3;5;7;0;0;1;1;0;0;0;0;500307,371000000275671;5287616,665999999269843;9,004100096000059;47,741922751000061;1
85879;08240510335200770620;08;3;35;063;2024;05;10;6;2;9;1;0;0;1;0;0;0;0;0;500601,989400000311434;5287847,218399999663234;9,008030401000042;47,743996960000061;1
85890;08240501311010740200;08;3;11;000;2024;05;09;4;3;5;3;0;0;1;1;0;0;0;0;412592,315000000409782;5314274,361999999731779;7,828783843000053;47,975801462000049;1
85894;08240414225100683640;08;2;25;010;2024;04;12;1;2;5;3;0;0;1;0;0;1;0;0;504323,411000000312924;5468856,291999999433756;9,059554664000075;49,372395707000067;1
85903;08240414135100644190;08;1;35;020;2024;04;13;1;3;4;6;0;0;1;0;0;0;0;0;585786,648799999617040;5387046,617000000551343;10,164293943000075;48,630598137000050;1
85906;08240414121400644390;08;1;25;013;2024;04;11;1;3;0;1;0;0;1;0;0;0;0;0;506400,118300000205636;5434453,881999999284744;9,087612431000025;49,062918634000027;1
85908;08240414118600644220;08;1;18;050;2024;04;14;1;2;0;7;0;0;1;0;0;0;0;0;504436,892699999734759;5420407,566400000825524;9,060584038000059;48,936580702000072;1
85924;08240413426010661700;08;4;25;108;2024;04;13;7;2;3;6;0;0;1;0;0;0;0;0;553815,799599999561906;5357302,806199999526143;9,726599893000071;48,366601437000043;1
85929;08240413417300661440;08;4;17;031;2024;04;13;7;3;0;1;0;0;1;0;0;0;0;0;493668,428600000217557;5358102,604900000616908;8,914498027000036;48,376059709000060;1
85930;08240413416100691030;08;4;16;050;2024;04;16;7;2;4;2;0;0;1;1;0;0;0;0;485208,475399999879301;5365785,815899999812245;8,799983859000065;48,445039992000034;1
85931;08240509135200763980;08;1;35;032;2024;05;10;5;2;0;1;0;0;1;0;0;0;0;0;578324,433199999853969;5392380,754399999976158;10,064045315000044;48,679555780000044;1
85940;08240413335300642050;08;3;35;075;2024;04;10;7;3;0;1;0;0;1;0;0;0;0;0;487509,479000000283122;5290052,474600000306964;8,833316319000062;47,763718166000046;1
85941;08240413335100680460;08;3;35;043;2024;04;14;7;3;5;3;0;0;1;1;0;0;0;0;512499,797199999913573;5279837,667400000616908;9,166514374000030;47,671809302000042;1
85942;08240413335100678220;08;3;35;043;2024;04;13;7;3;5;3;0;0;1;1;0;0;0;0;512717,884300000034273;5279790,216000000014901;9,169418197000027;47,671378097000058;1
85945;08240413325202663950;08;3;25;049;2024;04;15;7;3;0;1;0;0;1;0;0;0;0;0;472913,471400000154972;5337014,142599999904633;8,635577289000025;48,185786349000068;1
85955;08240413311010642420;08;3;11;000;2024;04;10;7;3;5;2;0;0;1;1;0;0;0;0;414614,516699999570847;5317756,165699999779463;7,855181986000048;48,007394760000068;1
85962;08240413235100660000;08;2;35;085;2024;04;09;7;3;2;6;0;0;1;1;0;0;0;0;481968,461099999956787;5395440,738800000399351;8,754885241000068;48,711737006000078;1
85972;08240413212010711490;08;2;12;000;2024;04;17;7;3;6;4;0;0;0;1;1;0;0;0;452077,087299999780953;5427783,383099999278784;8,344784726000057;49,001086602000044;1
85983;08240413126100674330;08;1;26;072;2024;04;13;7;2;8;1;0;0;1;0;0;0;0;0;541021,690999999642372;5461716,046000000089407;9,564321619000054;49,306806116000075;1
85986;08240413121500674150;08;1;25;063;2024;04;07;7;3;4;2;0;0;1;1;0;0;0;0;526465,045599999837577;5463281,815199999138713;9,364179976000059;49,321694459000071;1
85987;08240513317000756500;08;3;17;059;2024;05;16;2;3;5;3;0;0;1;1;0;0;0;0;412727,392300000414252;5349509,586200000718236;7,823373462000063;48,292763846000071;1
85989;08240413121200671150;08;1;21;000;2024;04;19;7;3;5;3;0;0;1;1;0;0;0;0;517369,953300000168383;5443059,131599999964237;9,238149745000044;49,140114447000030;1
85993;08240413119300674200;08;1;19;067;2024;04;11;7;3;0;7;0;0;1;1;0;0;0;1;537796,619300000369549;5403516,180400000885129;9,514527487000066;48,783496047000028;1
85998;08240413118400678770;08;1;18;048;2024;04;11;7;2;0;3;0;0;1;0;0;1;0;0;514212,370799999684095;5416329,777499999850988;9,193921798000076;48,899750823000034;1
86002;08240413117400643180;08;1;17;003;2024;04;17;7;2;5;3;0;0;1;1;0;1;0;0;540846,490000000223517;5392772,131599999964237;9,554978718000029;48,686653975000070;1
86003;08240413117400642990;08;1;17;018;2024;04;14;7;3;4;2;0;0;1;1;0;0;0;0;537616,345999999903142;5395764,411000000312924;9,511365451000074;48,713774759000046;1
86006;08240413115100677370;08;1;15;002;2024;04;14;7;3;5;3;0;0;1;1;0;0;0;0;499679,368999999947846;5386432,115000000223517;8,995648412000037;48,630954877000079;1
86007;08240413111500696180;08;1;11;000;2024;04;17;7;2;5;3;0;0;1;1;0;0;0;0;518134,344299999997020;5403861,496300000697374;9,246883081000021;48,787486534000038;1
86012;08240412415300711240;08;4;15;091;2024;04;18;6;3;0;1;0;0;1;0;0;0;0;0;512923,917200000025332;5359644,221599999815226;9,174572562000037;48,389828328000078;1
86017;08240412326200673820;08;3;26;074;2024;04;15;6;3;3;2;0;0;1;1;0;0;0;0;465392,362999999895692;5323822,914000000804663;8,535462652000035;48,066743627000051;1
86022;08240412317000666240;08;3;17;065;2024;04;14;6;3;4;2;0;0;1;1;0;0;0;0;416586,775999999605119;5354582,448300000280142;7,874392389000036;48,338914532000047;1
86023;08240412316200672610;08;3;16;009;2024;04;19;6;3;0;1;0;0;1;0;0;0;0;0;417461,191100000403821;5324077,373500000685453;7,892123206000065;48,064630843000032;1
86027;08240412311010649270;08;3;36;050;2024;04;14;6;3;4;2;0;0;1;1;0;0;0;0;399598,933299999684095;5274757,474600000306964;7,663871604000065;47,618438451000031;1
86032;08240412235200654280;08;2;35;066;2024;04;16;6;3;8;7;0;0;1;0;0;0;0;0;463789,122899999842048;5386164,001599999144673;8,508580629000051;48,627494594000041;1
86034;08240503119100746630;08;1;19;008;2024;05;14;6;3;5;3;0;0;1;1;0;0;0;0;532010,563500000163913;5421134,473099999129772;9,437142320000021;48,942307327000037;1
86038;08240412226700671090;08;2;26;046;2024;04;15;6;3;5;3;0;0;1;1;0;0;0;0;475046,207200000062585;5454560,826199999079108;8,657159917000058;49,243312709000065;1
86043;08240412221011671750;08;2;21;000;2024;04;17;6;2;5;2;0;0;1;1;0;0;0;0;479657,968299999833107;5472318,553700000047684;8,719614540000066;49,403214170000069;1
86046;08240412212010670500;08;2;15;096;2024;04;13;6;2;0;7;0;0;1;0;0;0;0;0;463787,212500000372529;5417849,733799999579787;8,505765119000046;48,912528050000049;1
86048;08240412136200639390;08;1;36;019;2024;04;15;6;2;0;1;0;0;1;0;0;0;0;0;583852,288999999873340;5424765,615000000223517;10,145748257000037;48,970110480000073;1
86049;08240412136100640440;08;1;36;088;2024;04;21;6;3;0;1;2;0;1;0;0;0;0;0;581659,191100000403821;5413865,487299999222159;10,113606079000022;48,872368043000051;1
86050;08240412136000641900;08;1;36;034;2024;04;18;6;3;6;6;0;0;1;0;1;0;0;0;563292,653099999763072;5409514,608999999240041;9,862498604000052;48,835379488000058;1