OID_;UIDENTSTLAE;ULAND;UREGBEZ;UKREIS;UGEMEINDE;UJAHR;UMONAT;USTUNDE;UWOCHENTAG;UKATEGORIE;UART;UTYP1;ULICHTVERH;IstStrassenzustand;IstRad;IstPKW;IstFuss;IstKrad;IstGkfz;IstSonstige;LINREFX;LINREFY;XGCSWGS84;YGCSWGS84;PLST
86052;08240412127202659700;08;1;27;014;2024;04;13;6;3;6;7;0;0;0;1;1;0;0;0;577317,619900000281632;5442644,447200000286102;10,059888924000063;49,131764865000036;1
86055;08240412121600651160;08;1;25;094;2024;04;19;6;3;0;7;0;0;1;0;0;0;0;0;513841,052699999883771;5436843,523800000548363;9,189554131000023;49,084292276000042;1
86056;08240419311200664410;08;3;11;000;2024;04;18;6;3;0;7;0;1;1;0;0;0;0;0;412672,542799999937415;5317809,614199999719858;7,829139380000072;48,007613143000071;1
86058;08240412118100673910;08;1;18;079;2024;04;17;6;3;5;3;0;0;1;1;0;0;0;0;510725,061900000087917;5421680,917600000277162;9,146479844000055;48,947958303000064;1
86059;08240412118048650150;08;1;18;014;2024;04;18;6;3;2;6;0;0;1;1;0;0;0;0;521822,224000000394881;5421115,820000000298023;9,298009856000022;48,942582897000079;1
86065;08240412118010662320;08;1;18;048;2024;04;12;6;3;5;1;0;0;1;0;0;0;0;0;512959,764000000432134;5416858,132999999448657;9,176847365000071;48,904531238000061;1
86068;08240412116100674510;08;1;16;056;2024;04;16;6;3;4;6;0;0;1;0;0;0;0;0;532407,528199999593198;5394703,356100000441074;9,440474599000027;48,704522212000029;1
86072;08240412111500642750;08;1;11;000;2024;04;17;6;3;6;4;0;0;0;1;1;0;0;0;511467,540099999867380;5410702,369899999350309;9,156312112000023;48,849184798000067;1
86073;08240412111500639940;08;1;11;000;2024;04;08;6;3;2;6;0;0;1;0;0;0;1;0;516649,106800000183284;5405832,655099999159575;9,226742958000045;48,805260349000037;1
86076;08240513118100751230;08;1;18;079;2024;05;15;2;3;5;3;0;0;1;1;0;0;0;0;510466,450000000186265;5424296,851900000125170;9,143015071000036;48,971494768000071;1
86078;08240411436400668210;08;4;36;011;2024;04;14;5;3;5;3;0;0;1;1;0;0;0;0;548786,099399999715388;5297503,198899999260902;9,651859040000033;47,829026468000052;1
86086;08240411335300650390;08;3;35;075;2024;04;19;5;3;0;1;0;0;1;0;0;0;0;0;487694,566300000064075;5289763,740399999544024;8,835794440000029;47,761123834000045;1
86089;08240411326400656400;08;3;26;074;2024;04;16;5;3;0;7;0;0;1;0;0;0;0;0;459770,026999999769032;5322606,429999999701977;8,460111874000063;48,055469417000040;1
86091;08240424435100679810;08;4;35;035;2024;04;09;4;3;4;6;0;0;1;0;0;0;0;0;539417,593600000254810;5279860,722599999979138;9,525088040000071;47,670936076000032;1
86099;08240411317050649880;08;3;17;001;2024;04;19;5;2;6;2;0;0;0;1;1;0;0;0;431773,090900000184774;5387063,626499999314547;8,073986901000069;48,632913595000048;1
86102;08240411317000704710;08;3;17;031;2024;04;18;5;3;6;4;0;0;0;1;1;0;0;0;417324,035000000149012;5358405,233999999240041;7,883588161000034;48,373397090000026;1
86110;08240411311000646490;08;3;15;052;2024;04;12;5;3;6;7;0;0;0;1;1;0;0;0;433064,656999999657273;5306322,534600000828505;8,104298864000043;47,906734878000066;1
86112;08240411231000674850;08;2;31;000;2024;04;14;5;3;6;2;0;0;0;1;1;0;0;0;478116,251899999566376;5416484,781099999323487;8,701398419000043;48,900921672000038;1
86118;08240411222400668720;08;2;26;105;2024;04;19;5;3;1;5;0;0;1;1;0;0;0;0;471996,293800000101328;5477132,760500000789762;8,613671787000044;49,446212443000036;1
86125;08240411212010665250;08;2;12;000;2024;04;19;5;3;0;7;1;0;1;1;0;0;0;0;455665,116000000387430;5427482,184599999338388;8,393871130000036;48,998645426000053;1
86136;08240411121600637370;08;1;25;102;2024;04;08;5;3;5;3;0;0;1;1;0;0;0;0;521295,657399999909103;5445247,271400000900030;9,292087905000074;49,159673789000067;1
86137;08240411121400668130;08;1;25;013;2024;04;18;5;3;5;3;0;0;1;1;0;0;0;0;504564,174300000071526;5436560,407400000840425;9,062503632000073;49,081884220000063;1
86152;08240411116010670640;08;1;16;080;2024;04;14;5;2;5;2;0;0;1;1;0;0;0;0;521882,787899999879301;5395687,424799999222159;9,297479771000042;48,713832916000058;1
86153;08240411116010656740;08;1;16;078;2024;04;12;5;3;6;4;0;0;0;1;1;0;0;0;512293,014299999922514;5392946,926799999549985;9,167033339000056;48,689442096000050;1
86154;08240411115400665570;08;1;15;001;2024;04;11;5;3;0;6;0;0;1;1;0;0;0;0;489195,876299999654293;5391577,202600000426173;8,853232937000030;48,677147497000078;1
86164;08240410421300648860;08;4;21;000;2024;04;23;4;3;6;4;2;0;0;1;1;0;0;0;572114,077499999664724;5361417,621700000017881;9,974329943000043;48,401789871000062;1
86172;08240410336200667830;08;3;36;105;2024;04;18;4;3;5;3;0;0;1;1;0;0;0;0;399710,209099999628961;5267283,225700000301003;7,667060251000066;47,551221829000042;1
86175;08240410325202661970;08;3;25;072;2024;04;08;4;3;5;3;0;0;1;1;0;0;0;0;472054,737900000065565;5330279,230599999427795;8,624466549000033;48,125156831000027;1
86179;08240410311010661980;08;3;11;000;2024;04;09;4;3;5;3;0;0;1;1;0;0;0;0;414614,116999999620020;5317760,838999999687076;7,855175697000050;48,007436745000064;1
86184;08240501118500738390;08;1;18;049;2024;05;01;4;3;2;7;2;0;1;1;0;0;0;0;522238,976599999703467;5422328,767899999395013;9,303767278000066;48,953479213000037;1
86203;08240410121050650190;08;1;28;115;2024;04;14;4;3;0;3;0;0;1;1;0;0;0;0;547428,211400000378489;5497996,472799999639392;9,656796741000051;49,632658993000064;1
86205;08240410119300665760;08;1;19;076;2024;04;07;4;3;6;4;0;0;0;1;1;0;0;0;542387,398599999956787;5406485,837700000032783;9,577325357000063;48,809913622000067;1
86206;08240410119200635310;08;1;19;020;2024;04;19;4;3;3;6;0;0;1;1;0;0;0;0;519794,376600000075996;5406704,044600000604987;9,269619724000052;48,813006993000045;1
86208;08240410118010662030;08;1;18;048;2024;04;14;4;2;5;3;0;0;1;1;0;0;0;0;517093,386199999600649;5413352,216199999675155;9,233107192000034;48,872892714000045;1
86209;08240410118010662010;08;1;18;048;2024;04;17;4;2;5;3;0;0;1;1;0;0;0;0;514424,037600000388920;5416630,649100000038743;9,196820511000055;48,902452487000062;1
86215;08240410116500668960;08;1;16;042;2024;04;13;4;3;4;6;0;0;1;0;0;0;0;0;517647,490600000135601;5381906,107899999246001;9,239317285000027;48,589989298000035;1
86216;08240410116500667460;08;1;16;071;2024;04;14;4;3;5;2;0;0;1;1;0;0;0;0;529014,701600000262260;5390618,110300000756979;9,394074554000042;48,667938833000051;1
86233;08240409335100633780;08;3;35;043;2024;04;16;3;3;8;6;0;0;1;0;0;0;0;1;510953,980600000359118;5282008,198300000280142;9,145976530000041;47,691367036000031;1
86236;08240409317000645910;08;3;17;034;2024;04;13;3;3;5;3;0;1;1;1;0;0;0;0;426565,658499999903142;5362431,914100000634789;8,007657293000022;48,410761209000043;1
86241;08240409231102647900;08;2;36;046;2024;04;18;3;3;5;3;0;0;1;1;0;0;0;0;483970,954800000414252;5418356,998999999836087;8,781211020000057;48,917942742000037;1
86243;08240409231000702820;08;2;36;043;2024;04;16;3;2;6;2;0;0;0;1;1;0;0;0;469669,415000000037253;5411311,082499999552965;8,586528628000053;48,854025274000037;1
86244;08240419311010663240;08;3;11;000;2024;04;09;6;3;5;2;0;0;1;1;0;0;0;0;413003,330599999986589;5317629,496400000527501;7,833610066000062;48,006038042000057;1
86246;08240409231000639590;08;2;31;000;2024;04;13;3;3;5;3;0;0;1;0;0;0;0;1;476545,050999999977648;5415752,940899999812245;8,680001901000026;48,894280802000026;1
86248;08240409221200653930;08;2;21;000;2024;04;10;3;3;5;2;0;0;1;1;0;0;0;0;477685,883799999952316;5473116,665999999269843;8,692387755000027;49,410323962000064;1
86251;08240409216100632000;08;2;16;043;2024;04;08;3;3;6;2;0;0;0;1;1;0;0;0;441569,907899999991059;5411408,964299999177456;8,203487093000035;48,852895861000036;1
86252;08240409212702634830;08;2;15;046;2024;04;16;3;3;1;5;0;0;1;1;0;0;0;0;451333,344399999827147;5413846,386299999430776;8,336281086000042;48,875663630000076;1
86254;08240409212010653410;08;2;12;000;2024;04;13;3;3;6;4;0;0;0;0;1;0;0;1;452076,065700000151992;5427815,754000000655651;8,344766939000067;49,001377700000035;1
86257;08240409212010631600;08;2;12;000;2024;04;16;3;3;5;2;0;0;1;1;0;0;0;0;458995,514100000262260;5428150,958699999377131;8,439333106000049;49,004891373000078;1
86258;08240513119300768330;08;1;19;076;2024;05;15;2;3;5;3;0;0;1;1;0;0;0;0;541975,086900000460446;5406415,760500000789762;9,571702711000057;48,809311233000074;1
86261;08240501337200741480;08;3;37;062;2024;05;19;4;3;0;7;0;0;1;0;0;0;0;0;456847,118499999865890;5278183,720100000500679;8,425321694000047;47,655609147000064;1
86263;08240409127202635200;08;1;27;014;2024;04;07;3;3;5;3;0;0;1;1;0;0;0;0;578244,158099999651313;5442874,104199999943376;10,072632384000030;49,133713077000039;1
86271;08240409117200702790;08;1;17;024;2024;04;17;3;3;6;4;0;1;0;1;1;0;0;0;561634,835400000214577;5386027,064899999648333;9,836398213000052;48,624274024000044;1
86280;08240408415400657820;08;4;15;060;2024;04;20;2;2;2;6;1;0;1;0;0;0;0;0;512630,643799999728799;5377831,793500000610948;9,171160546000067;48,553457044000027;1
86282;08240504325302752910;08;3;25;053;2024;05;17;7;3;0;1;0;0;1;0;0;0;0;0;457101,422799999825656;5340995,302999999374151;8,422448299000052;48,220731316000069;1
86283;08240408335200646450;08;3;35;061;2024;04;16;2;3;2;6;0;0;1;0;0;0;0;0;496474,979299999773502;5279771,167799999937415;8,953042352000068;47,671322174000068;1
86285;08240408327200629730;08;3;27;046;2024;04;15;2;3;4;6;0;0;1;1;0;0;0;0;480255,368499999865890;5325151,789999999105930;8,734903913000039;48,079332854000029;1
86291;08240408317000631190;08;3;17;089;2024;04;07;2;3;0;1;0;0;1;0;0;0;0;0;432292,256000000052154;5374317,200999999418855;8,083108156000037;48,518314320000059;1
86300;08240408222014658560;08;2;22;000;2024;04;07;2;3;5;3;0;0;1;1;0;0;0;0;465448,266900000162423;5482594,433499999344349;8,522863834000077;49,495000817000061;1
86303;08240414221200678820;08;2;21;000;2024;04;14;1;3;1;7;0;0;1;1;0;0;0;0;478108,785899999551475;5473333,312799999490380;8,698205659000052;49,412288029000081;1
86306;08240408212010653390;08;2;15;007;2024;04;07;2;2;5;3;0;0;1;1;0;0;0;0;478475,492200000211596;5430979,424100000411272;8,705533413000069;49,031321560000038;1
86312;08240414211100645520;08;2;11;000;2024;04;20;1;2;8;1;0;0;1;0;0;0;0;0;443782,783900000154972;5395148,115399999544024;8,235873494000032;48,706831390000048;1
86319;08240408119200631920;08;1;19;020;2024;04;13;2;3;5;3;0;0;1;1;0;0;0;0;519323,759499999694526;5408967,040899999439716;9,263316132000057;48,833379267000055;1
86334;08240408115100664090;08;1;15;003;2024;04;15;2;3;5;2;0;0;1;1;0;0;0;0;501822,839999999850988;5393298,473999999463558;9,024769741000057;48,692723071000046;1
86337;08240430335300721640;08;3;35;075;2024;04;08;3;3;5;2;0;0;1;0;0;0;0;1;488389,253299999982119;5290069,041899999603629;8,845056255000031;47,763883680000049;1
86340;08240407436300628010;08;4;36;006;2024;04;17;1;1;5;3;0;0;1;0;0;1;0;0;554247,348199999891222;5282377,210200000554323;9,722936301000061;47,692502782000076;1
86342;08240407435100640780;08;4;35;030;2024;04;16;1;2;5;3;0;0;1;1;0;0;0;0;544565,719399999827147;5275468,094499999657273;9,593215729000065;47,631080160000067;1
86352;08240407311400654500;08;3;15;074;2024;04;12;1;2;0;7;0;0;1;0;0;0;0;1;398278,221599999815226;5296511,796299999579787;7,641221915000074;47,813914947000058;1
86357;08240407226600692200;08;2;26;082;2024;04;11;1;3;0;6;0;0;1;1;0;0;0;0;480230,854700000025332;5482183,191800000146031;8,727018637000072;49,491963632000079;1
86364;08240407212702630350;08;2;15;046;2024;04;12;1;3;2;6;0;0;1;1;0;0;0;0;450900,632399999536574;5412235,131599999964237;8,330573526000023;48,861135941000043;1
86366;08240407211100659420;08;2;16;049;2024;04;17;1;3;0;7;0;0;1;0;0;0;0;0;436805,177899999544024;5401398,347300000488758;8,140083294000021;48,762384361000045;1
86383;08240413117300662970;08;1;17;026;2024;04;17;7;3;5;3;0;0;1;1;0;0;0;0;547786,068799999542534;5395405,870200000703335;9,649565245000076;48,709853034000048;1
86405;08240406335300696510;08;3;35;075;2024;04;15;7;3;0;7;0;0;1;0;0;0;0;0;487197,010999999940395;5289840,885999999940395;8,829152745000044;47,761808262000045;1
86406;08240406335300655970;08;3;35;075;2024;04;15;7;3;5;3;0;0;1;1;0;0;0;0;488572,993499999865890;5290029,032999999821186;8,847509285000058;47,763526983000077;1
86408;08240406335100672900;08;3;35;002;2024;04;15;7;3;3;6;0;0;1;0;0;0;0;0;506029,302899999544024;5289856,174499999731779;9,080457338000031;47,762044776000039;1
86409;08240406327100654950;08;3;27;025;2024;04;15;7;3;0;6;0;0;1;1;0;0;0;0;484245,800200000405312;5307740,675899999216199;8,789119370000037;47,922794004000082;1
86411;08240406317500648240;08;3;17;034;2024;04;00;7;3;0;7;2;0;1;0;0;0;0;0;427481,719499999657273;5360892,273499999195337;8,020300471000041;48,397017866000056;1
86428;08240415118010668570;08;1;18;050;2024;04;10;2;3;0;1;0;1;1;0;0;0;0;0;504084,887000000104308;5420769,229000000283122;9,055781165000042;48,939836538000066;1
86436;08240406136100655530;08;1;36;088;2024;04;15;7;2;6;6;0;0;1;0;1;0;0;0;577134,579499999992549;5415334,460899999365211;10,052191177000054;48,886159768000027;1
86439;08240406128200627470;08;1;28;137;2024;04;12;7;2;7;7;0;0;1;0;0;0;0;1;561208,374300000257790;5496677,650299999862909;9,847402288000069;49,619558206000079;1
86440;08240406311000650320;08;3;15;064;2024;04;16;7;3;5;3;0;0;1;0;0;1;0;0;422533,420800000429153;5314291,348500000312924;7,961962184000072;47,977235187000076;1
86441;08240406127100647390;08;1;27;076;2024;04;12;7;3;0;1;0;0;1;0;0;0;0;0;553440,452399999834597;5439190,271299999207258;9,732151696000074;49,103236274000039;1
86449;08240406121100654900;08;1;25;049;2024;04;13;7;2;6;4;0;0;0;1;1;0;0;0;499750,457499999552965;5450552,121999999508262;8,996573998000031;49,207762016000061;1
86451;08240406118500627270;08;1;18;049;2024;04;15;7;3;2;6;0;0;1;1;0;0;0;0;518985,305300000123680;5421020,262199999764562;9,259264164000058;48,941816880000033;1
86463;08240406117400627710;08;1;17;029;2024;04;14;7;3;5;3;0;0;1;1;0;0;0;0;542314,018000000156462;5390532,226999999955297;9,574687662000031;48,666406757000061;1
86466;08240411115100655550;08;1;15;048;2024;04;18;5;3;3;6;0;0;1;1;0;0;0;0;509395,431800000369549;5385726,913699999451637;9,127498185000036;48,624540257000035;1
86468;08240501436200726920;08;4;35;035;2024;05;01;4;3;0;1;2;0;1;0;0;0;0;0;541732,189199999906123;5281080,789999999105930;9,556036294000023;47,681768114000079;1
86475;08240406111230626690;08;1;11;000;2024;04;21;7;3;0;7;2;0;1;0;0;0;0;0;514579,965499999932945;5399517,969799999147654;9,198339749000070;48,748505978000026;1
86490;08240405435100651450;08;4;35;016;2024;04;14;6;3;4;6;0;0;1;1;0;0;0;0;536059,563900000415742;5280407,377399999648333;9,480402030000050;47,676050528000076;1
86498;08240405335400654540;08;3;35;099;2024;04;15;6;2;0;1;0;0;1;0;0;0;0;0;492552,005300000309944;5299250,757899999618530;8,900449748000028;47,846557538000070;1
86499;08240405335200625380;08;3;35;061;2024;04;15;6;3;8;6;0;0;1;0;0;1;0;0;492771,656700000166893;5278253,295600000768900;8,903734667000037;47,657634016000031;1
86510;08240405311400633980;08;3;15;130;2024;04;16;6;2;0;7;0;0;1;0;0;0;0;0;414510,995600000023842;5304553,877299999818206;7,856417508000050;47,888620124000056;1
86517;08240405311010626050;08;3;15;020;2024;04;18;6;3;0;7;0;0;1;0;0;0;0;0;427823,076100000180304;5313650,005999999120831;8,032939492000025;47,972084349000056;1
86518;08240427316200714340;08;3;16;042;2024;04;14;7;2;6;4;0;0;0;1;1;0;0;0;429382,417999999597669;5328014,269500000402331;8,051460250000048;48,101477788000068;1
86524;08240405231000638330;08;2;36;076;2024;04;16;6;3;6;4;0;0;0;1;1;0;0;0;471378,920599999837577;5423439,359899999573827;8,608981922000055;48,963207020000027;1
86541;08240405126200637760;08;1;26;066;2024;04;17;6;3;0;7;0;0;1;0;0;0;0;0;536455,832000000402331;5449510,096999999135733;9,500402324000049;49,197304739000060;1
86544;08240405121300634580;08;1;21;000;2024;04;23;6;2;0;7;2;0;1;0;0;0;0;0;514467,200000000186265;5443236,679999999701977;9,198358362000022;49,141786781000064;1
86549;08240430117010706490;08;1;17;028;2024;04;07;3;1;6;4;0;0;0;0;1;0;1;0;546105,921299999579787;5384324,320599999278784;9,625493488000075;48,610294203000080;1
86553;08240405118100634260;08;1;18;079;2024;04;11;6;3;7;7;0;0;1;0;0;0;0;0;505243,953800000250340;5420614,774199999868870;9,071606800000040;48,938438368000050;1
86560;08240509121500739670;08;1;25;027;2024;05;12;5;3;5;3;0;0;1;1;0;0;0;0;520106,505499999970198;5445702,046199999749660;9,275800604000040;49,163804709000033;1
86567;08240405116100675620;08;1;16;019;2024;04;08;6;3;4;2;0;0;1;1;0;0;0;0;523521,192200000397861;5397219,611999999731779;9,319839654000077;48,727556686000071;1
86570;08240404426100625050;08;4;26;011;2024;04;17;5;3;0;1;0;0;1;0;0;0;0;0;551983,782999999821186;5331742,764100000262260;9,698726862000058;48,136813833000076;1
86585;08240405216200626580;08;2;16;007;2024;04;14;6;3;0;1;0;0;1;0;0;0;0;0;431866,651700000278652;5396895,113800000399351;8,073636424000028;48,721357511000065;1
86599;08240404212102624510;08;2;12;000;2024;04;21;5;3;0;2;2;1;1;0;0;0;0;1;458073,122899999842048;5427691,711300000548363;8,426769037000042;49,000698397000065;1
86602;08240404136000624840;08;1;36;043;2024;04;02;5;3;5;2;2;0;1;1;0;0;0;0;570749,803100000135601;5407811,797499999403954;9,963810277000050;48,819258389000026;1
86605;08240404128200641610;08;1;28;115;2024;04;19;5;3;5;3;0;1;1;1;0;0;0;0;547309,175900000147521;5496455,115800000727177;9,654962542000021;49,618805292000047;1
86625;08240407116500659060;08;1;16;035;2024;04;13;1;3;3;2;0;0;1;1;0;0;0;0;525318,350700000301003;5392758,125000000000000;9,344003183000041;48,687351116000059;1
86627;08240404111120669070;08;1;11;000;2024;04;13;5;2;0;7;0;1;1;0;0;0;0;0;513360,563500000163913;5404503,660299999639392;9,181913557000030;48,793384259000049;1
86630;08240403436400633230;08;4;36;082;2024;04;07;4;3;5;3;0;0;1;0;0;0;0;0;547476,903900000266731;5294518,453299999237061;9,634040242000026;47,802270925000073;1
86652;08240405116100645020;08;1;16;056;2024;04;00;6;3;8;1;2;1;1;0;0;0;0;0;533114,988400000147521;5394900,859300000593066;9,450105750000034;48,706261751000056;1
86653;08240403231000725850;08;2;31;000;2024;04;15;4;3;6;4;0;0;0;1;1;0;0;0;477935,620299999602139;5414072,509099999442697;8,699064010000029;48,879215275000035;1
86655;08240403226300625730;08;2;26;006;2024;04;13;4;3;8;1;0;1;1;0;0;0;0;0;483406,321299999952316;5467216,034099999815226;8,771492586000022;49,357431005000080;1
86660;08240403222600632170;08;2;22;000;2024;04;15;4;3;3;2;0;1;1;1;0;0;0;0;461319,601400000043213;5484006,620100000873208;8,465713933000075;49,507453455000075;1
86667;08240403135200629880;08;1;35;025;2024;04;11;4;2;0;1;0;0;1;0;0;0;0;0;584071,054200000129640;5399116,966199999675155;10,143470239000067;48,739395723000030;1
86668;08240403135100643470;08;1;35;031;2024;04;16;4;2;5;3;0;1;1;0;0;0;1;0;595879,713100000284612;5377854,850199999287724;10,299120726000069;48,546461905000058;1
86677;08240407417100634560;08;4;17;079;2024;04;16;1;3;3;6;0;0;1;0;0;1;0;0;497856,941700000315905;5343306,644700000062585;8,971135147000041;48,242973036000080;1
86685;08240403117010624580;08;1;17;024;2024;04;14;4;2;6;4;0;1;0;1;1;0;0;0;561113,635499999858439;5386036,960899999365211;9,829327651000028;48,624414184000045;1
86688;08240403116100627820;08;1;16;019;2024;04;21;4;3;0;1;2;1;1;0;0;0;0;0;522920,414200000464916;5401883,833499999716878;9,311930039000060;48,769537836000040;1
86692;08240429111310729030;08;1;11;000;2024;04;13;2;3;0;2;0;0;1;0;0;0;0;1;516554,743900000117719;5404344,302300000563264;9,225397851000025;48,791873852000037;1
86693;08240402436400635350;08;4;36;009;2024;04;00;3;3;0;1;2;0;1;0;0;0;0;0;556570,492999999783933;5308341,676999999210238;9,757281702000057;47,925898195000059;1
86694;08240402436300622440;08;4;36;094;2024;04;18;3;2;8;1;0;0;1;0;0;0;0;0;567457,774199999868870;5284378,813400000333786;9,899276702000066;47,709266179000053;1
86695;08240402436000634180;08;4;37;088;2024;04;14;3;3;5;3;0;1;1;1;0;0;0;0;519002,217899999581277;5307719,059499999508262;9,254356192000046;47,922511453000027;1
86696;08240402426010623850;08;4;25;019;2024;04;17;3;2;5;3;0;0;1;1;0;0;0;0;575354,057000000029802;5372475,984999999403954;10,020088755000074;48,500881450000065;1
86698;08240402421300680680;08;4;25;066;2024;04;12;3;2;5;3;0;0;1;1;0;0;0;0;578556,044999999925494;5347176,451600000262260;10,058696299000076;48,272919020000074;1
86708;08240402225200622190;08;2;25;032;2024;04;11;3;2;6;4;0;0;0;1;1;0;0;0;534201,751500000245869;5495192,500800000503659;9,473397169000066;49,608333291000065;1
86710;08240402215502622540;08;2;15;099;2024;04;15;3;3;0;7;0;0;1;0;0;0;0;0;462681,965599999763072;5445812,222899999469519;8,488106529000049;49,163990578000039;1
86715;08240402212010622940;08;2;12;000;2024;04;12;3;3;5;4;0;0;0;0;1;0;0;1;453666,895800000056624;5428148,307399999350309;8,366477974000077;49,004490500000031;1
86720;08240507416200801970;08;4;16;011;2024;05;08;3;3;1;5;0;0;1;0;0;0;0;0;504814,286999999545515;5368869,668999999761581;9,065136132000021;48,472939153000027;1
86733;08240408317500631850;08;3;17;096;2024;04;13;2;3;5;3;0;0;1;1;0;0;0;0;423703,042999999597669;5370665,640000000596046;7,967479803000060;48,484483674000046;1
86745;08240412425000674430;08;4;25;093;2024;04;17;6;3;0;1;0;0;1;0;0;0;0;0;559499,823200000450015;5349964,140699999406934;9,802299482000024;48,300074154000072;1
86747;08240401221011632810;08;2;21;000;2024;04;22;2;3;5;3;2;0;1;1;0;0;0;0;476015,649299999698997;5471477,064200000837445;8,669462061000047;49,395512469000039;1
86760;08240415225200649780;08;2;25;082;2024;04;17;2;2;0;1;0;0;1;0;0;0;0;0;536458,064399999566376;5479741,119799999520183;9,503197213000021;49,469225078000079;1
86761;08240401121500624020;08;1;25;005;2024;04;02;2;3;8;7;2;0;1;0;0;0;0;0;516328,890300000086427;5450705,270999999716878;9,224186818000021;49,208922125000072;1
86763;08240423225100722030;08;2;25;117;2024;04;05;3;3;7;7;1;0;1;0;0;0;0;0;514699,929200000129640;5469663,259800000116229;9,202519643000073;49,379492368000058;1
86764;08240401116010623890;08;4;15;050;2024;04;16;2;2;5;3;0;0;1;1;0;0;0;0;521897,608000000007451;5377903,825899999588728;9,296741558000065;48,553849901000035;1
86770;08240331435200575090;08;4;35;054;2024;03;15;1;3;0;7;0;0;1;0;0;0;0;0;523380,556200000457466;5282463,556500000879169;9,311599920000049;47,695133979000047;1
86771;08240331416200610460;08;4;16;025;2024;03;20;1;3;0;1;2;0;1;0;0;0;0;0;507048,901300000026822;5362005,082699999213219;9,095254342000032;48,411160961000064;1
86780;08240331221300581520;08;2;21;000;2024;03;18;1;3;1;7;0;0;1;1;0;0;0;0;478841,916600000113249;5473652,511099999770522;8,708295514000042;49,415185107000070;1
86795;08240407117200628840;08;1;17;024;2024;04;16;1;3;0;1;0;0;1;0;0;0;0;0;561662,363099999725819;5386109,371200000867248;9,836783968000077;48,625011676000042;1
86796;08240331119400577360;08;1;19;079;2024;03;12;1;3;0;7;0;0;1;0;0;0;0;0;523741,304999999701977;5415381,676799999549985;9,323883242000022;48,890930137000055;1
86802;08240515111500788970;08;1;11;000;2024;05;18;4;2;6;6;0;1;1;0;1;0;0;0;513333,859500000253320;5396487,310100000351667;9,181290283000067;48,721270131000040;1
86807;08240331111310725750;08;1;11;000;2024;03;19;1;3;5;3;0;0;1;1;0;0;0;0;515734,799499999731779;5405409,561000000685453;9,214274953000029;48,801478073000055;1
86826;08240330317000597790;08;3;17;031;2024;03;13;7;3;4;6;0;0;1;1;0;0;0;0;417440,395600000396371;5358433,475800000131130;7,885153576000050;48,373666358000037;1
86827;08240330316100605470;08;3;16;053;2024;03;01;7;3;8;1;2;0;1;0;0;0;0;0;404818,219700000248849;5345233,221999999135733;7,717729937000058;48,253159840000080;1
86828;08240330311100611300;08;3;15;059;2024;03;13;7;3;6;4;0;0;0;1;1;0;0;0;401531,087600000202656;5322628,893999999389052;7,678689098000063;48,049341915000070;1
86829;08240330226500575380;08;2;26;085;2024;03;12;7;3;5;3;0;0;1;1;0;0;0;0;491227,027200000360608;5455480,176799999549985;8,879447028000072;49,252028288000076;1
86838;08240417211100716270;08;2;16;049;2024;04;16;4;3;5;2;0;1;1;1;0;0;0;0;438889,062099999748170;5401508,041300000622869;8,168420059000027;48,763579143000072;1
86850;08240330111320569040;08;1;11;000;2024;03;09;7;3;0;1;0;0;1;0;0;0;0;0;517724,911999999545515;5406152,233999999240041;9,241407937000076;48,808105479000062;1
86852;08240501216100742020;08;2;16;043;2024;05;15;4;3;5;3;0;0;1;1;0;0;0;0;441344,878499999642372;5413185,670800000429153;8,200165206000065;48,868856028000039;1
86857;08240329425000607420;08;4;25;020;2024;03;11;6;3;8;1;0;0;1;0;0;0;0;0;556657,145399999804795;5363424,014499999582767;9,765785079000068;48,421417705000067;1
86863;08240329335400611550;08;3;35;098;2024;03;12;6;2;0;1;0;0;1;0;0;0;0;0;502711,624699999578297;5297317,478499999269843;9,036231617000055;47,829200410000055;1
86865;08240329335000620170;08;3;35;025;2024;03;14;6;2;5;2;0;0;1;1;0;0;0;0;499581,742100000381470;5282330,023600000888109;8,994425833000037;47,694355430000030;1
86869;08240329317500606140;08;3;17;096;2024;03;15;6;3;5;3;0;0;1;0;0;1;0;0;420121,789800000376999;5367972,097500000149012;7,919538352000075;48,459810765000043;1
86872;08240329317000607130;08;3;17;059;2024;03;09;6;3;5;3;0;1;1;1;0;0;0;0;412816,840599999763072;5349773,690099999308586;7,824524624000048;48,295151746000045;1
86875;08240329311010593760;08;3;11;000;2024;03;15;6;3;3;6;0;0;1;1;0;0;0;0;404506,733900000341237;5317048,360300000756979;7,719851201000040;47,999597786000038;1
86879;08240611121200848220;08;1;21;000;2024;06;09;3;3;5;2;0;0;1;1;0;0;0;0;515838,228199999779463;5441465,153599999845028;9,217086664000021;49,125817472000051;1
86883;08240611118200852370;08;1;18;027;2024;06;16;3;3;6;7;0;0;0;1;1;0;0;1;502170,197800000198185;5412354,467399999499321;9,029590415000030;48,864148967000062;1
86884;08240611118100925640;08;1;18;079;2024;06;13;3;3;4;6;0;0;1;0;0;0;0;0;508073,134700000286102;5421692,549599999561906;9,110260889000074;48,948103248000052;1
86887;08240611116400848430;08;1;16;033;2024;06;08;3;3;5;3;0;0;1;1;0;0;0;0;530519,653699999675155;5389781,281600000336766;9,414452377000032;48,660339064000027;1
86888;08240611116010903940;08;1;16;019;2024;06;07;3;3;6;7;0;0;0;1;1;0;0;0;520394,263000000268221;5399172,771999999880791;9,277417094000043;48,745237340000074;1