OID_;UIDENTSTLAE;ULAND;UREGBEZ;UKREIS;UGEMEINDE;UJAHR;UMONAT;USTUNDE;UWOCHENTAG;UKATEGORIE;UART;UTYP1;ULICHTVERH;IstStrassenzustand;IstRad;IstPKW;IstFuss;IstKrad;IstGkfz;IstSonstige;LINREFX;LINREFY;XGCSWGS84;YGCSWGS84;PLST
86896;08240610436100845760;08;4;36;055;2024;06;23;2;2;7;7;2;0;1;0;0;0;0;0;579532,534199999645352;5301897,535800000652671;10,063428657000031;47,865489977000038;1
86903;08240610415100879040;08;4;15;088;2024;06;06;2;3;5;3;0;0;1;1;0;0;0;0;541632,198200000450015;5373597,844200000166893;9,563730857000053;48,514113887000065;1
86904;08240610336400867970;08;3;36;014;2024;06;16;2;3;6;4;0;0;0;1;1;0;0;0;392587,962100000120699;5278369,968100000172853;7,569712619000029;47,649808217000043;1
86907;08240610335100845390;08;3;35;043;2024;06;16;2;3;8;1;0;0;1;0;0;0;0;0;514576,959400000050664;5280055,270500000566244;9,194192123000050;47,673723726000048;1
86909;08240610326000869280;08;3;27;018;2024;06;14;2;3;1;5;0;0;1;1;0;0;0;0;473765,315200000070035;5307734,124800000339746;8,648833564000029;47,922391776000040;1
86914;08240610311500878780;08;3;15;094;2024;06;11;2;3;8;1;0;0;1;0;0;0;0;0;430529,096499999985099;5313474,938699999824166;8,069219285000031;47,970808951000038;1
86918;08240610311010874070;08;3;15;098;2024;06;07;2;3;5;3;0;0;1;1;0;0;0;0;406767,915000000037253;5312147,407999999821186;7,751219931000037;47,955847094000035;1
86920;08240610311010846980;08;3;11;000;2024;06;14;2;3;7;7;0;0;1;0;0;0;0;1;413440,653300000354648;5315990,540400000289083;7,839802767000037;47,991354450000074;1
86924;08240610235200919880;08;2;35;032;2024;06;15;2;3;6;4;0;0;0;1;1;0;0;0;474147,973199999891222;5374645,761600000783801;8,649873989000071;48,524389218000067;1
86931;08240610216300845200;08;2;16;024;2024;06;13;2;3;8;1;0;0;1;0;0;0;0;0;445251,153500000014901;5408538,111300000920892;8,254048438000041;48,827407982000068;1
86932;08240610212502884240;08;2;12;000;2024;06;09;2;3;5;3;0;0;1;1;0;0;0;0;454518,396999999880791;5428273,264100000262260;8,378106003000028;49,005677831000071;1
86939;08240610121300862130;08;1;21;000;2024;06;15;2;3;4;3;0;0;1;1;0;0;0;0;512780,095900000073016;5444823,819499999284744;9,175277119000043;49,156101063000051;1
86943;08240610118400881950;08;1;18;048;2024;06;16;2;3;5;3;0;0;1;1;0;0;0;0;515204,809999999590218;5414688,570000000298023;9,207402044000048;48,884963404000075;1
86948;08240610111240894330;08;1;11;000;2024;06;19;2;3;3;2;0;0;1;1;0;0;0;0;518451,237999999895692;5400502,312000000849366;9,251046561000067;48,757258370000045;1
86949;08240610111230874170;08;1;11;000;2024;06;10;2;3;5;3;0;0;1;1;0;0;0;0;507795,663599999621511;5396009,741000000387430;9,105982828000037;48,717067766000071;1
86954;08240609335100857860;08;3;35;002;2024;06;11;1;3;3;6;0;0;1;1;0;0;0;0;504986,370199999772012;5284692,673800000920892;9,066480883000054;47,715594613000064;1
86967;08240609215502856970;08;2;15;106;2024;06;15;1;3;0;7;0;0;1;0;0;0;0;0;468124,363199999555945;5454669,560599999502301;8,562054674000024;49,243969421000031;1
86969;08240609215202846170;08;2;15;064;2024;06;10;1;3;0;3;0;0;1;1;0;0;0;0;486723,839999999850988;5448954,779999999329448;8,817783128000031;49,193249754000078;1
86970;08240609212102843680;08;2;12;000;2024;06;19;1;3;0;1;0;0;1;0;0;0;0;0;461895,691300000064075;5427551,685200000181794;8,479042564000054;48,999686633000067;1
86972;08240609212010858680;08;2;15;097;2024;06;09;1;3;5;3;0;0;1;1;0;0;0;0;479697,533900000154972;5441056,758899999782443;8,721745491000036;49,122012569000049;1
86976;08240609127202876700;08;1;27;014;2024;06;13;1;2;6;4;0;0;0;1;1;0;0;0;578411,128700000233948;5442775,513100000098348;10,074901752000073;49,132805081000072;1
86987;08240608436400869790;08;4;36;011;2024;06;17;7;3;6;2;0;1;0;1;1;0;0;0;549063,583599999547005;5297902,469499999657273;9,655611658000055;47,832597540000052;1
86990;08240608435100869540;08;4;35;057;2024;06;15;7;3;5;7;0;0;1;1;0;0;0;0;544073,779000000096858;5279681,824999999254942;9,587092592000033;47,669025885000053;1
86994;08240608426100875550;08;4;26;100;2024;06;12;7;3;0;1;0;0;1;0;0;0;0;0;577901,306099999696016;5319800,046499999240041;10,044862410000064;48,026736926000069;1
86997;08240608415100870000;08;4;15;078;2024;06;13;7;3;8;1;0;0;1;0;0;0;0;0;530930,070199999958277;5368832,475899999961257;9,418467902000032;48,471862245000068;1
86999;08240608317010876040;08;3;17;089;2024;06;15;7;2;6;4;0;0;0;0;1;1;0;0;427484,935499999672174;5377556,755400000140071;8,017453818000035;48,546917325000038;1
87007;08240608212010868590;08;2;15;106;2024;06;23;7;2;6;4;2;0;1;0;1;0;0;0;470050,438299999572337;5453212,836999999359250;8,588625479000029;49,230963457000030;1
87010;08240608135200854780;08;1;35;025;2024;06;12;7;2;0;1;0;1;1;0;0;0;0;0;578934,791600000113249;5397563,639699999243021;10,073326476000034;48,726096384000073;1
87023;08240607436000866140;08;4;36;014;2024;06;07;6;3;5;3;1;0;1;1;0;0;0;0;556173,548200000077486;5300478,259500000625849;9,750944998000023;47,855189208000070;1
87024;08240607436000839930;08;4;35;035;2024;06;07;6;3;6;6;0;0;1;0;1;0;0;0;541977,554899999871850;5282256,003799999132752;9,559418419000053;47,692325919000041;1
87025;08240607435200853290;08;4;35;052;2024;06;15;6;3;0;1;0;0;1;0;0;0;0;0;520409,926500000059605;5288203,868000000715256;9,272278896000046;47,746883252000032;1
87027;08240607435100840980;08;4;35;024;2024;06;19;6;3;0;1;0;0;1;0;0;0;0;0;528761,902099999599159;5280468,969900000840425;9,383185822000030;47,676970566000080;1
87028;08240607435100840830;08;4;35;016;2024;06;18;6;3;3;6;0;0;1;0;0;0;0;0;531545,319899999536574;5280754,623099999502301;9,420288083000059;47,679410888000064;1
87029;08240607426000864660;08;4;25;108;2024;06;18;6;2;6;4;0;0;0;1;1;0;0;0;554466,039300000295043;5357993,203600000590086;9,735467860000028;48,372756377000030;1
87037;08240607335400873860;08;3;35;098;2024;06;20;6;3;0;1;0;0;1;0;0;0;0;0;504157,549399999901652;5295967,472599999979138;9,055538505000072;47,817046061000042;1
87038;08240607335100868530;08;3;35;043;2024;06;15;6;3;4;6;0;0;1;0;0;0;0;0;513443,051799999549985;5279345,863700000569224;9,179064616000062;47,667365294000035;1
87045;08240607317000873200;08;3;17;146;2024;06;10;6;3;5;3;0;0;1;1;0;0;0;0;430513,814000000245869;5355209,505999999120831;8,062196511000025;48,346240606000038;1
87046;08240607316100846380;08;3;15;015;2024;06;05;6;3;4;6;1;0;1;0;0;0;0;0;394763,884300000034273;5320143,588600000366569;7,588521453000055;48,025908088000051;1
87048;08240610118300845330;08;1;18;046;2024;06;13;2;3;5;3;0;0;1;1;0;0;0;0;514022,222000000067055;5412649,460000000894070;9,191201066000076;48,866647942000043;1
87055;08240607231000877520;08;2;31;000;2024;06;19;6;2;6;2;0;0;0;1;1;0;0;0;475970,876000000163913;5415490,759800000116229;8,672183930000074;48,891900314000054;1
87057;08240607226500885560;08;2;26;091;2024;06;14;6;3;5;7;0;0;1;1;0;0;0;0;494120,886800000444055;5460879,682299999520183;8,919133309000074;49,300632434000079;1
87060;08240607221300884830;08;2;21;000;2024;06;18;6;2;5;3;0;0;1;1;0;0;0;0;482179,368900000117719;5476926,359400000423193;8,754161054000065;49,444739834000075;1
87062;08240607216100841570;08;2;16;043;2024;06;17;6;3;3;2;0;0;1;1;0;0;0;0;444132,253999999724329;5412061,366000000387430;8,238324397000042;48,859000247000040;1
87063;08240607215302842240;08;2;15;059;2024;06;16;6;3;0;3;0;0;1;1;0;0;0;0;485587,010999999940395;5434394,098600000143051;8,802700487000038;49,062245470000050;1
87065;08240607212502851770;08;2;12;000;2024;06;16;6;3;0;6;0;0;1;0;0;0;0;1;452453,098000000230968;5428262,353399999439716;8,349869218000038;49,005424033000054;1
87066;08240607212302854520;08;2;12;000;2024;06;16;6;3;5;3;0;0;1;1;0;0;0;0;455206,366799999959767;5428814,895300000905991;8,387452648000021;49,010600168000053;1
87069;08240607136100854620;08;1;36;088;2024;06;18;6;3;0;6;0;0;1;0;0;0;0;0;580240,943099999800324;5414996,570900000631809;10,094490760000042;48,882726347000073;1
87073;08240607136000850980;08;1;19;067;2024;06;14;6;3;5;3;0;0;1;1;0;0;0;0;539645,715400000102818;5410409,365199999883771;9,540364211000053;48,845388628000080;1
87076;08240607127202871840;08;1;27;014;2024;06;16;6;3;5;2;0;0;1;1;0;0;0;0;578619,181300000287592;5442532,576899999752641;10,077705953000077;49,130593572000066;1
87091;08240607117100852510;08;1;17;019;2024;06;07;6;3;5;3;0;0;1;1;0;0;0;0;554017,726999999955297;5395153,551000000908971;9,734233511000070;48,707074671000044;1
87092;08240607116400871880;08;1;16;033;2024;06;13;6;3;5;3;0;0;1;1;0;0;0;0;531107,356999999843538;5389412,814999999478459;9,422405380000043;48,656995383000037;1
87094;08240607116200864330;08;1;16;080;2024;06;08;6;2;0;1;0;0;1;0;0;0;0;0;519137,106399999931455;5397130,990299999713898;9,260221740000077;48,726909497000065;1
87097;08240607115100867390;08;1;15;003;2024;06;05;6;3;0;7;0;0;1;0;0;0;0;0;501442,863699999637902;5393051,128200000151992;9,019605553000076;48,690498918000060;1
87103;08240608116100851030;08;1;16;019;2024;06;05;7;2;0;1;1;0;1;0;0;0;0;0;521421,456399999558926;5398848,933399999514222;9,291372676000037;48,742289636000066;1
87104;08240606436100839290;08;4;36;055;2024;06;17;5;2;4;2;0;0;1;0;0;0;0;1;577291,282899999991059;5297241,842000000178814;10,032634338000037;47,823881137000058;1
87105;08240606436000839340;08;4;36;032;2024;06;14;5;3;0;7;0;0;1;0;0;0;0;0;535932,790599999949336;5302849,929300000891089;9,480570240000077;47,877978225000049;1
87107;08240610435100873430;08;4;35;035;2024;06;07;2;3;5;3;0;0;1;1;0;0;0;0;541163,999900000169873;5283381,980599999427795;9,548683285000038;47,702508957000077;1
87109;08240606421300907410;08;4;21;000;2024;06;20;5;3;4;2;0;0;1;1;0;0;0;0;568883,567599999718368;5362281,285399999469519;9,930830575000073;48,409920141000043;1
87112;08240606415300838720;08;4;15;092;2024;06;06;5;3;5;3;0;0;1;1;0;0;0;0;518973,067099999636412;5364463,460799999535084;9,256499990000066;48,433031383000070;1
87117;08240606335400838660;08;3;35;057;2024;06;21;5;3;0;1;1;0;1;0;0;0;0;0;502232,501000000163913;5305432,442999999970198;9,029871685000046;47,902215813000055;1
87118;08240606335200838210;08;3;35;063;2024;06;11;5;3;3;7;0;0;1;0;0;0;0;0;501439,637799999676645;5286556,739000000059605;9,019200169000044;47,732384418000038;1
87119;08240606326400852600;08;3;26;074;2024;06;13;5;3;5;3;0;0;1;1;0;0;0;0;460519,571100000292063;5323126,724700000137091;8,470122311000068;48,060197181000035;1
87122;08240606317000857020;08;3;17;031;2024;06;19;5;3;6;4;0;0;0;1;1;0;0;0;416843,656000000424683;5358402,205000000074506;7,877103272000056;48,373306720000073;1
87124;08240606311100915360;08;3;15;132;2024;06;18;5;3;0;1;0;0;1;0;0;0;0;0;409776,439799999818206;5322599,999800000339746;7,789309168000045;48,050301009000066;1
87125;08240606311010838460;08;3;11;000;2024;06;07;5;3;3;6;0;0;1;0;0;0;0;0;419763,871399999596179;5315223,364499999210238;7,924683263000077;47,985277913000061;1
87126;08240606226600839520;08;2;26;107;2024;06;17;5;3;3;2;0;0;1;1;0;0;0;0;475122,794300000183284;5482895,888000000268221;8,656440542000041;49,498186167000028;1
87131;08240606222000865820;08;2;22;000;2024;06;08;5;3;6;7;0;0;0;1;1;0;0;0;468662,840200000442564;5477647,042500000447035;8,567645387000027;49,450675482000065;1
87141;08240606126100862360;08;1;26;046;2024;06;16;5;3;5;3;0;0;1;1;0;0;0;0;548901,030700000002980;5460216,905400000512600;9,672524317000068;49,292741952000029;1
87143;08240606121300861990;08;1;21;000;2024;06;21;5;3;5;3;1;0;1;1;0;0;0;0;514907,501400000415742;5446312,181800000369549;9,204509112000039;49,169441361000054;1
87146;08240606119200867110;08;1;19;093;2024;06;18;5;3;5;3;0;0;1;1;0;0;0;0;523739,192800000309944;5406189,947799999266863;9,323321612000029;48,808244101000071;1
87149;08240610231202863190;08;2;36;070;2024;06;16;2;3;6;7;0;0;0;1;1;0;0;0;470952,332999999634922;5415902,773000000044703;8,603690989000029;48,895391664000044;1
87150;08240606118010870180;08;1;18;051;2024;06;12;5;2;5;7;0;0;1;1;0;0;0;0;509259,218000000342727;5414913,188999999314547;9,126306232000047;48,887101371000028;1
87153;08240606116400864640;08;1;16;033;2024;06;15;5;3;0;1;0;0;1;0;0;0;0;0;531902,571499999612570;5389074,259700000286102;9,433177151000052;48,653909671000065;1
87155;08240606111500848060;08;1;11;000;2024;06;18;5;3;4;6;0;0;1;0;0;0;0;0;513395,152900000102818;5404756,312300000339746;9,182392752000055;48,795656345000054;1
87159;08240605436000860520;08;4;37;088;2024;06;15;4;2;0;1;0;0;1;0;0;0;0;0;523129,340200000442564;5304528,577600000426173;9,309428315000048;47,893670405000080;1
87160;08240605436000839850;08;4;35;018;2024;06;16;4;3;5;3;0;0;1;1;0;0;0;0;524017,866299999877810;5280368,266899999231100;9,319978096000057;47,676258145000077;1
87161;08240605436000839840;08;4;35;066;2024;06;07;4;3;5;3;0;0;1;1;0;0;0;0;518118,976900000125170;5286917,566199999302626;9,241663184000060;47,735378169000057;1
87163;08240605436000837890;08;4;35;036;2024;06;11;4;3;3;6;0;0;1;0;0;0;0;0;519979,760999999940395;5282336,630899999290705;9,266271202000041;47,694106080000040;1
87165;08240605426000848490;08;4;26;087;2024;06;18;4;3;0;1;0;0;1;0;0;0;0;0;570309,675400000065565;5324688,732499999925494;9,943856956000047;48,071595889000037;1
87174;08240605317500848270;08;3;17;151;2024;06;16;4;3;9;1;0;0;1;0;0;0;0;0;412773,038700000382960;5371513,038300000131130;7,819418709000047;48,490683850000039;1
87177;08240605316100860850;08;3;16;012;2024;06;11;4;2;0;7;0;0;1;0;0;0;0;1;400228,494500000029802;5332586,265900000929832;7,658887741000058;48,138701939000043;1
87183;08240605226600863920;08;2;26;096;2024;06;11;4;2;1;5;0;0;1;0;0;0;1;0;477340,984100000001490;5489184,734699999913573;8,686712457000056;49,554839107000078;1
87184;08240605215202845400;08;2;15;106;2024;06;19;4;3;0;1;0;0;1;0;0;0;0;0;465677,224999999627471;5452608,504300000146031;8,528610588000049;49,225297991000048;1
87186;08240605212010903950;08;2;12;000;2024;06;13;4;3;5;3;0;0;1;0;0;0;0;1;454579,668899999931455;5428268,832699999213219;8,378944250000075;49,005642482000042;1
87190;08240605136000838580;08;1;36;065;2024;06;13;4;3;5;3;0;0;1;1;0;0;0;0;559782,737499999813735;5404337,624299999326468;9,813919487000021;48,789160396000057;1
87191;08240605135200941760;08;1;35;019;2024;06;06;4;3;5;3;0;0;1;0;0;0;0;1;584935,916899999603629;5391902,814099999144673;10,153746541000032;48,674392537000074;1
87196;08240605121400848760;08;1;25;056;2024;06;11;4;2;3;2;0;0;1;1;0;0;0;0;510987,140999999828637;5436219,061000000685453;9,150452812000026;49,078732512000045;1
87199;08240605116500837400;08;1;16;049;2024;06;13;4;3;3;6;0;0;1;1;0;0;0;0;525257,914599999785423;5385737,684000000357628;9,342753650000077;48,624197712000068;1
87202;08240605115100861410;08;1;15;044;2024;06;23;4;3;0;7;2;1;1;0;0;0;0;0;504348,645399999804795;5390814,572499999776483;9,059065612000040;48,670365126000036;1
87204;08240604436300843150;08;4;36;085;2024;06;19;3;2;5;3;0;0;1;1;0;0;0;0;560375,630400000140071;5297166,004499999806285;9,806652056000075;47,825009216000069;1
87211;08240604416200836030;08;4;16;041;2024;06;14;3;3;0;7;0;0;1;0;0;0;0;0;503208,378700000233948;5374059,508799999952316;9,043448469000055;48,519639296000037;1
87215;08240604335010835920;08;3;35;022;2024;06;13;3;2;3;7;0;0;1;1;0;0;0;0;481302,015599999576807;5302767,042899999767542;8,749930775000053;47,877965827000025;1
87216;08240604326000868930;08;3;35;043;2024;06;09;3;3;0;1;0;0;1;0;0;0;0;0;508899,076999999582767;5287311,503799999132752;9,118700562000072;47,739115714000036;1
87217;08240604325000849880;08;3;27;006;2024;06;17;3;2;5;4;0;0;0;1;1;0;0;0;486117,353000000119209;5327874,029999999329448;8,813519249000024;48,103979450000054;1
87218;08240604317010836080;08;3;17;073;2024;06;02;3;2;6;7;2;0;0;0;1;0;1;0;410333,757500000298023;5351755,028300000354648;7,790632293000044;48,312626278000039;1
87221;08240604316100859510;08;3;16;012;2024;06;12;3;3;0;1;0;0;1;0;0;0;0;0;399281,026499999687076;5331993,301999999210238;7,646295931000054;48,133219257000064;1
87226;08240604225200900160;08;2;25;032;2024;06;14;3;3;0;1;0;0;1;0;0;0;0;0;534352,600899999961257;5495027,917600000277162;9,475470650000034;49,606844414000079;1
87229;08240604216100873670;08;2;16;043;2024;06;18;3;3;5;3;0;0;1;1;0;0;0;0;439881,079199999570847;5413698,526200000196695;8,180131237000069;48,873328930000071;1
87230;08240604216100853880;08;2;16;022;2024;06;12;3;3;4;6;0;0;1;0;0;0;0;1;435486,198499999940395;5404328,017899999395013;8,121677982000051;48,788601181000047;1
87231;08240604216100835400;08;2;16;043;2024;06;07;3;3;6;7;0;0;0;1;1;0;0;0;441998,487999999895692;5411089,954299999400973;8,209374053000033;48,850066579000043;1
87232;08240604215102836690;08;2;12;000;2024;06;16;3;3;0;7;0;0;1;0;0;0;0;0;455723,109299999661744;5431861,833499999716878;8,394186012000034;49,038044901000035;1
87236;08240604127100836640;08;1;27;076;2024;06;14;3;2;6;4;0;0;0;1;1;0;0;0;559408,424499999731779;5441555,207299999892712;9,814254744000038;49,123960283000031;1
87241;08240606311010896710;08;3;15;003;2024;06;21;5;3;5;3;0;0;1;1;0;0;0;0;412471,031000000424683;5311624,603499999269843;7,827698570000052;47,951949356000057;1
87242;08240604121200842960;08;1;21;000;2024;06;18;3;3;5;2;0;0;1;1;0;0;0;0;515128,335099999792874;5444306,798699999228120;9,207463244000053;49,151396922000060;1
87246;08240604118100858060;08;1;18;079;2024;06;19;3;3;4;6;0;0;1;0;0;0;0;0;508556,908999999985099;5421349,526000000536442;9,116860940000038;48,945011012000066;1
87254;08240609436300843720;08;4;36;052;2024;06;11;1;3;0;7;0;0;1;0;0;0;0;0;565394,642900000326335;5298001,931800000369549;9,873827341000037;47,832038829000055;1
87263;08240603436000836220;08;4;36;064;2024;06;17;2;3;5;3;0;1;1;1;0;0;0;0;543365,067999999970198;5288029,258999999612570;9,578483006000056;47,744177257000047;1
87264;08240603435200834740;08;4;35;067;2024;06;11;2;2;0;1;0;0;1;0;0;0;0;0;531167,562900000251830;5294447,379399999976158;9,416236122000043;47,802627842000049;1
87267;08240603416010847350;08;4;16;036;2024;06;07;2;1;8;6;0;0;1;1;0;0;0;1;496442,032599999569356;5370682,305600000545382;8,951846127000067;48,489254771000049;1
87274;08240603311200834670;08;3;11;000;2024;06;16;2;3;5;3;0;0;1;0;0;0;0;0;413792,906600000336766;5316868,272500000894070;7,844346877000021;47,999297553000076;1
87287;08240603127100833730;08;1;27;025;2024;06;11;2;3;0;1;0;0;1;0;0;0;0;0;555263,299800000153482;5429612,983699999749660;9,755815601000052;49,016930006000052;1
87290;08240606128300849130;08;1;28;064;2024;06;10;5;3;9;1;0;0;1;0;0;0;0;0;536899,653500000014901;5501765,895300000905991;9,511356892000038;49,667297386000030;1
87297;08240603118100866210;08;1;18;077;2024;06;09;2;2;6;4;0;0;0;1;1;0;0;0;513528,073400000110269;5423185,067700000479817;9,184812366000074;48,961434132000079;1
87298;08240603118100852920;08;1;18;079;2024;06;23;2;3;0;1;2;0;1;0;0;0;0;0;508178,145999999716878;5421369,623999999836087;9,111688621000042;48,945196932000044;1
87301;08240610136000870280;08;1;36;028;2024;06;21;2;3;0;1;2;0;1;0;0;0;0;0;568854,454199999570847;5404137,645500000566244;9,937377858000048;48,786423390000039;1
87309;08240602421300855270;08;4;25;138;2024;06;13;1;3;0;1;0;1;1;0;0;0;0;0;573023,317099999636412;5349791,492000000551343;9,984595895000041;48,297104615000080;1
87310;08240602416100892340;08;4;16;036;2024;06;13;1;3;6;7;0;1;0;1;1;0;0;0;495415,202499999664724;5368121,476800000295043;8,937977007000029;48,466209799000069;1
87316;08240602325069888460;08;3;26;074;2024;06;01;1;2;6;4;2;1;0;1;1;0;0;0;464169,555300000123680;5323379,457800000905991;8,519086694000066;48,062686426000027;1
87320;08240602317100841050;08;3;17;116;2024;06;17;1;3;5;3;0;0;1;1;0;0;0;0;432813,014700000174344;5387346,448000000789762;8,088053588000037;48,635570194000081;1
87321;08240611115301853260;08;1;15;050;2024;06;11;3;3;0;7;0;0;1;0;0;0;0;0;490936,315999999642372;5399634,928899999707937;8,876698625000074;48,749662861000047;1
87322;08240602311400849600;08;3;15;074;2024;06;04;1;3;6;4;2;1;0;1;1;0;0;0;395566,757000000216067;5295732,220000000670552;7,605201497000053;47,806468436000046;1
87333;08240610111500879590;08;1;11;000;2024;06;14;2;3;4;2;0;0;1;0;0;0;0;1;512732,422699999995530;5405178,121899999678135;9,173381924000068;48,799464824000040;1
87335;08240602135100833870;08;1;35;020;2024;06;16;1;3;4;6;0;0;1;0;0;0;0;0;588924,468999999575317;5386488,389699999243021;10,206750935000059;48,625139005000051;1
87344;08240602119200841030;08;1;19;020;2024;06;11;1;3;5;3;0;1;1;1;0;0;0;0;519583,120600000023842;5406661,295700000599027;9,266740193000032;48,812629126000047;1
87356;08240601317000843900;08;3;17;065;2024;06;16;7;3;5;3;0;1;1;1;0;0;0;0;416082,251400000415742;5354491,739700000733137;7,867603605000056;48,338031801000056;1
87358;08240601311010845040;08;3;11;000;2024;06;19;7;3;5;3;0;1;1;1;0;0;0;0;414580,250000000000000;5318168,509999999776483;7,854640508000045;48,011099372000047;1
87361;08240601231000832530;08;2;37;045;2024;06;17;7;3;1;1;0;1;1;1;0;0;0;0;458902,166000000201166;5362972,593699999153614;8,444548539000039;48,418564021000066;1
87362;08240601225200833140;08;2;25;032;2024;06;16;7;2;5;2;0;1;1;1;0;0;0;0;534758,733000000007451;5495430,808000000193715;9,481127337000032;49,610444926000071;1
87364;08240608117300913380;08;1;17;026;2024;06;14;7;3;5;3;0;0;1;1;0;0;0;0;549142,706000000238419;5394867,613399999216199;9,667940901000065;48,704905729000075;1
87371;08240608215102858690;08;2;15;102;2024;06;16;7;2;0;7;0;0;1;0;0;0;0;0;455292,109000000171363;5439176,717499999329448;8,387480888000027;49,103811113000063;1
87372;08240601118400847670;08;1;18;048;2024;06;13;7;3;0;3;0;1;1;1;0;0;0;0;513011,460099999792874;5415292,392799999564886;9,177502922000031;48,890445171000067;1
87375;08240601118010849040;08;1;18;003;2024;06;23;7;2;6;4;2;1;0;1;1;0;0;0;510456,848299999721348;5416842,540500000119209;9,142692606000026;48,904438287000062;1
87380;08240601116200860070;08;1;16;047;2024;06;19;7;3;0;1;0;1;1;0;0;0;0;0;520540,925200000405312;5392344,418600000441074;9,279072116000066;48,683804944000030;1
87384;08240531437200825050;08;4;37;105;2024;05;10;6;2;5;3;0;1;1;0;0;0;1;0;519517,074900000356138;5323667,547199999913573;9,261973102000070;48,065986161000069;1
87396;08240531311500817530;08;3;15;113;2024;05;11;6;3;5;2;0;1;1;1;0;0;0;0;437393,981999999843538;5306648,604000000283122;8,162178130000029;47,910105559000044;1
87410;08240531126100817990;08;1;26;045;2024;05;07;6;2;8;1;1;0;1;0;0;0;0;0;545989,566999999806285;5470828,248999999836087;9,633710713000028;49,388412121000044;1
87429;08240530435200823590;08;4;35;059;2024;05;14;5;3;5;3;0;1;1;1;0;0;0;0;512683,286999999545515;5290686,406999999657273;9,169274601000041;47,769418218000055;1
87431;08240530327200815180;08;3;27;049;2024;05;05;5;3;0;1;0;1;1;0;0;0;0;0;474182,100999999791384;5322365,876700000837445;8,653532415000029;48,054051179000055;1
87434;08240530317100825210;08;3;17;001;2024;05;18;5;3;4;2;0;0;1;0;0;0;0;1;431624,514899999834597;5387540,136399999260902;8,071891999000059;48,637183576000041;1
87444;08240530221300815240;08;2;21;000;2024;05;11;5;3;0;7;0;1;1;0;0;0;0;0;477616,235899999737740;5473945,489700000733137;8,691380897000045;49,417776539000045;1
87445;08240530121200823810;08;1;21;000;2024;05;12;5;3;0;5;0;0;1;1;0;0;0;0;515909,791500000283122;5444816,362700000405312;9,218199841000057;49,155960857000082;1
87456;08240529435100802430;08;4;35;016;2024;05;12;4;3;1;5;0;0;1;1;0;0;0;0;530825,914300000295043;5279711,968399999663234;9,410629869000047;47,670064343000035;1
87457;08240529426200820810;08;4;26;028;2024;05;23;4;3;0;7;2;1;1;0;0;0;0;0;570001,785799999721348;5341273,712400000542402;9,942451995000056;48,220823964000033;1
87462;08240529336200813600;08;3;36;105;2024;05;17;4;3;3;6;0;1;1;1;0;0;0;0;399248,457999999634922;5267468,100199999287724;7,660882524000044;47,552813375000028;1
87463;08240529335100820620;08;3;35;043;2024;05;11;4;2;0;3;0;0;1;1;0;0;0;0;512188,687099999748170;5279869,923699999228120;9,162370880000026;47,672105473000045;1
87476;08240529311010806110;08;3;36;073;2024;05;06;4;3;6;6;0;0;1;0;1;0;0;0;397956,741499999538064;5276806,576999999582767;7,641546143000028;47,636614038000062;1
87478;08240607111320851740;08;1;11;000;2024;06;21;6;3;5;2;1;0;1;1;0;0;0;0;517433,032800000160933;5407056,460500000044703;9,237471079000045;48,816248007000070;1
87485;08240529225200823220;08;2;25;039;2024;05;17;4;2;6;4;0;0;0;1;1;0;0;0;531058,151999999769032;5494543,910199999809265;9,429835687000036;49,602669354000057;1
87494;08240529136000822500;08;1;36;024;2024;05;20;4;3;0;7;1;0;1;0;0;0;0;0;564592,929200000129640;5411837,386299999430776;9,880581769000059;48,856138479000037;1
87495;08240529136000800700;08;1;36;065;2024;05;05;4;3;5;3;0;0;1;1;0;0;0;0;559339,438199999742210;5404550,654999999329448;9,807915528000024;48,791119076000030;1
87503;08240529119100801620;08;1;19;004;2024;05;10;4;2;6;4;0;0;0;1;1;0;0;0;541567,679700000211596;5418633,288899999111891;9,567395172000033;48,919240034000040;1
87506;08240529117300800180;08;1;17;026;2024;05;16;4;3;4;6;0;1;1;0;0;0;0;0;548401,441599999554455;5394063,480000000447035;9,657772170000044;48,697730120000074;1
87516;08240528436000799130;08;4;35;057;2024;05;14;3;3;5;2;0;0;1;1;0;0;0;0;543260,900000000372529;5279326,869799999520183;9,576229911000041;47,665887155000064;1
87519;08240528425000820970;08;4;25;139;2024;05;06;3;3;5;3;0;0;1;1;0;0;0;0;548068,885999999940395;5365582,346000000834465;9,649961136000059;48,441547833000072;1
87521;08240528415300830660;08;4;15;073;2024;05;19;3;3;0;1;0;0;1;0;0;0;0;0;517475,375000000000000;5351139,941999999806285;9,235698766000041;48,313209375000042;1
87522;08240528337010822000;08;3;37;126;2024;05;14;3;3;0;7;0;0;1;0;0;0;0;0;443554,496100000105798;5277805,855000000447035;8,248362990000032;47,651186336000080;1
87523;08240528336100827990;08;3;36;050;2024;05;23;3;3;6;6;2;0;1;0;1;0;0;0;403786,319400000385940;5276896,939200000837445;7,719112090000067;47,638319485000068;1
87531;08240528311010820760;08;3;11;000;2024;05;15;3;2;3;2;0;0;1;1;0;0;0;0;409889,514499999582767;5314844,841800000518560;7,792456294000033;47,980558103000078;1
87532;08240528311010815040;08;3;11;000;2024;05;12;3;3;3;1;0;0;1;1;0;0;0;0;417911,031100000254810;5315518,872099999338388;7,899799868000059;47,987701046000041;1