OID_;UIDENTSTLAE;ULAND;UREGBEZ;UKREIS;UGEMEINDE;UJAHR;UMONAT;USTUNDE;UWOCHENTAG;UKATEGORIE;UART;UTYP1;ULICHTVERH;IstStrassenzustand;IstRad;IstPKW;IstFuss;IstKrad;IstGkfz;IstSonstige;LINREFX;LINREFY;XGCSWGS84;YGCSWGS84;PLST
87533;08240528311010809350;08;3;11;000;2024;05;07;3;2;6;3;0;0;0;1;1;0;0;0;414099,790300000458956;5316800,199899999424815;7,848473587000058;47,998726525000052;1
87535;08240528231000796490;08;2;37;027;2024;05;12;3;3;5;3;0;0;1;1;0;0;0;0;484342,981399999931455;5367864,349400000646710;8,788202669000043;48,463718398000026;1
87538;08240528221300798590;08;2;21;000;2024;05;11;3;3;3;6;0;0;1;0;0;0;0;0;477672,401700000278652;5473544,044800000265241;8,692177863000040;49,414167672000076;1
87542;08240528136000814110;08;1;36;042;2024;05;18;3;3;0;1;1;0;1;0;0;0;0;0;547708,575199999846518;5403104,554099999368191;9,649403609000046;48,779112012000041;1
87552;08240527435200818910;08;4;35;059;2024;05;13;2;3;5;3;0;0;1;1;0;0;0;0;510066,150000000372529;5291109,224799999967217;9,134355488000040;47,773268729000051;1
87558;08240527316100808380;08;3;16;002;2024;05;09;2;2;1;6;0;0;1;0;0;0;0;0;404598,527700000442564;5329934,120300000533462;7,718207225000072;48,115516936000063;1
87562;08240527235100821150;08;2;35;085;2024;05;14;2;3;0;1;0;1;1;0;0;0;0;0;480481,369400000199676;5396343,738199999555945;8,734627705000037;48,719815581000034;1
87570;08240527222200818790;08;2;22;000;2024;05;09;2;3;3;2;0;0;1;1;0;0;0;0;461686,429600000381470;5481085,115299999713898;8,471063894000054;49,481199389000039;1
87577;08240527212402809110;08;2;12;000;2024;05;16;2;2;7;7;0;0;1;0;0;0;0;0;453424,093299999833107;5427105,395800000056624;8,363277895000067;48,995091172000059;1
87585;08240527119400794290;08;1;19;090;2024;05;12;2;3;5;3;0;0;1;1;0;0;0;0;529964,490399999544024;5407234,058000000193715;9,408182767000028;48,817367596000054;1
87596;08240526437200791550;08;4;37;105;2024;05;13;1;3;5;3;0;0;1;1;0;0;0;0;519893,961900000460446;5324504,545299999415874;9,267070871000044;48,073504970000045;1
87597;08240526437100792010;08;4;37;076;2024;05;13;1;3;0;1;0;0;1;0;0;0;0;0;523695,437699999660254;5322412,081399999558926;9,317987897000023;48,054549237000060;1
87599;08240526436400792090;08;4;36;011;2024;05;18;1;3;0;1;0;0;1;0;0;0;0;0;548909,624599999748170;5297957,396199999377131;9,653560727000070;47,833103438000080;1
87600;08240526436400791240;08;4;36;024;2024;05;17;1;3;0;7;0;0;1;0;0;0;0;0;539935,136300000362098;5306935,540200000628829;9,534474059000047;47,914499798000065;1
87602;08240526426300789960;08;4;26;062;2024;05;21;1;2;8;1;2;0;1;0;0;0;0;0;552242,060999999754131;5323144,371600000187755;9,701145549000046;48,059438465000028;1
87604;08240526416100829700;08;4;16;036;2024;05;17;1;2;3;6;0;0;1;0;0;1;0;0;490936,166000000201166;5367371,630999999120831;8,877401101000032;48,459415256000057;1
87610;08240526337010812620;08;3;37;002;2024;05;14;1;3;3;6;0;0;1;1;0;0;0;0;434838,137500000186265;5277184,174000000581145;8,132400066000059;47,644774200000029;1
87611;08240526335300829670;08;3;35;075;2024;05;13;1;3;0;1;0;0;1;0;0;0;0;0;487643,926099999807775;5289668,063699999824166;8,835121413000024;47,760262011000066;1
87620;08240526237100819670;08;2;37;002;2024;05;14;1;2;8;1;0;0;1;0;0;0;0;0;458975,904099999926984;5354365,274800000712276;8,446385361000068;48,341135935000068;1
87626;08240607118400841090;08;1;18;048;2024;06;15;6;3;4;6;0;0;1;0;0;0;0;0;514577,767199999652803;5416895,552400000393391;9,198927645000026;48,904831882000053;1
87631;08240526136000791700;08;1;36;079;2024;05;18;1;3;0;7;0;0;1;0;0;0;0;0;559814,495299999602139;5403941,465099999681115;9,814294149000034;48,785593874000028;1
87635;08240526119400790100;08;1;19;091;2024;05;11;1;3;0;7;0;0;1;0;0;0;0;0;530062,687800000421703;5404279,105799999088049;9,409304025000040;48,790781007000078;1
87636;08240526119200819970;08;1;19;093;2024;05;19;1;2;2;6;0;0;1;1;0;0;0;0;524283,939000000245869;5402986,137000000104308;9,330551392000075;48,779402244000039;1
87637;08240526118500809630;08;1;18;070;2024;05;14;1;3;0;1;0;0;1;0;0;0;0;0;520084,007600000128150;5424093,375299999490380;9,274419509000040;48,969426625000040;1
87638;08240525426100831910;08;4;26;021;2024;05;09;7;3;5;3;0;0;1;1;0;0;0;0;559154,036000000312924;5326370,501499999314547;9,794349710000063;48,087857904000032;1
87639;08240525415300790650;08;4;15;090;2024;05;14;7;3;0;7;0;0;1;0;0;0;0;0;527595,716000000014901;5355076,041999999433756;9,372451998000031;48,348259706000078;1
87640;08240525335100826920;08;3;35;043;2024;05;00;7;3;4;6;2;0;1;0;0;0;0;0;512201,352800000458956;5279865,637700000777841;9,162539485000025;47,672066670000049;1
87644;08240525311500813400;08;3;15;113;2024;05;09;7;3;5;2;0;0;1;1;0;0;0;0;439725,373900000005960;5308135,275299999862909;8,193166679000058;47,923703664000072;1
87645;08240525235100804090;08;2;35;084;2024;05;10;7;3;0;1;0;0;1;0;0;0;0;0;480204,884200000204146;5393118,620899999514222;8,731023355000048;48,690793774000042;1
87649;08240525222600813000;08;2;22;000;2024;05;21;7;3;5;3;0;0;1;0;0;0;0;1;462853,393799999728799;5482777,059200000017881;8,487014675000069;49,496490103000042;1
87654;08240525121300790580;08;1;21;000;2024;05;17;7;3;5;3;0;0;1;1;0;0;0;0;513471,840300000272691;5443709,446799999102950;9,184726967000074;49,146062119000078;1
87655;08240525121200804180;08;1;21;000;2024;05;10;7;2;5;3;0;0;1;1;0;0;0;0;518479,170099999755621;5442848,898800000548363;9,253347808000058;49,138190970000039;1
87657;08240605121200836410;08;1;21;000;2024;06;09;4;3;5;3;0;0;1;1;0;0;0;0;515959,528900000266731;5446285,205800000578165;9,218940214000042;49,169172245000027;1
87670;08240524435100815460;08;4;35;016;2024;05;15;6;3;5;3;0;0;1;1;0;0;0;0;536181,799200000241399;5277967,575099999085069;9,481828387000064;47,654091831000073;1
87672;08240524421200828700;08;4;21;000;2024;05;05;6;2;5;3;1;1;1;1;0;0;0;0;574761,330599999986589;5362580,797000000253320;10,010298410000075;48,411944396000081;1
87673;08240524417300810230;08;4;17;031;2024;05;12;6;3;4;6;0;0;1;0;0;0;0;0;497066,506799999624491;5357922,530300000682473;8,960387146000073;48,374464602000046;1
87675;08240606231000881330;08;2;36;076;2024;06;13;5;3;2;4;0;0;0;1;1;0;0;1;471765,484199999831617;5423135,144700000062585;8,614284089000023;48,960488240000075;1
87677;08240524317500795660;08;3;17;096;2024;05;07;6;3;8;1;0;1;1;0;0;0;0;0;422013,765200000256300;5370037,480299999937415;7,944740165000042;48,478626112000029;1
87686;08240524225200784880;08;2;25;109;2024;05;07;6;3;1;5;0;1;1;1;0;0;0;0;531922,341199999675155;5485557,115100000053644;9,441066730000045;49,521792872000049;1
87691;08240524212010818230;08;2;12;000;2024;05;18;6;3;5;3;0;0;1;0;0;0;0;0;452417,212299999780953;5427636,969100000336766;8,349451847000068;48,999795916000039;1
87693;08240528426200828990;08;4;26;134;2024;05;08;3;3;6;4;0;0;0;1;1;0;0;0;561135,130400000140071;5337559,611700000241399;9,822556469000062;48,188328661000071;1
87703;08240530121500804880;08;1;25;065;2024;05;15;5;3;0;7;0;0;1;0;0;0;0;0;516303,481999999843538;5447446,242000000551343;9,223705742000050;49,179607042000043;1
87716;08240523311100811090;08;3;15;133;2024;05;17;5;3;4;1;0;1;0;1;1;0;0;0;398019,774400000460446;5327069,065799999982119;7,630526697000050;48,088727638000080;1
87720;08240523222014784080;08;2;22;000;2024;05;17;5;3;6;4;0;0;0;0;1;0;0;1;462377,910400000400841;5481984,679700000211596;8,480524082000045;49,489333764000037;1
87726;08240523135200811470;08;1;35;019;2024;05;13;5;3;3;2;0;0;1;1;0;0;0;0;584695,885099999606609;5392362,535599999129772;10,150580871000045;48,678560019000031;1
87732;08240523121400800790;08;1;25;061;2024;05;16;5;3;5;3;0;0;1;1;0;0;0;0;503208,861100000329316;5447214,608300000429153;9,044028219000040;49,177731689000041;1
87738;08240522436000779080;08;4;35;016;2024;05;15;4;3;5;3;0;0;1;0;0;0;0;0;531543,355999999679625;5279568,857699999585748;9,420176263000030;47,668742109000050;1
87740;08240522435200779110;08;4;35;036;2024;05;19;4;3;0;1;0;0;1;0;0;0;0;0;520526,296600000001490;5282451,821699999272823;9,273560244000066;47,695125385000040;1
87741;08240522426000812720;08;4;25;071;2024;05;14;4;3;6;3;0;0;0;1;1;0;0;0;550644,735899999737740;5370926,821000000461936;9,685434960000066;48,489423750000071;1
87747;08240525127100823520;08;1;27;100;2024;05;12;7;3;3;7;0;0;1;1;0;0;0;0;553618,322900000028312;5433815,820499999448657;9,733875761000036;49,054878936000080;1
87761;08240522222014805570;08;2;22;000;2024;05;19;4;2;5;3;0;1;1;1;0;0;0;0;461294,771999999880791;5481324,459000000730157;8,465633704000027;49,483327309000060;1
87774;08240522117400826270;08;1;17;012;2024;05;12;4;3;5;3;0;0;1;1;0;0;0;0;544549,063000000081956;5387482,657999999821186;9,604713040000036;48,638818443000048;1
87776;08240522115200777540;08;1;15;053;2024;05;20;4;3;5;3;0;0;1;1;0;0;0;0;486295,810800000093877;5379825,098699999973178;8,814226031000032;48,571366782000041;1
87778;08240521436000780410;08;4;35;057;2024;05;06;3;3;5;3;0;1;1;1;0;0;0;0;543997,018099999986589;5280979,399499999359250;9,586200882000071;47,680705686000067;1
87784;08240521335200777350;08;3;35;063;2024;05;18;3;3;5;3;0;1;1;1;0;0;0;0;497898,489000000059605;5287952,878000000491738;8,971965815000033;47,744944499000042;1
87787;08240521317000777100;08;3;17;151;2024;05;17;3;2;5;3;0;0;1;1;0;0;0;0;414405,691899999976158;5362301,911100000143051;7,843394498000066;48,408057559000042;1
87789;08240521311010827010;08;3;36;091;2024;05;10;3;3;1;7;0;1;1;1;0;0;0;0;394724,621500000357628;5271715,572699999436736;7,599754761000042;47,590302439000027;1
87791;08240521311010802800;08;3;15;014;2024;05;09;3;2;5;3;0;1;1;0;0;0;1;0;409340,699599999934435;5308138,260800000280142;7,786516807000055;47,920153236000033;1
87792;08240521311000773000;08;3;37;066;2024;05;13;3;3;0;1;0;1;1;0;0;0;0;0;432243,219999999739230;5270350,958000000566244;8,098911082000029;47,583031482000081;1
87806;08240521119400794350;08;1;19;079;2024;05;17;3;3;6;4;0;0;0;1;1;0;0;0;522954,472699999809265;5415261,525699999183416;9,313142552000045;48,889878947000057;1
87807;08240521119400774770;08;1;19;079;2024;05;07;3;2;5;3;0;1;1;1;0;0;0;0;523950,137000000104308;5411106,857000000774860;9,326481814000033;48,852467226000044;1
87818;08240521111500802840;08;1;11;000;2024;05;08;3;3;6;4;0;1;0;1;1;0;0;0;511988,927799999713898;5402113,617799999192357;9,163168136000024;48,771911587000034;1
87821;08240521111370774850;08;1;11;000;2024;05;10;3;3;5;3;0;1;1;1;0;0;0;0;507358,156000000424683;5405500,847999999299645;9,100204567000048;48,802454887000067;1
87823;08240520436300788220;08;4;36;081;2024;05;14;2;3;5;2;0;0;1;0;0;0;0;1;562400,546400000341237;5282335,757300000637770;9,831574282000076;47,691393891000075;1
87827;08240520435200800400;08;4;35;052;2024;05;15;2;3;0;1;0;0;1;0;0;0;0;0;522396,837000000290573;5286095,080000000074506;9,298676416000035;47,727843534000044;1
87828;08240520435200774890;08;4;35;067;2024;05;15;2;3;0;7;0;0;1;0;0;0;0;0;527781,697900000028312;5291666,063300000503659;9,370841591000044;47,777758478000067;1
87829;08240520435100790310;08;4;35;016;2024;05;14;2;3;3;6;0;0;1;0;0;0;0;0;529590,577999999746680;5281469,133199999108911;9,394293548000064;47,685932111000056;1
87831;08240520425000790760;08;4;25;033;2024;05;13;2;3;0;7;0;0;1;0;0;0;0;0;561576,627399999648333;5346995,688200000673532;9,829867490000026;48,273171827000056;1
87832;08240520416200770810;08;4;16;041;2024;05;10;2;3;0;1;0;0;1;0;0;0;0;0;507885,235999999567866;5382127,041999999433756;9,106936119000068;48,592175900000029;1
87833;08240604317100904070;08;3;17;056;2024;06;18;3;3;5;3;0;0;1;1;0;0;0;0;434653,334999999962747;5382633,985999999567866;8,113771834000033;48,593375980000076;1
87834;08240520416010769940;08;4;16;041;2024;05;13;2;3;0;1;0;0;1;0;0;0;0;0;501920,389999999664724;5372171,145999999716878;9,025997594000046;48,502656123000065;1
87838;08240520336300790670;08;3;36;107;2024;05;18;2;3;5;3;0;0;1;1;0;0;0;0;409622,755699999630451;5295148,257600000128150;7,793007130000035;47,803342771000075;1
87845;08240520325069795190;08;3;27;020;2024;05;10;2;2;3;6;0;0;1;1;0;0;0;0;478003,354000000283122;5320910,027000000700355;8,704886426000030;48,041096095000057;1
87846;08240520317500803220;08;3;17;096;2024;05;14;2;3;9;1;0;0;1;0;0;0;0;0;423696,315999999642372;5374750,039999999105930;7,966642168000021;48,521221760000060;1
87847;08240520317500803070;08;3;17;075;2024;05;16;2;3;0;1;0;0;1;0;0;0;0;0;412104,183199999853969;5364141,494599999859929;7,811916375000067;48,424287092000043;1
87848;08240520317500773710;08;3;17;096;2024;05;18;2;3;0;7;0;0;1;0;0;0;0;0;422918,218200000002980;5370405,357599999755621;7,956908672000054;48,482046693000029;1
87850;08240520317100790400;08;3;17;098;2024;05;12;2;3;5;3;0;0;1;1;0;0;0;0;438290,432000000029802;5369387,812000000849366;8,165053951000061;48,474590516000035;1
87851;08240520317100770360;08;3;17;056;2024;05;20;2;3;1;5;0;0;1;1;0;0;0;0;434544,942599999718368;5382376,262399999424815;8,112342618000071;48,591046390000031;1
87854;08240520316100788490;08;3;16;039;2024;05;14;2;3;2;6;0;0;1;1;0;0;0;0;418101,905100000090897;5327546,584000000730157;7,900056414000062;48,095920377000027;1
87855;08240520311500802560;08;3;15;037;2024;05;12;2;2;2;1;0;0;1;0;0;1;0;0;429515,442699999548495;5301559,762299999594688;8,057588818000056;47,863508023000065;1
87856;08240520311010786390;08;3;11;000;2024;05;13;2;3;0;7;0;0;1;0;0;0;0;0;414738,811999999918044;5312976,780200000852346;7,857797203000075;47,964418785000078;1
87864;08240520231000783990;08;2;31;000;2024;05;15;2;3;1;5;0;0;1;1;0;0;0;0;481686,401300000026822;5417874,017300000414252;8,750049900000022;48,913534633000040;1
87867;08240520222400790290;08;2;26;105;2024;05;12;2;3;5;7;0;0;1;1;0;0;0;0;471427,961699999868870;5478685,038899999111891;8,605719515000033;49,460148257000071;1
87877;08240520136200771130;08;1;36;075;2024;05;12;2;3;8;7;0;0;1;0;0;0;0;0;598383,091400000266731;5419284,844900000840425;10,342919140000049;48,918678212000032;1
87880;08240520136000774880;08;1;36;062;2024;05;12;2;2;0;7;0;0;1;0;0;0;0;0;567487,122800000011921;5413708,014599999412894;9,920340996000050;48,872656090000078;1
87885;08240520119400773870;08;1;19;090;2024;05;12;2;3;5;3;0;0;1;1;0;0;0;0;531932,655100000090897;5406708,803899999707937;9,434951872000056;48,812544547000073;1
87886;08240520119400771590;08;1;19;091;2024;05;17;2;3;0;7;0;0;1;0;0;0;0;0;526914,491600000299513;5403320,155500000342727;9,366379444000074;48,782298748000073;1
87893;08240520116500769860;08;1;16;020;2024;05;17;2;3;0;1;0;0;1;0;0;0;0;0;524354,213999999687076;5380386,594000000506639;9,330176627000071;48,576094645000069;1
87895;08240520111230770650;08;1;11;000;2024;05;12;2;3;6;2;0;0;0;0;1;0;0;1;514696,415699999779463;5400977,517500000074506;9,199975984000048;48,761633253000070;1
87898;08240519436000795220;08;4;35;067;2024;05;16;1;3;0;1;0;0;1;0;0;0;0;0;530326,006000000052154;5296123,186699999496341;9,405114847000050;47,817745719000072;1
87899;08240519435100787450;08;4;35;016;2024;05;15;1;3;4;6;0;0;1;0;0;0;0;0;530172,406700000166893;5279702,705099999904633;9,401924123000072;47,670011820000070;1
87902;08240519417300825500;08;4;17;051;2024;05;17;1;3;5;3;0;0;1;1;0;0;0;0;490324,250199999660254;5359133,816800000146031;8,869314369000051;48,385294649000059;1
87913;08240519311010799800;08;3;15;084;2024;05;12;1;2;5;3;0;0;1;1;0;0;0;0;419504,616000000387430;5305550,554899999871850;7,923018439000032;47,898231791000057;1
87918;08240519136010767270;08;1;36;068;2024;05;16;1;3;0;7;0;0;1;0;0;0;0;0;595574,676199999637902;5427984,198899999260902;10,306637385000045;48,997354429000040;1
87921;08240519136000768960;08;1;36;065;2024;05;18;1;3;0;7;0;0;1;0;0;0;0;0;561219,806699999608099;5403842,447000000625849;9,833408740000039;48,784566466000058;1
87931;08240519118100768970;08;1;18;040;2024;05;14;1;3;3;6;0;0;1;0;0;0;0;0;510893,208200000226498;5428228,822399999946356;9,148951732000057;49,006857838000030;1
87934;08240519117200770900;08;1;17;024;2024;05;18;1;3;8;1;0;0;1;0;0;0;0;0;563668,577200000174344;5385366,839700000360608;9,863891955000042;48,618131460000029;1
87937;08240518436500798120;08;4;36;052;2024;05;15;7;3;4;1;0;0;1;0;0;1;0;0;565623,974100000225008;5294135,563799999654293;9,876305908000063;47,797231976000035;1
87940;08240518436300801900;08;4;36;081;2024;05;11;7;3;2;6;0;0;1;1;0;0;0;0;562640,767300000414252;5282082,140799999237061;9,834738798000046;47,689088931000072;1
87942;08240518435200785070;08;4;35;059;2024;05;13;7;3;4;1;0;0;1;0;0;0;0;0;514692,059899999760091;5291704,958699999377131;9,196118535000039;47,778539958000067;1
87946;08240518417300824230;08;4;17;008;2024;05;18;7;2;0;1;0;1;1;0;0;0;0;0;494395,825600000098348;5350142,022800000384450;8,924426770000025;48,304448064000042;1
87948;08240518415400792590;08;4;15;061;2024;05;22;7;3;0;7;2;0;1;0;0;0;0;0;515356,740699999965727;5370750,671099999919534;9,207841445000042;48,489692244000025;1
87951;08240609136100859610;08;1;36;088;2024;06;14;1;2;5;3;0;0;1;1;0;0;0;0;575028,671299999579787;5412138,186499999836087;10,022883110000066;48,857669775000033;1
87953;08240518337010764170;08;3;37;039;2024;05;10;7;3;0;1;0;0;1;0;0;0;0;0;443508,475999999791384;5293753,229000000283122;8,245681715000046;47,794658372000072;1
87954;08240518335300792760;08;3;35;100;2024;05;18;7;3;1;2;0;0;1;1;0;0;0;0;488691,986700000241399;5286920,976299999281764;8,849178031000065;47,735564185000044;1
87959;08240525111370790530;08;1;11;000;2024;05;16;7;3;5;3;0;0;1;1;0;0;0;0;516328,237999999895692;5409293,615900000557303;9,222510877000047;48,836403075000078;1
87961;08240518311010822400;08;3;11;000;2024;05;17;7;3;5;3;0;0;1;0;0;0;0;1;412677,268400000408292;5315360,003399999812245;7,829701199000056;47,985578774000032;1
87962;08240518311010798510;08;3;15;073;2024;05;13;7;3;5;2;0;0;1;1;0;0;0;0;412549,186999999918044;5313805,128000000491738;7,828301582000051;47,971574647000068;1
87963;08240518311010794920;08;3;11;000;2024;05;09;7;3;5;3;0;0;1;1;0;0;0;0;413767,417600000277162;5316862,004499999806285;7,844006515000046;47,999237733000029;1
87967;08240518231202785040;08;2;36;070;2024;05;17;7;3;5;2;0;0;1;1;0;0;0;0;466720,908400000073016;5414894,949799999594688;8,546043818000044;48,886112945000036;1
87974;08240520311010823960;08;3;15;109;2024;05;19;2;3;5;3;0;0;1;1;0;0;0;0;422659,390200000256300;5314779,535599999129772;7,963561960000050;47,981642035000050;1
87977;08240518215202786880;08;2;15;084;2024;05;15;7;3;6;7;0;0;0;0;1;0;0;1;472220,349000000394881;5446515,812999999150634;8,618892914000071;49,170825332000049;1
87978;08240518212702820740;08;2;15;017;2024;05;13;7;3;8;7;0;0;1;0;0;0;0;0;458018,779000000096858;5420632,677999999374151;8,426754473000074;48,937197189000074;1
87980;08240518212702766170;08;2;15;096;2024;05;14;7;3;0;7;0;0;1;0;0;0;0;0;459883,763000000268221;5414441,998999999836087;8,452827643000035;48,881633628000031;1
87991;08240518121400943570;08;1;25;086;2024;05;06;7;3;5;3;0;0;1;1;0;0;0;0;504161,752999999560416;5443284,259999999776483;9,057062044000077;49,142371061000063;1
87993;08240518119300766440;08;1;19;037;2024;05;13;7;3;0;1;0;0;1;0;0;0;0;0;545415,445600000210106;5419151,290999999269843;9,619971429000032;48,923629243000050;1
87994;08240518119200795810;08;1;19;020;2024;05;15;7;2;0;7;0;0;1;0;0;0;0;0;519794,578300000168383;5409103,165100000798702;9,269738267000037;48,834588978000056;1
87996;08240518118300788990;08;1;18;003;2024;05;22;7;2;9;1;2;0;1;0;0;0;0;0;509587,539400000125170;5417946,746999999508262;9,130856115000029;48,914385504000052;1
88001;08240603118500843570;08;1;18;006;2024;06;15;2;2;5;3;0;0;1;1;0;0;0;0;517752,413200000301003;5421214,304800000041723;9,242436353000073;48,943599028000051;1
88011;08240517425000781840;08;4;25;108;2024;05;14;6;3;5;3;0;1;1;1;0;0;0;0;554164,800400000065565;5357679,649800000712276;9,731360109000036;48,369961619000037;1
88022;08240517317000803410;08;3;17;065;2024;05;14;6;3;5;3;0;1;1;1;0;0;0;0;414175,731900000013411;5354956,013599999248981;7,841787592000060;48,341951739000081;1
88036;08240517221011775770;08;2;21;000;2024;05;15;6;3;5;2;0;1;1;1;0;0;0;0;476326,959599999710917;5471767,692399999126792;8,673734963000072;49,398138811000081;1
88052;08240517121100798010;08;1;25;026;2024;05;12;6;3;6;4;0;1;0;1;1;0;0;0;495537,217600000090897;5446322,545700000599027;8,938776853000036;49,169699442000081;1
88053;08240517118400822870;08;1;18;048;2024;05;14;6;3;5;3;0;1;1;1;0;0;0;0;512769,159699999727309;5415283,387900000438094;9,174197184000036;48,890369206000059;1
88062;08240516436500758780;08;4;36;010;2024;05;19;5;2;6;4;0;0;0;1;1;0;0;0;572696,166500000283122;5304565,747400000691414;9,972483028000056;47,890303616000040;1
88067;08240516435100760660;08;4;35;016;2024;05;16;5;3;0;1;0;0;1;0;0;0;0;0;531677,479500000365078;5279513,427500000223517;9,421958798000048;47,668236822000040;1
88072;08240516421200775910;08;4;25;072;2024;05;19;5;3;0;1;0;1;1;0;0;0;0;0;582493,366399999707937;5371092,025499999523163;10,116443908000065;48,487536192000050;1
88073;08240516416010795820;08;4;16;022;2024;05;13;5;3;0;7;0;0;1;0;0;0;0;0;511088,054600000381470;5374783,371600000187755;9,150175527000044;48,526061680000055;1
88074;08240516415200789810;08;4;15;053;2024;05;18;5;3;5;3;0;0;1;1;0;0;0;0;536008,716000000014901;5358898,952999999746680;9,486323573000050;48,382228053000063;1
88077;08240610117300885160;08;1;17;026;2024;06;16;2;3;3;2;0;0;1;1;0;0;0;0;547632,213899999856949;5394626,698599999770522;9,647384093000028;48,702855765000038;1
88079;08240524119300815970;08;1;19;076;2024;05;14;6;3;5;3;0;0;1;1;0;0;0;0;541057,984899999573827;5406373,274499999359250;9,559208116000036;48,808990321000067;1
88081;08240516325069781460;08;2;37;024;2024;05;09;5;3;6;7;0;0;0;0;1;0;0;1;479766,639000000432134;5359313,114000000059605;8,726710477000040;48,386657358000036;1
88085;08240516317100759110;08;3;17;001;2024;05;10;5;2;2;6;0;0;1;0;0;0;0;0;432165,509800000116229;5385078,505400000140071;8,079637058000060;48,615100039000026;1
88087;08240516317000757310;08;3;17;096;2024;05;07;5;2;9;1;0;0;1;0;0;0;0;0;422110,305999999865890;5369479,926000000908971;7,946150149000061;48,473622927000065;1
88089;08240516311010762960;08;3;11;000;2024;05;17;5;2;5;7;0;1;1;0;0;0;0;1;412837,566999999806285;5317733,832000000402331;7,831366900000035;48,006953987000031;1
88090;08240516237100793480;08;2;37;004;2024;05;13;5;2;8;1;0;0;1;0;0;0;0;0;456123,084900000132620;5380682,248600000515580;8,405129222000028;48,577691232000063;1
88094;08240608426300871420;08;4;26;062;2024;06;08;7;3;0;1;0;0;1;0;0;0;0;0;555142,597299999557436;5319388,919900000095367;9,739586842000051;48,025408902000038;1
88095;08240516225100776140;08;2;25;074;2024;05;16;5;2;5;3;0;0;1;1;0;0;0;0;502165,772900000214577;5465591,311799999326468;9,029815608000035;49,343038520000050;1
88097;08240516222014771750;08;2;26;096;2024;05;14;5;2;6;4;0;0;0;0;1;0;0;1;475800,659599999897182;5488786,492300000041723;8,665440496000031;49,551197465000030;1
88104;08240528231000799880;08;2;36;062;2024;05;16;3;3;2;6;0;0;1;0;0;0;0;0;487063,397300000302494;5405566,583699999377131;8,823825460000023;48,802955167000050;1
88108;08240519435100771060;08;4;35;057;2024;05;16;1;3;1;2;0;0;1;1;0;0;0;0;547894,807599999941885;5274259,378599999472499;9,637394374000053;47,619967391000046;1
88113;08240516121200808120;08;1;21;000;2024;05;17;5;3;0;7;0;0;1;0;0;0;0;0;514759,185700000263751;5442812,034600000828505;9,202346172000034;49,137960004000035;1
88118;08240516119100772630;08;1;19;053;2024;05;10;5;3;6;7;0;0;0;0;1;0;0;1;533748,105200000107288;5426150,277599999681115;9,461285703000044;48,987334033000081;1
88119;08240607317500840180;08;3;17;096;2024;06;10;6;3;8;1;0;0;1;0;0;0;0;0;422031,081799999810755;5369546,937699999660254;7,945065935000059;48,474215873000048;1
88124;08240516118200776200;08;1;18;011;2024;05;16;5;2;5;2;0;0;1;1;0;0;0;0;502199,936800000257790;5409412,644500000402331;9,029980099000056;48,837684668000065;1
88131;08240711335400963900;08;3;35;079;2024;07;18;5;3;0;1;0;0;1;0;0;0;0;0;500591,568500000052154;5296597,857999999076128;9,007903314000032;47,822731097000030;1
88137;08240711311010963840;08;3;11;000;2024;07;12;5;3;1;5;0;0;1;1;0;0;0;0;414838,861200000159442;5316009,016799999400973;7,858536082000057;47,991708391000031;1
88143;08240711216300967440;08;2;16;015;2024;07;17;5;3;5;3;0;0;1;1;0;0;0;0;450597,394500000402331;5405557,788399999961257;8,327244112000074;48,801047428000061;1
88153;08240711121400965410;08;1;25;066;2024;07;12;5;3;0;7;0;0;1;0;0;0;0;0;514833,323400000110269;5434013,612400000914931;9,203039494000052;49,058812841000076;1
88156;08240711119400001550;08;1;19;079;2024;07;10;5;3;5;2;0;0;1;1;0;0;0;0;521749,152300000190735;5411183,309800000861287;9,296483086000023;48,853236028000026;1
88166;08240711116100983870;08;1;16;019;2024;07;17;5;3;5;3;0;0;1;1;0;0;0;0;522692,383000000379980;5398301,935000000521541;9,308629321000069;48,737323891000074;1
88170;08240710435200961490;08;4;35;067;2024;07;21;4;3;0;7;2;0;1;0;0;0;0;0;530181,823699999600649;5291371,647299999371171;9,402858215000037;47,775001545000066;1
88173;08240710336400963070;08;3;36;045;2024;07;14;4;3;2;6;0;0;1;1;0;0;0;0;399152,691599999554455;5285436,003399999812245;7,655469783000058;47,714425031000076;1
88175;08240710335400016660;08;3;35;098;2024;07;19;4;3;4;2;0;0;1;1;0;0;0;0;502654,495000000111759;5296140,799000000581145;9,035461063000071;47,818613518000063;1
88179;08240710311500980040;08;3;15;113;2024;07;18;4;3;5;3;0;0;1;1;0;0;0;0;440806,210199999623001;5307407,648000000044703;8,207733218000044;47,917258331000028;1
88187;08240710215102964450;08;2;15;109;2024;07;13;4;3;0;7;0;0;1;0;0;0;0;0;464302,906600000336766;5435742,123400000855327;8,511231096000074;49,073505423000029;1
88191;08240710212010963150;08;2;12;000;2024;07;17;4;3;5;3;0;0;1;1;0;0;0;0;458106,763799999840558;5427630,185900000855327;8,427235303000032;49,000147250000055;1
88195;08240710128300974660;08;1;28;039;2024;07;21;4;3;0;1;1;0;1;0;0;0;0;0;523291,729100000113249;5511491,753399999812245;9,323362047000046;49,755454432000079;1
88196;08240710127100961810;08;1;27;063;2024;07;19;4;3;0;7;0;1;1;0;0;0;0;0;565507,631799999624491;5434308,641699999570847;9,896665874000064;49,058162197000058;1