OID_;UIDENTSTLAE;ULAND;UREGBEZ;UKREIS;UGEMEINDE;UJAHR;UMONAT;USTUNDE;UWOCHENTAG;UKATEGORIE;UART;UTYP1;ULICHTVERH;IstStrassenzustand;IstRad;IstPKW;IstFuss;IstKrad;IstGkfz;IstSonstige;LINREFX;LINREFY;XGCSWGS84;YGCSWGS84;PLST
88198;08240710119300994700;08;1;19;067;2024;07;18;4;3;3;2;0;0;1;1;0;0;0;0;538778,836299999617040;5404955,055099999532104;9,528033676000064;48,796379072000036;1
88204;08240710118010961740;08;1;18;070;2024;07;10;4;3;6;7;0;0;0;0;1;0;1;0;517064,199900000356138;5426632,204800000414252;9,233265061000054;48,992355617000044;1
88207;08240710117200962490;08;1;17;024;2024;07;12;4;3;5;3;0;0;1;1;0;0;0;0;560979,852500000037253;5386150,301899999380112;9,827529048000031;48,625446774000068;1
88208;08240710116500961460;08;1;16;050;2024;07;07;4;3;0;1;0;1;1;0;0;0;0;0;527926,805800000205636;5387065,871899999678135;9,379059598000026;48,636032617000069;1
88216;08240710111110963280;08;1;11;000;2024;07;19;4;3;5;2;0;0;1;1;0;0;0;0;513363,757600000128150;5402479,572799999266863;9,181891234000034;48,775175682000054;1
88218;08240709436400991580;08;4;36;008;2024;07;18;3;3;2;6;0;0;1;0;0;1;0;0;547250,622999999672174;5310380,828999999910593;9,632753575000038;47,944998806000058;1
88221;08240709436100019580;08;4;36;055;2024;07;10;3;2;1;5;0;0;1;1;0;0;0;0;571332,629200000315905;5292931,668400000780821;9,952327743000069;47,785794193000072;1
88225;08240709435100991090;08;4;35;024;2024;07;07;3;3;4;6;0;0;1;0;0;0;0;0;529109,248499999754131;5281081,536599999293685;9,387854148000031;47,682466579000049;1
88232;08240709415300037870;08;4;15;019;2024;07;13;3;3;6;2;0;0;0;1;1;0;0;0;516993,558000000193715;5369949,429999999701977;9,229961717000037;48,482441866000045;1
88234;08240709336300976950;08;3;36;079;2024;07;14;3;2;0;6;0;0;1;0;0;0;0;1;417781,945600000210106;5293945,272500000894070;7,902179865000051;47,793614844000047;1
88237;08240709327200972810;08;3;27;002;2024;07;07;3;3;2;6;0;0;1;1;0;0;0;0;476327,907499999739230;5327933,324100000783801;8,682019420000074;48,104224303000080;1
88244;08240709317500988490;08;3;17;096;2024;07;07;3;3;5;3;0;0;1;0;0;0;0;1;421721,451399999670684;5368797,918700000271201;7,941017537000050;48,467440045000046;1
88247;08240709311010963360;08;3;36;105;2024;07;08;3;3;4;6;0;0;1;0;0;0;0;0;402755,171600000001490;5266852,481000000610948;7,707614986000067;47,547810167000080;1
88248;08240709311010961620;08;3;11;000;2024;07;14;3;2;5;3;0;0;1;1;0;0;0;0;410170,396099999547005;5315371,555199999362230;7,796109266000030;47,985335513000052;1
88269;08240709118500989960;08;1;18;014;2024;07;16;3;3;3;6;0;0;1;0;0;0;0;1;520211,973000000230968;5421474,447200000286102;9,276037927000061;48,945863679000070;1
88277;08240709115200993920;08;1;15;037;2024;07;16;3;3;4;6;0;0;1;0;0;0;0;0;493485,607099999673665;5385520,713999999687076;8,911601360000077;48,622721888000058;1
88278;08240709115200991460;08;1;15;021;2024;07;16;3;3;5;3;0;0;1;1;0;0;0;0;489471,826100000180304;5384822,589999999850988;8,857153247000042;48,616386753000029;1
88279;08240709115200974130;08;1;15;021;2024;07;15;3;3;0;7;0;0;1;0;0;0;0;0;490316,000099999830127;5383099,303099999204278;8,868647220000071;48,600897344000032;1
88281;08240709111500989450;08;1;11;000;2024;07;15;3;3;6;4;0;0;0;1;1;0;0;0;507808,928100000135601;5396651,738099999725819;9,106175315000030;48,722843031000082;1
88283;08240709111110037810;08;1;11;000;2024;07;10;3;3;0;2;0;0;1;0;0;0;0;1;512807,230600000359118;5401850,443099999800324;9,174296910000066;48,769527779000043;1
88284;08240708436400954980;08;4;36;053;2024;07;06;2;3;4;6;1;0;1;0;0;0;1;0;531338,478500000201166;5308489,819499999284744;9,419536906000076;47,928961591000075;1
88287;08240708435100991590;08;4;35;016;2024;07;19;2;3;5;3;0;0;1;1;0;0;0;0;533878,627000000327826;5279553,067999999970198;9,451281276000032;47,668481913000051;1
88290;08240708426300968400;08;4;26;014;2024;07;00;2;3;9;1;2;0;1;0;0;0;0;0;549461,326000000350177;5316305,955000000074506;9,663038091000033;47,998138059000041;1
88291;08240708426200988050;08;4;26;134;2024;07;15;2;3;4;6;0;0;1;0;0;0;0;0;558797,978199999779463;5336378,256300000473857;9,790950372000054;48,177921830000059;1
88292;08240708426100969870;08;4;26;120;2024;07;16;2;3;8;1;0;0;1;0;0;0;0;0;561489,836400000378489;5324498,712899999693036;9,825443254000049;48,070797964000064;1
88299;08240708335200957630;08;3;35;063;2024;07;14;2;3;0;1;0;0;1;0;0;0;0;0;496764,744500000029802;5287699,104199999943376;8,956843540000023;47,742656456000077;1
88304;08240709437100958340;08;4;37;100;2024;07;09;3;3;1;7;0;0;1;0;0;0;0;1;537531,530100000090897;5318163,584300000220537;9,503286976000027;48,015662544000065;1
88306;08240708326000960340;08;3;35;022;2024;07;12;2;3;0;1;0;0;1;0;0;0;0;0;482211,263000000268221;5299249,573999999091029;8,762235814000064;47,846343850000039;1
88307;08240708326000956640;08;3;35;026;2024;07;13;2;3;5;3;0;0;1;1;0;0;0;0;480236,580000000074506;5282571,521999999880791;8,736601310000026;47,696226184000068;1
88311;08240708311010988170;08;3;11;000;2024;07;10;2;3;3;2;0;0;1;1;0;0;0;0;413069,993900000117719;5315389,144099999219179;7,834957476000056;47,985894403000032;1
88313;08240708311010003920;08;3;11;000;2024;07;09;2;3;3;6;0;0;1;0;1;0;0;1;414963,896499999798834;5315708,642200000584126;7,860271162000060;47,989023035000059;1
88314;08240708311000963130;08;3;16;045;2024;07;14;2;3;5;3;0;0;1;0;0;1;0;0;411828,048700000159442;5325456,651200000196695;7,816244026000049;48,076283829000033;1
88316;08240708235100971710;08;2;35;033;2024;07;14;2;2;6;4;0;0;0;1;1;0;0;0;460965,326500000432134;5407578,901300000026822;8,468233340000040;48,819965948000061;1
88318;08240708231000023300;08;2;31;000;2024;07;13;2;2;6;2;0;0;0;1;1;0;0;0;475394,363300000317395;5415030,436599999666214;8,664346744000056;48,887736789000030;1
88323;08240708221300968950;08;2;21;000;2024;07;07;2;2;0;7;0;0;1;0;0;0;0;0;479475,780899999663234;5473773,955800000578165;8,717028147000065;49,416299200000026;1
88325;08240708216200959840;08;2;11;000;2024;07;10;2;3;5;3;0;0;1;1;0;0;0;0;438785,798299999907613;5398020,155500000342727;8,167533455000068;48,732195251000064;1
88329;08240708135010963320;08;4;25;072;2024;07;16;2;2;2;6;0;0;1;1;0;0;0;0;584842,646999999880791;5370321,114000000059605;10,148075384000038;48,480289385000049;1
88334;08240708127100985500;08;1;27;043;2024;07;14;2;2;5;3;0;0;1;1;0;0;0;0;565732,064299999736249;5444160,856300000101328;9,901341013000035;49,146752494000054;1
88335;08240708121500037760;08;1;25;005;2024;07;18;2;3;2;6;0;0;1;1;0;0;0;0;515694,610199999995530;5454175,674000000581145;9,215614343000027;49,240155672000071;1
88345;08240708111500985710;08;1;11;000;2024;07;15;2;3;0;7;0;0;1;0;0;0;0;1;516446,137000000104308;5409599,309000000357628;9,224129785000059;48,839149918000032;1
88353;08240707421200955310;08;4;25;072;2024;07;16;1;3;5;3;0;0;1;0;0;0;0;0;582472,199099999852479;5371579,338500000536442;10,116253702000051;48,491922208000062;1
88358;08240707317500955280;08;3;17;034;2024;07;14;1;3;8;1;0;0;1;0;0;0;0;0;427079,772599999792874;5361292,698200000450015;8,014801572000067;48,400573416000043;1
88360;08240707317000964230;08;3;17;141;2024;07;17;1;2;3;3;0;0;1;1;0;0;0;0;417580,911199999973178;5378127,166099999099970;7,883170846000041;48,550824648000059;1
88361;08240707317000952970;08;3;17;150;2024;07;21;1;3;9;1;0;0;1;0;0;0;0;0;408259,103400000371039;5355942,644799999892712;7,761745508000047;48,349994473000038;1
88362;08240707311400967320;08;3;15;076;2024;07;11;1;2;3;7;0;0;1;1;0;0;0;0;393788,687500000000000;5300155,759199999272823;7,580376524000030;47,845965868000064;1
88364;08240707311010954030;08;3;11;000;2024;07;13;1;3;0;7;0;0;1;0;0;0;0;0;418951,904500000178814;5315193,511199999600649;7,913809012000058;47,984906989000081;1
88375;08240707136200984770;08;1;36;075;2024;07;17;1;3;2;6;0;0;1;1;0;0;0;0;599957,417899999767542;5422055,780999999493361;10,365081520000047;48,943345525000041;1
88376;08240707136200984550;08;1;36;089;2024;07;17;1;3;0;7;0;0;1;0;0;0;0;0;582537,420900000259280;5422498,971300000324845;10,127326129000039;48,949901453000052;1
88379;08240707121400985260;08;1;25;013;2024;07;15;1;2;0;7;0;0;1;0;0;0;0;0;505126,701299999840558;5435606,334599999710917;9,070195002000048;49,073297441000079;1
88388;08240707117400954760;08;1;17;051;2024;07;15;1;3;0;1;0;0;1;0;0;0;0;0;542888,727300000376999;5393310,918400000780821;9,582780935000073;48,691363702000046;1
88395;08240709111230958350;08;1;11;000;2024;07;07;3;3;5;3;0;0;1;1;0;0;0;0;509190,524000000208616;5397400,924000000581145;9,124977056000034;48,729563886000051;1
88399;08240706436200952140;08;4;36;082;2024;07;14;7;2;6;4;0;1;0;1;1;0;0;0;548746,056599999777973;5295238,751099999994040;9,651069271000040;47,808656516000042;1
88403;08240706421300976170;08;4;25;141;2024;07;01;7;2;8;1;2;1;1;0;0;0;0;0;565277,965499999932945;5362855,517699999734759;9,882203245000028;48,415469443000063;1
88411;08240706336200975820;08;3;36;069;2024;07;01;7;2;5;3;2;0;1;1;0;0;0;0;408711,098600000143051;5267853,425200000405312;7,786542570000051;47,557679075000067;1
88425;08240706215102953410;08;2;15;102;2024;07;11;7;3;3;6;0;0;1;0;0;0;0;1;458551,000199999660254;5432902,481200000271201;8,432769831000030;49,047602263000044;1
88428;08240706126200984660;08;1;26;085;2024;07;17;7;2;6;7;0;1;0;1;1;0;0;0;546836,975800000131130;5448601,804400000721216;9,642782396000030;49,188429645000042;1
88432;08240706117200979220;08;1;17;028;2024;07;13;7;3;3;2;0;0;1;1;0;0;0;0;546466,890999999828637;5383885,848799999803305;9,630341162000036;48,606323148000058;1
88438;08240705436400975200;08;4;36;013;2024;07;17;6;3;5;3;0;0;1;1;0;0;0;0;544815,281399999745190;5296908,090700000524521;9,598744211000053;47,823961289000067;1
88440;08240705436100950510;08;4;36;055;2024;07;12;6;3;5;2;0;0;1;1;0;0;0;0;576476,362300000153482;5298013,068499999120831;10,021884747000058;47,830916522000052;1
88442;08240705426100960140;08;4;26;120;2024;07;18;6;3;0;1;0;0;1;0;0;0;0;0;564032,589700000360608;5321867,118300000205636;9,859179405000077;48,046873661000063;1
88447;08240709436300993830;08;4;36;081;2024;07;14;3;2;5;2;0;0;1;1;0;0;0;0;562658,448499999940395;5282041,731899999082088;9,834968585000070;47,688723669000069;1
88456;08240705311010964970;08;3;11;000;2024;07;12;6;3;5;3;0;0;1;1;0;0;0;0;412749,583100000396371;5318201,584799999371171;7,830092338000043;48,011149557000067;1
88457;08240705311010959420;08;3;15;098;2024;07;22;6;2;2;6;2;0;1;1;0;0;0;0;408298,764000000432134;5313093,541999999433756;7,771517904000063;47,964578827000025;1
88461;08240705231000960110;08;2;36;031;2024;07;06;6;3;2;6;1;0;1;1;0;0;0;0;481087,781999999657273;5419755,833000000566244;8,741792580000038;48,930444788000045;1
88464;08240705226700951610;08;2;26;041;2024;07;18;6;3;5;3;0;0;1;1;0;0;0;0;476683,691999999806285;5465524,083000000566244;8,679017272000067;49,341991964000044;1
88480;08240705127100979370;08;1;27;076;2024;07;15;6;3;5;3;0;0;1;1;0;0;0;0;556229,486600000411272;5438748,211100000888109;9,770297304000053;49,099011451000081;1
88488;08240705118010982170;08;1;18;071;2024;07;10;6;2;0;7;0;0;1;0;0;0;0;0;508887,025899999774992;5419071,971499999985099;9,121319650000032;48,924518162000027;1
88490;08240705116100958940;08;1;16;056;2024;07;11;6;3;0;1;0;0;1;0;0;0;0;0;529602,845700000412762;5396357,678600000217557;9,402473801000042;48,719543668000028;1
88496;08240704426100949610;08;4;26;021;2024;07;16;5;3;5;3;0;0;1;1;0;0;0;0;558824,396900000050664;5328626,057900000363588;9,790234505000058;48,108179800000073;1
88504;08240704311010949150;08;3;11;000;2024;07;23;5;3;0;7;2;0;1;0;0;0;0;0;414720,027300000190735;5318908,530700000002980;7,856367132000059;48,017774801000030;1
88506;08240704226200954480;08;2;26;107;2024;07;08;5;3;5;3;0;0;1;1;0;0;0;0;475082,269000000320375;5484313,951700000092387;8,655791422000050;49,510939510000071;1
88509;08240704222200018250;08;2;22;000;2024;07;17;5;3;7;7;0;0;1;0;0;0;0;0;460961,765100000426173;5483162,048100000247359;8,460854904000030;49,499834081000074;1
88512;08240704221011978440;08;2;21;000;2024;07;07;5;3;0;7;0;1;1;0;0;0;0;0;477461,071600000374019;5474327,925300000235438;8,689219860000037;49,421210752000036;1
88513;08240704216100949680;08;2;16;043;2024;07;15;5;3;1;7;0;0;1;0;0;0;0;1;441574,835799999535084;5411459,630300000309944;8,203547033000063;48,853352064000035;1
88524;08240704118500949600;08;1;18;078;2024;07;17;5;3;9;1;0;0;1;0;0;0;0;0;516114,321299999952316;5421279,164400000125170;9,220068450000042;48,944227329000057;1
88525;08240704118400992120;08;1;18;048;2024;07;17;5;3;0;1;0;1;1;0;0;0;0;0;517723,224100000225008;5414882,836999999359250;9,241762737000045;48,886644074000060;1
88526;08240704118400989270;08;1;18;048;2024;07;17;5;3;3;2;0;1;1;0;0;0;0;1;514993,104100000113249;5416697,045800000429153;9,204587989000061;48,903036259000032;1
88532;08240704116100985510;08;1;16;019;2024;07;11;5;3;3;6;0;0;1;0;0;0;1;0;523323,696100000292063;5398819,014699999243021;9,317244674000051;48,741952166000033;1
88536;08240704111320958790;08;1;11;000;2024;07;08;5;3;0;7;0;0;0;0;1;0;0;1;517247,847299999557436;5405957,240000000223517;9,234902325000064;48,806364768000037;1
88538;08240703436000948350;08;4;35;057;2024;07;15;4;2;5;3;0;1;1;1;0;0;0;0;542076,418499999679625;5279650,023099999874830;9,560484678000023;47,668872805000035;1
88540;08240703435100948010;08;4;35;016;2024;07;07;4;3;5;3;0;1;1;1;0;0;0;0;537368,964800000190735;5278830,321200000122190;9,497710880000056;47,661786811000070;1
88542;08240703426000947020;08;4;25;031;2024;07;08;4;3;0;3;0;0;1;1;0;0;0;0;569956,995000000111759;5368685,414999999105930;9,946403391000047;48,467408767000052;1
88549;08240703317100971090;08;3;17;089;2024;07;21;4;3;0;1;1;1;1;0;0;0;0;0;427639,909400000236928;5376587,955299999564886;8,019721631000039;48,538220853000041;1
88556;08240709136000993710;08;1;36;024;2024;07;17;3;3;0;7;0;0;1;0;0;0;0;0;567607,357699999585748;5410934,417500000447035;9,921522321000054;48,847695401000067;1
88558;08240703311010956230;08;3;11;000;2024;07;13;4;3;5;3;0;1;1;1;0;0;0;0;416363,407999999821186;5315651,028999999165535;7,879036125000027;47,988689341000054;1
88562;08240703226700947050;08;2;26;095;2024;07;05;4;2;5;3;1;1;1;1;0;0;0;0;472992,978799999691546;5460150,019600000232458;8,628574000000071;49,293500388000041;1
88568;08240703216300014540;08;2;16;033;2024;07;05;4;3;0;3;1;0;1;1;0;0;0;0;448060,514999999664724;5413917,077999999746680;8,291640509000047;48,876033967000069;1
88570;08240703212010963390;08;2;12;000;2024;07;15;4;3;5;3;0;1;1;1;0;0;0;0;455226,922000000253320;5429040,610999999567866;8,387708823000025;49,012631991000035;1
88578;08240703126100957270;08;1;26;039;2024;07;16;4;3;5;3;0;1;1;0;0;1;0;0;548375,936800000257790;5460479,343399999663234;9,665335110000058;49,295144264000044;1
88579;08240703125102959870;08;1;25;113;2024;07;17;4;1;4;1;0;1;1;1;0;0;0;0;530217,370299999602139;5450372,453199999406934;9,414839036000046;49,205400937000036;1
88584;08240703119100987760;08;1;19;008;2024;07;23;4;3;0;7;2;1;1;0;0;0;0;0;531163,619599999859929;5421584,654100000858307;9,425611068000023;48,946400162000032;1
88593;08240702426200947840;08;4;26;070;2024;07;17;3;3;0;1;0;0;1;0;0;0;0;0;565409,958200000226498;5342973,115000000223517;9,880901231000053;48,236601492000034;1
88596;08240702416200966560;08;4;16;041;2024;07;13;3;3;3;2;0;0;1;1;0;0;0;0;505442,323099999688566;5377288,071699999272823;9,073743112000045;48,548669152000059;1
88597;08240702336300010340;08;3;36;057;2024;07;22;3;2;5;7;2;1;1;1;0;0;0;0;408830,196999999694526;5277831,960000000894070;7,786050127000067;47,647460659000046;1
88598;08240702326300967730;08;3;26;052;2024;07;09;3;2;5;3;0;0;1;1;0;0;0;0;453208,508799999952316;5331629,180099999532104;8,371071891000042;48,136195061000080;1
88605;08240702231000947070;08;2;31;000;2024;07;12;3;3;5;3;0;0;1;0;0;0;0;1;481767,717199999839067;5417952,983599999919534;8,751156188000039;48,914247387000046;1
88607;08240706225100951730;08;2;25;064;2024;07;12;7;2;0;1;0;0;1;0;0;0;0;0;503327,866999999620020;5472674,978599999099970;9,045873097000026;49,406751058000054;1
88615;08240702215402968990;08;2;15;100;2024;07;10;3;3;5;3;0;0;1;0;0;0;0;0;474754,460400000214577;5452033,842599999159575;8,653310786000077;49,220570304000034;1
88619;08240702135200947740;08;1;35;025;2024;07;16;3;3;5;3;0;0;1;1;0;0;0;0;581075,325899999588728;5401086,962400000542402;10,103120481000076;48,757511623000028;1
88621;08240702127010948250;08;1;27;076;2024;07;07;3;3;3;6;0;0;1;1;0;0;0;0;550127,143199999816716;5436879,033900000154972;9,686475085000041;49,082726058000048;1
88637;08240701436000966730;08;4;35;029;2024;07;16;2;3;1;7;0;0;1;1;0;0;0;0;542682,355999999679625;5271447,330000000074506;9,567755804000058;47,595030806000068;1
88639;08240701435100945130;08;4;35;035;2024;07;15;2;3;5;3;0;0;1;1;0;0;0;0;541787,322399999946356;5281549,726199999451637;9,556815747000030;47,685983692000036;1
88646;08240701337010956090;08;3;37;128;2024;07;12;2;2;8;1;0;0;1;0;0;0;0;0;450816,652599999681115;5285177,460899999365211;8,344229222000024;47,718102129000044;1
88656;08240701311010953430;08;3;11;000;2024;07;18;2;3;0;4;0;0;0;0;1;0;0;1;414636,708499999716878;5318668,735099999234080;7,855297783000026;48,015606625000032;1
88661;08240703317000962450;08;3;17;034;2024;07;18;4;3;0;1;0;1;1;0;0;0;0;0;426850,869699999690056;5361873,255599999800324;8,011608243000069;48,405769133000035;1
88671;08240701136000978310;08;1;36;075;2024;07;08;2;3;5;3;0;0;1;1;0;0;0;0;599955,315499999560416;5422062,274900000542402;10,365054410000027;48,943404265000026;1
88672;08240701127202945670;08;1;27;091;2024;07;13;2;3;5;3;0;0;1;1;0;0;0;0;578455,358500000089407;5451968,212400000542402;10,077300812000033;49,215476315000046;1
88674;08240701121400967540;08;1;25;108;2024;07;20;2;2;0;7;0;0;1;0;0;0;0;0;494734,177899999544024;5433889,266499999910593;8,927922495000075;49,057850369000050;1
88682;08240701117200953070;08;1;17;033;2024;07;13;2;3;5;3;0;0;1;1;0;0;0;0;559294,192800000309944;5386938,410199999809265;9,804768864000039;48,632698132000030;1
88692;08240630426100912840;08;4;26;021;2024;06;11;1;3;8;1;0;0;1;0;0;0;0;0;559331,307300000451505;5327944,453700000420213;9,796948751000059;48,102000961000044;1
88694;08240630426000913630;08;4;26;044;2024;06;17;1;2;2;2;0;0;1;1;0;0;0;0;579866,040000000037253;5326987,479000000283122;10,072552207000058;48,091148936000081;1
88696;08240630421000925870;08;1;17;026;2024;06;06;1;3;0;1;0;0;1;0;0;0;0;0;553333,105100000277162;5401737,652200000360608;9,725780723000071;48,766359609000062;1
88697;08240630421000925840;08;1;17;026;2024;06;06;1;3;0;1;0;0;1;0;0;0;0;0;553333,016099999658763;5401737,534199999645352;9,725779497000076;48,766358556000057;1
88714;08240630136000927620;08;1;36;065;2024;06;05;1;3;0;1;0;1;1;0;0;0;0;0;553947,798600000329316;5402997,053500000387430;9,734310225000058;48,777635240000052;1
88718;08240630118200934550;08;1;18;080;2024;06;01;1;2;0;7;2;0;1;0;0;0;0;0;506085,686599999666214;5410818,324200000613928;9,082954810000047;48,850304023000035;1
88721;08240630117200938480;08;1;17;025;2024;06;15;1;3;4;1;0;0;1;1;0;0;0;0;557005,670400000177324;5389516,389900000765920;9,774065784000072;48,656100797000079;1
88722;08240630117200916000;08;1;17;025;2024;06;12;1;3;8;1;0;0;1;0;0;0;0;0;557015,067699999548495;5389524,266899999231100;9,774194460000047;48,656170796000026;1
88723;08240630111500940980;08;1;11;000;2024;06;16;1;3;5;2;0;0;1;1;0;0;0;0;514927,923000000417233;5404421,017999999225140;9,203251133000037;48,792605163000076;1
88726;08240629435200921740;08;4;35;034;2024;06;00;7;2;8;1;2;0;1;0;0;0;0;0;531682,522300000302494;5284818,778899999335408;9,422411272000033;47,715971090000039;1
88727;08240629435100941050;08;4;35;016;2024;06;11;7;3;2;6;0;0;0;1;1;0;0;0;536589,002500000409782;5279252,517100000753999;9,487358443000062;47,665630064000027;1
88729;08240629421300940240;08;4;21;000;2024;06;12;7;3;4;6;0;0;1;0;0;0;0;0;570867,020600000396371;5361333,719000000506639;9,957469318000051;48,401176575000079;1
88735;08240709417000972590;08;4;17;002;2024;07;15;3;2;6;4;0;0;0;1;1;0;0;0;491228,128399999812245;5343504,529400000348687;8,881847679000032;48,244696286000078;1
88738;08240629336400925930;08;3;36;014;2024;06;09;7;3;5;3;0;0;1;1;0;0;0;0;393297,018000000156462;5278622,166300000622869;7,579089783000029;47,652194033000058;1
88751;08240629225100910500;08;2;25;058;2024;06;13;7;2;0;1;0;0;1;0;0;0;0;0;511050,909300000406802;5468111,438599999994040;9,152204528000027;49,365610865000065;1
88753;08240629221300924370;08;2;21;000;2024;06;12;7;3;6;4;0;0;1;0;1;0;0;0;477671,437199999578297;5473560,214500000700355;8,692163656000048;49,414313081000046;1
88754;08240630335000934530;08;3;35;043;2024;06;16;1;3;0;7;0;0;1;0;0;0;0;0;511942,126000000163913;5280977,055999999865890;9,159116627000060;47,682071675000032;1
88757;08240629136200934460;08;1;36;060;2024;06;21;7;3;0;7;0;0;1;0;0;0;0;0;576531,657999999821186;5428808,922299999743700;10,046499659000062;49,007426529000043;1
88766;08240708118200045790;08;1;18;019;2024;07;18;2;3;4;2;0;0;1;1;0;0;0;0;506062,278599999845028;5405510,099999999627471;9,082557255000040;48,802552107000054;1
88767;08240629121400906630;08;1;25;013;2024;06;00;7;3;0;1;2;0;1;0;0;0;0;0;502119,138600000180304;5436761,995999999344349;9,029021397000065;49,083710881000059;1
88768;08240629121300908250;08;1;21;000;2024;06;10;7;3;0;7;0;0;1;0;0;0;0;0;514745,865699999965727;5444385,064799999818206;9,202221129000066;49,152110255000082;1
88772;08240629119100912000;08;1;19;044;2024;06;11;7;3;8;7;0;0;1;0;0;0;0;0;543493,605299999937415;5426267,082100000232458;9,594497825000076;48,987775252000063;1
88781;08240628436400925020;08;4;36;008;2024;06;14;6;3;0;1;0;0;1;0;0;0;0;0;544640,349799999967217;5308322,050799999386072;9,597586828000033;47,926663650000080;1
88782;08240628436000923880;08;4;36;010;2024;06;19;6;3;5;3;0;0;1;0;0;1;0;0;565178,139000000432134;5312563,427999999374151;9,873134582000034;47,963060474000031;1
88783;08240628426200931160;08;4;26;001;2024;06;00;6;2;0;1;2;1;1;0;0;0;0;0;566632,698699999600649;5345251,553700000047684;9,897724923000055;48,256970299000045;1
88788;08240628335100934450;08;3;35;066;2024;06;14;6;3;5;2;0;0;1;1;0;0;0;0;509097,605000000447035;5281704,142999999225140;9,121231550000061;47,688660056000060;1
88795;08240628311100934390;08;3;15;030;2024;06;14;6;3;5;3;0;0;1;1;0;0;0;0;406856,813199999742210;5327452,310599999502301;7,749083306000045;48,093527740000070;1
88796;08240628311010905710;08;3;11;000;2024;06;16;6;3;5;2;0;0;1;1;0;0;0;0;411992,985399999655783;5315254,824899999424815;7,820554004000030;47,984538871000041;1
88803;08240628222301943380;08;2;22;000;2024;06;18;6;2;5;3;0;0;1;1;0;0;0;0;467007,675999999977648;5481242,116000000387430;8,544510359000071;49,482924117000039;1
88804;08240628221200943430;08;2;21;000;2024;06;13;6;3;0;1;0;0;1;0;0;0;0;0;479192,100200000219047;5472115,660800000652671;8,713203935000024;49,401373425000031;1
88805;08240628221200931670;08;2;21;000;2024;06;19;6;3;4;6;0;0;1;0;0;0;0;0;480667,725300000049174;5473990,097500000149012;8,733451021000064;49,418282412000053;1
88807;08240628216300923570;08;2;16;033;2024;06;14;6;3;5;3;0;0;1;0;0;0;0;0;446632,091699999757111;5414118,440099999308586;8,272134773000062;48,877723923000076;1
88809;08240628216100934380;08;2;16;043;2024;06;13;6;3;5;3;0;0;1;1;0;0;0;0;442593,161000000312924;5412611,980299999937415;8,217265886000064;48,863812502000030;1
88813;08240628212102905000;08;2;12;000;2024;06;08;6;3;5;2;0;0;1;1;0;0;0;0;455815,721199999563396;5430176,539499999955297;8,395636738000064;49,022892212000045;1
88815;08240628127202933900;08;1;27;014;2024;06;23;6;2;0;7;2;0;1;0;0;0;0;0;578974,410500000230968;5442013,935699999332428;10,082472939000070;49,125883461000058;1
88816;08240628127202909690;08;1;27;073;2024;06;13;6;3;5;3;0;1;1;1;0;0;0;0;578649,834900000132620;5445775,808900000527501;10,078759149000064;49,159758609000050;1
88819;08240628127100909130;08;1;27;056;2024;06;17;6;3;0;1;0;0;1;0;0;0;0;0;555897,784799999557436;5436971,846799999475479;9,765507984000067;49,083063871000036;1
88821;08240702135200947510;08;1;35;010;2024;07;18;3;3;0;1;0;0;1;0;0;0;0;0;604119,723699999973178;5397115,858799999579787;10,415573016000053;48,718371170000069;1
88826;08240628119300923210;08;1;19;055;2024;06;16;6;3;5;3;0;0;1;1;0;0;0;0;543306,174899999983609;5405830,798800000920892;9,589769495000041;48,803957907000040;1
88828;08240628118100943200;08;1;18;079;2024;06;19;6;3;1;5;0;0;1;1;0;0;0;0;509781,879200000315905;5422952,120100000873208;9,133628700000031;48,959409253000047;1
88830;08240628118010932810;08;1;15;002;2024;06;07;6;3;5;2;0;0;1;1;0;0;0;0;499932,496399999596179;5386700,116499999538064;8,999083801000040;48,633365949000051;1
88842;08240627336300932500;08;3;36;096;2024;06;13;5;3;4;6;0;0;1;0;0;1;0;0;415420,264399999752641;5298301,083499999716878;7,869801646000042;47,832492649000073;1
88848;08240627335200926320;08;3;35;025;2024;06;12;5;3;5;3;0;0;1;1;0;0;0;0;498625,299499999731779;5280910,029500000178814;8,981683696000061;47,681577453000045;1
88854;08240627311010930360;08;3;11;000;2024;06;08;5;3;5;3;0;0;1;1;0;0;0;0;411628,330099999904633;5319282,113900000229478;7,814838440000074;48,020715093000035;1
88862;08240627222301942900;08;2;22;000;2024;06;16;5;3;6;2;0;0;0;1;1;0;0;0;464217,114599999971688;5483922,274900000542402;8,505742824000038;49,506872715000043;1
88863;08240627221011921760;08;2;21;000;2024;06;10;5;3;5;3;0;0;1;0;0;0;0;1;477688,227699999697506;5472923,272199999541044;8,692430935000061;49,408584501000064;1
88864;08240627216100902220;08;2;16;005;2024;06;16;5;3;3;7;0;0;1;0;0;0;0;0;445843,148900000378489;5418134,365599999204278;8,260843189000070;48,913778879000063;1
88871;08240627212010929100;08;2;12;000;2024;06;21;5;2;5;2;1;0;1;1;0;0;0;0;461252,522400000132620;5422460,192399999126792;8,470734742000047;48,953847252000060;1
88874;08240627211100932020;08;2;11;000;2024;06;17;5;3;0;1;0;0;1;0;0;0;0;0;441192,822100000455976;5403485,894200000911951;8,199482896000063;48,781592041000067;1
88875;08240627211000940890;08;2;16;017;2024;06;19;5;2;5;2;1;0;1;0;0;1;0;0;451523,666500000283122;5401037,539899999275804;8,340390069000023;48,760459079000043;1