OID_;UIDENTSTLAE;ULAND;UREGBEZ;UKREIS;UGEMEINDE;UJAHR;UMONAT;USTUNDE;UWOCHENTAG;UKATEGORIE;UART;UTYP1;ULICHTVERH;IstStrassenzustand;IstRad;IstPKW;IstFuss;IstKrad;IstGkfz;IstSonstige;LINREFX;LINREFY;XGCSWGS84;YGCSWGS84;PLST
88876;08240627136000938980;08;1;36;065;2024;06;21;5;3;5;3;1;0;1;1;0;0;0;0;559805,887600000016391;5404331,344299999997020;9,814233719000072;48,789101681000034;1
88886;08240627121300922610;08;1;21;000;2024;06;13;5;3;6;4;0;0;0;1;1;0;0;0;512694,967600000090897;5444940,303099999204278;9,174113275000025;49,157150637000029;1
88890;08240627117100918770;08;1;17;019;2024;06;10;5;3;0;7;0;0;1;0;0;0;0;0;552807,440999999642372;5393412,220000000670552;9,717561431000036;48,691514389000076;1
88892;08240703237100969600;08;2;37;028;2024;07;19;4;3;5;2;0;1;1;1;0;0;0;0;456468,245900000445545;5368045,799599999561906;8,411127718000046;48,464039188000072;1
88894;08240627116100938910;08;1;16;019;2024;06;19;5;3;5;3;0;1;1;0;1;0;0;0;520309,755300000309944;5399391,156300000846386;9,276278344000048;48,747204667000062;1
88899;08240627111500903080;08;1;11;000;2024;06;22;5;3;3;5;2;0;1;1;0;0;0;0;512093,568799999542534;5410771,978800000622869;9,164847424000072;48,849799103000066;1
88901;08240626436300911610;08;4;36;081;2024;06;20;4;3;0;1;0;0;1;0;0;0;0;0;561879,069799999706447;5281311,890000000596046;9,824480440000059;47,682232564000060;1
88902;08240626436300900050;08;4;36;085;2024;06;18;4;3;0;1;0;0;1;0;0;0;0;0;560357,824799999594688;5297373,545700000599027;9,806443111000021;47,826878046000047;1
88904;08240626435200931360;08;4;35;047;2024;06;13;4;3;4;6;0;1;1;0;0;0;0;1;511914,288999999873340;5295605,950999999418855;9,159146471000042;47,813696398000047;1
88905;08240626435100898410;08;4;35;016;2024;06;16;4;3;5;3;0;0;1;1;0;0;0;0;533328,964900000020862;5278481,244300000369549;9,443877953000026;47,658866800000055;1
88908;08240626426100915400;08;4;26;021;2024;06;17;4;3;0;7;0;0;1;1;0;0;0;0;559669,129599999636412;5325896,715399999171495;9,801199742000051;48,083547623000072;1
88911;08240626335300899930;08;3;35;075;2024;06;11;4;3;6;2;0;1;0;1;1;0;0;0;487739,196299999952316;5289334,783900000154972;8,836402087000067;47,757265135000068;1
88913;08240626326000897950;08;3;35;043;2024;06;14;4;3;9;1;0;0;1;0;0;0;0;0;508489,325600000098348;5287219,690999999642372;9,113233303000072;47,738295143000073;1
88917;08240626317000904680;08;3;17;150;2024;06;10;4;3;5;2;0;0;1;1;0;0;0;0;407981,181599999777973;5359789,131899999454618;7,757153578000043;48,384551234000071;1
88918;08240626317000900560;08;3;17;034;2024;06;11;4;3;5;3;0;0;1;1;0;0;0;0;427181,460699999704957;5361504,500099999830127;8,016138487000035;48,402490377000049;1
88922;08240626311010915790;08;3;11;000;2024;06;10;4;3;3;6;0;0;1;1;0;0;0;0;413152,180999999865890;5315469,145700000226498;7,836042536000036;47,986625211000046;1
88926;08240708116200985800;08;1;16;077;2024;07;07;2;3;5;7;0;0;1;1;0;0;0;0;517379,959499999880791;5391255,351800000295043;9,236081386000023;48,674103676000072;1
88930;08240626215302937850;08;2;15;040;2024;06;07;4;3;5;3;0;0;1;1;0;0;0;0;488458,454699999652803;5436166,201799999922514;8,841956971000059;49,078246874000058;1
88944;08240626119400902500;08;1;19;079;2024;06;11;4;3;5;3;0;0;1;1;0;0;0;0;523278,451700000092387;5412395,945599999278784;9,317399039000065;48,864089044000082;1
88949;08240626117300929050;08;1;17;026;2024;06;15;4;3;5;3;0;1;1;1;0;0;0;0;547535,244800000451505;5394868,420700000599027;9,646094077000043;48,705037576000052;1
88953;08240628311010932180;08;3;15;006;2024;06;06;6;2;6;7;0;0;0;1;1;0;0;0;400474,869300000369549;5311932,771199999377131;7,667001418000041;47,952969196000026;1
88954;08240626116010931320;08;1;16;016;2024;06;16;4;1;6;4;0;0;0;1;1;0;0;0;533527,898000000044703;5384554,256899999454618;9,454879655000070;48,613163042000053;1
88956;08240626116010926700;08;1;16;007;2024;06;10;4;3;0;1;0;0;1;0;0;0;0;0;532561,003100000321865;5399826,355399999767542;9,442965117000028;48,750599567000052;1
88958;08240626115000914410;08;1;18;070;2024;06;20;4;3;0;7;0;0;1;0;0;0;0;0;520169,797000000253320;5423871,289999999105930;9,275580676000061;48,967426048000050;1
88959;08240626111370942480;08;1;11;000;2024;06;16;4;3;5;3;0;1;1;1;0;0;0;0;513056,844600000418723;5406931,261199999600649;9,177855435000026;48,815229117000058;1
88960;08240626111130899700;08;1;11;000;2024;06;07;4;3;6;4;0;0;1;0;1;0;0;0;515494,058299999684095;5399239,715700000524521;9,210764131000076;48,745980746000043;1
88965;08240625436000917260;08;4;35;029;2024;06;15;3;3;5;2;0;0;1;1;0;0;0;0;544430,398500000126660;5272270,848500000312924;9,591090264000059;47,602322842000035;1
88977;08240625417000941980;08;4;17;025;2024;06;11;3;3;1;5;0;0;1;1;0;0;0;0;483143,637600000016391;5358965,586300000548363;8,772336715000051;48,383630124000035;1
88978;08240625416010921000;08;4;16;041;2024;06;12;3;1;5;3;0;0;1;1;0;0;0;0;506937,206000000238419;5377147,129000000655651;9,093996301000061;48,547386433000042;1
88981;08240625337010920450;08;3;37;126;2024;06;10;3;2;5;2;0;0;1;0;0;0;1;0;442255,048999999649823;5273234,004499999806285;8,231664084000045;47,609938927000030;1
88985;08240707119300970140;08;1;19;067;2024;07;15;1;3;3;6;0;0;1;0;0;0;0;0;538785,221199999563396;5404887,805500000715256;9,528114262000031;48,795773727000039;1
88986;08240625327100915600;08;3;27;038;2024;06;18;3;3;0;1;0;0;1;0;0;0;0;0;498763,749499999918044;5312833,703199999406934;8,983437260000073;47,968809780000072;1
88998;08240625311010925900;08;3;15;089;2024;06;09;3;3;5;3;0;0;1;1;0;0;0;0;406893,593000000342727;5310593,273000000044703;7,753239211000050;47,941885730000081;1
88999;08240625311010925890;08;3;11;000;2024;06;21;3;3;4;6;0;0;1;0;0;0;0;0;412949,309700000099838;5316219,952999999746680;7,833171932000027;47,993351394000058;1
89011;08240625221300926280;08;2;21;000;2024;06;09;3;2;5;2;0;0;1;0;0;1;0;0;478702,944199999794364;5473634,065199999138713;8,706380530000047;49,415014340000027;1
89012;08240625215502941070;08;2;15;099;2024;06;07;3;3;5;3;0;0;1;1;0;0;0;0;463048,792000000365078;5446285,507999999448657;8,493094642000074;49,168269974000054;1
89027;08240625121200928650;08;1;21;000;2024;06;15;3;3;6;7;0;0;0;1;1;0;0;0;515836,539099999703467;5441475,685200000181794;9,217063926000037;49,125912251000045;1
89030;08240625119300925920;08;1;19;086;2024;06;09;3;3;6;7;0;0;0;1;1;0;0;0;534935,503100000321865;5405026,692800000309944;9,475708848000068;48,797251349000078;1
89031;08240625119300895420;08;1;19;067;2024;06;10;3;3;0;1;0;0;1;0;0;0;0;0;537532,753999999724329;5408846,755000000819564;9,511423026000045;48,831463528000029;1
89035;08240625118400937550;08;1;18;048;2024;06;16;3;3;0;7;0;0;1;0;0;0;0;0;512586,294599999673665;5415276,881500000134110;9,171702345000028;48,890314417000070;1
89036;08240625118400913260;08;1;18;048;2024;06;18;3;3;5;2;0;0;1;1;0;0;0;0;514782,959900000132620;5418287,448300000280142;9,201778092000040;48,917348096000069;1
89038;08240703136200969310;08;1;36;010;2024;07;16;4;3;2;4;0;1;0;1;1;0;0;1;598981,369500000029802;5412840,838899999856949;10,349522406000062;48,860630043000072;1
89041;08240625118010923970;08;1;18;079;2024;06;15;3;2;0;1;0;0;1;0;0;0;0;0;509286,237700000405312;5423197,572899999096990;9,126863438000044;48,961624907000044;1
89042;08240625118010915240;08;1;18;019;2024;06;08;3;2;6;4;0;0;0;0;1;1;0;0;503333,401999999769032;5404162,062799999490380;9,045383975000050;48,790445881000039;1
89043;08240625117300929660;08;1;17;026;2024;06;17;3;3;0;7;0;0;1;0;0;0;0;0;550914,599999999627471;5391138,624399999156594;9,691562946000033;48,671219669000038;1
89049;08240625111310926780;08;1;11;000;2024;06;13;3;3;0;7;0;0;1;0;0;0;0;0;513415,514700000174344;5406440,757200000807643;9,182725043000062;48,810808969000050;1
89058;08240708335300982690;08;3;35;022;2024;07;10;2;3;5;3;0;0;1;1;0;0;0;0;482687,432000000029802;5299932,353000000119209;8,768572904000052;47,852500056000054;1
89062;08240624421200921590;08;4;25;072;2024;06;15;2;3;5;3;0;0;1;1;0;0;0;0;579772,373999999836087;5371614,816999999806285;10,079725463000045;48,492589873000043;1
89084;08240624317000904240;08;3;17;009;2024;06;07;2;3;0;1;0;0;1;0;0;0;0;0;425924,145499999634922;5361661,204199999570847;7,999125741000057;48,403753456000061;1
89087;08240624317000889750;08;3;17;146;2024;06;11;2;3;5;2;0;0;1;0;0;0;0;0;430422,690399999730289;5355139,983300000429153;8,060978344000034;48,345605187000046;1
89091;08240624311010923840;08;3;11;000;2024;06;09;2;3;5;3;0;0;1;0;0;0;0;1;414614,481700000353158;5317756,575300000607967;7,855181435000077;48,007398440000031;1
89106;08240624128300891330;08;1;28;039;2024;06;11;2;3;0;1;0;0;1;0;0;0;0;0;523457,774199999868870;5510776,227299999445677;9,325624143000027;49,749012323000045;1
89107;08240703226200954400;08;2;22;000;2024;07;09;4;3;0;7;0;0;1;0;0;0;0;0;462554,932900000363588;5482407,781999999657273;8,482928173000062;49,493150299000035;1
89113;08240624121500890720;08;1;25;039;2024;06;09;2;3;2;6;0;0;1;1;0;0;0;0;511418,368200000375509;5458661,366299999877810;9,156995058000064;49,280599966000068;1
89122;08240624116010892500;08;1;16;007;2024;06;15;2;2;5;3;0;0;1;1;0;0;0;0;532789,472000000067055;5400526,744999999180436;9,446128928000064;48,756888094000033;1
89123;08240624111140908590;08;1;11;000;2024;06;19;2;3;3;6;0;0;1;1;0;0;0;0;509471,077800000086427;5402939,823000000789762;9,128919576000044;48,779387503000066;1
89124;08240623436400888610;08;4;36;012;2024;06;12;1;3;0;1;0;0;1;0;0;0;0;0;549262,054999999701977;5298899,313999999314547;9,658377003000055;47,841550825000070;1
89133;08240623335300941140;08;3;35;015;2024;06;13;1;3;3;6;0;0;1;1;0;0;0;0;478002,425800000317395;5282657,154699999839067;8,706821489000049;47,696924458000069;1
89134;08240623335000913710;08;3;35;025;2024;06;16;1;2;5;3;0;0;1;0;0;0;0;0;499261,549999999813735;5283201,382999999448657;8,990157123000074;47,702195341000049;1
89137;08240623325069926530;08;3;25;069;2024;06;22;1;3;4;6;2;0;1;1;0;0;0;0;465352,580500000156462;5335834,010199999436736;8,533952267000075;48,174801694000053;1
89145;08240623237100942350;08;2;37;045;2024;06;05;1;3;4;6;1;0;1;1;0;0;0;0;460868,216500000096858;5364319,297599999234080;8,470993471000043;48,430804346000059;1
89149;08240708127100985200;08;1;27;025;2024;07;21;2;2;0;7;1;0;1;0;0;0;0;0;557147,669499999843538;5429118,257699999958277;9,781515290000073;49,012308391000033;1
89155;08240623222014914500;08;2;21;000;2024;06;12;1;2;8;1;0;0;1;0;0;0;0;0;481627,871500000357628;5470618,305900000035763;8,746845125000050;49,387983249000058;1
89157;08240623216200912400;08;2;11;000;2024;06;13;1;2;0;1;0;0;1;0;0;0;0;0;437853,427000000141561;5397697,627000000327826;8,154903968000042;48,729201795000051;1
89160;08240623215202935520;08;2;15;084;2024;06;16;1;3;0;6;0;0;1;0;0;0;0;0;472890,712700000032783;5447177,214999999850988;8,628044808000027;49,176804728000036;1
89165;08240623136200887210;08;1;36;003;2024;06;10;1;3;5;3;0;0;1;1;0;0;0;0;572829,083599999547005;5422812,993100000545382;9,994804596000051;48,953945467000040;1
89171;08240623121600924660;08;1;25;046;2024;06;20;1;3;0;1;0;0;1;0;0;0;0;0;521513,266400000080466;5433056,511499999091029;9,294423069000061;49,050006255000028;1
89172;08240623121500917340;08;1;25;065;2024;06;10;1;3;8;1;0;0;1;0;0;0;0;0;522917,913900000043213;5451674,740499999374151;9,314704669000037;49,217431643000054;1
89173;08240623121200891090;08;1;21;000;2024;06;16;1;3;5;3;0;0;1;1;0;0;0;0;516170,569000000134110;5444130,952999999746680;9,221748807000040;49,149788571000045;1
89176;08240623119100891480;08;1;19;024;2024;06;13;1;2;0;7;0;0;1;0;0;0;0;0;541708,225399999879301;5430611,330800000578165;9,570541726000044;49,026975621000076;1
89184;08240623111500891040;08;1;11;000;2024;06;17;1;3;6;4;0;0;0;0;1;0;0;1;507640,218200000002980;5405905,138900000602007;9,104053253000075;48,806088448000025;1
89187;08240623111230891420;08;1;11;000;2024;06;18;1;3;0;1;0;0;1;0;0;0;0;0;515864,079599999822676;5398896,980200000107288;9,215784257000053;48,742888198000060;1
89191;08240622436300884280;08;4;36;049;2024;06;14;7;3;4;2;0;0;1;1;0;0;0;0;579038,749599999748170;5285298,430400000885129;10,053804003000039;47,716225575000067;1
89196;08240622336400887440;08;3;36;014;2024;06;16;7;3;5;3;0;1;1;1;0;0;0;0;393851,447499999776483;5277718,654999999329448;7,586689824000075;47,644158136000044;1
89205;08240622221300915100;08;2;21;000;2024;06;10;7;3;5;2;0;1;1;1;0;0;0;0;477460,940299999900162;5474328,269600000232458;8,689218030000063;49,421213844000079;1
89212;08240622136000904260;08;1;36;065;2024;06;12;7;3;4;6;0;0;1;0;0;0;0;0;558217,501199999824166;5404499,126900000497699;9,792634425000074;48,790761629000031;1
89213;08240622136000884810;08;1;36;065;2024;06;11;7;3;5;3;0;0;1;1;0;0;0;0;558563,836000000126660;5404877,519999999552965;9,797403256000052;48,794132780000041;1
89214;08240622135200901220;08;1;35;032;2024;06;11;7;2;0;7;0;0;1;0;0;0;0;0;578637,285699999891222;5391487,660000000149012;10,068124830000045;48,671483459000058;1
89234;08240622115100919460;08;1;15;013;2024;06;10;7;2;5;3;0;0;1;1;0;0;0;0;495598,502999999560416;5389701,375000000000000;8,940228374000071;48,660350279000056;1
89236;08240622111120885100;08;1;11;000;2024;06;11;7;3;0;7;0;0;1;1;0;0;0;0;513699,838499999605119;5401926,916200000792742;9,186447124000040;48,770196715000054;1
89237;08240621435100893520;08;4;35;016;2024;06;07;6;3;5;3;0;0;1;1;0;0;0;0;536771,990000000223517;5279463,287000000476837;9,489813451000032;47,667516063000051;1
89241;08240625426100903350;08;4;26;021;2024;06;19;3;3;4;6;0;0;1;0;0;0;0;0;559983,998800000175834;5326639,646900000050664;9,805531541000050;48,090201600000057;1
89242;08240621416200931550;08;4;16;041;2024;06;18;6;3;1;3;0;0;0;1;1;0;0;0;498810,894000000320375;5374670,339999999850988;8,983895159000042;48,525141629000075;1
89249;08240621326000905430;08;3;27;036;2024;06;15;6;3;3;2;0;0;1;0;0;0;0;1;491619,192800000309944;5319341,823499999940395;8,887590618000047;48,027310779000061;1
89257;08240621311010883280;08;3;36;091;2024;06;19;6;3;0;7;0;1;1;0;0;0;0;0;394948,289400000125170;5271695,699599999934435;7,602733566000040;47,590159950000043;1
89260;08240621226300910580;08;2;26;056;2024;06;13;6;3;0;1;0;1;1;0;0;0;0;0;485661,165099999867380;5471176,894899999722838;8,802400496000075;49,393116059000079;1
89264;08240621216100899510;08;2;16;043;2024;06;07;6;3;5;2;0;0;1;0;0;0;0;1;441600,835799999535084;5411153,481000000610948;8,203945092000026;48,850600705000033;1
89267;08240621215502925480;08;2;15;029;2024;06;23;6;2;3;6;2;0;1;0;0;0;0;0;466917,007799999788404;5448652,725199999287724;8,545963146000076;49,189783951000038;1
89269;08240621212702914480;08;2;15;108;2024;06;22;6;3;0;7;2;0;1;0;0;0;0;0;451454,406999999657273;5423736,444000000134110;8,336755116000063;48,964635568000062;1
89270;08240621212010913650;08;2;15;009;2024;06;14;6;3;6;6;0;0;1;0;1;0;0;0;470543,319799999706447;5442822,060100000351667;8,596156640000061;49,137521250000077;1
89280;08240621121200881000;08;1;21;000;2024;06;12;6;3;5;3;0;0;1;1;0;0;0;0;515836,882000000216067;5441473,551999999210238;9,217068542000050;49,125893053000027;1
89282;08240621119010889900;08;1;19;093;2024;06;16;6;2;6;4;0;0;1;0;1;0;0;1;524996,926799999549985;5404468,300100000575185;9,340346511000064;48,792707235000080;1
89283;08240621118600883210;08;1;18;076;2024;06;15;6;3;5;3;0;0;1;1;0;0;0;0;506040,434500000439584;5423750,736300000920892;9,082529343000033;48,966641220000042;1
89286;08240622317100900730;08;3;17;001;2024;06;09;7;3;6;4;0;1;0;1;1;0;0;0;431726,837700000032783;5386605,997099999338388;8,073434590000033;48,628792162000082;1
89294;08240621115100913610;08;1;15;044;2024;06;07;6;2;6;4;0;0;0;1;1;0;0;0;505179,558600000105798;5389875,011299999430776;9,070339744000023;48,661906368000075;1
89298;08240621111230488100;08;1;11;000;2024;06;16;6;3;8;1;0;0;1;0;0;0;0;0;512859,241799999959767;5400310,425699999555945;9,174956615000042;48,755672792000041;1
89309;08240620335200877340;08;3;35;063;2024;06;12;5;3;5;3;0;0;1;0;0;0;0;1;497602,651800000108778;5287928,543899999931455;8,968019478000031;47,744724519000044;1
89313;08240620317100908880;08;3;17;008;2024;06;23;5;3;0;1;2;0;1;0;0;0;0;0;440619,196100000292063;5364027,549300000071526;8,197319796000045;48,426596020000034;1
89315;08240707226300974060;08;2;26;022;2024;07;16;1;3;5;3;0;0;1;1;0;0;0;0;481338,790599999949336;5467735,528200000524521;8,742997071000048;49,362044049000076;1
89318;08240620311010896680;08;3;15;098;2024;06;14;5;3;0;1;0;0;1;0;0;0;0;0;403888,188500000163913;5312529,624399999156594;7,712572468000076;47,958859315000041;1
89322;08240620231202912740;08;2;36;043;2024;06;07;5;3;6;4;0;0;0;1;1;0;0;0;468265,282200000248849;5412174,666600000113249;8,567320874000075;48,861723486000074;1
89325;08240620226600268600;08;2;26;096;2024;06;19;5;3;5;2;0;0;1;1;0;0;0;0;476205,017300000414252;5489201,061499999836087;8,671005659000059;49,554942377000032;1
89332;08240620222800879210;08;2;22;000;2024;06;20;5;3;5;3;0;0;1;1;0;0;0;0;462780,349499999545515;5486520,964700000360608;8,485652998000035;49,530159999000034;1
89341;08240620127100911710;08;1;27;076;2024;06;15;5;3;5;3;0;0;1;1;0;0;0;0;551983,782100000418723;5439053,786399999633431;9,712178907000066;49,102133465000065;1
89344;08240620121600896210;08;1;25;046;2024;06;17;5;3;0;1;0;0;1;0;0;0;0;0;520109,252600000239909;5434101,149599999189377;9,275260345000049;49,059450639000033;1
89351;08240620119200917280;08;1;19;020;2024;06;18;5;3;5;2;0;0;1;1;0;0;0;0;520146,338999999687076;5406844,533600000664592;9,274420653000050;48,814259493000066;1
89355;08240708222301009640;08;2;22;000;2024;07;17;2;3;5;2;0;0;1;1;0;0;0;0;464690,835099999792874;5481913,953600000590086;8,512465399000064;49,488836615000025;1
89357;08240620115200882340;08;1;15;016;2024;06;16;5;3;6;4;0;0;0;1;1;0;0;0;486308,009800000116229;5378061,954700000584126;8,814449428000046;48,555505357000072;1
89360;08240620111500882200;08;1;11;000;2024;06;16;5;3;3;2;0;0;1;1;0;0;0;0;509943,133000000379980;5399228,225999999791384;9,135255451000035;48,745990745000029;1
89361;08240620111500878910;08;1;11;000;2024;06;10;5;3;5;2;0;0;1;1;0;0;0;0;513949,171600000001490;5403698,620999999344349;9,189900498000043;48,786129281000058;1
89363;08240620111120889510;08;1;11;000;2024;06;00;5;3;6;7;2;0;0;1;1;0;0;0;513915,730100000277162;5403608,199599999934435;9,189442175000067;48,785316608000073;1
89365;08240619436200908380;08;4;36;064;2024;06;16;4;3;4;2;0;0;1;1;0;0;0;0;546533,265999999828637;5291047,366800000891089;9,621066855000038;47,771110494000027;1
89367;08240619426100904930;08;4;26;021;2024;06;09;4;3;5;3;0;0;1;1;0;0;0;0;566258,877999999560416;5324813,691999999806285;9,889504281000029;48,073153811000054;1
89375;08240619337010890300;08;3;37;002;2024;06;08;4;3;3;6;0;0;1;1;0;0;0;0;434784,052000000141561;5271407,575999999418855;8,132540152000047;47,592798120000054;1
89380;08240619317500924480;08;3;17;096;2024;06;17;4;3;5;3;0;0;1;1;0;0;0;0;422054,508999999612570;5369726,260999999940395;7,945349420000070;48,475831775000074;1
89383;08240619317000901990;08;3;17;034;2024;06;15;4;3;5;3;0;0;1;1;0;0;0;0;426000,091000000014901;5363075,630000000819564;7,999902237000072;48,416485378000061;1
89385;08240703119000947440;08;1;19;044;2024;07;17;4;3;0;1;0;1;1;0;0;0;0;0;541250,127500000409782;5425540,646400000900030;9,563760446000060;48,981394746000035;1
89389;08240619311010902070;08;3;36;091;2024;06;20;4;2;5;3;0;0;1;1;0;0;0;0;395417,651200000196695;5271966,235999999567866;7,608910029000072;47,592669338000064;1
89399;08240619221400905410;08;2;21;000;2024;06;09;4;3;3;6;0;0;1;1;0;0;0;0;477517,549399999901652;5471157,298599999397993;8,690178110000033;49,392693538000060;1
89403;08240619216100874360;08;2;16;043;2024;06;08;4;2;5;2;0;0;1;1;0;0;0;0;441581,245000000111759;5411491,474500000476837;8,203629851000073;48,853639105000070;1
89430;08240618437100892070;08;4;35;052;2024;06;11;3;3;5;3;0;0;1;1;0;0;0;0;517797,231999999843538;5293429,787000000476837;9,237638649000075;47,793980704000035;1
89434;08240618436100872890;08;4;36;055;2024;06;18;3;3;5;3;0;0;1;1;0;0;0;0;576388,700600000098348;5297204,718599999323487;10,020571015000030;47,823655002000066;1
89435;08240618436000880580;08;4;36;064;2024;06;16;3;3;5;3;0;0;1;1;0;0;0;0;540903,981100000441074;5294016,183399999514222;9,546217852000041;47,798203225000066;1
89436;08240618435100902100;08;4;35;016;2024;06;07;3;2;4;2;0;0;1;1;0;0;0;0;537039,827700000256300;5281758,447499999776483;9,493575711000062;47,688151164000033;1
89437;08240618421300939840;08;4;25;137;2024;06;07;3;3;0;1;0;1;1;0;0;0;0;0;575693,144799999892712;5351575,268200000748038;10,020908150000025;48,312836390000029;1
89449;08240618326000873700;08;3;27;025;2024;06;13;3;2;0;1;0;1;1;0;0;0;0;0;481859,580099999904633;5304563,010900000110269;8,757312172000070;47,894140662000041;1
89454;08240618311010886320;08;3;11;000;2024;06;16;3;3;0;7;0;0;1;0;0;0;0;0;412745,839300000108778;5317773,360999999567866;7,830129281000040;48,007297046000076;1
89455;08240618311010884170;08;3;11;000;2024;06;19;3;3;2;6;0;0;1;1;0;0;0;0;402714,025299999862909;5313601,893400000408292;7,696605966000050;47,968326930000046;1
89459;08240618231000911140;08;2;36;004;2024;06;12;3;3;4;6;0;0;1;1;0;0;0;0;473926,972099999897182;5416090,432199999690056;8,644262345000072;48,897212098000068;1
89465;08240618215102870490;08;2;12;000;2024;06;08;3;3;5;3;0;0;1;1;0;0;0;0;460519,200699999928474;5431298,435799999162555;8,459859671000061;49,033302867000032;1
89474;08240618135200871430;08;1;35;032;2024;06;20;3;2;0;1;0;0;1;0;0;0;0;0;578618,275399999693036;5391725,229299999773502;10,067911824000021;48,673622685000055;1
89475;08240618126100935300;08;1;26;072;2024;06;17;3;3;5;3;0;0;1;1;0;0;0;0;543392,060399999842048;5467730,027499999850988;9,597582681000063;49,360735678000026;1
89478;08240618119300888490;08;1;19;067;2024;06;17;3;2;8;1;0;0;1;0;0;0;0;0;538906,034900000318885;5406955,478199999779463;9,529955184000073;48,814366005000068;1
89488;08240618117100902630;08;1;17;026;2024;06;16;3;2;6;4;0;0;0;0;1;0;0;1;550527,218999999575317;5392852,140200000256300;9,686511054000050;48,686665021000067;1
89491;08240618116200887350;08;1;16;077;2024;06;23;3;2;0;1;2;0;1;0;0;0;0;0;517613,675999999977648;5391132,554999999701977;9,239250825000056;48,672992441000076;1
89492;08240618116010872240;08;1;16;046;2024;06;13;3;1;5;3;0;0;1;1;0;0;0;0;527696,516999999992549;5379150,437999999150634;9,375405847000025;48,564835224000035;1
89499;08240617436400868760;08;4;36;011;2024;06;15;2;3;5;3;0;0;1;1;0;0;0;0;548437,128800000064075;5296853,188200000673532;9,647123855000075;47,823204776000068;1
89501;08240617436200871870;08;4;36;069;2024;06;17;2;2;5;3;0;0;1;1;0;0;0;0;551776,441800000146031;5294454,883199999108911;9,691447588000074;47,801367499000037;1
89502;08240617436200868390;08;4;36;064;2024;06;13;2;3;0;6;0;0;1;0;0;0;0;0;546558,696399999782443;5290518,718100000172853;9,621349592000058;47,766352393000034;1
89512;08240617416100897720;08;4;16;048;2024;06;08;2;3;0;7;0;0;1;0;0;0;0;0;497553,305100000463426;5375327,190300000831485;8,966858955000021;48,531047245000082;1
89521;08240617325302885930;08;3;25;053;2024;06;17;2;3;5;3;0;0;1;1;0;0;0;0;457114,146099999547005;5341781,652400000020862;8,422540016000028;48,227806472000054;1
89525;08240617317000872710;08;3;17;026;2024;06;11;2;2;5;3;0;0;1;1;0;0;0;0;412615,208700000308454;5345270,047399999573827;7,822737764000067;48,254614332000074;1
89536;08240617222500871660;08;2;26;009;2024;06;16;2;3;2;6;0;0;1;1;0;0;0;0;466198,207899999804795;5471501,482999999076128;8,534165914000027;49,395266174000028;1
89537;08240711135200015970;08;1;35;019;2024;07;17;5;3;6;4;0;0;1;0;1;0;0;0;585022,485999999567866;5392399,664000000804663;10,155024391000040;48,678849569000079;1
89540;08240617212102937620;08;2;15;101;2024;06;18;2;3;0;3;0;0;1;1;0;0;0;0;465914,878800000064075;5428037,349199999123812;8,533949625000048;49,004290347000051;1
89541;08240709326100017230;08;3;26;005;2024;07;13;3;3;5;3;0;0;1;1;0;0;0;0;465302,789800000376999;5298592,262299999594688;8,536295729000074;47,839739480000048;1
89543;08240617136200902130;08;1;36;019;2024;06;17;2;3;5;3;0;0;1;1;0;0;0;0;582256,758999999612570;5424535,051999999210238;10,123904934000052;48,968251254000052;1
89546;08240617126200922270;08;1;26;066;2024;06;13;2;3;5;3;0;0;1;1;0;0;0;0;535849,718999999575317;5450567,360999999567866;9,492177353000045;49,206850539000072;1
89548;08240617126200880780;08;1;26;066;2024;06;07;2;3;5;3;0;1;1;1;0;0;0;0;536148,658999999985099;5448964,710100000724196;9,496137087000022;49,192417188000036;1
89555;08240617118600868000;08;1;18;076;2024;06;08;2;3;1;5;0;0;0;1;1;0;0;1;505281,755300000309944;5424053,506300000473857;9,072167589000060;48,969371786000067;1
89560;08240617111500871640;08;1;11;000;2024;06;15;2;3;5;2;0;1;1;1;0;0;0;0;509921,730700000189245;5399170,649900000542402;9,134962931000075;48,745473132000029;1
89568;08240616426300864670;08;4;26;118;2024;06;17;1;3;2;6;0;0;1;0;0;0;0;0;548334,986100000329316;5327215,583300000056624;9,649172583000052;48,096373073000052;1
89571;08240616335300864680;08;3;35;075;2024;06;17;1;3;3;6;0;0;1;0;0;0;0;0;488903,201399999670684;5290149,641200000420213;8,851912736000031;47,764617929000053;1
89573;08240616335100884610;08;3;35;043;2024;06;18;1;3;2;3;0;0;1;1;0;0;0;0;514538,139000000432134;5280037,591000000014901;9,193674378000026;47,673565526000061;1
89575;08240616326400876000;08;3;26;074;2024;06;22;1;3;4;6;2;0;1;0;0;0;0;0;459565,584699999541044;5323910,873099999502301;8,457245025000077;48,067192158000069;1
89580;08240616317000863270;08;3;17;113;2024;06;11;1;3;3;2;0;0;1;0;0;1;0;0;408741,409799999557436;5344853,057099999859929;7,770651446000045;48,250317533000043;1
89581;08240616237100900310;08;2;37;028;2024;06;15;1;2;0;1;0;0;1;0;0;0;0;0;455163,396999999880791;5368862,896500000730157;8,393389894000052;48,471298085000058;1
89583;08240702121200946760;08;1;21;000;2024;07;15;3;3;0;7;0;0;1;0;0;0;0;1;515139,147699999623001;5444303,920199999585748;9,207611414000041;49,151370762000056;1
89587;08240616215402936000;08;2;15;009;2024;06;12;1;3;5;2;0;0;1;1;0;0;0;0;465515,477900000289083;5438265,343299999833107;8,527617924000026;49,096271342000080;1