OID_;UIDENTSTLAE;ULAND;UREGBEZ;UKREIS;UGEMEINDE;UJAHR;UMONAT;USTUNDE;UWOCHENTAG;UKATEGORIE;UART;UTYP1;ULICHTVERH;IstStrassenzustand;IstRad;IstPKW;IstFuss;IstKrad;IstGkfz;IstSonstige;LINREFX;LINREFY;XGCSWGS84;YGCSWGS84;PLST
90297;08240816127100127200;08;1;27;025;2024;08;19;6;3;0;7;0;0;1;0;0;0;0;0;555396,378800000064075;5428035,823499999940395;9,757420279000030;49,002731808000078;1
90298;08240816126100113280;08;1;26;039;2024;08;10;6;3;5;3;0;0;1;1;0;0;0;0;546288,815899999812245;5465746,536499999463558;9,637242930000070;49,342682052000043;1
90300;08240816121500122210;08;1;25;068;2024;08;19;6;3;5;2;1;0;1;1;0;0;0;0;518578,295800000429153;5458342,379699999466538;9,255423709000070;49,277554966000025;1
90301;08240824436200119640;08;4;36;064;2024;08;11;7;3;5;3;0;0;1;1;0;0;0;0;540257,282599999569356;5292351,714800000190735;9,537428035000062;47,783268568000040;1
90305;08240820337010142660;08;3;37;126;2024;08;09;3;2;3;6;0;0;1;1;0;0;0;0;444706,563799999654293;5274939,601800000295043;8,264065013000049;47,625498092000043;1
90312;08240816111500100650;08;1;11;000;2024;08;16;6;3;5;3;0;0;1;1;0;0;0;0;518375,396099999547005;5403115,973899999633431;9,250131425000063;48,780772836000040;1
90316;08240815435100093740;08;4;35;016;2024;08;05;5;3;0;1;1;0;1;0;0;0;0;0;536938,656399999745190;5280331,389799999073148;9,492106834000026;47,675317209000070;1
90318;08240815426000132480;08;4;26;014;2024;08;14;5;3;2;6;0;0;1;1;0;0;0;0;548515,559100000187755;5317696,129399999976158;9,650518011000031;48,010717377000049;1
90319;08240815426000095850;08;4;25;141;2024;08;14;5;1;6;6;0;0;0;1;1;0;0;0;568018,709499999880791;5362658,446200000122190;9,919206388000021;48,413406789000078;1
90324;08240815335300097740;08;3;35;022;2024;08;17;5;3;5;2;0;0;1;1;0;0;0;0;482676,769000000320375;5298794,107000000774860;8,768475949000049;47,842258566000055;1
90325;08240815335000095640;08;3;35;028;2024;08;16;5;2;4;6;0;0;1;0;0;0;0;0;483958,781100000254810;5287809,689400000497699;8,786015965000047;47,743460086000027;1
90326;08240815326100119850;08;3;26;012;2024;08;23;5;3;0;1;2;0;1;0;0;0;0;0;456829,057400000281632;5313385,003699999302626;8,421574557000042;47,972314733000076;1
90328;08240815326000096610;08;3;35;015;2024;08;13;5;3;8;1;0;0;1;0;0;0;0;0;477247,413499999791384;5282594,688500000163913;8,696762264000029;47,696336266000060;1
90331;08240815317600094330;08;3;17;039;2024;08;10;5;3;5;3;0;0;1;1;0;0;0;0;441506,465499999932945;5343888,331800000742078;8,212108810000075;48,245510600000046;1
90334;08240815311010152450;08;3;36;084;2024;08;13;5;2;6;7;0;0;0;0;1;0;0;1;405548,147900000214577;5277268,010999999940395;7,742481233000035;47,641916939000055;1
90336;08240815235100097970;08;2;35;085;2024;08;13;5;3;3;6;0;0;1;1;0;0;0;0;480644,989799999631941;5398295,058800000697374;8,736760628000070;48,737374660000057;1
90345;08240815136100117670;08;1;36;088;2024;08;17;5;3;5;3;0;0;1;1;0;0;0;0;580190,394299999810755;5411490,304700000211596;10,093114216000060;48,851196882000067;1
90346;08240815127202106900;08;1;27;014;2024;08;17;5;2;5;3;0;0;1;1;0;0;0;0;578286,085900000296533;5442870,167899999767542;10,073206293000055;49,133672334000039;1
90349;08240815127100095660;08;1;27;076;2024;08;15;5;3;0;1;0;0;1;0;0;0;0;0;554007,483900000341237;5440115,978199999779463;9,740043363000041;49,111513199000058;1
90350;08240815126100095060;08;1;26;056;2024;08;21;5;3;6;6;1;0;1;0;1;0;0;0;557894,634700000286102;5465661,385999999940395;9,796989438000026;49,340924990000076;1
90358;08240815116200108750;08;1;16;077;2024;08;18;5;3;0;1;0;0;1;0;0;0;0;0;515516,472400000318885;5390670,416699999943376;9,210746877000076;48,668890651000027;1
90360;08240815115400122880;08;1;15;045;2024;08;06;5;3;0;6;1;0;1;0;0;0;0;0;500138,064100000075996;5393653,954099999740720;9,001876209000045;48,695923652000033;1
90361;08240815111500120050;08;1;11;000;2024;08;17;5;3;5;3;0;0;1;1;0;0;0;0;518309,126899999566376;5406307,381899999454618;9,249371610000026;48,809484226000052;1
90362;08240815111310117540;08;1;11;000;2024;08;20;5;3;6;6;0;0;1;0;1;0;0;0;517290,100800000131130;5405061,219000000506639;9,235440049000033;48,798303123000039;1
90364;08240814436400105810;08;4;36;008;2024;08;18;4;3;3;6;0;0;1;0;0;0;0;1;547361,205799999646842;5310900,278200000524521;9,634291522000069;47,949663976000068;1
90370;08240814335300118770;08;3;35;075;2024;08;11;4;3;5;3;0;0;1;1;0;0;0;0;490965,883299999870360;5289966,550799999386072;8,879443053000045;47,763002780000079;1
90372;08240820221200124500;08;2;21;000;2024;08;21;3;3;2;2;1;0;1;1;0;0;0;0;477615,001699999906123;5472196,597899999469519;8,691462486000034;49,402045484000041;1
90374;08240814326000096150;08;3;26;017;2024;08;11;4;3;6;2;0;0;0;1;1;0;0;0;440812,824900000356138;5322251,975899999961257;8,205775648000042;48,050803698000038;1
90375;08240814325102150660;08;3;25;057;2024;08;11;4;3;0;1;0;0;1;0;0;0;0;0;466102,059000000357628;5360181,131999999284744;8,542079509000075;48,393879873000060;1
90389;08240814215302095110;08;2;15;089;2024;08;08;4;3;5;3;0;0;1;1;0;0;0;0;469157,092199999839067;5430639,676999999210238;8,578081717000032;49,027869728000042;1
90393;08240814136200105990;08;1;36;019;2024;08;15;4;3;5;2;0;0;1;1;0;0;0;0;582252,052600000053644;5424546,137900000438094;10,123842882000076;48,968351586000040;1
90398;08240814119500098210;08;1;19;042;2024;08;21;4;3;0;1;2;0;1;0;0;0;0;0;527233,207799999974668;5416490,139000000432134;9,371593340000061;48,900757780000049;1
90407;08240813435200114740;08;4;35;005;2024;08;18;3;2;0;1;0;0;1;0;0;0;0;0;523989,867700000293553;5285520,249900000169873;9,319888520000063;47,722614257000032;1
90408;08240813435100102940;08;4;35;016;2024;08;11;3;3;0;1;0;0;1;0;0;0;0;0;534980,867999999783933;5277846,087999999523163;9,465826573000072;47,653064805000042;1
90410;08240813335200091140;08;3;35;025;2024;08;11;3;3;0;1;0;0;1;0;0;0;0;0;496738,978600000031292;5279812,860300000756979;8,956558837000046;47,671698696000078;1
90411;08240813335100118720;08;3;35;043;2024;08;18;3;2;6;4;0;0;1;0;1;0;0;0;512282,180999999865890;5279846,971499999985099;9,163615703000062;47,671897187000070;1
90414;08240821119300147600;08;1;19;067;2024;08;07;4;3;0;3;0;1;1;1;0;0;0;0;538750,430999999865890;5406858,721000000834465;9,527826595000022;48,813505347000046;1
90415;08240813326100117990;08;3;26;012;2024;08;16;3;3;3;6;0;0;1;1;0;0;0;0;467785,658900000154972;5306781,243699999526143;8,568865763000076;47,913546007000036;1
90416;08240813326100097050;08;3;26;006;2024;08;19;3;2;5;2;0;0;1;1;0;0;0;0;459119,173000000417233;5308836,193900000303984;8,452689475000057;47,931540183000038;1
90429;08240813216100115290;08;2;16;043;2024;08;09;3;3;0;1;0;0;1;0;0;0;0;0;440171,992399999871850;5413462,007500000298023;8,184132725000040;48,871229606000043;1
90434;08240813128100115330;08;1;28;082;2024;08;15;3;2;5;3;0;1;1;1;0;0;0;0;566892,139000000432134;5471793,354000000283122;9,921865910000065;49,395154816000058;1
90441;08240813111320117350;08;1;11;000;2024;08;16;3;3;6;4;0;0;0;1;1;0;0;0;515873,061400000005960;5405552,675499999895692;9,216163309000024;48,802761996000072;1
90447;08240812421200096710;08;4;21;000;2024;08;11;2;2;5;3;0;0;1;1;0;0;0;0;571728,129399999976158;5364051,405400000512600;9,969566569000051;48,425525443000026;1
90448;08240812335100109650;08;3;35;043;2024;08;11;2;3;8;6;0;0;1;0;0;0;0;0;513617,130599999800324;5279557,319599999114871;9,181389967000030;47,669264261000080;1
90456;08240812311010098820;08;3;11;000;2024;08;07;2;2;0;7;0;0;1;0;0;0;0;0;412610,605999999679625;5314400,817999999970198;7,829003155000066;47,976941475000046;1
90457;08240812311010086120;08;3;11;000;2024;08;10;2;3;0;3;0;0;1;1;0;0;0;0;412797,711500000208616;5314634,185300000011921;7,831462409000039;47,979066225000054;1
90466;08240812212010105690;08;2;12;000;2024;08;16;2;3;5;3;0;0;1;0;0;0;0;1;455725,635800000280142;5428117,422700000926852;8,394629232000057;49,004363807000061;1
90471;08240812136010131340;08;1;36;042;2024;08;10;2;2;6;4;0;0;0;1;1;0;0;0;546861,394500000402331;5404177,889000000432134;9,637995010000054;48,788831481000045;1
90477;08240812121300112260;08;1;21;000;2024;08;17;2;3;3;6;0;0;1;0;0;0;0;1;513314,841500000096858;5443886,340099999681115;9,182580044000076;49,147656758000039;1
90484;08240812111130146640;08;1;11;000;2024;08;17;2;3;0;7;0;0;1;1;0;0;0;0;509778,673200000077486;5403721,296099999919534;9,133125120000045;48,786412823000035;1
90486;08240811435100092580;08;4;35;045;2024;08;01;1;3;0;1;2;0;1;0;0;0;0;0;535337,843100000172853;5287219,333000000566244;9,471339508000028;47,737379893000082;1
90487;08240826235200148870;08;2;35;006;2024;08;22;2;3;6;7;2;0;0;1;1;0;0;0;472349,247499999590218;5386686,343699999153614;8,624712602000045;48,632630653000035;1
90492;08240811337100085910;08;3;37;116;2024;08;12;1;3;0;1;0;0;1;0;0;0;0;0;419727,277800000272691;5280126,796099999919534;7,930698305000021;47,669548785000075;1
90495;08240811335400107200;08;3;35;079;2024;08;20;1;2;8;1;0;0;1;0;0;0;0;0;500794,432900000363588;5296443,989299999549985;9,010613285000034;47,821346450000078;1
90497;08240811327200095370;08;3;27;046;2024;08;09;1;3;2;6;0;0;1;1;0;0;0;0;480775,652499999850988;5324336,423499999567866;8,741925982000055;48,072012923000045;1
90503;08240811226400107760;08;2;26;037;2024;08;00;1;3;0;7;2;0;1;0;0;0;0;0;465592,708700000308454;5468541,804600000381470;8,526077710000038;49,368610804000070;1
90506;08240811222600098610;08;2;22;000;2024;08;18;1;3;5;2;0;0;1;1;0;0;0;0;461327,083499999716878;5484014,714999999850988;8,465816484000072;49,507526742000039;1
90509;08240811216200112170;08;2;16;063;2024;08;22;1;3;0;7;2;0;1;0;0;0;0;0;430134,299599999561906;5401947,637499999254942;8,049229201000060;48,766612090000081;1
90518;08240811116500093300;08;1;16;081;2024;08;00;1;2;0;1;2;0;1;0;0;0;0;0;520473,683899999596179;5386437,042999999597669;9,277866357000050;48,630664119000073;1
90519;08240810436400081540;08;4;36;008;2024;08;17;7;2;0;1;0;0;1;0;0;0;0;0;548091,853900000452995;5310341,131400000303984;9,644013695000069;47,944579044000079;1
90520;08240810436200090880;08;4;36;095;2024;08;11;7;3;0;1;0;0;1;0;0;0;0;0;537298,997499999590218;5293775,362400000914931;9,498059390000037;47,796255488000043;1
90526;08240823327200151510;08;3;27;046;2024;08;09;6;3;1;7;0;0;1;1;0;0;0;0;480730,160199999809265;5324361,326400000602007;8,741314162000037;48,072235601000045;1
90527;08240810426000081210;08;4;26;100;2024;08;09;7;2;8;1;0;0;1;0;0;0;0;0;577396,256000000052154;5318120,231499999761581;10,037786162000032;48,011687254000037;1
90531;08240810417000141910;08;4;17;044;2024;08;11;7;2;3;6;0;0;1;1;0;0;0;0;494706,628600000403821;5337216,341000000014901;8,928779633000033;48,188161060000027;1
90535;08240820335300154440;08;3;35;075;2024;08;11;3;3;0;1;0;0;1;0;0;0;0;0;487487,136099999770522;5289977,461999999359250;8,833020319000070;47,763042805000055;1
90536;08240810311010091300;08;3;11;000;2024;08;00;7;3;0;7;2;0;1;0;0;0;0;0;412752,066899999976158;5314596,180800000205636;7,830858608000028;47,978718138000033;1
90539;08240810212702081780;08;2;15;108;2024;08;18;7;3;5;2;0;0;1;1;0;0;0;0;447443,509300000034273;5423741,433900000527501;8,281960681000044;48,964352401000042;1
90540;08240811127100086270;08;1;27;076;2024;08;15;1;2;5;3;0;0;1;1;0;0;0;0;554367,871399999596179;5440227,422700000926852;9,744996186000037;49,112483847000078;1
90544;08240810128100092770;08;1;28;007;2024;08;23;7;2;0;1;2;0;1;0;0;0;0;0;560315,994400000199676;5480448,820900000631809;9,832564856000033;49,473689008000065;1
90547;08240823212010122180;08;2;12;000;2024;08;11;6;3;1;6;0;0;1;1;0;0;0;0;455649,105899999849498;5427288,780799999833107;8,393673376000038;48,996904586000028;1
90548;08240810126100081820;08;1;26;047;2024;08;19;7;3;0;1;0;0;1;0;0;0;0;0;548798,424300000071526;5447123,759800000116229;9,669519703000049;49,174982104000037;1
90551;08240810119100093440;08;1;19;069;2024;08;16;7;2;0;1;0;0;1;0;0;0;0;0;532738,677799999713898;5431591,864299999549985;9,447927719000063;49,036337201000038;1
90554;08240810118200097200;08;1;18;019;2024;08;16;7;3;0;7;0;0;1;0;0;0;0;0;504556,298999999649823;5404088,587999999523163;9,062032787000021;48,789777148000042;1
90555;08240810118100093900;08;1;18;007;2024;08;19;7;2;8;7;0;0;1;0;0;0;0;0;510029,178199999965727;5426981,406400000676513;9,137106376000077;48,995651243000054;1
90556;08240810118010112620;08;1;15;021;2024;08;14;7;2;9;7;0;0;1;0;0;0;0;0;491112,201799999922514;5379352,030600000172853;8,879526939000073;48,567197759000067;1
90557;08240810118010106080;08;1;15;003;2024;08;13;7;2;0;7;0;0;1;0;0;0;0;0;495703,531000000424683;5391443,723899999633431;8,941636539000058;48,676025411000069;1
90566;08240809421300119370;08;4;25;039;2024;08;14;6;3;4;2;0;0;1;1;0;0;0;0;566099,540000000037253;5352813,890699999406934;9,891726447000053;48,325054209000029;1
90570;08240811111500097480;08;1;11;000;2024;08;21;1;2;6;4;2;0;0;1;1;0;0;0;512961,968000000342727;5406467,836400000378489;9,176548429000036;48,811062196000080;1
90571;08240809335100080430;08;3;35;043;2024;08;21;6;3;0;1;2;0;1;0;0;0;0;0;511635,621199999935925;5287391,928899999707937;9,155204054000023;47,739795787000048;1
90583;08240809222400092070;08;2;26;038;2024;08;11;6;3;1;5;0;0;1;1;0;0;0;0;472170,197100000455976;5480035,583300000056624;8,615866800000049;49,472330438000029;1
90587;08240809212502089270;08;2;12;000;2024;08;14;6;3;5;2;0;0;1;0;0;0;0;1;454500,970399999991059;5428274,156300000846386;8,377867635000030;49,005684572000064;1
90588;08240809212010084600;08;2;12;000;2024;08;08;6;3;5;3;0;0;1;1;0;0;0;0;452633,660799999721348;5429746,210200000554323;8,352164806000076;49,018785242000035;1
90603;08240809116500117710;08;1;16;049;2024;08;17;6;3;3;6;0;0;1;0;0;0;0;0;523331,877999999560416;5385296,530400000512600;9,316592659000037;48,620303877000026;1
90606;08240809116000079640;08;4;15;085;2024;08;09;6;2;8;1;0;0;1;0;0;0;0;0;533996,338600000366569;5342878,068099999800324;9,457854732000044;48,238209262000055;1
90609;08240808436200089220;08;4;36;064;2024;08;06;5;3;5;3;0;0;1;1;0;0;0;0;545254,625199999660254;5292293,524800000712276;9,604132042000060;47,782413295000026;1
90610;08240808425000101570;08;4;25;071;2024;08;16;5;3;1;7;0;0;0;1;1;0;1;0;554659,794099999591708;5372212,757200000807643;9,739939254000035;48,500655189000042;1
90630;08240808221200101910;08;2;21;000;2024;08;15;5;3;4;2;0;0;1;1;0;0;0;0;477690,295400000177324;5472538,958000000566244;8,692481029000021;49,405127728000082;1
90631;08240808221200088240;08;2;21;000;2024;08;12;5;3;0;7;0;0;1;0;0;0;0;0;478209,259600000455976;5472914,511700000613928;8,699613765000038;49,408524583000030;1
90635;08240808136100101600;08;1;36;088;2024;08;18;5;3;5;3;0;0;1;1;0;0;0;0;580277,134999999776483;5409530,881999999284744;10,093912476000071;48,833562185000062;1
90641;08240808119200091470;08;1;19;020;2024;08;17;5;3;5;2;0;0;1;1;0;0;0;0;519181,844299999997020;5406573,714500000700355;9,261270405000062;48,811853780000035;1
90649;08240808116400139700;08;1;16;033;2024;08;20;5;3;5;3;1;0;1;1;0;0;0;0;530527,437699999660254;5389777,390200000256300;9,414557792000039;48,660303677000059;1
90650;08240808116010087390;08;1;16;077;2024;08;16;5;2;0;1;0;0;1;0;0;0;0;0;517256,793499999679625;5391471,979199999943376;9,234417412000028;48,676055884000050;1
90655;08240807421200100860;08;4;25;072;2024;08;17;4;3;6;4;0;0;1;0;1;0;0;0;582544,373499999754131;5372017,243200000375509;10,117316934000030;48,495851552000033;1
90656;08240807416010107410;08;4;15;061;2024;08;13;4;3;5;3;0;0;1;0;0;0;0;1;514352,476200000382960;5371356,358699999749660;9,194270412000037;48,495164968000040;1
90659;08240807335000094040;08;3;35;022;2024;08;14;4;2;3;6;0;0;1;1;0;0;0;0;482738,357499999925494;5302053,854599999263883;8,769168927000067;47,871589279000034;1
90661;08240807325302130120;08;3;25;053;2024;08;14;4;3;8;7;0;0;1;0;0;0;0;0;454757,440700000151992;5335993,356399999931455;8,391425824000066;48,175569120000034;1
90662;08240819121500103760;08;1;25;065;2024;08;05;2;3;4;6;1;0;1;0;0;0;0;0;516855,762600000016391;5450253,577800000086427;9,231401466000023;49,204844780000030;1
90665;08240807311500089310;08;3;15;052;2024;08;14;4;3;0;1;0;0;1;0;0;0;0;0;433374,999400000087917;5303295,708100000396371;8,108918536000033;47,879537059000029;1
90672;08240807226500097570;08;2;26;055;2024;08;00;4;3;8;1;2;0;1;0;0;0;0;0;497085,997499999590218;5459835,695499999448657;8,959925747000057;49,291262958000061;1
90678;08240807135200109150;08;1;35;019;2024;08;05;4;3;3;2;1;0;1;0;0;0;1;0;583834,899299999698997;5392442,690400000661612;10,138903186000050;48,679397171000062;1
90679;08240807127100111510;08;1;27;076;2024;08;04;4;3;7;7;2;0;1;0;0;0;0;0;546255,581899999640882;5435021,381999999284744;9,633246401000065;49,066319701000054;1
90683;08240807118600076390;08;1;18;050;2024;08;05;4;3;5;3;1;0;1;1;0;0;0;0;506458,281000000424683;5416422,470000000670552;9,088122192000071;48,900714037000057;1
90695;08240806436400076630;08;4;36;011;2024;08;16;3;3;0;1;0;0;1;0;0;0;0;0;550255,843600000254810;5296483,315600000321865;9,671377426000049;47,819737554000028;1
90696;08240806436100074660;08;4;36;004;2024;08;08;3;2;5;3;0;0;1;1;0;0;0;0;582206,323800000362098;5308560,361600000411272;10,100442555000029;47,925090048000072;1
90697;08240806436000075770;08;4;35;057;2024;08;15;3;2;0;1;0;0;1;0;0;0;0;0;543347,143500000238419;5279388,921900000423193;9,577384761000076;47,666439679000064;1
90701;08240806426000075840;08;4;26;014;2024;08;15;3;3;0;1;0;0;1;0;0;0;0;0;547618,695899999700487;5320101,823400000110269;9,638760583000021;48,032427892000044;1
90706;08240806416010100490;08;1;16;077;2024;08;19;3;2;4;3;0;0;1;1;0;0;0;0;517281,171299999579787;5391470,939999999478459;9,234748515000035;48,676045861000034;1
90715;08240806317000079590;08;3;17;150;2024;08;19;3;3;4;6;0;0;1;0;0;0;0;0;409086,871000000275671;5353987,170199999585748;7,773337598000069;48,332525499000042;1
90716;08240806316100075160;08;3;16;053;2024;08;17;3;3;5;3;0;0;1;1;0;0;0;0;403425,540500000119209;5341325,103099999949336;7,699864051000077;48,217797554000072;1
90717;08240806311500074880;08;3;15;094;2024;08;19;3;2;8;1;0;0;1;0;0;0;0;0;431854,941999999806285;5316935,030999999493361;8,086431610000034;48,002078730000051;1
90723;08240806231102131160;08;2;36;040;2024;08;19;3;3;5;3;0;0;1;1;0;0;0;0;489585,440299999900162;5419920,532099999487400;8,857805884000072;48,932127741000045;1
90727;08240806225100082470;08;2;25;058;2024;08;19;3;3;5;3;0;0;1;1;0;0;0;0;509802,170500000007451;5466026,785399999469519;9,134954347000075;49,346880704000057;1
90728;08240806215302110760;08;2;15;007;2024;08;10;3;3;5;3;0;0;1;1;0;0;0;0;478055,124800000339746;5431626,072799999266863;8,699747643000023;49,037123632000032;1
90730;08240806212402110350;08;2;12;000;2024;08;19;3;3;4;6;0;0;1;0;0;0;0;0;456395,127799999900162;5426611,690400000661612;8,403944420000073;48,990867208000054;1
90735;08240806136000097510;08;1;36;065;2024;08;06;3;3;1;5;1;0;1;1;0;0;0;0;562588,529299999587238;5403705,214199999347329;9,852018661000045;48,783195835000072;1
90740;08240806118400073670;08;1;18;048;2024;08;07;3;3;5;3;0;0;1;1;0;0;0;0;514779,719999999739230;5415177,714999999850988;9,201621309000075;48,889373908000039;1
90741;08240806118300152240;08;1;18;081;2024;08;11;3;3;4;6;0;0;1;0;0;0;0;0;519661,372999999672174;5415232,564999999478459;9,268217590000063;48,889731662000031;1
90745;08240806111500076500;08;1;11;000;2024;08;17;3;2;5;3;0;0;1;0;0;0;0;1;512530,621100000105798;5401460,065899999812245;9,170520587000055;48,766021601000034;1
90746;08240806111210099660;08;1;11;000;2024;08;19;3;2;0;3;0;0;1;1;0;0;0;0;511239,189799999818206;5396919,885199999436736;9,152822567000044;48,725202873000057;1
90747;08240808421300105320;08;4;21;000;2024;08;17;5;3;0;7;0;0;1;0;0;0;0;0;572365,166799999773502;5361485,670800000429153;9,977733618000059;48,402373214000079;1
90749;08240805436400095520;08;4;36;012;2024;08;12;2;3;4;1;0;0;1;0;0;0;0;0;549212,820100000128150;5298747,080099999904633;9,657701721000024;47,840184971000042;1
90757;08240805336400099390;08;3;36;078;2024;08;17;2;2;0;1;0;0;1;0;0;0;0;0;395727,752199999988079;5288919,091700000688434;7,608986832000028;47,745211254000026;1
90759;08240805317000073680;08;3;17;153;2024;08;10;2;3;0;7;0;0;1;0;0;0;0;0;418487,956199999898672;5386293,821599999442697;7,893857310000044;48,624398901000063;1
90760;08240805311100088280;08;3;15;013;2024;08;05;2;3;1;6;1;0;1;1;0;0;0;0;405245,351700000464916;5323991,511800000444055;7,728214352000066;48,062160797000047;1
90761;08240805311010079820;08;3;11;000;2024;08;07;2;2;0;1;0;0;1;0;0;0;0;0;412891,672000000253320;5318052,093000000342727;7,832027512000025;48,009824218000063;1
90762;08240805311010072310;08;3;36;091;2024;08;09;2;3;5;3;0;0;1;1;0;0;0;0;395517,024100000038743;5271885,593200000002980;7,610250634000067;47,591959962000033;1
90772;08240805221200099590;08;2;21;000;2024;08;14;2;3;0;1;0;0;1;0;0;0;0;0;478695,827499999664724;5472919,415699999779463;8,706320766000033;49,408585923000032;1
90775;08240805212102082280;08;2;12;000;2024;08;15;2;2;9;1;0;0;1;0;0;0;0;0;463805,800900000147521;5423373,163399999961257;8,505528281000068;48,962214483000025;1
90779;08240805135100074840;08;1;35;020;2024;08;14;2;3;5;3;0;0;1;1;0;0;0;0;587571,886500000022352;5386668,299599999561906;10,188437841000052;48,626948001000073;1
90783;08240805119200073120;08;1;19;093;2024;08;14;2;3;0;7;0;0;1;0;0;0;0;0;523987,688000000081956;5406241,225400000810623;9,326708992000022;48,808695840000041;1
90793;08240804435200071730;08;4;37;088;2024;08;11;1;3;0;1;0;0;1;0;0;0;0;0;519444,959099999628961;5307758,846400000154972;9,260284285000068;47,922856146000072;1
90794;08240804435100095260;08;4;35;024;2024;08;12;1;2;4;1;0;0;1;0;0;0;0;0;525698,607400000095367;5279385,295499999076128;9,342311533000043;47,667349191000028;1
90795;08240804425000071800;08;4;25;104;2024;08;11;1;2;5;3;0;0;1;0;0;0;0;1;551684,280000000260770;5342400,365000000223517;9,695998367000072;48,232716498000059;1
90796;08240804415400090580;08;4;15;061;2024;08;14;1;3;0;1;0;0;1;0;0;0;0;0;512101,695100000128150;5368643,353800000622869;9,163726146000045;48,470805101000053;1
90799;08240804335300071440;08;3;35;100;2024;08;14;1;3;8;1;0;0;1;0;0;0;0;0;487766,876000000163913;5286608,694000000134110;8,836848084000053;47,732737525000061;1
90807;08240804311010080550;08;3;11;000;2024;08;20;1;3;5;3;0;0;1;0;0;0;0;1;412891,672000000253320;5318052,093000000342727;7,832027512000025;48,009824218000063;1
90816;08240804136000081050;08;1;36;007;2024;08;17;1;3;0;1;0;0;1;0;0;0;0;0;569685,206000000238419;5402237,682000000029802;9,948364014000049;48,769241203000036;1
90817;08240804135200086870;08;1;35;020;2024;08;00;1;3;3;6;2;0;1;0;0;0;0;1;585899,144299999810755;5388859,652400000020862;10,166196279000076;48,646889711000028;1
90824;08240804119400094960;08;1;19;079;2024;08;13;1;3;5;3;0;0;1;1;0;0;0;0;522644,434700000099838;5413710,389900000765920;9,308827185000041;48,875936849000027;1
90825;08240804119400072750;08;1;19;091;2024;08;16;1;3;0;7;0;0;1;0;0;0;0;0;529022,347699999809265;5407245,128799999132752;9,395349803000045;48,817511914000079;1
90829;08240804118010090080;08;1;18;014;2024;08;09;1;2;5;3;0;0;1;1;0;0;0;0;522119,261300000362098;5421997,746300000697374;9,302114103000065;48,950505780000071;1
90830;08240804118010081120;08;1;15;001;2024;08;01;1;2;8;7;2;0;1;0;0;0;0;0;490923,919700000435114;5389922,543800000101328;8,876743542000042;48,662289512000029;1
90831;08240804116100094540;08;1;16;019;2024;08;14;1;2;2;6;0;0;1;0;0;0;0;0;523741,083999999798834;5396977,585000000894070;9,322815743000035;48,725371096000060;1
90832;08240823136000116090;08;1;36;027;2024;08;09;6;3;0;1;0;0;1;0;0;0;0;0;554349,250000000000000;5420119,434399999678135;9,742047025000033;48,931617680000045;1
90835;08240804111500072170;08;1;11;000;2024;08;15;1;3;0;6;0;0;1;1;0;0;0;0;515523,666000000201166;5394248,927999999374151;9,210979005000070;48,701082937000081;1
90840;08240803426000092300;08;4;25;033;2024;08;13;7;3;6;6;0;0;1;0;1;0;0;0;553549,883200000040233;5347118,347899999469519;9,721716276000052;48,275005008000051;1
90859;08240803136200076600;08;1;36;087;2024;08;00;7;2;0;7;2;0;1;0;0;0;0;0;603624,083499999716878;5408906,995100000873208;10,411807090000025;48,824494341000047;1
90862;08240803127202089650;08;1;27;014;2024;08;15;7;3;1;5;0;0;1;1;0;0;0;0;574812,890999999828637;5443423,114099999889731;10,025703854000028;49,139078229000063;1
90863;08240803127100092160;08;1;27;025;2024;08;18;7;3;0;7;0;0;1;0;0;0;0;0;557446,478799999691546;5429341,727700000628829;9,785632845000066;49,014290700000060;1
90866;08240803119400089530;08;1;19;041;2024;08;13;7;2;2;7;0;0;1;1;0;0;0;0;526269,491000000387430;5411561,415300000458956;9,358127171000035;48,856462422000050;1
90868;08240805226400079500;08;2;26;063;2024;08;21;2;3;5;3;2;0;1;1;0;0;0;0;469562,587000000290573;5470850,705000000074506;8,580580039000040;49,389590086000055;1
90869;08240803118400092200;08;1;18;048;2024;08;17;7;3;5;3;0;0;1;1;0;0;0;0;513465,377399999648333;5415277,802699999883771;9,183694769000056;48,890304225000079;1
90873;08240816311010098780;08;3;11;000;2024;08;14;6;3;5;3;0;0;1;0;0;0;0;1;411250,654000000096858;5323332,898000000044703;7,808934824000062;48,057100270000035;1
90879;08240802435100080380;08;4;35;035;2024;08;17;6;3;5;3;0;0;1;1;0;0;0;0;539509,049800000153482;5280147,591499999165535;9,526332242000024;47,673511546000043;1
90890;08240824215402144670;08;2;15;009;2024;08;11;7;3;0;7;0;0;1;0;0;0;0;0;468571,614000000059605;5439171,349199999123812;8,569410239000035;49,104584768000052;1
90891;08240802335100078120;08;3;35;002;2024;08;17;6;2;8;1;0;0;1;0;0;0;0;0;505792,117100000381470;5287669,380100000649691;9,077263113000072;47,742371117000062;1
90892;08240802335100070690;08;3;35;043;2024;08;15;6;3;0;1;0;0;1;0;0;0;0;0;513637,695899999700487;5279592,501499999314547;9,181665008000039;47,669580383000039;1
90904;08240802317000071360;08;3;17;146;2024;08;15;6;3;4;6;0;0;1;0;0;0;0;0;430225,968999999575317;5354680,665999999269843;8,058399857000040;48,341451728000038;1