OID_;UIDENTSTLAE;ULAND;UREGBEZ;UKREIS;UGEMEINDE;UJAHR;UMONAT;USTUNDE;UWOCHENTAG;UKATEGORIE;UART;UTYP1;ULICHTVERH;IstStrassenzustand;IstRad;IstPKW;IstFuss;IstKrad;IstGkfz;IstSonstige;LINREFX;LINREFY;XGCSWGS84;YGCSWGS84;PLST
90905;08240802311010070440;08;3;11;000;2024;08;16;6;3;0;4;0;0;1;0;1;0;0;0;414575,996899999678135;5317295,252199999988079;7,854757429000074;48,003243521000059;1
90906;08240802311010070300;08;3;11;000;2024;08;17;6;3;5;3;0;0;1;1;0;0;0;0;412374,137000000104308;5315328,408399999141693;7,825645964000046;47,985253109000041;1
90914;08240802221300113080;08;2;21;000;2024;08;09;6;3;2;7;0;0;1;0;0;0;1;0;478151,685499999672174;5473481,826999999582767;8,698788894000074;49,413625434000039;1
90915;08240802215402074240;08;2;15;009;2024;08;07;6;3;0;7;0;0;1;0;0;0;0;0;472050,779500000178814;5440575,358999999240041;8,616978719000031;49,117382123000027;1
90916;08240814335200091810;08;3;35;063;2024;08;22;4;2;9;1;2;0;1;0;0;0;0;0;496710,996399999596179;5287581,725400000810623;8,956127458000026;47,741600057000028;1
90924;08240802135010079380;08;1;35;010;2024;08;11;6;3;0;1;0;0;1;0;0;0;0;0;600419,409099999815226;5394430,178099999204278;10,364626757000053;48,694824449000066;1
90925;08240802128300088480;08;1;28;131;2024;08;16;6;2;4;6;0;0;1;0;0;0;0;0;531320,919400000013411;5514639,796000000089407;9,435082732000069;49,783403692000036;1
90928;08240802121600070980;08;1;25;110;2024;08;15;6;3;5;2;0;0;1;1;0;0;0;0;526659,491999999620020;5442783,208699999377131;9,365492935000077;49,137299531000053;1
90931;08240802119400071070;08;1;19;079;2024;08;15;6;3;0;7;0;0;1;0;0;0;0;0;523116,801699999719858;5414668,716700000688434;9,315323461000048;48,884540206000054;1
90934;08240802118010080050;08;1;18;048;2024;08;19;6;2;5;2;0;0;1;1;0;0;0;0;515903,476099999621511;5417121,764799999073148;9,217026898000029;48,906834198000070;1
90946;08240801435100079940;08;4;35;016;2024;08;00;5;3;0;1;2;0;1;0;0;0;0;0;533095,639999999664724;5280360,125000000000000;9,440912957000023;47,675783904000070;1
90947;08240801421300071390;08;4;21;000;2024;08;00;5;3;0;1;2;1;1;0;0;0;0;0;572409,482300000265241;5359870,041600000113249;9,978053666000051;48,387835132000077;1
90952;08240801335400079470;08;3;35;079;2024;08;08;5;3;5;2;0;0;1;1;0;0;0;0;499906,862599999643862;5299060,960200000554323;8,998755161000076;47,844892999000081;1
90953;08240801335100068730;08;3;35;043;2024;08;10;5;3;8;7;0;1;1;0;0;0;0;0;513598,641400000080466;5279525,689500000327826;9,181142694000073;47,668980054000031;1
90959;08240801311010119010;08;3;11;000;2024;08;17;5;3;0;7;0;0;1;0;0;0;0;0;405442,118700000457466;5314881,719499999657273;7,732864689000053;47,980247894000058;1
90965;08240801226300086710;08;2;26;056;2024;08;17;5;3;0;7;0;0;1;0;0;0;0;0;486603,406000000424683;5471004,413200000301003;8,815390997000065;49,391586056000051;1
90968;08240811425000097810;08;4;25;033;2024;08;11;1;3;0;1;0;0;1;0;0;0;0;0;557483,802799999713898;5348434,717399999499321;9,774909739000066;48,286502023000025;1
90975;08240801121500107180;08;1;25;027;2024;08;10;5;3;3;6;0;0;1;0;0;0;0;0;518328,961299999617040;5446416,179099999368191;9,251450845000022;49,170284185000071;1
90976;08240801121400116810;08;1;25;013;2024;08;19;5;3;5;3;0;0;1;1;0;0;0;0;504912,184799999929965;5436255,187999999150634;9,067265716000065;49,079135945000075;1
90985;08240801116500110520;08;1;16;081;2024;08;06;5;3;0;1;0;0;1;0;0;0;0;0;517701,406999999657273;5385595,061599999666214;9,240205772000024;48,623174174000042;1
90989;08240804436400071400;08;4;36;013;2024;08;13;1;3;5;3;0;0;1;1;0;0;0;0;545194,022699999623001;5295314,610899999737740;9,603637809000077;47,809598289000064;1
90996;08240731436200067370;08;4;36;064;2024;07;13;4;3;7;7;0;0;1;0;0;0;0;0;545120,803000000305474;5287652,137000000104308;9,601863807000029;47,740663815000062;1
90998;08240731436100037730;08;4;36;055;2024;07;13;4;3;6;2;0;0;0;1;1;0;0;0;576589,888000000268221;5297751,043999999761581;10,023355094000067;47,828545834000067;1
90999;08240731436000039890;08;4;35;029;2024;07;09;4;3;0;1;0;0;1;0;0;0;0;0;544762,695100000128150;5271678,174499999731779;9,595450295000035;47,596967494000069;1
91009;08240731311010036530;08;3;15;014;2024;07;19;4;3;4;6;0;1;1;1;0;0;0;0;408814,171500000171363;5308128,478599999099970;7,779472899000041;47,919990564000045;1
91011;08240731237100066520;08;2;37;002;2024;07;18;4;3;0;1;0;0;1;0;0;0;0;0;455108,659500000067055;5353844,117900000885129;8,394255866000037;48,336184533000051;1
91016;08240731222014048750;08;2;22;000;2024;07;13;4;3;5;2;0;0;1;0;0;0;0;1;463488,515499999746680;5480803,769899999722838;8,495967437000047;49,478779902000042;1
91017;08240731216200061610;08;2;16;007;2024;07;19;4;2;0;7;0;0;1;0;0;0;0;0;437394,062099999748170;5392514,336999999359250;8,149444160000030;48,682531684000026;1
91022;08240731212010042880;08;2;12;000;2024;07;07;4;3;5;2;0;0;1;0;0;0;0;1;455375,083499999716878;5429729,996099999174476;8,389659065000046;49,018843799000081;1
91028;08240731135200068600;08;1;35;019;2024;07;13;4;3;0;1;0;0;1;0;0;0;0;0;585385,386599999852479;5390339,428200000897050;10,159528024000053;48,660269682000035;1
91031;08240731119010051880;08;1;19;079;2024;07;16;4;2;6;7;0;0;0;1;1;0;0;0;523731,740600000135601;5408894,235799999907613;9,323376575000054;48,832571497000060;1
91034;08240731118100037520;08;1;18;079;2024;07;08;4;2;0;7;0;0;1;0;0;0;0;0;507854,981100000441074;5422895,397199999541044;9,107304610000028;48,958926482000038;1
91039;08240731116010047510;08;1;16;019;2024;07;16;4;1;5;3;0;0;1;0;0;1;0;0;528621,055999999865890;5398352,195000000298023;9,389264396000044;48,737531858000068;1
91040;08240817127202101210;08;1;27;014;2024;08;12;7;3;5;3;0;0;1;0;0;1;0;0;577192,545099999755621;5443839,771299999207258;10,058403577000036;49,142531174000055;1
91042;08240731115100050330;08;1;15;003;2024;07;15;4;3;0;7;0;0;1;0;0;0;0;0;500122,751400000415742;5392197,176100000739098;9,001667686000076;48,682818329000042;1
91043;08240807316100099120;08;3;16;011;2024;08;16;4;3;5;3;0;0;1;0;0;0;0;1;414575,009200000204146;5329878,307299999520183;7,852230654000039;48,116431612000042;1
91044;08240731111500056410;08;1;11;000;2024;07;04;4;2;1;7;2;0;1;1;0;0;0;0;515742,116200000047684;5403579,964199999347329;9,214304480000067;48,785019059000035;1
91050;08240730425000034180;08;4;25;104;2024;07;16;3;3;0;7;0;0;1;0;0;0;0;0;551072,171299999579787;5342400,152400000020862;9,687756095000054;48,232764184000075;1
91054;08240730327100063070;08;3;27;057;2024;07;22;3;3;0;1;2;0;1;0;0;0;0;0;487995,816499999724329;5306271,562200000509620;8,839356561000045;47,909657175000063;1
91067;08240730225100028480;08;2;25;117;2024;07;00;3;3;7;7;2;0;1;0;0;0;0;0;513762,549800000153482;5470889,066899999976158;9,189647958000023;49,390540359000056;1
91068;08240730222200037620;08;2;22;000;2024;07;17;3;3;5;3;0;0;1;1;0;0;0;0;461049,275299999862909;5481488,456800000742078;8,462228365000044;49,484786675000066;1
91070;08240730222014047110;08;2;22;000;2024;07;08;3;3;5;3;0;0;1;0;0;0;0;0;463293,953399999998510;5483238,400599999353290;8,493055578000053;49,500666448000061;1
91075;08240730135100111360;08;1;35;020;2024;07;15;3;2;2;6;0;0;1;0;0;0;0;0;583903,794400000013411;5385048,591299999505281;10,138340984000024;48,612882493000029;1
91078;08240814118500112400;08;1;18;078;2024;08;00;4;3;8;1;2;1;1;0;0;0;0;0;512937,708999999798834;5421101,837999999523163;9,176681020000046;48,942706768000050;1
91093;08240802116010087470;08;1;16;033;2024;08;21;6;2;5;3;2;1;1;1;0;0;0;0;533821,502000000327826;5389024,141499999910593;9,459227689000045;48,653357887000027;1
91094;08240729436200051870;08;4;36;095;2024;07;20;2;3;0;1;0;0;1;0;0;0;0;0;534583,544999999925494;5297957,490299999713898;9,462134548000051;47,834034466000048;1
91095;08240823416010115740;08;4;17;002;2024;08;20;6;3;6;7;0;0;0;1;1;0;0;1;488973,986800000071526;5340929,007999999448657;8,851552756000046;48,221489654000038;1
91096;08240729435100028070;08;4;35;035;2024;07;11;2;2;0;6;0;0;1;0;0;0;0;0;541827,300699999555945;5280697,281099999323487;9,557266743000071;47,678311435000069;1
91103;08240729415400044940;08;4;15;061;2024;07;12;2;3;0;1;0;0;1;0;0;0;0;0;512962,458599999547005;5374189,682499999180436;9,175543699000059;48,520684746000029;1
91104;08240729415200058560;08;4;15;053;2024;07;13;2;3;3;6;0;0;1;1;0;0;0;0;545688,201799999922514;5362605,602800000458956;9,617448331000048;48,414946379000071;1
91106;08240729337010034390;08;3;37;123;2024;07;10;2;2;5;3;0;0;1;1;0;0;0;0;451357,752000000327826;5277139,387000000104308;8,352339083000061;47,645823678000056;1
91107;08240729336200054150;08;3;36;105;2024;07;08;2;3;5;3;0;0;1;1;0;0;0;0;399639,661999999545515;5267297,946000000461936;7,666119519000063;47,551343345000078;1
91119;08240729311010032630;08;3;11;000;2024;07;18;2;2;5;2;0;0;1;1;0;0;0;0;413149,288999999873340;5315615,535800000652671;7,835974172000022;47,987941648000060;1
91123;08240822435100141820;08;4;35;016;2024;08;17;5;2;0;1;0;0;1;0;0;0;0;0;536630,568799999542534;5277802,128900000825524;9,487790509000035;47,652577992000033;1
91133;08240730435200058700;08;4;35;053;2024;07;11;3;3;0;1;0;0;1;0;0;0;0;0;508980,694199999794364;5292454,799100000411272;9,119895498000062;47,785391598000047;1
91135;08240729135200080640;08;1;35;025;2024;07;17;2;3;0;1;0;0;1;0;0;0;0;0;581096,160199999809265;5400386,452400000765920;10,103265915000065;48,751208290000079;1
91140;08240729126200057010;08;1;26;066;2024;07;07;2;3;5;2;0;0;1;1;0;0;0;0;536092,163900000043213;5448981,913399999961257;9,495363272000077;49,192575259000080;1
91143;08240815116100094400;08;1;16;014;2024;08;09;5;2;3;6;0;0;1;0;0;0;0;0;529829,416000000201166;5395485,293999999761581;9,405491045000076;48,711685038000041;1
91144;08240729119300033360;08;1;19;061;2024;07;17;2;3;0;7;0;0;1;0;0;0;0;0;539639,795500000007451;5415547,266599999740720;9,540781355000036;48,891606597000077;1
91151;08240729116010057540;08;1;16;078;2024;07;18;2;3;5;3;0;0;1;1;0;0;0;0;509664,217000000178814;5393295,155799999833107;9,131322384000043;48,692621040000063;1
91153;08240804317000077440;08;3;17;096;2024;08;15;1;2;3;7;0;0;1;0;0;0;0;0;419841,421900000423193;5372397,040799999609590;7,914898052000069;48,499576666000053;1
91154;08240729115100046900;08;1;15;022;2024;07;12;2;3;3;2;0;0;1;1;0;0;0;0;498028,690000000409782;5385864,477900000289083;8,973248180000041;48,625845276000064;1
91168;08240728416010045430;08;4;16;048;2024;07;12;1;2;8;1;0;0;1;0;0;0;0;0;494477,275399999693036;5376442,106100000441074;8,925178673000062;48,541057870000031;1
91173;08240728316100054680;08;3;16;038;2024;07;19;1;3;2;6;0;0;1;0;0;0;0;0;395993,827499999664724;5333635,264100000262260;7,601726990000031;48,147458735000043;1
91174;08240821415400111560;08;4;15;080;2024;08;16;4;3;5;3;0;0;1;1;0;0;0;0;511079,849000000394881;5373670,915999999269843;9,150034833000063;48,516053799000076;1
91175;08240728316100024610;08;3;16;043;2024;07;20;1;2;5;3;0;0;1;1;0;0;0;0;411552,390300000086427;5331175,728399999439716;7,811358437000024;48,127689262000047;1
91180;08240728226700056620;08;2;26;010;2024;07;16;1;3;0;7;0;0;1;0;0;0;0;0;480421,207499999552965;5458887,695699999108911;8,730794419000063;49,282428902000049;1
91190;08240728215502062370;08;2;15;066;2024;07;11;1;3;5;3;0;0;1;1;0;0;0;0;455959,888000000268221;5452694,331000000238419;8,395150085000068;49,225448306000033;1
91199;08240728121500026460;08;1;25;005;2024;07;17;1;3;8;7;0;0;1;0;0;0;0;0;515616,267099999822676;5453363,994899999350309;9,214506445000040;49,232856474000073;1
91204;08240812225100111300;08;2;25;064;2024;08;20;2;3;3;6;0;0;1;0;0;0;0;0;503927,418499999679625;5472488,713899999856949;9,054135790000032;49,405072038000071;1
91205;08240728118600054970;08;1;18;012;2024;07;10;1;3;0;7;0;0;1;0;0;0;0;0;499927,450500000268221;5414740,627199999988079;8,999010372000043;48,885618206000061;1
91207;08240728118300043200;08;1;18;046;2024;07;19;1;3;8;6;0;0;1;1;0;0;0;0;512613,280199999921024;5411145,882999999448657;9,171943094000028;48,853152327000032;1
91214;08240727437200020140;08;4;37;105;2024;07;17;7;3;4;2;0;0;1;1;0;0;0;0;519552,938699999824166;5323625,892999999225140;9,262452583000027;48,065610300000060;1
91215;08240727436300067930;08;4;36;081;2024;07;16;7;3;0;1;0;0;1;0;0;0;0;0;562858,750199999660254;5282216,886399999260902;9,837662688000023;47,690280032000032;1
91216;08240727436300038360;08;4;36;079;2024;07;12;7;2;8;1;0;0;1;0;0;0;0;0;553005,264999999664724;5289313,577899999916553;9,707229013000074;47,755011931000070;1
91219;08240727436100021510;08;4;36;003;2024;07;10;7;3;0;1;0;0;1;0;0;0;0;0;580032,768000000156462;5304310,396999999880791;10,070563154000070;47,887133479000056;1
91220;08240727436000020090;08;4;36;009;2024;07;17;7;3;2;2;0;0;1;0;0;1;0;0;555879,400500000454485;5308105,692999999970198;9,748000592000039;47,923835785000051;1
91227;08240727416200025250;08;4;16;023;2024;07;13;7;3;2;6;0;0;1;0;0;0;0;0;507648,144000000320375;5371233,835100000724196;9,103520747000061;48,494180082000071;1
91230;08240727335300064130;08;3;35;001;2024;07;16;7;3;5;3;0;0;1;0;0;1;0;0;489561,241299999877810;5299390,599300000816584;8,860471784000026;47,847774127000037;1
91233;08240727326400052400;08;3;26;074;2024;07;17;7;3;0;7;0;0;1;0;1;0;0;0;459554,359799999743700;5324251,386499999091029;8,457062137000037;48,070254935000037;1
91235;08240727317010065230;08;3;17;056;2024;07;14;7;2;0;1;0;1;1;0;0;0;0;0;433070,130099999718368;5379929,491499999538064;8,092738772000075;48,568881433000058;1
91241;08240727225100065370;08;2;25;002;2024;07;21;7;3;0;7;1;1;1;0;0;0;0;0;497459,810499999672174;5468909,871400000527501;8,965008730000022;49,372887700000035;1
91247;08240727212102060810;08;2;12;000;2024;07;21;7;3;0;7;2;1;1;0;0;0;0;0;458357,247999999672174;5427381,835000000894070;8,430685210000036;48,997930239000027;1
91252;08240727135200020120;08;1;35;019;2024;07;16;7;3;0;1;0;0;1;0;0;0;0;0;585358,667500000447035;5391362,792099999263883;10,159376391000023;48,669477774000029;1
91256;08240821436000111930;08;4;35;020;2024;08;15;4;2;4;6;0;0;1;0;0;0;0;0;525027,008100000210106;5300883,398399999365211;9,334603983000022;47,860802685000067;1
91258;08240727118400052830;08;1;18;048;2024;07;23;7;2;4;6;2;1;1;0;0;0;0;0;513514,111399999819696;5416703,214700000360608;9,184406755000055;48,903125788000068;1
91259;08240727118100020850;08;1;18;079;2024;07;20;7;3;0;7;2;1;1;0;0;0;0;0;510502,595800000242889;5422788,003000000491738;9,143470029000071;48,957921088000035;1
91260;08240727116200020590;08;1;16;015;2024;07;06;7;3;0;7;0;0;1;0;0;0;0;0;523106,961000000126660;5392996,298000000417233;9,313970604000076;48,689579510000044;1
91261;08240823426200160070;08;4;26;134;2024;08;18;6;2;8;1;0;0;1;0;0;0;0;0;558652,096400000154972;5335430,142000000923872;9,788857316000076;48,169406022000032;1
91267;08240726435200035280;08;4;35;036;2024;07;16;6;3;0;6;0;0;1;0;0;0;0;0;518012,303000000305474;5284273,929700000211596;9,240131086000076;47,711594921000028;1
91271;08240726421200036050;08;4;21;000;2024;07;16;6;3;0;1;0;0;1;0;0;0;0;0;575770,018600000068545;5363813,307399999350309;10,024149895000050;48,422910459000036;1
91277;08240726335200027860;08;3;35;063;2024;07;20;6;3;0;7;1;0;1;0;0;0;0;0;496786,822700000368059;5287742,187300000339746;8,957137732000035;47,743044210000050;1
91284;08240726311300050130;08;3;11;000;2024;07;14;6;3;5;3;0;0;1;1;0;0;0;0;404446,725999999791384;5317054,290999999269843;7,719045644000062;47,999642166000058;1
91285;08240801435100068770;08;4;35;029;2024;08;10;5;3;1;3;0;1;1;1;0;0;0;0;543964,132899999618530;5272516,027699999511242;9,584912116000055;47,604560598000035;1
91286;08240726311200051970;08;3;11;000;2024;07;15;6;3;5;2;0;0;1;1;0;0;0;0;414490,829699999652803;5316944,766400000080466;7,853685725000048;48,000079380000045;1
91288;08240726311200037180;08;3;11;000;2024;07;22;6;3;0;7;2;0;1;0;0;0;0;0;414081,093600000254810;5315894,354599999263883;7,848404352000045;47,990575594000063;1
91290;08240726311010023040;08;3;36;091;2024;07;14;6;2;3;6;0;0;1;0;0;0;1;0;395172,151999999769032;5271994,727700000628829;7,605638736000060;47,592885983000031;1
91296;08240726222600013840;08;2;22;000;2024;07;02;6;3;9;7;2;0;1;0;0;0;0;0;464892,617899999953806;5481893,218800000846386;8,515253270000073;49,488661823000029;1
91306;08240802325202086770;08;3;25;049;2024;08;08;6;3;1;5;0;0;1;1;0;0;0;0;472337,451399999670684;5334863,428799999877810;8,627967683000065;48,166412150000042;1
91307;08240726136100035980;08;1;36;033;2024;07;13;6;2;6;4;0;0;0;1;1;0;0;0;580693,082700000144541;5415962,520600000396371;10,100847494000050;48,891355530000055;1
91308;08240817311010126110;08;3;11;000;2024;08;16;7;2;0;7;0;0;1;0;0;0;0;0;412295,766599999740720;5318638,802300000563264;7,823919171000057;48,015020321000065;1
91309;08240726128200017020;08;1;28;139;2024;07;21;6;3;5;3;1;0;1;1;0;0;0;0;551595,174200000241399;5492069,278100000694394;9,713718575000030;49,579008264000038;1
91321;08240726117010038540;08;1;17;028;2024;07;18;6;3;8;1;0;0;1;0;0;0;0;0;547413,434299999848008;5382670,697799999266863;9,643041778000054;48,595321052000031;1
91323;08240726111250018130;08;1;11;000;2024;07;17;6;2;5;3;0;0;1;1;0;0;0;0;514990,218399999663234;5403101,494200000539422;9,204051178000043;48,780733368000028;1
91325;08240725436400047550;08;4;36;064;2024;07;17;5;2;4;1;0;0;1;1;0;0;0;0;546408,287999999709427;5291501,174000000581145;9,619447396000055;47,775202419000038;1
91331;08240725435100053900;08;4;35;030;2024;07;18;5;3;5;3;0;0;1;1;0;0;0;0;541007,485100000165403;5271861,022299999371171;9,545516614000064;47,598861069000066;1
91334;08240824335010117960;08;3;35;026;2024;08;10;7;3;5;2;0;0;1;1;0;0;0;0;480243,856800000183284;5282571,924799999222159;8,736698272000069;47,696230031000027;1
91335;08240725426200064400;08;4;26;070;2024;07;07;5;3;0;2;0;0;1;0;0;0;0;1;564848,742600000463426;5342133,816899999976158;9,873215559000073;48,229109008000080;1
91338;08240725416200011040;08;4;16;041;2024;07;09;5;3;0;1;0;0;1;0;0;0;0;0;502312,316599999554455;5371738,209799999371171;9,031300965000071;48,498759936000056;1
91342;08240725336200066450;08;3;36;082;2024;07;16;5;3;5;3;0;0;1;1;0;0;0;0;416149,250900000333786;5271685,309000000357628;7,884662172000048;47,593154624000078;1
91343;08240725336100067320;08;3;36;084;2024;07;19;5;3;2;6;0;0;1;1;0;0;0;0;405397,203999999910593;5277474,778000000864267;7,740427370000020;47,643754884000032;1
91348;08240725325302046720;08;3;25;053;2024;07;09;5;3;0;1;0;1;1;0;0;0;0;1;456939,489900000393391;5341821,056600000709295;8,420184383000048;48,228149131000066;1
91350;08240725317000043240;08;3;17;039;2024;07;05;5;3;7;7;2;0;1;0;0;0;0;1;441521,245299999602139;5343826,499800000339746;8,212316411000074;48,244955727000047;1
91356;08240725311010064490;08;3;36;091;2024;07;15;5;3;3;6;0;0;1;1;0;0;0;0;395911,732499999925494;5273908,563599999994040;7,615018874000043;47,610220433000052;1
91359;08240725311010055790;08;3;15;084;2024;07;13;5;3;4;6;0;0;1;0;0;0;0;0;421883,880199999548495;5310556,043999999761581;7,953938591000053;47,943554352000035;1
91365;08240725226700064640;08;2;26;041;2024;07;15;5;3;4;2;0;0;1;1;0;0;0;0;472071,440499999560416;5464537,990599999204278;8,615593419000049;49,332928421000076;1
91366;08240725221300012260;08;2;21;000;2024;07;14;5;3;5;2;0;0;1;1;0;0;0;0;477652,147099999710917;5473889,451099999248981;8,691879176000043;49,417273801000078;1
91369;08240725212102047640;08;2;15;110;2024;07;07;5;3;0;7;0;0;1;0;0;0;0;0;460318,394199999980628;5418057,800400000065565;8,458404307000023;48,914187092000077;1
91370;08240725212102046970;08;2;12;000;2024;07;09;5;3;0;7;0;0;1;0;0;0;0;0;459048,822300000116229;5428344,893300000578165;8,440042408000068;49,006639388000053;1
91375;08240813435200114960;08;4;35;036;2024;08;17;3;3;0;1;0;0;1;0;0;0;0;0;519825,326299999840558;5282523,411699999123812;9,264221556000052;47,695791411000073;1
91376;08240725136200051630;08;1;36;019;2024;07;18;5;3;0;7;0;0;1;0;0;0;0;0;581754,279000000096858;5422658,481799999251962;10,116663847000041;48,951440118000050;1
91377;08240725135010043100;08;1;35;027;2024;07;18;5;1;5;3;0;0;1;0;0;1;0;0;591892,560200000181794;5375182,184800000861287;10,244521046000045;48,523020216000077;1
91382;08240725121500013330;08;1;25;078;2024;07;20;5;3;0;7;0;0;1;0;0;0;0;0;518264,292399999685585;5454213,651900000870228;9,250918330000047;49,240426008000043;1
91385;08240725119400014680;08;1;19;079;2024;07;13;5;3;2;6;0;0;1;0;0;0;0;0;523372,138600000180304;5413205,696599999442697;9,318722688000037;48,871369786000059;1
91393;08240725118010042720;08;1;18;048;2024;07;12;5;1;5;2;0;0;1;0;0;0;1;0;515206,935499999672174;5414680,034299999475479;9,207430720000048;48,884886567000081;1
91394;08240725118010013800;08;1;18;049;2024;07;20;5;2;5;2;1;0;1;1;0;0;0;0;519924,793100000359118;5421045,163100000470877;9,272094920000029;48,942011329000081;1
91400;08240724435200010820;08;4;35;015;2024;07;16;4;3;5;3;0;0;1;1;0;0;0;0;518789,780799999833107;5294955,695399999618530;9,250957702000051;47,807681733000038;1
91402;08240728119100042220;08;1;19;069;2024;07;17;1;2;0;7;0;0;1;0;0;0;0;0;532744,088100000284612;5431285,447899999096990;9,447976989000040;49,033580610000058;1
91403;08240724416010045910;08;4;15;060;2024;07;12;4;3;3;6;0;0;1;0;0;0;0;0;512645,304800000041723;5377410,197200000286102;9,171346412000048;48,549663950000081;1
91404;08240724337010042650;08;3;37;126;2024;07;17;4;3;5;3;0;0;1;1;0;0;0;0;446697,366100000217557;5275963,887700000777841;8,290434981000033;47,634880583000040;1
91407;08240724335400032860;08;3;35;021;2024;07;22;4;2;7;7;2;0;1;0;0;0;0;0;490576,121899999678135;5302520,258899999782443;8,873968776000027;47,875948557000072;1
91409;08240809335300091340;08;3;35;100;2024;08;23;6;3;0;1;2;0;1;0;0;0;0;0;489882,591500000096858;5285712,527100000530481;8,865085900000054;47,724710828000070;1
91412;08240724325102056280;08;3;25;012;2024;07;14;4;3;6;4;0;0;0;1;1;0;0;0;463574,115000000223517;5355300,234400000423193;8,508354181000072;48,349829020000072;1
91413;08240724317500057060;08;3;17;096;2024;07;08;4;3;5;3;0;0;1;0;0;0;0;0;422999,790000000037253;5368328,615000000223517;7,958394788000021;48,463376484000037;1
91417;08240724237100008920;08;2;37;028;2024;07;12;4;3;3;2;0;0;1;0;0;0;0;0;457389,627600000239909;5368217,180700000375509;8,423573512000075;48,465644028000042;1
91423;08240724222014063910;08;2;22;000;2024;07;16;4;3;6;7;0;0;0;0;1;0;0;1;461834,207499999552965;5481296,753499999642372;8,473083517000020;49,483112275000053;1
91424;08240724222014016340;08;2;26;082;2024;07;20;4;2;4;2;0;0;1;1;0;0;0;0;480269,047399999573827;5481822,434100000187755;8,727564022000024;49,488719951000064;1
91435;08240724212010038370;08;2;12;000;2024;07;08;4;3;5;3;0;0;1;1;0;0;0;0;453091,332899999804795;5428807,526100000366569;8,358532531000037;49,010376723000036;1
91440;08240724126200027440;08;1;26;094;2024;07;16;4;2;0;1;0;0;1;0;0;0;0;0;534930,435300000011921;5457217,948799999430776;9,480136583000046;49,266725197000028;1
91444;08240724121200029330;08;1;21;000;2024;07;07;4;3;3;6;0;0;1;0;0;0;0;0;515152,264000000432134;5444301,155999999493361;9,207791180000072;49,151345574000061;1
91458;08240724111310163960;08;1;11;000;2024;07;23;4;3;5;2;2;0;1;1;0;0;0;0;516100,342699999921024;5405647,198699999600649;9,219262165000032;48,803606468000055;1
91462;08240723435100054610;08;4;35;024;2024;07;16;3;3;0;1;0;0;1;0;0;0;0;0;525660,966699999757111;5279404,137399999424815;9,341811266000036;47,667520216000071;1
91465;08240723435100006040;08;4;35;016;2024;07;16;3;3;3;2;0;0;1;1;0;0;0;0;536193,939699999988079;5278099,173200000077486;9,482000951000032;47,655275194000069;1
91466;08240723426200039390;08;4;26;070;2024;07;06;3;3;6;4;0;0;0;1;1;0;0;0;565203,724999999627471;5342274,559000000357628;9,878016624000054;48,230338692000032;1
91467;08240731119300064260;08;1;19;067;2024;07;17;4;3;0;7;0;0;1;0;0;0;0;0;539115,793499999679625;5405728,946599999442697;9,532695376000049;48,803319536000060;1
91471;08240723415400008710;08;4;15;061;2024;07;10;3;3;5;2;0;0;1;1;0;0;0;0;515366,296000000089407;5370789,120400000363588;9,207972182000049;48,490037914000027;1
91473;08240723325202023260;08;3;25;049;2024;07;15;3;3;8;1;0;0;1;0;0;0;0;0;472503,860199999995530;5335393,105599999427795;8,630171398000073;48,171184733000075;1
91475;08240723317500012790;08;3;17;096;2024;07;20;3;3;6;6;0;0;0;0;1;0;0;1;422141,206500000320375;5369572,366699999198318;7,946550945000070;48,474458251000044;1
91476;08240723317500002860;08;3;17;096;2024;07;06;3;3;0;1;0;0;1;0;0;0;0;0;424923,317999999970198;5369384,267100000753999;7,984221117000061;48,473104643000056;1
91477;08240814311010118730;08;3;11;000;2024;08;20;4;2;8;7;1;0;1;0;0;0;0;0;404800,802500000223517;5320258,305800000205636;7,723079584000061;48,028514877000077;1
91478;08240723311010039830;08;3;11;000;2024;07;20;3;3;1;5;0;1;1;1;0;0;0;0;404450,152800000272691;5317453,198499999940395;7,719002726000042;48,003230824000070;1
91479;08240723311010019700;08;3;15;125;2024;07;09;3;2;0;7;0;0;1;0;0;0;0;0;411894,679299999959767;5311031,504000000655651;7,820102468000073;47,946535172000040;1
91481;08240723226700063170;08;2;26;060;2024;07;08;3;3;0;7;0;0;1;0;0;0;0;0;480142,508500000461936;5463591,699500000104308;8,726728507000075;49,324732607000044;1
91496;08240723212702052960;08;2;15;017;2024;07;18;3;3;5;3;0;0;1;1;0;0;0;0;457130,737999999895692;5416207,137000000104308;8,415094085000021;48,897327324000059;1
91501;08240723211100005060;08;2;11;000;2024;07;05;3;3;0;7;0;0;1;0;0;0;0;0;440829,518199999816716;5404179,859400000423193;8,194437997000023;48,787799849000066;1
91502;08240723136100042590;08;1;36;033;2024;07;12;3;3;5;2;0;0;1;1;0;0;0;0;580504,849899999797344;5415690,573499999940395;10,098226464000049;48,888934085000074;1
91503;08240807311010100880;08;3;11;000;2024;08;17;4;3;0;7;0;0;1;0;0;0;0;0;413407,226599999703467;5317268,186699999496341;7,839097005000042;48,002842791000035;1
91504;08240723136100006090;08;1;36;088;2024;07;14;3;3;0;7;0;0;1;0;0;0;0;0;580757,084999999962747;5411956,345699999481440;10,100929481000037;48,855315050000058;1
91506;08240723136000157280;08;1;36;065;2024;07;18;3;3;5;3;0;0;1;0;0;0;0;1;558861,568500000052154;5406051,364099999889731;9,801625005000062;48,804663451000067;1