OID_;UIDENTSTLAE;ULAND;UREGBEZ;UKREIS;UGEMEINDE;UJAHR;UMONAT;USTUNDE;UWOCHENTAG;UKATEGORIE;UART;UTYP1;ULICHTVERH;IstStrassenzustand;IstRad;IstPKW;IstFuss;IstKrad;IstGkfz;IstSonstige;LINREFX;LINREFY;XGCSWGS84;YGCSWGS84;PLST
91522;08240723111500054220;08;1;11;000;2024;07;14;3;3;6;7;0;0;0;0;1;0;0;1;512891,540500000119209;5402833,953600000590086;9,175475131000042;48,778373629000043;1
91529;08240722435100028770;08;4;35;016;2024;07;14;2;3;6;6;0;0;1;0;1;0;0;0;536024,292100000195205;5279585,426300000399351;9,479864338000027;47,668657082000038;1
91530;08240722435100018960;08;4;35;016;2024;07;22;2;2;5;2;2;0;1;1;0;0;0;0;538377,660000000149012;5282050,175000000745058;9,511427989000026;47,690697863000025;1
91531;08240722435100004730;08;4;35;016;2024;07;17;2;3;0;1;0;0;1;0;0;0;0;0;531436,409400000236928;5281182,831199999898672;9,418867914000032;47,683268974000043;1
91534;08240722417200021300;08;4;17;002;2024;07;20;2;2;5;3;0;0;1;1;0;0;0;0;489154,296099999919534;5346961,174499999731779;8,853825743000073;48,275762758000042;1
91537;08240722317000030190;08;2;16;002;2024;07;08;2;3;5;2;0;0;1;1;0;0;0;0;444716,429800000041723;5422996,833200000226498;8,244807106000053;48,957416886000033;1
91539;08240722316200011560;08;3;16;009;2024;07;06;2;3;8;1;1;1;1;0;0;0;0;0;416355,462000000290573;5325029,451500000432134;7,877098186000069;48,073051070000076;1
91543;08240722311010027450;08;3;36;050;2024;07;15;2;3;1;7;0;0;1;1;0;0;0;0;399895,852199999615550;5273802,828299999237061;7,668039994000026;47,609897012000033;1
91554;08240722222301062620;08;2;22;000;2024;07;13;2;3;6;4;0;0;0;1;1;0;0;0;465501,548899999819696;5481855,065199999138713;8,523664133000068;49,488353574000030;1
91559;08240722127202043710;08;1;27;103;2024;07;12;2;2;0;7;0;0;1;0;0;0;0;0;571505,247600000351667;5436792,273900000378489;9,979187883000066;49,079833521000069;1
91560;08240722127100043630;08;1;27;076;2024;07;15;2;3;6;2;0;0;0;1;1;0;0;0;553316,462399999611080;5440217,580700000748038;9,730588799000031;49,112487391000059;1
91565;08240722126100001680;08;1;26;028;2024;07;16;2;3;5;3;0;0;1;1;0;0;0;0;541673,802699999883771;5460155,126199999824166;9,573129193000057;49,292721964000066;1
91570;08240730317200057730;08;3;17;057;2024;07;16;3;3;2;1;0;0;1;1;0;0;0;0;414035,300800000317395;5377764,244599999859929;7,835210714000027;48,547084342000062;1
91573;08240806237200073540;08;2;37;040;2024;08;08;3;3;5;3;0;0;1;1;0;0;0;0;482350,761099999770522;5362928,743200000375509;8,761461513000029;48,419262889000038;1
91581;08240722118010021190;08;1;15;050;2024;07;19;2;2;2;1;0;0;1;1;0;0;0;0;487490,583100000396371;5402575,093800000846386;8,829734053000038;48,776052747000051;1
91585;08240722116400000560;08;1;16;033;2024;07;19;2;3;5;3;0;0;1;1;0;0;0;0;532792,393899999558926;5388573,019700000062585;9,445219195000050;48,649354503000040;1
91587;08240722115300035910;08;1;15;028;2024;07;20;2;2;8;1;0;0;1;0;0;0;0;0;503355,211699999868870;5401410,458000000566244;9,045658457000059;48,765692432000037;1
91595;08240721426000031710;08;4;25;020;2024;07;15;1;2;8;3;0;0;1;0;0;1;0;0;562245,944000000134110;5365299,490000000223517;9,841594438000072;48,437761153000054;1
91596;08240730311500063440;08;3;15;113;2024;07;11;3;3;5;2;0;0;1;1;0;0;0;0;439429,684000000357628;5308189,058000000193715;8,189201435000030;47,924159640000028;1
91599;08240816235200122110;08;2;35;046;2024;08;20;6;3;0;1;1;0;1;0;0;0;0;0;477707,731999999843538;5378764,315999999642372;8,697864260000074;48,561577121000028;1
91608;08240721317100013830;08;3;17;001;2024;07;02;1;3;0;1;2;0;1;0;0;0;0;0;428714,395800000056624;5384211,857499999925494;8,032968797000024;48,606920910000042;1
91615;08240721237200061340;08;2;37;054;2024;07;02;1;3;0;1;2;0;1;0;0;0;0;0;470710,909199999645352;5376027,181199999526143;8,603228248000050;48,536665677000030;1
91616;08240721235200035130;08;2;35;046;2024;07;12;1;2;8;1;0;0;1;0;0;0;0;0;478158,859199999831617;5378428,989600000903010;8,703996077000056;48,558576344000073;1
91622;08240721226500052710;08;2;26;085;2024;07;13;1;3;0;7;0;0;1;0;0;0;0;0;483643,496100000105798;5454379,948300000280142;8,775284221000049;49,241975825000054;1
91627;08240721216100018810;08;2;16;039;2024;07;15;1;2;5;2;0;0;1;1;0;0;0;0;446402,138700000010431;5414866,812999999150634;8,268900683000027;48,884435751000069;1
91630;08240721212402000010;08;2;12;000;2024;07;13;1;2;5;3;0;0;1;1;0;0;0;0;455484,587199999950826;5428235,020099999383092;8,391320636000046;49,005404269000053;1
91631;08240805311010097030;08;3;11;000;2024;08;17;2;2;0;7;0;0;1;0;0;0;0;1;413159,043999999761581;5315405,742000000551343;7,836147320000066;47,986055804000046;1
91636;08240820335100132530;08;3;35;043;2024;08;09;3;3;0;1;0;0;1;0;0;0;0;0;515493,627799999900162;5281051,343200000002980;9,206439116000070;47,682664708000061;1
91637;08240721135010031530;08;1;35;021;2024;07;09;1;3;5;3;0;0;1;1;0;0;0;0;592394,371600000187755;5383733,105000000447035;10,253214244000048;48,599854839000045;1
91645;08240721121400995340;08;1;25;038;2024;07;12;1;3;0;1;0;0;1;0;0;0;0;0;499914,210199999623001;5434577,863500000908971;8,998825580000073;49,064067158000057;1
91646;08240721121400000180;08;1;25;066;2024;07;15;1;3;4;6;0;0;1;0;0;1;0;0;513830,524400000460446;5432597,129399999976158;9,189264822000041;49,046094220000043;1
91647;08240721119000003230;08;1;19;044;2024;07;18;1;3;3;6;0;0;1;1;0;0;0;0;542925,082600000314415;5425117,895400000736117;9,586605992000045;48,977477899000064;1
91650;08240721116200016330;08;1;16;081;2024;07;18;1;2;0;1;0;0;1;0;0;0;0;0;518947,915699999779463;5386505,026399999856949;9,257162150000056;48,631323799000029;1
91651;08240721116010029930;08;1;16;019;2024;07;03;1;2;0;1;2;0;1;0;0;0;0;0;523641,203999999910593;5398715,310000000521541;9,321557337000058;48,741007281000066;1
91652;08240721115300020670;08;1;15;050;2024;07;14;1;3;5;2;0;1;1;1;0;0;0;0;490912,824000000022352;5399865,952999999746680;8,876373945000068;48,751740808000079;1
91658;08240720436300027740;08;4;36;006;2024;07;08;7;3;5;3;0;0;1;1;0;0;0;0;556333,151999999769032;5283609,169999999925494;9,750889826000048;47,703408103000072;1
91659;08240720436200010640;08;4;36;064;2024;07;23;7;3;0;1;2;0;1;0;0;0;0;0;545378,676199999637902;5292229,239800000563264;9,605781261000061;47,781826194000075;1
91662;08240720436100027790;08;4;36;055;2024;07;11;7;3;5;3;0;0;1;1;0;0;0;0;576221,906999999657273;5297649,314999999478459;10,018421219000061;47,827674396000077;1
91668;08240720425000992390;08;4;25;002;2024;07;09;7;3;8;1;0;0;1;0;0;0;0;0;557131,041000000201166;5351751,341900000348687;9,770603754000035;48,316369983000072;1
91669;08240720421300061150;08;4;21;000;2024;07;12;7;3;3;2;0;0;1;1;0;0;0;0;572064,068900000303984;5361411,080800000578165;9,973653257000024;48,401736754000069;1
91677;08240720335200993370;08;3;35;025;2024;07;11;7;3;0;1;0;0;1;0;0;0;0;0;496890,137500000186265;5279841,228700000792742;8,958572273000073;47,671954691000053;1
91681;08240720326100008050;08;3;26;006;2024;07;07;7;3;5;3;0;0;1;1;0;0;0;0;459236,101300000213087;5308728,557900000363588;8,454265020000037;47,930579244000057;1
91686;08240720317000053580;08;3;17;153;2024;07;03;7;3;0;7;2;0;1;0;0;0;0;0;418770,893299999646842;5386596,216199999675155;7,897636865000038;48,627155609000056;1
91688;08240720316200025350;08;3;16;009;2024;07;23;7;3;0;7;2;0;1;0;0;0;0;0;416784,946600000374019;5324376,889900000765920;7,882989796000061;48,067237235000050;1
91690;08240727221300022620;08;2;26;012;2024;07;12;7;3;3;6;0;0;1;0;0;0;0;0;474363,422000000253320;5477881,497600000351667;8,646278626000026;49,453051610000045;1
91692;08240720311100014920;08;3;15;133;2024;07;12;7;2;7;1;0;0;1;0;0;0;0;0;398671,942200000397861;5325839,787399999797344;7,639573600000062;48,077774898000030;1
91696;08240720311010013970;08;3;15;109;2024;07;09;7;3;4;6;0;0;1;1;0;0;0;0;424884,689000000245869;5317184,795499999076128;7,992957308000030;48,003544477000048;1
91700;08240720226600061300;08;2;26;040;2024;07;23;7;2;0;7;2;0;0;1;1;0;0;0;474443,066200000233948;5494377,718200000002980;8,646308674000068;49,601432206000027;1
91701;08240720226600049470;08;2;26;096;2024;07;15;7;3;8;1;0;0;1;1;0;0;0;0;478884,086600000038743;5483833,485099999234080;8,708333887000038;49,506762179000077;1
91705;08240720212000011820;08;2;15;084;2024;07;17;7;3;3;6;0;0;1;0;0;0;0;0;473827,961699999868870;5447882,202400000765920;8,640858256000058;49,183186902000045;1
91707;08240720136200047860;08;1;36;060;2024;07;09;7;2;0;7;0;0;1;0;0;0;0;0;577158,446600000374019;5428265,427300000563264;10,054965624000033;49,002460245000066;1
91712;08240720127202025600;08;1;27;014;2024;07;01;7;2;6;7;2;0;1;0;1;0;0;0;578645,488499999977648;5445740,765900000929832;10,078692700000033;49,159443997000039;1
91714;08240720127100992930;08;1;27;012;2024;07;15;7;3;0;7;0;0;1;0;0;0;0;0;566116,930399999953806;5433066,150800000876188;9,904801997000050;49,046921632000078;1
91725;08240720117300061250;08;1;17;003;2024;07;14;7;3;8;1;0;0;1;0;0;0;0;0;540724,491499999538064;5392757,139299999922514;9,553319735000059;48,686527082000055;1
91732;08240720116100027020;08;1;16;014;2024;07;09;7;3;5;2;0;0;1;1;0;0;0;0;527893,483599999919534;5395791,500499999150634;9,379195953000021;48,714529239000058;1
91739;08240720111310061170;08;1;11;000;2024;07;15;7;3;5;3;0;0;1;1;0;0;0;0;516647,260300000198185;5407406,676000000908971;9,226781663000054;48,819420039000079;1
91740;08240720111210161690;08;1;11;000;2024;07;17;7;3;0;7;0;0;1;0;0;0;0;0;508070,921799999661744;5397392,627800000831485;9,109752049000065;48,729504760000054;1
91744;08240719436300062430;08;4;36;079;2024;07;16;6;3;8;1;0;0;1;0;0;0;0;0;553228,486499999649823;5291697,058599999174476;9,710499114000072;47,776437392000048;1
91748;08240719436000989610;08;4;35;024;2024;07;15;6;3;0;1;0;0;1;0;0;0;0;0;528745,700000000186265;5279624,678300000727177;9,382914395000057;47,669374772000026;1
91750;08240719435200029890;08;4;35;067;2024;07;16;6;2;0;1;0;0;1;0;0;0;0;0;528926,053899999707937;5293867,310399999842048;9,386263292000024;47,797513428000059;1
91754;08240719425000013200;08;4;25;071;2024;07;14;6;3;5;3;0;0;1;1;0;0;0;0;551317,079300000332296;5371102,606399999931455;9,694555481000066;48,490950527000052;1
91763;08240719337010002110;08;3;37;065;2024;07;16;6;3;5;3;0;0;1;0;0;0;0;1;447527,097500000149012;5275609,896600000560284;8,301521961000049;47,631763471000056;1
91768;08240719335200988980;08;3;35;063;2024;07;11;6;3;0;1;0;0;1;0;0;0;0;0;497229,327999999746680;5287925,867799999192357;8,963039373000072;47,744698944000049;1
91770;08240719335200027770;08;3;35;063;2024;07;18;6;2;0;7;0;0;1;0;0;0;0;0;499792,561700000427663;5288019,355299999937415;8,997232738000037;47,745546024000078;1
91771;08240719335200009220;08;3;35;061;2024;07;21;6;2;8;1;2;0;1;0;0;0;0;0;493064,304999999701977;5278219,914000000804663;8,907632611000054;47,657336862000079;1
91774;08240719317100991130;08;3;17;116;2024;07;10;6;2;1;7;0;0;1;1;0;0;0;0;432866,730999999679625;5387394,722999999299645;8,088774776000037;48,636010200000044;1
91779;08240719311300054020;08;3;11;000;2024;07;23;6;2;0;1;2;0;1;0;0;0;0;0;413286,952800000086427;5315949,702199999243021;7,837751333000028;47,990966272000037;1
91782;08240719311010990760;08;3;11;000;2024;07;09;6;3;6;4;0;0;1;0;1;0;0;0;412330,793499999679625;5318605,056600000709295;7,824395667000033;48,014721577000046;1
91789;08240719231102033420;08;2;36;028;2024;07;18;6;3;5;3;0;0;1;1;0;0;0;0;495780,642900000326335;5422174,612099999561906;8,942368023000029;48,952478035000070;1
91792;08240824317000140390;08;3;17;059;2024;08;14;7;3;5;3;0;0;1;1;0;0;0;0;411675,731700000353158;5351641,015900000929832;7,808751861000076;48,311789637000061;1
91797;08240824316100140560;08;3;16;002;2024;08;11;7;2;5;2;0;0;1;1;0;0;0;0;406249,428700000047684;5330410,533900000154972;7,740277982000066;48,120047419000059;1
91798;08240719222014998760;08;2;22;000;2024;07;14;6;3;5;3;0;0;1;0;0;0;1;0;460587,513100000098348;5481788,037900000810623;8,455823500000065;49,487451430000078;1
91800;08240719221300026920;08;2;21;000;2024;07;14;6;3;5;3;0;0;1;1;0;0;0;0;477047,343299999833107;5475089,063799999654293;8,683471181000073;49,428041579000080;1
91810;08240719135100032040;08;1;35;031;2024;07;15;6;3;3;6;0;0;1;1;0;0;0;0;595174,320600000210106;5379162,417300000786781;10,289864487000045;48,558329649000029;1
91813;08240719127100006290;08;1;27;076;2024;07;12;6;2;0;1;0;0;1;0;0;0;0;0;553678,529600000008941;5439412,199899999424815;9,735442650000039;49,105211726000050;1
91821;08240719118300028330;08;1;18;051;2024;07;22;6;3;5;3;2;0;1;1;0;0;0;0;508902,709999999962747;5415146,645899999886751;9,121448156000042;48,889206720000061;1
91827;08240719116500027410;08;1;16;049;2024;07;18;6;3;6;7;0;0;1;0;1;0;0;0;523187,083700000308454;5385173,076199999079108;9,314621059000046;48,619198658000073;1
91828;08240719116400056630;08;1;16;043;2024;07;09;6;2;6;7;0;0;1;0;1;0;0;0;539820,008000000379980;5381398,412000000476837;9,539939671000070;48,584404750000033;1
91831;08240719111500055200;08;1;11;000;2024;07;20;6;2;6;2;1;1;0;1;1;0;0;0;515112,113499999977648;5394511,575400000438094;9,205395330000044;48,703455826000038;1
91836;08240718437000001630;08;4;35;066;2024;07;08;5;2;6;7;0;0;0;1;1;0;0;0;517481,082200000062585;5285461,343000000342727;9,233096821000061;47,722293342000057;1
91840;08240718435200020100;08;4;35;059;2024;07;19;5;3;5;3;0;0;1;1;0;0;0;0;512835,733900000341237;5290702,343200000002980;9,171309660000077;47,769558586000073;1
91843;08240718421300987200;08;4;25;141;2024;07;19;5;3;1;5;0;0;1;1;0;0;0;0;563849,799999999813735;5366244,782199999317527;9,863420909000070;48,446103881000056;1
91851;08240718317000988330;08;3;17;065;2024;07;17;5;3;5;2;0;0;1;1;0;0;0;0;416353,292200000025332;5354435,093499999493361;7,871271573000058;48,337558218000026;1
91852;08240718317000007360;08;3;17;065;2024;07;13;5;3;1;2;0;0;1;1;0;0;0;0;417306,929999999701977;5355800,539999999105930;7,883869253000057;48,349965865000058;1
91853;08240718316200988120;08;3;16;014;2024;07;19;5;2;5;3;0;0;1;1;0;0;0;0;425470,637299999594688;5330281,254799999296665;7,998528870000030;48,121425095000063;1
91855;08240718316100990660;08;3;16;043;2024;07;15;5;3;5;3;0;0;1;1;0;0;0;0;411715,016599999740720;5331549,331299999728799;7,813466055000049;48,131072420000066;1
91856;08240718311400058460;08;3;15;050;2024;07;13;5;3;5;2;0;0;1;1;0;0;0;0;399901,139899999834597;5303150,631100000813603;7,661358571000051;47,873885635000079;1
91858;08240718311010039740;08;3;15;084;2024;07;11;5;3;5;3;0;0;1;1;0;0;0;0;421782,833399999886751;5311064,051599999889731;7,952493354000069;47,948111939000057;1
91861;08240718311010001710;08;3;11;000;2024;07;08;5;3;5;2;0;0;1;1;0;0;0;0;418056,293700000271201;5315504,881599999964237;7,901749054000049;47,987593822000065;1
91870;08240718216200993280;08;2;16;007;2024;07;14;5;3;5;3;0;0;1;1;0;0;0;0;436246,064000000245869;5395756,210599999874830;8,133349009000028;48,711576340000079;1
91871;08240718216100988430;08;2;16;043;2024;07;18;5;3;2;7;0;0;1;1;0;0;0;0;442529,116899999789894;5412221,462999999523163;8,216447579000032;48,860293872000057;1
91872;08240718216100059140;08;2;16;043;2024;07;19;5;3;5;3;0;0;1;1;0;0;0;0;442612,077700000256300;5412623,635700000450015;8,217522153000061;48,863919093000050;1
91879;08240718212010050470;08;2;12;000;2024;07;19;5;3;5;3;0;0;1;1;0;0;0;0;459238,530100000090897;5428080,231000000610948;8,442662873000074;49,004271262000032;1
91883;08240718126200995320;08;1;26;069;2024;07;07;5;3;5;3;0;0;1;1;0;0;0;0;536894,435100000351667;5447458,070900000631809;9,506234108000058;49,178820585000040;1
91890;08240718121600987810;08;1;25;110;2024;07;17;5;2;0;7;0;0;1;0;0;0;0;0;529371,322100000455976;5443515,280600000172853;9,402723676000051;49,143760976000067;1
91894;08240718119300004980;08;1;19;067;2024;07;22;5;3;3;3;2;0;1;1;0;0;0;0;538790,997499999590218;5406715,168700000271201;9,528365565000058;48,812211487000070;1
91899;08240718118010999370;08;1;18;050;2024;07;15;5;2;0;7;0;0;1;0;0;0;0;0;504201,998900000005960;5420591,965700000524521;9,057378558000039;48,938241145000063;1
91900;08240718118010020040;08;1;18;048;2024;07;17;5;2;0;2;0;0;1;0;0;0;0;0;512806,708300000056624;5417013,786699999123812;9,174763678000033;48,905934639000066;1
91902;08240718117300009670;08;1;17;026;2024;07;14;5;3;5;3;0;0;1;1;0;0;0;0;549198,348899999633431;5394524,740299999713898;9,668656278000071;48,701817038000058;1
91905;08240718116500027970;08;1;16;063;2024;07;18;5;3;3;6;0;0;1;1;0;0;0;0;517162,325000000186265;5382771,987999999895692;9,232773801000064;48,597792396000045;1
91911;08240718111340009620;08;1;11;000;2024;07;13;5;3;5;3;0;0;1;1;0;0;0;0;512778,103500000201166;5407596,165500000119209;9,174079257000074;48,821216299000071;1
91915;08240718111240987890;08;1;11;000;2024;07;13;5;3;1;5;0;0;1;1;0;0;0;0;520118,097400000318885;5400467,260600000619888;9,273723789000030;48,756891417000077;1
91918;08240825136000156900;08;1;36;028;2024;08;04;1;2;0;1;2;0;1;0;0;0;0;0;569155,471099999733269;5402769,965700000524521;9,941245231000039;48,774088060000054;1
91921;08240717421200015270;08;4;25;022;2024;07;20;4;3;3;2;0;0;1;0;0;0;0;0;578342,497200000099838;5377367,675799999386072;10,061456083000053;48,544515747000048;1
91923;08240717417300984450;08;4;17;051;2024;07;06;4;3;6;4;0;0;0;1;1;0;0;0;491137,016699999570847;5358776,965600000694394;8,880299511000032;48,382096160000060;1
91925;08240717415300038910;08;4;15;019;2024;07;14;4;3;5;3;0;0;1;1;0;0;0;0;519171,509999999776483;5370241,184000000357628;9,259447480000063;48,485003926000047;1
91926;08240717415100020030;08;4;15;050;2024;07;12;4;3;6;4;0;0;0;1;1;0;0;0;521395,697499999776483;5376818,301899999380112;9,289884315000052;48,544101628000078;1
91928;08240717336200022720;08;3;36;105;2024;07;16;4;2;9;1;0;0;1;0;0;0;0;0;401052,328999999910593;5267315,520999999716878;7,684886064000068;47,551718240000071;1
91938;08240717311300004000;08;3;11;000;2024;07;14;4;3;3;2;0;0;1;1;0;0;0;0;412591,873200000263751;5314261,283199999481440;7,828780585000061;47,975683753000055;1
91939;08240717311010982910;08;3;36;091;2024;07;16;4;3;5;3;0;0;1;1;0;0;0;0;395080,669999999925494;5270815,937999999150634;7,604704150000032;47,582267780000052;1
91940;08240726116100031720;08;1;16;056;2024;07;06;6;2;0;1;0;0;1;0;0;0;0;0;531331,206199999898672;5394806,119200000539422;9,425853742000072;48,705501649000041;1
91942;08240717311010009970;08;3;11;000;2024;07;20;4;3;6;7;0;0;1;0;1;0;0;0;412126,716000000014901;5315287,791200000792742;7,822339086000056;47,984853800000053;1
91946;08240718435100059090;08;4;35;035;2024;07;17;5;3;6;4;0;0;0;1;1;0;0;0;544771,139600000344217;5285311,484899999573827;9,596959219000041;47,719629044000044;1
91955;08240728111250024340;08;1;11;000;2024;07;11;1;3;0;7;0;0;1;0;0;0;0;0;516574,254999999888241;5404784,399000000208616;9,225681255000040;48,795832385000040;1
91960;08240719417000990170;08;4;17;025;2024;07;17;6;2;5;3;0;0;1;1;0;0;0;0;486462,475100000388920;5357329,983799999579787;8,817213596000045;48,368995310000059;1
91961;08240717136100000750;08;1;36;088;2024;07;10;4;2;2;2;0;0;1;1;0;0;0;0;592055,077700000256300;5408395,742300000041723;10,254114518000051;48,821718657000076;1
91963;08240826231000132690;08;2;31;000;2024;08;19;2;3;2;6;0;0;1;1;0;0;0;0;477655,737999999895692;5415393,994899999350309;8,695174510000072;48,891092898000068;1
91967;08240717135100003980;08;1;35;031;2024;07;07;4;3;0;6;0;0;1;0;0;0;0;1;595160,994400000199676;5379151,775699999183416;10,289681496000071;48,558235961000037;1
91970;08240717127100068380;08;1;27;023;2024;07;07;4;3;0;7;0;0;1;0;0;0;0;0;555969,647599999792874;5425773,998099999502301;9,764946148000035;48,982335367000076;1
91977;08240717121400984690;08;1;25;056;2024;07;18;4;3;3;6;0;0;1;1;0;0;0;0;511397,030399999581277;5435797,283800000324845;9,156053740000061;49,074930978000054;1
91979;08240717212502983540;08;2;12;000;2024;07;22;4;2;0;7;2;0;1;0;0;0;0;0;453237,437500000000000;5427200,000600000843406;8,360715469000070;48,995928039000034;1
91982;08240717119300004670;08;1;19;067;2024;07;15;4;2;4;2;0;0;1;1;0;0;0;0;536673,764999999664724;5409416,085300000384450;9,499769813000057;48,836636286000044;1
91985;08240717119100009680;08;1;19;083;2024;07;16;4;3;6;4;0;0;0;1;1;0;0;0;535096,594200000166893;5419792,712799999862909;9,479168727000058;48,930070247000060;1
91988;08240805215302093560;08;2;15;089;2024;08;19;2;3;0;1;0;0;1;0;0;0;0;0;468878,080000000074506;5431149,598999999463558;8,574225916000046;49,032442622000076;1
92003;08240717111330488220;08;1;11;000;2024;07;06;4;3;0;7;0;0;1;0;0;0;0;0;511058,025700000114739;5409202,965900000184774;9,150689640000053;48,835703844000079;1
92004;08240716437200980660;08;4;37;059;2024;07;12;3;3;5;2;0;0;1;1;0;0;0;0;512109,742200000211596;5323686,615000000223517;9,162547301000075;48,066341382000076;1
92007;08240716435100976910;08;4;35;016;2024;07;00;3;3;0;1;2;1;1;0;0;0;0;0;536151,217799999751151;5278468,591700000688434;9,481462591000025;47,658601393000026;1
92008;08240716426300998080;08;4;26;097;2024;07;13;3;3;6;4;0;0;0;1;1;0;0;0;534839,256299999542534;5333718,414000000804663;9,468454717000043;48,155757976000075;1
92013;08240723119200005460;08;1;19;020;2024;07;06;3;3;5;3;0;0;1;0;0;0;0;0;519789,014499999582767;5406620,988399999216199;9,269542682000065;48,812260006000031;1
92018;08240716325102007070;08;3;25;064;2024;07;12;3;2;0;1;0;1;1;0;0;0;0;0;477010,424800000153482;5333053,344900000840425;8,690911073000052;48,150313395000069;1
92019;08240716317000985290;08;3;17;146;2024;07;15;3;3;6;2;0;0;0;1;1;0;0;0;430178,193900000303984;5355056,068700000643730;8,057692976000055;48,344823358000042;1
92021;08240716317000016120;08;3;17;065;2024;07;17;3;3;3;6;0;0;1;1;0;0;0;0;416933,925400000065565;5354780,778200000524521;7,879036895000070;48,340744236000035;1
92023;08240716311500980200;08;3;15;113;2024;07;20;3;2;0;7;0;0;1;1;0;0;0;0;440821,655000000260770;5307383,400699999183416;8,207943244000035;47,917041617000052;1
92025;08240716311500000780;08;3;15;052;2024;07;12;3;3;0;7;0;0;1;0;0;0;0;0;435136,494500000029802;5304439,149100000038743;8,132303170000057;47,890004242000032;1
92026;08240716311100000140;08;3;15;043;2024;07;17;3;3;5;3;0;0;1;1;0;0;0;0;405481,740299999713898;5322719,163300000131130;7,731667482000034;48,050751232000039;1
92029;08240716311010057200;08;3;36;069;2024;07;17;3;2;0;7;0;0;1;0;0;0;0;0;408294,060999999754131;5269779,873999999836087;7,780598188000056;47,574950305000073;1
92030;08240716311010017170;08;3;11;000;2024;07;11;3;3;2;6;0;0;1;0;0;0;1;0;414002,971900000236928;5315239,793899999931455;7,847488595000073;47,984677068000053;1
92034;08240716225200019000;08;2;25;001;2024;07;18;3;3;4;2;0;0;1;1;0;0;0;0;528261,712500000372529;5474116,253900000825524;9,389672487000041;49,419067834000032;1
92039;08240716221300015800;08;2;21;000;2024;07;16;3;3;0;6;0;0;1;0;0;0;0;0;479001,464900000020862;5473674,443700000643730;8,710494001000029;49,415387916000043;1
92040;08240716216300012110;08;2;16;006;2024;07;18;3;3;6;2;0;0;0;0;1;1;0;0;447776,861999999731779;5409291,226999999955297;8,288362371000062;48,834399924000081;1
92042;08240716215502011700;08;2;15;029;2024;07;07;3;3;5;3;0;0;1;1;0;0;0;0;466823,031899999827147;5448224,587700000032783;8,544708785000068;49,185927761000073;1
92043;08240716215202994510;08;2;15;084;2024;07;10;3;3;0;7;0;0;1;0;0;0;0;0;474081,173200000077486;5447598,043500000610948;8,644351159000053;49,180641601000048;1
92049;08240716127202983650;08;1;27;014;2024;07;17;3;3;3;2;0;0;1;1;0;0;0;0;577470,074000000022352;5443687,323100000619888;10,062178845000062;49,141125138000064;1
92050;08240716127100993970;08;1;27;009;2024;07;05;3;3;0;7;1;0;1;0;0;0;0;0;557573,871799999848008;5447987,425499999895692;9,790032348000068;49,181989596000051;1
92053;08240716121500983200;08;1;25;079;2024;07;12;3;3;0;7;0;0;1;0;0;0;0;0;512029,695100000128150;5454679,850400000810623;9,165280710000047;49,244773837000025;1
92056;08240716121200980030;08;1;21;000;2024;07;07;3;3;0;7;0;0;1;0;0;0;0;0;515902,584099999628961;5444782,847300000488758;9,218099669000026;49,155659562000039;1
92058;08240724421200030230;08;4;25;031;2024;07;16;4;3;0;3;0;0;1;1;0;0;0;0;569661,463999999687076;5368584,862999999895692;9,942389158000026;48,466537082000059;1
92059;08240716119300980710;08;1;19;086;2024;07;21;3;3;5;3;0;0;1;1;0;0;0;0;535137,860000000335276;5405974,667999999597669;9,478545317000055;48,805767563000074;1
92063;08240716117200055420;08;1;17;024;2024;07;17;3;3;5;2;0;0;1;1;0;0;0;0;560185,000599999912083;5386476,340199999511242;9,816790966000042;48,628456575000030;1
92066;08240716116200011780;08;1;16;080;2024;07;19;3;3;5;3;0;0;1;0;0;1;0;0;520251,071999999694526;5396796,041999999433756;9,275352547000068;48,723861118000059;1
92072;08240811221200083510;08;2;21;000;2024;08;10;1;2;0;7;0;0;1;0;0;0;0;0;476595,638199999928474;5472420,310000000521541;8,677399414000035;49,404019395000034;1
92074;08240716111110014980;08;1;11;000;2024;07;11;3;3;5;3;0;0;1;1;0;0;0;0;513345,598000000230968;5402681,575999999418855;9,181650625000032;48,776993277000031;1
92077;08240715435200997270;08;4;35;036;2024;07;19;2;2;5;3;0;0;1;1;0;0;0;0;521522,482599999755621;5283180,659900000318885;9,286872522000067;47,701650724000046;1
92079;08240715435100976970;08;4;35;013;2024;07;20;2;3;0;1;0;0;1;0;0;0;0;0;540422,423899999819696;5276582,687999999150634;9,538169792000076;47,641380477000041;1
92080;08240715426100975690;08;4;26;021;2024;07;08;2;3;9;1;0;0;1;0;0;0;0;0;557708,431200000457466;5327089,883099999278784;9,775036522000050;48,094462163000060;1
92081;08240808335200079010;08;3;35;061;2024;08;15;5;3;9;1;0;0;1;0;0;0;0;0;493791,094399999827147;5278469,465800000354648;8,917308205000040;47,659589642000071;1
92082;08240715425000017620;08;4;25;108;2024;07;16;2;3;5;3;0;0;1;1;0;0;0;0;554132,853000000119209;5357637,544299999251962;9,730923355000073;48,369585585000038;1
92084;08240715417200992490;08;4;17;022;2024;07;13;2;3;8;1;0;0;1;0;0;0;0;0;480663,921199999749660;5351870,566600000485778;8,739171784000064;48,319728345000044;1
92088;08240715337010026750;08;3;37;002;2024;07;16;2;3;3;6;0;0;1;0;0;0;0;1;434258,509700000286102;5271009,743899999186397;8,125610192000067;47,589165838000042;1