OID_;UIDENTSTLAE;ULAND;UREGBEZ;UKREIS;UGEMEINDE;UJAHR;UMONAT;USTUNDE;UWOCHENTAG;UKATEGORIE;UART;UTYP1;ULICHTVERH;IstStrassenzustand;IstRad;IstPKW;IstFuss;IstKrad;IstGkfz;IstSonstige;LINREFX;LINREFY;XGCSWGS84;YGCSWGS84;PLST
92090;08240715335300975800;08;3;35;075;2024;07;08;2;2;5;2;0;0;1;1;0;0;0;0;488364,706000000238419;5290064,976299999281764;8,844728785000029;47,763846657000045;1
92093;08240809335100141880;08;3;35;043;2024;08;12;6;3;3;6;0;0;1;0;0;0;0;0;514608,005699999630451;5280058,485400000587106;9,194605823000074;47,673751952000032;1
92095;08240715326200011430;08;3;26;074;2024;07;07;2;3;5;3;0;0;1;0;0;1;0;0;463537,299300000071526;5326398,892699999734759;8,510343235000050;48,089815662000035;1
92103;08240715226700047700;08;2;26;068;2024;07;11;2;3;4;6;0;0;1;0;0;0;0;0;468848,872800000011921;5459166,987400000914931;8,571658525000032;49,284460860000081;1
92110;08240715222700013660;08;2;22;000;2024;07;07;2;3;3;2;0;0;1;0;0;0;1;0;462172,521499999798834;5480556,760199999436736;8,477824849000058;49,476477592000037;1
92112;08240715222600075140;08;2;22;000;2024;07;16;2;3;4;6;0;0;1;0;0;0;0;0;463622,946100000292063;5483488,386299999430776;8,497576064000043;49,502934761000063;1
92114;08240715221200053290;08;2;21;000;2024;07;12;2;3;5;2;0;0;1;1;0;0;0;0;476556,819899999536574;5472835,069900000467896;8,676839875000042;49,407748599000058;1
92126;08240715136200017250;08;1;36;019;2024;07;15;2;3;5;2;0;0;1;1;0;0;0;0;582291,372700000181794;5424469,167799999937415;10,124364453000055;48,967654088000074;1
92127;08240715136000975850;08;1;36;042;2024;07;06;2;3;4;1;0;0;1;1;0;0;0;0;547799,059999999590218;5405269,371999999508262;9,650887017000059;48,798578397000028;1
92136;08240715119400980070;08;1;19;041;2024;07;19;2;3;3;2;0;0;1;1;0;0;0;0;527412,508000000379980;5408624,498999999836087;9,373512857000037;48,829993437000041;1
92142;08240803435200085010;08;4;35;066;2024;08;13;7;3;4;6;0;0;1;0;0;0;0;0;519106,933100000023842;5286997,228099999949336;9,254843488000063;47,736066425000047;1
92144;08240819317500103870;08;3;17;096;2024;08;11;2;3;5;3;0;0;1;1;0;0;0;0;422051,208599999547005;5369732,397299999371171;7,945303627000044;48,475886562000028;1
92149;08240715118010043140;08;1;15;001;2024;07;23;2;2;5;2;2;1;1;0;0;0;0;0;490557,858199999667704;5391703,759199999272823;8,871731642000043;48,678308097000070;1
92154;08240715115000975590;08;1;15;015;2024;07;13;2;3;5;3;0;0;1;1;0;0;0;0;493389,332999999634922;5387149,126000000163913;8,910268977000044;48,637370375000046;1
92159;08240714436000978030;08;4;35;057;2024;07;10;1;3;1;7;0;0;1;0;0;0;1;0;551057,019399999640882;5276199,669399999082088;9,679701112000032;47,637182928000072;1
92163;08240714435200009990;08;4;35;034;2024;07;10;1;2;8;1;0;0;1;0;0;0;0;0;531944,439299999736249;5284875,402899999171495;9,425907366000047;47,716467651000073;1
92168;08240721435200038090;08;4;35;018;2024;07;18;1;2;8;1;0;0;1;0;0;0;0;0;523146,809000000357628;5281097,605000000447035;9,308412281000074;47,682852184000069;1
92176;08240714335200976630;08;3;35;061;2024;07;12;1;3;0;7;0;0;1;0;0;0;0;0;496263,541500000283122;5279663,011399999260902;8,950226664000070;47,670347828000047;1
92178;08240714335100971060;08;3;35;002;2024;07;01;1;3;0;1;2;0;1;0;0;0;0;0;505883,484600000083447;5286242,689899999648333;9,078462608000052;47,729533510000067;1
92184;08240714326200012540;08;3;26;074;2024;07;18;1;3;8;1;0;0;1;0;0;0;0;0;467525,594399999827147;5323349,585899999365211;8,564132026000038;48,062597370000049;1
92188;08240714316100007350;08;3;16;017;2024;07;16;1;3;5;3;0;0;1;1;0;0;0;0;409319,132000000216067;5339445,762000000104308;7,779589141000031;48,201763002000064;1
92196;08240714225100976620;08;2;25;009;2024;07;15;1;3;6;7;0;0;0;0;1;0;0;1;515833,795900000259280;5466736,388599999248981;9,218024268000022;49,353136807000055;1
92198;08240714216300973250;08;2;16;015;2024;07;11;1;3;2;6;0;0;1;1;0;0;0;0;454350,378800000064075;5411432,850099999457598;8,377694225000027;48,854182643000058;1
92201;08240812111110087790;08;1;11;000;2024;08;18;2;3;5;2;0;0;1;1;0;0;0;0;512701,493999999947846;5402586,492499999701977;9,172880653000050;48,776151397000035;1
92207;08240822326000117930;08;3;26;017;2024;08;14;5;2;0;7;0;0;1;0;0;0;0;0;440543,396200000308454;5319370,394200000911951;8,202560748000053;48,024855207000030;1
92215;08240714128300974670;08;1;28;064;2024;07;12;1;2;0;1;0;0;1;0;0;0;0;0;535167,950000000186265;5499303,616000000387430;9,487138698000024;49,645254478000027;1
92220;08240720136000044750;08;1;36;065;2024;07;00;7;3;0;1;2;0;1;0;0;0;0;0;557381,475399999879301;5407550,763599999248981;9,781679514000075;48,818289070000048;1
92226;08240728116200027930;08;1;16;015;2024;07;13;1;3;0;1;0;0;1;0;0;0;0;0;523852,729000000283122;5393413,463099999353290;9,324127801000031;48,693304249000050;1
92228;08240714118600972510;08;1;18;073;2024;07;14;1;3;5;2;0;0;1;1;0;0;0;0;499337,913099999539554;5418400,196799999102950;8,990962719000038;48,918538503000036;1
92231;08240714118010014240;08;1;15;048;2024;07;13;1;2;0;7;0;0;1;0;0;0;0;0;508933,155700000002980;5387417,245799999684095;9,121261440000069;48,639753552000059;1
92236;08240714116400010120;08;1;16;079;2024;07;14;1;3;0;1;0;0;1;0;0;0;0;0;533649,450500000268221;5380008,404699999839067;9,456160452000063;48,572262168000066;1
92239;08240817435100115600;08;4;35;016;2024;08;11;7;3;5;2;0;0;1;1;0;0;0;0;536206,736999999731779;5277907,009999999776483;9,482155452000029;47,653545507000047;1
92240;08240713436500970340;08;4;36;052;2024;07;10;7;2;7;1;0;1;1;0;0;0;0;0;567358,184200000017881;5288082,620799999684095;9,898522156000070;47,742597921000026;1
92242;08240713436300982590;08;4;36;094;2024;07;09;7;3;0;1;0;1;1;0;0;0;0;0;571855,410000000149012;5282057,262000000104308;9,957510691000039;47,687906208000072;1
92244;08240713436000000130;08;4;37;056;2024;07;10;7;2;5;3;0;0;1;1;0;0;0;0;528156,987999999895692;5301924,962999999523163;9,376517904000025;47,870044278000080;1
92245;08240713425000991210;08;4;25;020;2024;07;16;7;2;5;3;0;0;1;0;0;1;0;0;556806,922199999913573;5361120,501399999484420;9,767497374000072;48,400682429000028;1
92246;08240713417100004350;08;4;17;047;2024;07;21;7;3;6;1;2;0;0;1;1;0;0;1;488996,274799999780953;5334983,635600000619888;8,852006943000049;48,168000412000026;1
92249;08240713415300971560;08;4;15;059;2024;07;15;7;3;5;3;0;0;1;1;0;0;0;0;516962,006699999794364;5366972,630400000140071;9,229414015000032;48,455662305000033;1
92255;08240713335400001800;08;3;35;099;2024;07;10;7;3;6;7;0;0;0;1;1;0;0;0;495062,922799999825656;5298436,497800000011921;8,934020053000040;47,839255486000070;1
92263;08240807335100078440;08;3;35;043;2024;08;14;4;3;0;1;0;1;1;0;0;0;0;0;513698,982699999585748;5279712,547700000926852;9,182485158000077;47,670659222000040;1
92268;08240713311010971870;08;3;11;000;2024;07;18;7;2;3;2;0;0;1;1;0;0;0;0;412967,184000000357628;5314934,161000000312924;7,833672119000028;47,981787691000079;1
92272;08240713235100041720;08;2;35;033;2024;07;11;7;3;4;2;0;0;1;1;0;0;0;0;459238,737800000235438;5406148,008500000461936;8,444855406000045;48,806983476000028;1
92273;08240713235100009980;08;2;35;085;2024;07;12;7;2;3;5;0;0;1;1;0;0;0;0;482240,629499999806285;5395249,923399999737740;8,758593185000052;48,710028244000057;1
92274;08240713231302005660;08;2;36;075;2024;07;18;7;3;0;7;0;0;1;1;0;0;0;0;481733,357800000347197;5425397,419099999591708;8,750353385000039;48,981213636000064;1
92275;08240713231202006080;08;2;36;072;2024;07;14;7;3;5;3;0;0;1;1;0;0;0;0;466807,029400000348687;5410308,818199999630451;8,547590582000055;48,844862803000069;1
92279;08240713222400988600;08;2;26;105;2024;07;12;7;3;0;5;0;0;1;1;0;0;0;0;471647,910500000230968;5477776,892400000244379;8,608819646000029;49,451990065000075;1
92280;08240713216300010620;08;2;16;059;2024;07;11;7;3;2;2;0;0;1;1;0;0;0;0;453242,382000000216067;5396825,908399999141693;8,364252833000023;48,722704960000044;1
92281;08240713216300003820;08;2;16;013;2024;07;06;7;3;5;3;0;0;1;1;0;0;0;0;453311,976200000382960;5396402,808800000697374;8,365246914000068;48,718904184000053;1
92285;08240807216100077160;08;2;16;012;2024;08;17;4;3;5;3;0;0;1;1;0;0;0;0;443350,415199999697506;5419386,661900000646710;8,226650530000029;48,924820136000051;1
92287;08240713215302024180;08;2;15;007;2024;07;08;7;3;5;3;0;0;1;1;0;0;0;0;478508,930800000205636;5431072,482599999755621;8,705985932000033;49,032159829000079;1
92290;08240713212402064320;08;2;12;000;2024;07;20;7;3;1;5;0;0;1;1;0;0;0;0;455431,599000000394881;5428234,793999999761581;8,390596172000073;49,005398411000044;1
92291;08240713212402019620;08;2;12;000;2024;07;18;7;3;5;2;0;0;1;1;0;0;0;0;458890,394500000402331;5428181,844599999487400;8,437892718000057;49,005162204000044;1
92295;08240725311100009800;08;3;15;115;2024;07;00;5;2;0;1;2;0;1;0;0;0;0;0;408663,939899999648333;5321486,613199999555945;7,774621888000070;48,040127777000066;1
92303;08240713119010972110;08;1;19;079;2024;07;16;7;2;5;3;0;0;1;1;0;0;0;0;521974,625000000000000;5414937,938999999314547;9,299758366000049;48,887003590000063;1
92308;08240713118010003270;08;1;18;073;2024;07;17;7;2;5;3;0;0;1;1;0;0;0;0;498227,381000000052154;5424879,601999999955297;8,975776102000054;48,976823090000039;1
92309;08240713117200061960;08;1;17;024;2024;07;18;7;2;0;1;0;0;1;0;0;0;0;0;561623,668300000019372;5386338,004300000146031;9,836292904000061;48,627072100000078;1
92313;08240713115100055270;08;1;15;002;2024;07;11;7;3;0;7;0;0;1;0;0;0;0;0;499817,740199999883771;5386605,490399999544024;8,997526303000029;48,632514651000065;1
92317;08240712437200046390;08;4;37;065;2024;07;12;6;2;9;1;0;0;1;0;0;0;0;0;516894,793600000441074;5318494,482699999585748;9,226570955000057;48,019518701000038;1
92318;08240712435100968270;08;4;35;016;2024;07;21;6;3;0;1;2;1;1;0;0;0;0;0;533572,345399999991059;5278446,716299999505281;9,447116561000030;47,658543551000037;1
92320;08240712421200986800;08;4;21;000;2024;07;14;6;3;0;1;0;0;1;0;0;0;0;0;574554,865000000223517;5362054,593000000342727;10,007415250000065;48,407235574000026;1
92323;08240712415300041540;08;4;15;059;2024;07;12;6;3;4;6;0;0;1;0;0;0;0;0;516540,054999999701977;5370035,453999999910593;9,223828238000067;48,483227866000050;1
92327;08240712326000978620;08;3;35;100;2024;07;11;6;3;8;1;0;0;1;0;0;0;0;0;487861,517500000074506;5286774,299100000411272;8,838105685000073;47,734229356000071;1
92331;08240731211100036810;08;2;16;049;2024;07;11;4;3;4;3;0;0;1;0;0;0;0;0;438915,707000000402331;5401373,952999999746680;8,168802500000027;48,762375628000029;1
92336;08240712316200015700;08;3;16;009;2024;07;11;6;3;3;3;0;0;1;0;0;1;0;0;416464,289900000207126;5325167,971100000664592;7,878531798000040;48,074311368000053;1
92343;08240712311010969080;08;3;11;000;2024;07;15;6;3;0;1;0;1;1;0;0;0;0;0;415053,879499999806285;5320036,455099999904633;7,860619686000064;48,027965376000054;1
92347;08240719435200011240;08;4;35;034;2024;07;18;6;3;0;1;0;0;1;0;0;0;0;0;526129,354799999855459;5281332,460699999704957;9,348165609000034;47,684851609000077;1
92348;08240712231102001300;08;2;36;040;2024;07;19;6;3;0;7;0;0;1;0;0;0;0;0;484980,584999999962747;5420345,997999999672174;8,794918648000021;48,935860446000049;1
92349;08240712231000978160;08;2;31;000;2024;07;19;6;3;1;7;0;0;1;1;0;0;0;0;477511,183500000275671;5416225,676899999380112;8,693156710000039;48,898569191000036;1
92353;08240712222600981060;08;2;22;000;2024;07;06;6;3;3;2;0;0;1;0;0;0;0;1;460904,922399999573827;5482412,817099999636412;8,460144035000042;49,493091507000031;1
92355;08240712222400043520;08;2;26;105;2024;07;12;6;3;5;2;0;0;1;1;0;0;0;0;470536,871799999848008;5478112,261700000613928;8,593465838000043;49,454953743000033;1
92356;08240808435100103200;08;4;35;016;2024;08;15;5;3;5;2;0;0;1;1;0;0;0;0;535555,944400000385940;5278472,461699999868870;9,473535326000047;47,658669206000070;1
92359;08240712221300046200;08;2;21;000;2024;07;13;6;3;0;7;0;0;1;0;0;0;0;0;481691,956000000238419;5473795,963400000706315;8,747581687000036;49,416567888000031;1
92365;08240712127202975380;08;1;27;046;2024;07;00;6;2;0;7;2;0;1;0;0;0;0;0;571432,819600000046194;5450452,471899999305606;9,980617498000072;49,202702836000071;1
92376;08240712121200997530;08;1;21;000;2024;07;20;6;2;0;7;0;0;1;0;0;0;0;0;515200,497200000099838;5441717,009299999102950;9,208355159000064;49,128099108000072;1
92378;08240820311010132080;08;3;36;069;2024;08;19;3;2;6;4;0;0;0;1;1;0;0;0;405037,459900000132620;5267925,904899999499321;7,737707055000044;47,557804113000032;1
92381;08240712118600998260;08;1;18;073;2024;07;11;6;3;5;3;0;0;1;1;0;0;0;0;497597,001000000163913;5422058,460000000894070;8,967178242000045;48,951442894000081;1
92382;08240712118600991330;08;1;18;073;2024;07;17;6;3;5;3;0;0;1;1;0;0;0;0;497855,000099999830127;5418977,147500000894070;8,970718383000076;48,923725239000078;1
92386;08240712118500982510;08;1;18;060;2024;07;12;6;3;0;7;0;0;1;0;0;0;0;0;523146,812900000251830;5431195,631599999964237;9,316672575000041;49,033207674000039;1
92387;08240712118400001670;08;1;18;048;2024;07;12;6;3;5;2;0;0;1;0;0;0;0;1;512488,569199999794364;5417463,305700000375509;9,170436042000063;48,909984883000050;1
92404;08240712116200968580;08;1;16;080;2024;07;12;6;3;6;4;0;0;0;1;1;0;0;0;522198,205400000326335;5395419,662699999287724;9,301753165000036;48,711412994000057;1
92414;08240711435200975670;08;4;35;059;2024;07;12;5;3;8;1;0;0;1;0;0;0;0;0;515256,432900000363588;5292424,417899999767542;9,203677364000043;47,785000155000034;1
92416;08240711435100965970;08;4;35;016;2024;07;19;5;3;5;3;0;0;1;1;0;0;0;0;537442,006199999712408;5280283,727099999785423;9,498808250000025;47,674859415000071;1
92419;08240711426100071120;08;4;26;120;2024;07;19;5;2;6;4;0;0;0;1;1;0;0;0;561689,061300000175834;5323352,604900000616908;9,827951987000063;48,060468170000036;1
92425;08240711415100964610;08;4;15;050;2024;07;09;5;3;0;1;0;1;1;0;0;0;0;0;521432,859000000171363;5376454,545199999585748;9,290369080000062;48,540827925000031;1
92426;08240711336400964880;08;3;36;091;2024;07;11;5;3;0;1;0;0;1;0;0;0;0;0;394485,641499999910593;5273008,844100000336766;7,596265965000043;47,601896730000078;1
92428;08240919311010202400;08;3;36;084;2024;09;16;5;3;5;3;0;0;1;0;0;0;0;1;406742,112200000323355;5280498,001700000837445;7,757684512000026;47,671145799000044;1
92436;08240919221400263820;08;2;21;000;2024;09;15;5;3;0;2;0;0;1;1;0;0;0;0;477160,370299999602139;5471674,775299999862909;8,685226298000032;49,397334875000070;1
92441;08240919212010214560;08;2;12;000;2024;09;15;5;3;5;3;0;0;1;1;0;0;0;0;459434,595999999903142;5429936,960000000894070;8,445158002000028;49,020985781000036;1
92453;08240919119500220980;08;1;19;042;2024;09;16;5;3;0;7;0;0;1;0;0;0;0;0;529506,571999999694526;5416524,260900000110269;9,402614774000028;48,900960606000069;1
92455;08240919117400220770;08;1;17;003;2024;09;15;5;3;6;4;0;0;0;1;1;0;0;0;541773,660000000149012;5393641,779999999329448;9,567663415000027;48,694415665000065;1
92458;08240919116400222570;08;1;16;070;2024;09;18;5;2;2;6;0;0;1;0;0;0;0;0;540236,608500000089407;5383876,392899999395013;9,545828387000029;48,606669651000061;1
92459;08240919111500235010;08;1;11;000;2024;09;08;5;3;5;3;0;1;1;1;0;0;0;0;517945,853900000452995;5404209,275399999693036;9,244332164000070;48,790620576000038;1
92460;08240919111130204340;08;1;11;000;2024;09;17;5;3;5;2;0;0;1;1;0;0;0;0;509419,184100000187755;5398269,237099999561906;9,128106319000040;48,737371826000071;1
92462;08240918436300198140;08;4;36;081;2024;09;08;4;3;8;1;0;0;1;0;0;0;0;0;556820,321899999864399;5275986,974899999797344;9,756391424000071;47,634789132000037;1
92465;08240918426100199040;08;4;26;021;2024;09;08;4;3;6;2;0;0;0;1;1;0;0;0;558624,336000000126660;5327881,292999999597669;9,787444843000060;48,101498215000049;1
92470;08240918415400211190;08;4;15;061;2024;09;07;4;3;5;2;0;0;1;1;0;0;0;0;516200,773599999956787;5370451,398900000378489;9,219253078000065;48,486978692000037;1
92474;08240918326400236280;08;3;26;074;2024;09;15;4;2;5;3;0;0;1;1;0;0;0;0;460518,032999999821186;5323127,515000000596046;8,470101595000074;48,060204196000029;1
92480;08240918311400236930;08;3;11;000;2024;09;13;4;3;0;7;0;0;1;0;0;0;0;0;421189,485500000417233;5315128,535199999809265;7,943803217000038;47,984602114000040;1
92481;08240918311400234660;08;3;15;130;2024;09;17;4;3;0;7;0;0;1;0;0;0;0;0;414209,718299999833107;5301940,590500000864267;7,852907232000064;47,865071903000057;1
92483;08240918226400199050;08;2;26;037;2024;09;07;4;3;0;7;0;0;1;0;0;0;0;0;468220,623200000263751;5469656,823699999600649;8,562184093000042;49,378782861000047;1
92485;08240918221300199330;08;2;21;000;2024;09;07;4;3;3;6;0;0;1;0;0;0;0;1;477168,493400000035763;5471823,567299999296665;8,685329697000043;49,398673543000029;1
92493;08240918121200199580;08;1;21;000;2024;09;09;4;3;5;3;0;0;1;1;0;0;0;0;516379,850499999709427;5444878,654400000348687;9,224649095000075;49,156508828000028;1
92501;08240918118300261010;08;1;18;051;2024;09;07;4;3;6;4;0;0;0;1;1;0;0;0;509241,248100000433624;5415132,589800000190735;9,126066064000042;48,889075318000039;1
92506;08240918111500213430;08;1;11;000;2024;09;11;4;3;2;6;0;0;1;1;0;0;0;0;518346,257000000216067;5402919,416699999943376;9,249726007000049;48,779005492000067;1
92517;08240917317500195320;08;3;17;096;2024;09;07;3;3;0;7;0;0;1;0;0;0;0;0;422303,318300000391901;5370826,735600000247359;7,948510784000064;48,485761247000028;1
92519;08240917311010216820;08;3;11;000;2024;09;08;3;3;5;3;0;1;1;1;0;0;0;0;417868,265300000086427;5315524,096599999815226;7,899225808000040;47,987742552000043;1
92523;08240918221400234730;08;2;21;000;2024;09;16;4;3;4;2;0;0;1;1;0;0;0;0;477309,959099999628961;5469598,241299999877810;8,687406413000076;49,378662305000034;1
92524;08240917215502199830;08;2;15;106;2024;09;17;3;2;5;3;0;0;1;1;0;0;0;0;465938,206299999728799;5454723,313599999994040;8,532015105000028;49,244335162000027;1
92525;08240917212702231090;08;2;15;017;2024;09;14;3;3;4;1;0;1;1;1;0;0;0;0;457059,950899999588728;5413947,664000000804663;8,414365721000024;48,876997733000053;1
92526;08240917212010217730;08;2;12;000;2024;09;19;3;3;5;2;0;0;1;1;0;0;0;0;455998,201399999670684;5429219,184699999168515;8,398236427000029;49,014293764000058;1
92527;08240917212010196060;08;2;12;000;2024;09;15;3;3;5;2;0;0;1;1;0;0;0;0;457259,574099999852479;5428213,238399999216199;8,415591777000031;49,005333813000050;1
92532;08240917127100229130;08;1;27;086;2024;09;15;3;2;5;3;0;0;1;1;0;0;0;0;554085,252000000327826;5444881,833000000566244;9,741748215000030;49,154373580000026;1
92533;08240917121200200270;08;1;21;000;2024;09;12;3;3;6;7;0;0;0;0;1;0;0;1;515051,723100000061095;5442881,021600000560284;9,206359364000036;49,138573467000072;1
92543;08240917111500197760;08;1;11;000;2024;09;15;3;2;0;7;0;0;1;0;0;0;0;0;515402,154299999587238;5394295,603000000119209;9,209329317000027;48,701505839000049;1
92545;08240917111240230840;08;1;11;000;2024;09;08;3;3;6;4;0;0;0;1;1;0;0;0;519534,276999999769032;5401042,223999999463558;9,265807797000036;48,762082321000037;1
92566;08240916226600230470;08;2;26;096;2024;09;17;2;3;5;3;0;0;0;1;1;0;0;0;475725,196000000461936;5488421,307600000873208;8,664419722000048;49,547909753000056;1
92569;08240916212402226450;08;2;12;000;2024;09;20;2;3;0;1;2;1;1;0;0;0;0;0;455631,434500000439584;5427039,619300000369549;8,393459014000030;48,994662079000079;1
92572;08240917435100215600;08;4;35;016;2024;09;17;3;3;5;3;0;0;1;1;0;0;0;0;539011,213499999605119;5283607,951899999752641;9,520009833000074;47,704675698000074;1
92582;08240916118010232130;08;1;15;045;2024;09;17;2;3;5;2;0;1;1;1;0;0;0;0;500065,154400000348687;5395640,020199999213219;9,000885723000067;48,713790472000028;1
92583;08240916111500193770;08;1;11;000;2024;09;07;2;3;6;4;0;0;0;1;1;0;0;0;516836,976499999873340;5406628,815400000661612;9,229334179000034;48,812417422000067;1
92584;08240916111210227170;08;1;11;000;2024;09;07;2;3;5;3;0;1;1;1;0;0;0;0;507824,766999999992549;5396105,230000000447035;9,106380302000048;48,717926424000041;1
92585;08240915436500190950;08;4;36;081;2024;09;06;1;1;6;4;2;0;0;1;1;0;0;0;557497,929100000299513;5277172,992100000381470;9,765566774000035;47,645399846000032;1
92589;08240915337010204790;08;3;37;125;2024;09;15;1;3;0;1;0;0;1;0;0;0;0;0;447736,707600000314415;5270691,573699999600649;8,304898511000033;47,587529592000067;1
92590;08240915336400207360;08;3;36;091;2024;09;21;1;3;0;7;2;0;1;0;0;0;0;0;395227,920099999755621;5271388,284700000658631;7,606525142000066;47,587439940000081;1
92592;08240915335200189900;08;3;35;055;2024;09;13;1;3;8;1;0;0;1;0;0;0;0;0;497116,048299999907613;5284574,578900000080466;8,961550427000077;47,714544854000053;1
92594;08240915311010207390;08;3;15;131;2024;09;13;1;3;6;6;0;0;0;1;1;0;0;0;403844,022499999962747;5309850,407899999991059;7,712579732000052;47,934753142000034;1
92596;08240915311010190350;08;3;11;000;2024;09;20;1;3;5;3;2;0;1;0;0;0;0;1;414815,133200000040233;5319289,544800000265241;7,857566541000040;48,021214851000082;1
92597;08240915237100222060;08;2;37;004;2024;09;13;1;3;0;1;0;0;1;0;0;0;0;0;453645,901399999856949;5373255,506799999624491;8,372372937000023;48,510703425000031;1
92600;08240915222600213980;08;2;22;000;2024;09;00;1;3;5;3;2;0;1;1;0;0;0;0;462243,247700000181794;5481815,474899999797344;8,478680937000036;49,487803490000033;1
92602;08240915136000189890;08;1;36;065;2024;09;13;1;2;5;3;0;0;1;1;0;0;0;0;559345,911100000143051;5405926,191099999472499;9,808202402000063;48,803491459000043;1
92608;08240915117300223590;08;1;17;026;2024;09;21;1;3;6;6;2;0;0;0;1;1;0;0;547777,870500000193715;5395360,730399999767542;9,649448586000062;48,709447607000072;1
92614;08240914435100219800;08;4;35;016;2024;09;10;7;3;0;1;0;0;1;0;0;0;0;0;535990,598600000143051;5277774,551699999719858;9,479266394000035;47,652365783000050;1
92615;08240914435100188960;08;4;35;035;2024;09;09;7;3;0;1;0;0;1;0;0;0;0;0;541507,256799999624491;5283242,811400000005960;9,553245158000038;47,701234851000038;1
92617;08240914421200466150;08;4;21;000;2024;09;21;7;3;8;1;2;0;1;0;0;0;0;0;572565,133799999952316;5361483,394700000062585;9,980434589000026;48,402329752000071;1
92628;08240918119300235900;08;1;19;055;2024;09;16;4;3;7;7;0;0;1;0;0;0;0;0;543387,338299999944866;5405707,781700000166893;9,590861766000046;48,802845653000077;1
92631;08240914226500190310;08;2;26;085;2024;09;14;7;3;6;4;0;0;0;1;1;0;0;0;490838,770299999974668;5455670,758500000461936;8,874107486000071;49,253736919000062;1
92635;08240914225100223920;08;2;25;118;2024;09;11;7;2;6;4;0;0;0;1;1;0;0;0;505717,077800000086427;5475836,210400000214577;9,078852778000055;49,435168421000071;1
92647;08240914118400245890;08;1;18;048;2024;09;14;7;3;0;7;0;0;1;0;1;0;0;0;515344,815899999812245;5415166,372700000181794;9,209329729000046;48,889258140000038;1
92655;08240913436000187760;08;4;37;088;2024;09;10;6;3;6;4;0;0;0;1;1;0;0;0;518061,853000000119209;5308199,566999999806285;9,241789105000066;47,926861876000032;1
92658;08240913337100219730;08;3;37;096;2024;09;15;6;3;5;2;0;0;1;1;0;0;0;0;419944,748800000175834;5267259,924599999561906;7,935945535000030;47,553822258000025;1
92672;08240913311010214570;08;3;15;131;2024;09;18;6;3;0;1;0;0;1;0;0;0;0;0;404292,002500000409782;5309496,128799999132752;7,718654866000065;47,931633461000047;1
92673;08240913311010199500;08;3;11;000;2024;09;10;6;2;6;3;0;1;0;0;1;0;1;0;414488,532800000160933;5315934,896199999377131;7,853856165000025;47,990994895000028;1
92676;08240913311010187130;08;3;11;000;2024;09;13;6;3;3;2;0;0;1;1;0;0;0;0;414534,410199999809265;5316015,062200000509620;7,854454989000033;47,991722153000069;1
92685;08240913221011252780;08;2;26;085;2024;09;12;6;3;5;3;0;0;1;1;0;0;0;0;488431,880400000140071;5457692,365900000557303;8,840973992000045;49,271880847000034;1
92686;08240913216100252890;08;2;16;043;2024;09;21;6;2;6;4;2;1;1;0;1;0;0;0;441308,787299999967217;5411579,969299999997020;8,199903374000030;48,854409401000055;1
92708;08240913116500198430;08;1;16;049;2024;09;17;6;3;5;3;0;1;1;1;0;0;0;0;525435,781399999745190;5385073,204500000923872;9,345126528000037;48,618212815000049;1
92710;08240913111320216150;08;1;11;000;2024;09;08;6;3;5;3;0;0;1;1;0;0;0;0;515734,908499999903142;5405409,698400000110269;9,214276443000074;48,801479307000079;1
92727;08240912311010185880;08;3;11;000;2024;09;17;5;3;5;2;0;0;1;0;0;0;0;1;414577,732900000177324;5318061,844499999657273;7,854628014000070;48,010139540000068;1
92732;08240917436000220620;08;4;35;052;2024;09;12;3;3;4;6;0;0;1;0;0;0;0;0;520782,200799999758601;5288398,937100000679493;9,277254488000040;47,748626493000074;1
92735;08240912222600183270;08;2;22;000;2024;09;08;5;3;1;5;0;0;1;1;0;0;0;0;464554,572900000028312;5481942,795800000429153;8,510581431000048;49,489088092000031;1
92738;08240912212702233160;08;2;15;017;2024;09;15;5;3;5;3;0;0;1;1;0;0;0;0;457515,776200000196695;5420709,074999999254942;8,419878469000025;48,937850061000063;1
92739;08240912212502197970;08;2;12;000;2024;09;07;5;3;5;2;0;0;1;1;0;0;0;0;452882,799700000323355;5429071,241800000891089;8,355650453000067;49,012732965000055;1
92740;08240912212010214780;08;2;12;000;2024;09;11;5;3;5;2;0;1;1;1;0;0;0;0;460140,257299999706447;5427836,601600000634789;8,455015635000052;49,002138660000071;1
92751;08240912121500250560;08;1;25;069;2024;09;17;5;3;0;3;0;0;1;1;0;0;0;0;523718,462299999780953;5453731,598099999129772;9,325819105000051;49,235902843000076;1
92765;08240912311010194770;08;3;11;000;2024;09;10;5;3;3;3;0;0;1;1;0;0;0;0;414235,428500000387430;5316765,961899999529123;7,850298335000048;47,998436752000032;1
92770;08240911337010204640;08;3;37;066;2024;09;21;4;2;6;4;2;1;0;1;1;0;0;0;430351,175599999725819;5268455,554300000891089;8,074053044000038;47,565778728000055;1
92773;08240911326000194860;08;3;35;100;2024;09;13;4;3;0;7;0;1;1;0;0;0;0;1;487855,481200000271201;5286390,371099999174476;8,838035889000025;47,730774822000058;1
92775;08240911317000215080;08;3;17;005;2024;09;05;4;3;4;6;2;0;1;0;0;0;0;0;424597,783999999985099;5378801,903999999165535;7,978115054000057;48,557776832000059;1
92777;08240911316100182890;08;3;16;043;2024;09;15;4;2;5;2;0;1;1;1;0;0;0;0;411139,515999999828637;5332454,654999999329448;7,805544283000074;48,139135720000070;1