OID_;UIDENTSTLAE;ULAND;UREGBEZ;UKREIS;UGEMEINDE;UJAHR;UMONAT;USTUNDE;UWOCHENTAG;UKATEGORIE;UART;UTYP1;ULICHTVERH;IstStrassenzustand;IstRad;IstPKW;IstFuss;IstKrad;IstGkfz;IstSonstige;LINREFX;LINREFY;XGCSWGS84;YGCSWGS84;PLST
92791;08240911215502196840;08;2;15;082;2024;09;13;4;3;6;4;0;1;0;1;1;0;0;0;489420,914499999955297;5439274,190899999812245;8,855054906000021;49,106221906000030;1
92810;08240911116500251040;08;1;16;042;2024;09;14;4;3;5;3;0;1;1;1;0;0;0;0;517045,602099999785423;5382044,637800000607967;9,231160842000065;48,591252212000029;1
92816;08240911111500224580;08;1;11;000;2024;09;13;4;3;5;2;0;0;1;1;0;0;0;0;512362,021999999880791;5408176,408999999985099;9,168428392000067;48,826444504000051;1
92819;08240910435100179970;08;4;35;016;2024;09;17;3;3;5;3;0;0;1;1;0;0;0;0;537355,933000000193715;5278836,914899999275804;9,497537882000074;47,661846890000049;1
92828;08240910335000197500;08;3;35;075;2024;09;06;3;2;4;6;0;1;1;0;0;1;0;0;490545,658999999985099;5287426,303999999538064;8,873890559000074;47,740140738000036;1
92833;08240910311010206270;08;3;11;000;2024;09;09;3;3;6;4;0;1;1;0;1;0;0;0;413046,215200000442564;5317588,410900000482798;7,834193239000058;48,005674301000056;1
92841;08240911121300209380;08;1;21;000;2024;09;07;4;3;5;2;0;0;1;1;0;0;0;0;513979,315000000409782;5444371,330000000074506;9,191708431000052;49,152004637000061;1
92849;08240910118600177230;08;1;18;073;2024;09;15;3;3;8;7;0;0;1;0;0;0;0;0;497991,592600000090897;5415806,760600000619888;8,972598620000042;48,895205666000038;1
92850;08240910118400180240;08;1;18;048;2024;09;13;3;3;3;7;0;0;1;0;0;0;0;1;513769,285000000149012;5415139,422000000253320;9,187835993000022;48,889052709000055;1
92857;08240909436000176460;08;4;35;052;2024;09;11;2;3;3;6;0;0;1;0;0;0;0;1;519128,686800000257790;5290918,161199999973178;9,255306133000033;47,771344320000026;1
92867;08240909317000196240;08;3;17;059;2024;09;06;2;3;5;3;2;1;1;1;0;0;0;0;412351,193799999542534;5350052,501599999144673;7,818189888000063;48,297595268000066;1
92868;08240909316100204030;08;3;16;011;2024;09;10;2;3;4;2;0;0;1;1;0;0;0;0;413626,132699999958277;5330506,531400000676513;7,839356961000021;48,121954562000042;1
92871;08240909316100176550;08;3;16;011;2024;09;16;2;3;5;7;0;1;1;1;0;0;0;0;414667,127600000239909;5329880,712500000372529;7,853467618000025;48,116465601000073;1
92872;08240909311200177620;08;3;16;045;2024;09;17;2;3;1;6;0;1;1;0;0;0;0;0;414689,099499999545515;5323299,830900000408292;7,855077514000072;48,057271871000069;1
92875;08240909226400206980;08;2;26;084;2024;09;15;2;2;0;7;0;1;1;0;0;0;0;0;468119,139200000092387;5471323,433900000527501;8,560652368000035;49,393768295000029;1
92892;08240909121200177930;08;1;21;000;2024;09;13;2;3;6;4;0;1;0;0;1;0;0;1;515608,104199999943376;5443989,511099999770522;9,214030242000035;49,148530810000068;1
92897;08240909118500194410;08;1;18;014;2024;09;07;2;3;1;5;0;0;1;1;0;0;0;0;521807,178600000217557;5420942,707699999213219;9,297795130000054;48,941026181000041;1
92906;08240908435100188880;08;4;35;016;2024;09;10;1;3;0;1;0;0;1;0;0;0;0;0;535903,976700000464916;5281551,059399999678135;9,478423373000055;47,686349324000048;1
92907;08240908435100174280;08;4;35;016;2024;09;16;1;3;0;1;0;0;1;0;0;0;0;0;531267,151999999769032;5279636,657999999821186;9,416502016000038;47,669365555000070;1
92909;08240908426100173010;08;4;26;120;2024;09;13;1;3;4;6;0;0;1;0;0;0;0;0;563421,990500000305474;5324028,308000000193715;9,851307886000029;48,066376920000039;1
92918;08240908311010173940;08;3;11;000;2024;09;09;1;3;0;7;0;1;1;0;0;0;0;0;414564,474999999627471;5313149,064600000157952;7,855427934000033;47,965945312000031;1
92919;08240908311010173830;08;3;11;000;2024;09;12;1;3;8;1;0;1;1;0;0;0;0;0;416219,022599999792874;5309060,583799999207258;7,878385427000069;47,929385936000074;1
92930;08240908121500174180;08;1;25;079;2024;09;12;1;3;0;1;0;0;1;0;0;0;0;0;511922,503800000064075;5454357,965700000524521;9,163798396000061;49,241880518000073;1
92932;08240908119400203390;08;1;19;091;2024;09;15;1;3;0;3;0;0;1;1;0;0;0;0;526927,298999999649823;5406837,134999999776483;9,366784376000055;48,813936057000035;1
92938;08240908117400173530;08;1;17;051;2024;09;11;1;2;8;1;0;0;1;0;0;0;0;0;539537,433500000275671;5399713,407600000500679;9,537858770000071;48,749179655000034;1
92939;08240908116010175240;08;1;16;004;2024;09;13;1;3;0;1;0;0;1;0;0;0;0;0;528153,221800000406802;5396594,107899999246001;9,382781641000065;48,721737706000056;1
92941;08240908115100216320;08;1;15;002;2024;09;17;1;3;5;2;0;1;1;1;0;0;0;0;500199,321999999694526;5386838,812000000849366;9,002705384000024;48,634613652000041;1
92945;08240907436400198020;08;4;36;011;2024;09;18;7;3;0;3;0;0;1;1;0;0;0;0;547811,266999999992549;5297336,817999999970198;9,638816221000070;47,827602774000070;1
92951;08240907435200205980;08;4;35;034;2024;09;10;7;3;0;7;0;0;1;0;0;0;0;0;525642,777599999681115;5283166,388699999079108;9,341790043000060;47,701371884000025;1
92952;08240907435100173960;08;4;35;035;2024;09;10;7;3;5;3;0;0;1;1;0;0;0;0;541598,386300000362098;5281189,929899999871850;9,554264003000071;47,682758699000033;1
92954;08240907416200174030;08;4;16;009;2024;09;16;7;3;8;1;0;0;1;0;0;0;0;0;507888,076799999922514;5382268,144300000742078;9,106977324000070;48,593445254000073;1
92961;08240907317010171630;08;3;17;146;2024;09;12;7;2;1;5;0;0;1;0;0;0;0;1;430500,635400000028312;5356459,270700000226498;8,061812303000067;48,357481322000069;1
92966;08240907311010178690;08;3;11;000;2024;09;00;7;2;0;7;2;0;1;0;0;0;0;0;415083,204199999570847;5315662,047599999234080;7,861879119000037;47,988619750000055;1
92973;08240907221200214950;08;2;21;000;2024;09;16;7;3;0;7;0;0;1;0;0;0;0;0;476465,696499999612570;5471859,717900000512600;8,675641570000039;49,398971946000074;1
92974;08240907221200212570;08;2;21;000;2024;09;16;7;3;0;7;0;0;1;0;0;0;0;0;477731,647699999623001;5473185,111999999731779;8,693014787000038;49,410941300000047;1
92981;08240907211000195690;08;2;16;043;2024;09;11;7;1;0;1;0;0;1;0;0;0;0;0;444178,313299999572337;5412036,156300000846386;8,238955729000054;48,858777631000066;1
92986;08240907126200173300;08;1;26;085;2024;09;14;7;3;0;7;0;0;1;0;0;0;0;0;547284,317699999548495;5446049,833599999547005;9,648621206000030;49,165440944000068;1
92988;08240907126100195390;08;1;26;045;2024;09;23;7;3;3;7;2;0;1;1;0;0;0;0;546268,750599999912083;5469803,218499999493361;9,637438179000071;49,379171378000080;1
92994;08240907118200181390;08;1;18;019;2024;09;22;7;3;0;7;2;0;1;0;0;0;0;0;504976,362999999895692;5405340,180700000375509;9,067767004000075;48,801033169000050;1
92995;08240907118010196870;08;1;18;054;2024;09;20;7;3;5;3;2;0;1;1;0;0;0;0;517501,410000000149012;5424326,355000000447035;9,239142341000047;48,971600955000042;1
92996;08240907118010196130;08;1;18;076;2024;09;09;7;2;0;1;0;0;1;0;0;0;0;0;503914,161999999545515;5423433,600999999791384;9,053475440000057;48,963805501000081;1
93024;08240906335100172760;08;3;35;043;2024;09;12;6;3;0;1;0;0;1;0;0;0;0;0;512014,015100000426173;5283456,149399999529123;9,160142750000034;47,704376321000041;1
93030;08240906326000228390;08;3;26;017;2024;09;15;6;3;3;6;0;0;1;0;0;0;0;1;439679,098199999891222;5321193,119699999690056;8,190713134000021;48,041171835000057;1
93033;08240906316100234310;08;3;16;054;2024;09;19;6;2;8;1;1;0;1;0;0;0;0;0;417239,073499999940395;5335094,572000000625849;7,887003979000042;48,163705190000030;1
93047;08240906226400183250;08;2;26;084;2024;09;18;6;3;5;2;0;0;1;1;0;0;0;0;468233,664099999703467;5471333,591900000348687;8,562229766000030;49,393865650000066;1
93062;08240909119100187160;08;1;19;087;2024;09;19;2;3;0;7;2;0;1;0;0;0;0;0;529175,303600000217557;5423839,538200000301003;9,398618330000033;48,966780892000031;1
93064;08240906121600234260;08;1;25;008;2024;09;17;6;3;0;1;0;0;1;0;0;0;0;0;528573,904000000096858;5432711,135999999940395;9,391026066000052;49,046612532000040;1
93067;08240906119300182110;08;1;19;067;2024;09;16;6;2;8;1;0;0;1;0;0;0;0;0;537840,250300000421703;5409849,127599999308586;9,515705356000069;48,840461717000039;1
93072;08240906116500191410;08;1;16;011;2024;09;10;6;3;2;6;0;0;1;0;0;0;0;0;531849,781999999657273;5379248,964999999850988;9,431706275000067;48,565524282000069;1
93074;08240906111500192220;08;1;11;000;2024;09;15;6;3;5;2;0;0;1;1;0;0;0;0;515440,166899999603629;5394279,367699999362230;9,209845332000043;48,701358846000062;1
93077;08240905437100367420;08;4;37;044;2024;09;00;5;2;6;6;2;0;0;0;1;1;0;0;529553,718999999575317;5323423,600999999791384;9,396672971000044;48,063405290000048;1
93082;08240905436000168580;08;4;35;057;2024;09;09;5;3;5;3;0;0;1;1;0;0;0;0;542101,978000000119209;5279639,002699999138713;9,560824068000045;47,668771987000071;1
93087;08240905416200169390;08;4;16;041;2024;09;20;5;3;6;6;2;0;0;0;1;0;0;1;504853,442099999636412;5373538,918299999088049;9,065720156000054;48,514945308000051;1
93092;08240906128200192710;08;1;28;014;2024;09;16;6;2;6;2;0;0;0;1;1;0;0;0;546460,196399999782443;5481139,640699999406934;9,641403587000070;49,481120896000050;1
93095;08240905316200191470;08;3;16;009;2024;09;18;5;3;5;3;0;0;1;1;0;0;0;0;416449,355999999679625;5325151,157600000500679;7,878334637000023;48,074158168000054;1
93096;08240905311010193510;08;3;16;055;2024;09;15;5;1;5;2;0;0;1;1;0;0;0;1;426712,356599999591708;5332055,176300000399351;8,014906445000065;48,137526849000039;1
93098;08240905235200177190;08;2;35;066;2024;09;13;5;3;3;6;0;0;1;1;0;0;0;0;461434,430200000293553;5384335,976500000804663;8,476796317000037;48,610909202000073;1
93099;08240905226500227370;08;2;26;102;2024;09;18;5;3;6;7;0;0;0;1;1;0;0;0;484074,833599999547005;5452701,549100000411272;8,781276826000067;49,226889690000064;1
93105;08240905221011179230;08;2;26;041;2024;09;20;5;3;6;4;2;1;0;1;1;0;0;0;477435,991600000299513;5467316,465199999511242;8,689272076000066;49,358142623000049;1
93130;08240905127010176380;08;1;27;014;2024;09;07;5;3;5;3;0;0;1;1;0;0;0;0;578398,999699999578297;5442784,237800000235438;10,074737209000034;49,132885097000042;1
93144;08240905115400241260;08;1;15;045;2024;09;18;5;3;6;7;0;0;0;1;1;0;0;0;500169,831000000238419;5395184,158999999985099;9,002308532000029;48,709689493000042;1
93153;08240904436400182800;08;4;36;011;2024;09;16;4;3;3;6;0;0;1;0;0;0;0;0;547811,266999999992549;5297320,032299999147654;9,638814368000055;47,827451755000027;1
93156;08240904435100167170;08;4;35;016;2024;09;12;4;3;0;1;0;0;1;0;0;0;0;0;536942,098500000312924;5278849,341299999505281;9,492027346000043;47,661982463000072;1
93157;08240904426300168870;08;4;26;097;2024;09;14;4;3;4;6;0;0;1;0;0;0;0;1;534121,658800000324845;5332687,714600000530481;9,458723448000057;48,146524042000067;1
93162;08240904317500175510;08;3;17;100;2024;09;05;4;3;0;1;2;1;1;0;0;0;0;0;423939,925499999895692;5367009,116599999368191;7,971349973000031;48,451621961000058;1
93164;08240904317000190860;08;3;17;151;2024;09;21;4;3;5;3;2;1;1;1;0;0;0;0;416170,986999999731779;5363218,042999999597669;7,867060331000062;48,416535244000045;1
93165;08240904311010169310;08;3;15;003;2024;09;14;4;2;4;6;0;0;1;0;0;0;0;0;412206,821299999952316;5311331,554099999368191;7,824220506000074;47,949277099000028;1
93169;08240904231000168350;08;2;37;019;2024;09;07;4;3;0;1;0;1;1;0;0;0;0;0;463187,485199999995530;5368661,379399999976158;8,501963599000021;48,470006174000048;1
93173;08240904221200176320;08;2;21;000;2024;09;12;4;3;3;2;0;0;1;0;0;0;1;0;476553,195700000040233;5472952,172399999573827;8,676783002000036;49,408801777000065;1
93175;08240904212010168460;08;2;12;000;2024;09;18;4;3;3;6;0;0;1;1;0;0;0;0;455162,366600000299513;5428221,940600000321865;8,386916476000067;49,005263292000052;1
93179;08240904136010169670;08;1;36;010;2024;09;18;4;1;5;3;0;0;1;0;0;1;0;0;600783,032999999821186;5417245,257999999448657;10,375164797000025;48,899949835000029;1
93185;08240904121300191170;08;1;25;079;2024;09;15;4;3;5;3;0;0;1;0;0;0;1;0;511868,668700000271201;5454930,473099999129772;9,163075739000021;49,247031381000056;1
93191;08240904117400166870;08;1;17;051;2024;09;07;4;3;5;3;0;0;1;1;0;0;0;0;544170,331000000238419;5395012,873999999836087;9,600376698000048;48,706584400000054;1
93193;08240904116500231340;08;1;16;008;2024;09;17;4;3;5;3;0;0;1;0;0;0;0;1;521014,077999999746680;5379773,013299999758601;9,284863125000072;48,570695704000059;1
93201;08240903435100166590;08;4;35;035;2024;09;21;3;3;0;1;2;0;1;0;0;0;0;0;541972,947599999606609;5282216,843100000172853;9,559353255000076;47,691973879000045;1
93208;08240903426000167190;08;4;25;031;2024;09;13;3;3;0;1;0;0;1;0;0;0;0;0;562849,385200000368059;5373732,998999999836087;9,851020237000057;48,513564385000052;1
93217;08240903335100187110;08;3;35;043;2024;09;14;3;3;5;2;0;0;1;0;0;0;0;1;514741,494500000029802;5280077,910099999979138;9,196384787000056;47,673923699000056;1
93221;08240903311500167460;08;3;15;102;2024;09;17;3;2;5;3;0;0;1;1;0;0;0;0;441251,578200000338256;5295096,955900000408292;8,215366723000045;47,806545441000026;1
93232;08240903221400207760;08;2;21;000;2024;09;07;3;3;5;2;0;0;1;1;0;0;0;0;477309,334200000390410;5469613,875099999830127;8,687396912000054;49,378802906000033;1
93239;08240909211100223640;08;2;16;049;2024;09;16;2;3;0;1;0;1;1;0;0;0;0;0;438500,719800000078976;5400598,685900000855327;8,163272075000066;48,755361211000036;1
93240;08240903136100189110;08;1;36;088;2024;09;16;3;3;5;3;0;0;1;1;0;0;0;0;580277,877500000409782;5409530,055600000545382;10,093922430000021;48,833554656000047;1
93241;08240903136100186960;08;1;36;050;2024;09;17;3;3;0;2;0;0;1;0;0;1;0;0;581124,638100000098348;5403861,047299999743700;10,104338392000045;48,782456164000052;1
93247;08240909327100176130;08;3;27;050;2024;09;21;2;3;6;4;2;0;0;1;1;0;0;0;487317,640300000086427;5314402,726900000125170;8,830041384000026;47,982802099000025;1
93257;08240902436300165540;08;4;36;081;2024;09;15;2;3;0;1;0;0;1;0;0;0;0;0;562773,466400000266731;5282027,734300000593066;9,836499099000036;47,688586574000055;1
93259;08240902435100180050;08;4;35;024;2024;09;16;2;3;5;3;0;0;1;1;0;0;0;0;528805,139399999752641;5280690,881500000134110;9,383776488000024;47,678965289000075;1
93261;08240902417000179400;08;4;17;016;2024;09;12;2;2;0;6;0;0;1;0;1;0;0;0;483744,412499999627471;5341782,836999999359250;8,781112783000026;48,229058893000058;1
93269;08240902326000164780;08;3;35;002;2024;09;11;2;3;9;1;0;0;1;0;0;0;0;0;505321,220800000242889;5284803,889699999243021;9,070946641000035;47,716592619000039;1
93278;08240906311010220820;08;3;36;050;2024;09;16;6;3;4;2;0;0;1;1;0;0;0;0;399637,382000000216067;5273877,232999999076128;7,664584777000073;47,610526330000027;1
93281;08240902216200165480;08;2;16;028;2024;09;17;2;3;8;1;0;0;1;0;0;0;0;0;426721,501000000163913;5397442,915999999269843;8,003594568000040;48,725701221000065;1
93285;08240902128100179380;08;1;28;007;2024;09;23;2;3;3;6;2;0;1;1;0;0;0;0;554390,617700000293553;5484994,265000000596046;9,751408026000036;49,515130798000030;1
93291;08240902118600181150;08;1;18;076;2024;09;23;2;2;0;1;2;0;1;0;0;0;0;0;498827,099000000394881;5429435,965700000524521;8,983958450000046;49,017811838000057;1
93293;08240902118100211850;08;1;18;007;2024;09;10;2;3;6;2;0;0;0;1;1;0;0;0;510236,914099999703467;5427151,803099999204278;9,139950566000039;48,997180653000044;1
93295;08240902117400165120;08;1;17;051;2024;09;09;2;3;5;3;0;0;1;1;0;0;0;0;543145,964399999938905;5395059,808100000023842;9,586458869000069;48,707078310000043;1
93297;08240919118200240000;08;1;18;011;2024;09;14;5;3;0;7;0;0;1;0;0;0;0;0;505078,378100000321865;5408308,358500000089407;9,069192958000031;48,827733778000038;1
93298;08240903121600165890;08;1;25;094;2024;09;07;3;3;2;6;0;0;1;1;0;0;0;0;514163,861100000329316;5436904,715600000694394;9,193977131000054;49,084835378000037;1
93300;08240914117300213350;08;1;17;026;2024;09;23;7;2;6;2;2;0;0;1;1;0;0;0;547781,304499999620020;5395444,380699999630451;9,649504946000036;48,710199820000071;1
93304;08240901436300179480;08;4;36;079;2024;09;19;1;3;0;1;1;0;1;0;0;0;0;0;553352,584499999880791;5289577,327299999073148;9,711895165000044;47,757356204000075;1
93306;08240901436300164360;08;4;36;094;2024;09;10;1;3;0;1;0;0;1;0;0;0;0;0;570369,918300000019372;5284363,774599999189377;9,938090681000062;47,708820109000044;1
93310;08240901435200170240;08;4;35;067;2024;09;12;1;3;8;1;0;0;1;0;0;0;0;0;532313,364400000311434;5290100,756599999964237;9,431214065000063;47,763463584000078;1
93313;08240901435100170110;08;4;35;036;2024;09;17;1;3;8;6;0;0;1;0;0;0;0;0;518146,387000000104308;5284073,508999999612570;9,241910265000058;47,709787869000081;1
93314;08240901426200164520;08;4;26;134;2024;09;20;1;3;0;1;2;0;1;0;0;0;0;0;558584,980899999849498;5335668,522399999201298;9,787987572000077;48,171556699000064;1
93315;08240901426010164640;08;4;26;070;2024;09;12;1;3;5;3;0;0;1;1;0;0;0;0;565426,145200000144541;5342749,503100000321865;9,881084661000045;48,234588264000081;1
93316;08240901416041164770;08;4;16;041;2024;09;16;1;3;0;1;0;0;1;0;0;0;0;0;506429,596900000236928;5375747,667899999767542;9,087096812000027;48,534801834000064;1
93319;08240901335100167300;08;3;35;043;2024;09;02;1;3;0;1;2;0;1;0;0;0;0;0;512272,922500000335276;5279881,950699999928474;9,163493350000067;47,672212094000031;1
93321;08240901327200164940;08;3;27;009;2024;09;17;1;3;0;7;0;1;1;0;0;0;0;0;483425,686300000175834;5336285,343499999493361;8,777035817000069;48,179590807000068;1
93324;08240901317500178310;08;3;17;096;2024;09;10;1;3;5;5;0;0;1;1;0;0;0;0;422396,534900000318885;5364300,402400000020862;7,950982319000047;48,427068670000040;1
93330;08240901311010169300;08;3;11;000;2024;09;05;1;2;0;7;2;0;1;0;0;0;0;0;412841,622999999672174;5315338,751199999824166;7,831907718000025;47,985410022000053;1
93338;08240901221200169970;08;2;21;000;2024;09;13;1;3;3;6;0;0;1;1;0;0;0;0;476615,438099999912083;5472383,764499999582767;8,677674478000029;49,403691435000042;1
93341;08240912311300211510;08;3;11;000;2024;09;08;5;3;5;3;0;0;1;0;0;0;0;0;412612,030199999921024;5314403,877299999818206;7,829021613000066;47,976969189000044;1
93344;08240901136100176600;08;1;36;002;2024;09;11;1;3;3;6;0;0;1;0;0;0;0;0;572736,960199999623001;5416407,805900000035763;9,992404108000073;48,896345615000030;1
93351;08240905326000174330;08;3;27;049;2024;09;17;5;3;6;4;0;0;1;0;1;0;0;0;472609,606900000013411;5324599,026599999517202;8,632287436000070;48,074077039000031;1
93356;08240901117300181170;08;1;17;026;2024;09;17;1;3;6;2;0;0;0;1;1;0;0;0;549018,465499999932945;5394805,177600000053644;9,666244947000052;48,704353866000076;1
93357;08240901116500179820;08;1;16;020;2024;09;17;1;3;0;1;0;0;1;0;0;0;0;0;527556,997999999672174;5380088,935000000521541;9,373576996000054;48,573284188000059;1
93358;08240901116500176660;08;1;16;041;2024;09;01;1;3;0;1;2;0;1;0;0;0;0;0;519684,254999999888241;5384180,227199999615550;9,267045330000030;48,610386895000033;1
93367;08240831426300155600;08;4;25;141;2024;08;08;7;2;6;6;0;0;1;0;1;0;0;0;566427,966300000436604;5363191,516100000590086;9,897796257000039;48,418371694000029;1
93368;08240831421300157500;08;4;21;000;2024;08;12;7;2;3;2;0;0;1;1;0;0;0;0;571629,177000000141561;5361277,138000000268221;9,967755477000026;48,400581470000077;1
93382;08240831317000156960;08;3;17;110;2024;08;13;7;3;5;3;0;0;1;1;0;0;0;0;425105,657100000418723;5379771,774599999189377;7,984822269000063;48,566561588000070;1
93399;08240831128200138100;08;1;28;115;2024;08;12;7;3;0;7;0;0;1;0;0;0;0;0;547266,843000000342727;5498480,313999999314547;9,654620556000054;49,637023333000059;1
93405;08240831127010158130;08;1;27;099;2024;08;17;7;2;0;7;0;0;1;0;0;0;0;0;562553,459999999962747;5447210,583599999547005;9,858234023000023;49,174514812000041;1
93406;08240831126100147140;08;1;26;028;2024;08;20;7;1;5;3;2;0;1;1;0;0;0;0;541672,790099999867380;5460155,074999999254942;9,573115263000034;49,292721573000051;1
93408;08240831121600140910;08;1;25;110;2024;08;18;7;3;0;7;0;0;1;0;0;0;0;0;524879,923000000417233;5443950,369000000879169;9,341168159000063;49,147873060000052;1
93412;08240831118010148370;08;1;15;028;2024;08;01;7;2;6;6;2;0;0;0;1;1;0;0;502454,905100000090897;5402610,189999999478459;9,033414051000022;48,776489392000030;1
93413;08240831117300162890;08;1;17;026;2024;08;10;7;3;2;6;0;0;1;1;0;0;0;0;547784,491799999959767;5395234,160499999299645;9,649523929000054;48,708308541000065;1
93414;08240831116400163020;08;1;16;079;2024;08;20;7;2;8;2;2;1;1;0;0;0;0;0;534697,650700000114739;5377924,168600000441074;9,470195802000035;48,553455214000053;1
93415;08240831111250139170;08;1;11;000;2024;08;20;7;3;8;7;0;0;1;0;0;0;0;0;518341,797699999995530;5403276,520999999716878;9,249681241000076;48,782218089000025;1
93420;08240830437200137260;08;4;37;008;2024;08;10;6;3;5;2;0;0;1;1;0;0;0;0;520254,860600000247359;5328759,637499999254942;9,272117686000058;48,111776417000044;1
93428;08240918435200203490;08;4;35;066;2024;09;16;4;3;5;2;0;0;1;1;0;0;0;0;519658,078399999998510;5287681,140799999237061;9,262225345000047;47,742203373000052;1
93434;08240830335100135980;08;3;35;043;2024;08;13;6;3;8;1;0;0;1;0;0;0;0;0;513689,960099999792874;5279680,948599999770522;9,182363978000069;47,670375096000043;1
93439;08240830316100154150;08;3;16;043;2024;08;19;6;3;5;2;0;0;1;1;0;0;0;0;411479,966199999675155;5331109,646199999377131;7,810399081000071;48,127084781000065;1
93444;08240830237100155270;08;2;37;002;2024;08;09;6;3;8;1;0;0;1;0;0;0;0;0;455465,192800000309944;5354576,216299999505281;8,398989080000035;48,342795838000029;1
93445;08240830231202138850;08;2;36;071;2024;08;18;6;3;6;4;0;0;0;0;1;0;0;1;468431,919499999843538;5419714,594399999827147;8,569010103000039;48,929557603000035;1
93446;08240830231000155780;08;2;36;072;2024;08;19;6;2;5;2;0;0;1;0;0;0;0;0;464969,202899999916553;5410812,218800000846386;8,522499435000043;48,849290155000062;1
93447;08240830226700157940;08;2;26;098;2024;08;08;6;3;3;6;0;0;1;1;0;0;0;0;483788,209300000220537;5463481,601299999281764;8,776903330000039;49,323850002000029;1
93459;08240830121200146700;08;1;21;000;2024;08;11;6;3;5;2;0;0;1;1;0;0;0;0;514598,496299999766052;5441407,803700000047684;9,200092317000042;49,125332288000038;1
93464;08240830118500156310;08;1;18;014;2024;08;11;6;3;0;7;0;0;1;0;0;0;0;0;520732,626600000075996;5421643,588099999353290;9,283157090000032;48,947367967000048;1
93466;08240903118010168650;08;1;15;021;2024;09;11;3;2;0;7;0;0;1;0;0;0;0;0;489731,960199999623001;5382540,196000000461936;8,860739213000045;48,595858186000044;1
93467;08240830118300136040;08;1;18;081;2024;08;14;6;3;0;7;0;0;1;0;0;0;0;0;520662,142699999734759;5412440,702999999746680;9,281728703000056;48,864584347000061;1
93469;08240830118010149120;08;1;18;010;2024;08;11;6;2;8;1;0;0;1;0;0;0;0;0;508341,834800000302494;5430572,948200000450015;9,114112996000074;49,027984350000054;1
93470;08240901119200180570;08;1;19;093;2024;09;18;1;3;0;3;0;0;1;1;0;0;0;0;524398,549999999813735;5405734,547000000253320;9,332274663000021;48,804121883000050;1
93473;08240830111500152120;08;1;11;000;2024;08;08;6;3;5;2;0;0;1;0;0;0;0;1;509288,574300000444055;5398034,277000000700355;9,126324659000034;48,735260085000050;1
93474;08240830111330148130;08;1;11;000;2024;08;23;6;3;0;1;2;0;1;0;0;0;0;0;511543,819400000385940;5410378,319199999794364;9,157342725000035;48,846268282000040;1
93475;08240907416200195540;08;4;16;009;2024;09;12;7;3;3;2;0;0;1;0;0;0;0;0;505558,160500000230968;5377064,415699999779463;9,075309714000070;48,546656056000074;1
93478;08240830111000317740;08;1;11;000;2024;08;16;6;3;5;3;1;0;1;0;0;0;0;1;508361,852699999697506;5401588,235700000077486;9,113793442000031;48,767244585000071;1
93482;08240829437100161230;08;4;37;076;2024;08;15;5;3;0;1;0;0;1;0;0;0;0;0;520778,192999999970198;5320705,664999999105930;9,278756731000044;48,039298273000043;1
93483;08240829437000151240;08;4;37;104;2024;08;16;5;3;5;3;0;0;1;1;0;0;0;0;516784,917000000365078;5326341,250000000000000;9,225405359000035;48,090119209000079;1
93486;08240829435100152650;08;4;35;016;2024;08;19;5;3;4;2;0;0;1;1;0;0;0;0;536023,848600000143051;5279627,163599999621511;9,479861872000072;47,669032634000075;1
93487;08240829435100143000;08;4;35;029;2024;08;20;5;3;8;1;0;0;1;0;0;0;0;0;544913,717899999581277;5271988,216700000688434;9,597490904000040;47,599746601000049;1
93489;08240829426000147730;08;4;26;120;2024;08;18;5;2;4;6;0;0;1;0;0;0;0;0;562314,800900000147521;5323819,984200000762939;9,836417466000057;48,064611955000032;1
93492;08240829416200153150;08;4;16;041;2024;08;16;5;3;5;3;0;0;1;0;0;0;0;0;501853,325199999846518;5372238,377499999478459;9,025089992000062;48,503261165000026;1
93493;08240829337010156940;08;3;37;128;2024;08;09;5;3;0;3;0;0;1;1;0;0;0;0;444051,754300000146031;5282246,905500000342727;8,254415068000071;47,691185400000052;1
93494;08240829336300134990;08;3;36;004;2024;08;13;5;3;1;6;0;0;1;0;0;0;0;0;414936,530700000002980;5296431,117699999362230;7,863706277000063;47,815607201000034;1
93495;08240829336200151490;08;3;36;105;2024;08;01;5;3;0;1;2;0;1;0;0;0;0;0;402518,043999999761581;5266796,215099999681115;7,704476861000046;47,547268471000052;1
93498;08240829335100134760;08;3;35;043;2024;08;18;5;3;8;1;0;0;1;0;0;0;0;0;513682,382100000046194;5279667,833000000566244;9,182262621000064;47,670257246000062;1
93499;08240902435100168020;08;4;35;016;2024;09;12;2;3;0;7;0;0;1;0;0;0;0;0;535912,328599999658763;5280968,500000000000000;9,478486723000060;47,681107357000030;1
93501;08240829335010133630;08;3;35;075;2024;08;06;5;2;5;3;0;0;1;1;0;0;0;0;487618,770999999716878;5289748,186000000685453;8,834783464000054;47,760982431000059;1
93504;08240829317600155300;08;3;17;146;2024;08;16;5;3;0;1;0;0;1;0;0;0;0;0;430435,963100000284612;5355583,178899999707937;8,061084214000061;48,349593385000048;1
93508;08240829311010151140;08;3;36;103;2024;08;09;5;3;6;4;0;0;0;1;1;0;0;0;413889,882299999706447;5284348,584899999201298;7,852121615000044;47,706776507000029;1
93514;08240829222700146280;08;2;22;000;2024;08;08;5;3;6;2;0;0;0;0;1;0;0;1;461818,696600000374019;5481274,598799999803305;8,472871523000038;49,482912029000033;1
93517;08240829221200161240;08;2;21;000;2024;08;16;5;3;0;7;0;0;1;0;0;0;0;1;476563,419800000265241;5472598,197200000286102;8,676944832000061;49,405618222000044;1