OID_;UIDENTSTLAE;ULAND;UREGBEZ;UKREIS;UGEMEINDE;UJAHR;UMONAT;USTUNDE;UWOCHENTAG;UKATEGORIE;UART;UTYP1;ULICHTVERH;IstStrassenzustand;IstRad;IstPKW;IstFuss;IstKrad;IstGkfz;IstSonstige;LINREFX;LINREFY;XGCSWGS84;YGCSWGS84;PLST
93521;08240830335100266810;08;3;35;043;2024;08;17;6;3;0;3;0;0;1;1;0;0;0;0;515191,266099999658763;5280970,948899999260902;9,202407638000068;47,681948527000031;1
93525;08240829136200154900;08;1;36;075;2024;08;18;5;2;3;6;0;0;1;1;0;0;0;0;600042,819000000134110;5424056,599999999627471;10,366738976000022;48,961325343000055;1
93532;08240829121300156090;08;1;21;000;2024;08;17;5;3;0;7;0;0;1;1;0;0;0;0;513472,679200000129640;5443719,528300000354648;9,184738807000031;49,146152787000062;1
93533;08240919212010240450;08;2;12;000;2024;09;15;5;3;5;2;0;0;1;1;0;0;0;0;457592,084499999880791;5428095,794999999925494;8,420150356000022;49,004300330000035;1
93534;08240829121200148290;08;1;21;000;2024;08;18;5;3;4;2;0;0;1;1;0;0;0;0;515764,239000000059605;5440707,107000000774860;9,216042916000049;49,119000471000049;1
93535;08240829119300155240;08;1;19;067;2024;08;17;5;2;0;7;0;0;1;0;0;0;0;0;536868,786000000312924;5402139,937999999150634;9,501773946000071;48,771171583000068;1
93550;08240828437000135110;08;4;35;067;2024;08;15;4;1;4;1;0;0;1;1;0;0;0;0;528857,279799999669194;5287942,294600000604987;9,384951330000035;47,744207106000033;1
93551;08240828436200134310;08;4;36;064;2024;08;17;4;3;0;1;0;0;1;0;0;0;0;0;545702,474999999627471;5292569,035099999979138;9,610139325000034;47,784860445000049;1
93556;08240908436100183300;08;4;36;055;2024;09;16;1;3;8;6;0;0;1;0;0;0;0;1;576623,256299999542534;5298095,854499999433756;10,023861886000077;47,831643780000036;1
93559;08240828435100151630;08;4;35;016;2024;08;07;4;3;5;2;0;0;1;0;0;0;0;0;535558,507699999958277;5278489,837600000202656;9,473570876000053;47,658825403000037;1
93560;08240828426300153930;08;4;26;045;2024;08;18;4;3;5;3;0;0;1;1;0;0;0;0;534732,288999999873340;5328313,666999999433756;9,466575772000056;48,107139042000028;1
93580;08240828336300182720;08;3;36;107;2024;08;15;4;2;8;1;0;0;1;0;0;0;0;0;409877,200100000016391;5282680,593599999323487;7,798987697000030;47,691224309000063;1
93584;08240828335000132110;08;3;35;015;2024;08;15;4;2;3;6;0;0;1;0;0;0;0;0;475584,869800000451505;5281610,601199999451637;8,674659952000070;47,687421221000079;1
93586;08240828316200153010;08;3;16;010;2024;08;13;4;3;0;7;0;0;1;0;0;0;0;0;435825,640899999998510;5340207,505200000479817;8,136155838000036;48,211848866000025;1
93590;08240828416200161950;08;4;16;023;2024;08;14;4;3;5;3;0;0;1;1;0;0;0;0;509425,166000000201166;5371493,298000000417233;9,127579265000065;48,496490166000058;1
93593;08240828311400162530;08;3;15;006;2024;08;11;4;3;4;6;0;0;1;0;0;0;0;1;401294,307000000029802;5305995,350999999791384;7,679334078000068;47,899689490000071;1
93594;08240907336300192420;08;3;36;107;2024;09;16;7;2;5;2;0;0;1;1;0;0;0;0;409801,904500000178814;5282477,479499999433756;7,798026495000045;47,689386651000063;1
93595;08240828311010161850;08;3;11;000;2024;08;09;4;2;0;7;0;0;1;0;0;0;0;0;413157,917200000025332;5315444,361800000071526;7,836124410000025;47,986403050000035;1
93596;08240912136000204490;08;1;36;088;2024;09;12;5;3;6;7;0;0;0;1;1;0;0;0;576753,337500000372529;5415148,586200000718236;10,046956670000043;48,884535287000062;1
93599;08240828311010129910;08;3;11;000;2024;08;10;4;2;6;4;0;0;0;1;1;0;0;0;412009,873200000263751;5315248,401000000536442;7,820781596000074;47,984483409000063;1
93607;08240828221011162180;08;2;21;000;2024;08;18;4;3;0;2;0;0;1;1;0;0;0;0;483529,688400000333786;5473612,359699999913573;8,772926434000055;49,414968924000050;1
93610;08240828215402152710;08;2;15;009;2024;08;06;4;3;5;3;1;0;1;1;0;0;0;0;470857,847199999727309;5441990,186599999666214;8,600528749000034;49,130053392000036;1
93619;08240828127100131990;08;1;27;089;2024;08;15;4;3;0;7;0;0;1;0;0;0;0;0;565901,632000000216067;5441615,263800000771880;9,903249746000029;49,123838538000030;1
93620;08240828125102133680;08;1;25;102;2024;08;15;4;2;6;7;0;0;0;0;1;0;1;0;527025,323699999600649;5445630,550899999216199;9,370699301000059;49,162895939000066;1
93622;08240828121200153420;08;1;21;000;2024;08;12;4;3;5;3;0;0;1;0;0;0;0;1;516182,724299999885261;5444347,393200000748038;9,221924189000049;49,151735198000040;1
93625;08240828116400162030;08;1;16;029;2024;08;19;4;3;5;3;0;0;1;1;0;0;0;0;537752,430100000463426;5386557,322899999096990;9,512374820000048;48,630941690000043;1
93629;08240828111140154670;08;1;11;000;2024;08;14;4;3;5;2;0;0;1;1;0;0;0;0;509583,288599999621511;5398561,055999999865890;9,130345016000035;48,739994527000079;1
93631;08240827436000132540;08;4;36;069;2024;08;18;3;2;0;1;0;0;1;0;0;0;0;0;551972,011800000444055;5294365,308499999344349;9,694048392000070;47,800545849000059;1
93633;08240827435100152190;08;4;35;016;2024;08;12;3;2;9;1;0;0;1;0;0;0;0;0;537782,555800000205636;5277347,621899999678135;9,503091053000048;47,648422370000048;1
93638;08240827435100127690;08;4;35;016;2024;08;18;3;3;0;1;0;0;1;0;0;0;0;0;534958,872000000439584;5279468,509600000455976;9,465663462000066;47,667663610000034;1
93639;08240827435100126890;08;4;35;035;2024;08;18;3;3;0;1;0;0;1;0;0;0;0;0;540122,798000000417233;5280140,770999999716878;9,534507491000056;47,673412384000073;1
93646;08240827317500151880;08;3;17;096;2024;08;08;3;3;5;6;0;0;1;0;0;0;0;0;423139,942999999970198;5370520,360999999567866;7,959887444000060;48,483108292000054;1
93648;08240827316200150910;08;3;16;045;2024;08;09;3;3;3;3;0;0;1;1;0;0;0;0;414218,824599999934435;5324272,967700000852346;7,848572247000050;48,065962443000046;1
93649;08240827311500161540;08;3;15;113;2024;08;18;3;3;5;3;0;0;1;1;0;0;0;0;436401,350399999879301;5305596,410199999809265;8,149050966000061;47,900541983000039;1
93651;08240827311010143650;08;3;11;000;2024;08;13;3;3;5;3;0;0;1;0;0;1;0;0;413500,537999999709427;5316426,984200000762939;7,840517302000023;47,995288519000042;1
93654;08240827231000128590;08;2;37;030;2024;08;14;3;3;5;3;0;0;1;1;0;0;0;0;463159,484600000083447;5365272,517400000244379;8,501883109000062;48,439517886000033;1
93660;08240827211000145030;08;2;16;043;2024;08;17;3;3;5;3;0;0;1;1;0;0;0;0;436509,109000000171363;5410328,982000000774860;8,134674122000035;48,842684404000067;1
93662;08240827136100140800;08;1;36;088;2024;08;21;3;3;0;7;2;0;1;0;0;0;0;0;580825,230999999679625;5412361,438999999314547;10,101938287000053;48,858949656000050;1
93665;08240906435100200310;08;4;35;016;2024;09;12;6;3;4;6;0;0;1;0;0;0;0;0;536020,040000000037253;5280062,798000000417233;9,479847069000073;47,672952418000079;1
93670;08240827121500146120;08;1;25;005;2024;08;13;3;3;0;6;0;0;1;0;0;0;0;1;515876,720999999903142;5452456,131999999284744;9,218048094000039;49,224683373000062;1
93680;08240827116100128250;08;1;16;019;2024;08;15;3;3;0;7;0;0;1;0;0;0;0;0;523719,604000000283122;5399558,962400000542402;9,322672264000062;48,748593691000053;1
93682;08240827115300152010;08;1;15;052;2024;08;08;3;3;5;3;0;0;1;0;0;0;1;0;493413,576000000350177;5408491,119000000879169;8,910256987000025;48,829363705000048;1
93686;08240827111210149310;08;1;11;000;2024;08;11;3;3;3;6;0;0;1;0;0;0;0;1;512433,430599999614060;5399587,044199999421835;9,169141416000059;48,749173926000026;1
93687;08240826436400123930;08;4;36;082;2024;08;12;2;3;0;1;0;0;1;0;0;0;0;0;547665,042399999685585;5294721,919399999082088;9,636574982000070;47,804087593000077;1
93689;08240826436200124230;08;4;36;064;2024;08;07;2;3;5;2;0;0;1;1;0;0;0;0;543990,954400000162423;5292008,325400000438094;9,587234548000026;47,779934886000035;1
93714;08241022135200319630;08;1;35;019;2024;10;07;3;3;5;3;0;0;1;0;0;0;0;1;583355,482300000265241;5392487,987400000914931;10,132400736000022;48,679868786000043;1
93729;08241022111500382630;08;1;11;000;2024;10;16;3;3;2;6;1;0;1;0;0;0;0;1;509464,545599999837577;5402924,245600000023842;9,128830302000040;48,779247469000040;1
93732;08241021436400351950;08;4;36;012;2024;10;14;2;3;0;1;0;0;1;0;0;0;0;0;547860,087799999862909;5298640,890100000426173;9,639612651000050;47,839331733000051;1
93734;08241021436000313490;08;4;36;085;2024;10;10;2;3;0;1;0;0;1;0;0;0;0;0;560374,730700000189245;5297160,218800000846386;9,806639230000030;47,824957249000079;1
93738;08241021435100313760;08;4;35;024;2024;10;08;2;2;8;1;0;1;1;0;0;0;0;0;528928,086199999786913;5280872,508899999782443;9,385426529000028;47,680593989000045;1
93739;08241021426100404230;08;4;26;021;2024;10;17;2;3;5;3;0;0;1;0;0;0;0;0;558927,870299999602139;5326813,408700000494719;9,791374078000047;48,091863333000049;1
93749;08241021335300319830;08;3;35;075;2024;10;15;2;3;0;1;0;0;1;0;1;0;0;0;488981,266900000162423;5287848,260199999436736;8,853012845000023;47,743912490000071;1
93758;08241021325000321920;08;3;27;005;2024;10;06;2;2;4;6;2;1;1;0;0;0;0;0;483130,163499999791384;5323129,870699999853969;8,773581061000073;48,061224194000033;1
93763;08241021311100334750;08;3;15;115;2024;10;19;2;3;3;6;2;0;1;1;0;0;0;0;408558,026499999687076;5320214,965600000694394;7,773472807000076;48,028674057000046;1
93764;08241021311010374660;08;3;15;073;2024;10;18;2;3;5;3;0;0;1;1;0;0;0;0;412538,156899999827147;5313565,252199999988079;7,828202650000037;47,969415372000071;1
93772;08241021221200334820;08;2;21;000;2024;10;16;2;3;3;6;0;0;1;1;0;0;0;0;478361,419599999673665;5473379,776000000536442;8,701685908000059;49,412714996000034;1
93776;08241021128300314260;08;1;28;131;2024;10;14;2;2;5;3;0;0;1;0;0;0;0;1;533019,167899999767542;5509585,245300000533462;9,458243873000072;49,737851390000060;1
93777;08241021128200319560;08;1;28;014;2024;10;13;2;3;6;7;0;0;0;0;1;0;0;1;546158,053399999625981;5481022,882500000298023;9,637219014000038;49,480093789000080;1
93780;08241021127010329670;08;1;27;025;2024;10;11;2;2;6;4;0;0;0;1;1;0;0;0;556260,759800000116229;5427617,782199999317527;9,769179719000022;48,998893426000052;1
93786;08241021118200351860;08;1;18;011;2024;10;18;2;2;5;3;1;0;1;1;0;0;0;0;504636,933000000193715;5408078,081299999728799;9,063175663000038;48,825665684000057;1
93788;08241021118010328710;08;1;18;046;2024;10;15;2;1;0;7;0;0;1;0;0;0;0;0;513639,758700000122190;5413369,523900000378489;9,186009997000042;48,873134003000075;1
93791;08241021116500352050;08;1;16;049;2024;10;13;2;2;3;6;0;0;1;1;0;0;0;0;523113,662200000137091;5385098,151900000870228;9,313620658000048;48,618527350000079;1
93803;08241020311010341670;08;3;15;020;2024;10;09;1;3;5;3;0;0;1;1;0;0;0;0;424644,303100000135601;5312488,014200000092387;7,990559213000040;47,961264803000063;1
93804;08241020311010333910;08;3;11;000;2024;10;13;1;3;5;3;0;0;1;1;0;0;0;0;407545,536199999973178;5316975,956100000068545;7,760593873000062;47,999393209000061;1
93811;08241020212010359520;08;2;12;000;2024;10;17;1;3;5;3;0;0;1;1;0;0;0;0;456026,445299999788404;5429052,602399999275804;8,398640714000067;49,012797354000043;1
93824;08241020115200350990;08;1;15;021;2024;10;16;1;2;2;3;0;0;1;1;0;0;0;0;487445,185999999754131;5382145,737999999895692;8,829736781000065;48,592267876000051;1
93831;08241019417200325690;08;4;17;002;2024;10;12;7;3;5;3;0;0;1;1;0;0;0;0;489789,252000000327826;5348002,110999999567866;8,862358254000071;48,285138332000031;1
93832;08241019416200340300;08;4;16;041;2024;10;11;7;3;5;3;0;0;1;1;0;0;0;0;503288,525000000372529;5373143,889000000432134;9,044526606000034;48,511401623000040;1
93836;08241019335010337440;08;3;35;079;2024;10;02;7;2;0;1;2;0;1;0;0;0;0;0;500100,111800000071526;5299188,398600000888109;9,001338086000032;47,846039616000041;1
93843;08241019317000332680;08;3;17;089;2024;10;23;7;3;8;1;2;0;1;0;0;0;0;0;427599,421699999831617;5377745,754899999126792;8,018971955000040;48,548630604000039;1
93852;08241019222800334150;08;2;22;000;2024;10;16;7;3;3;2;0;0;1;0;0;1;0;0;462963,410899999551475;5486407,684699999168515;8,488193297000066;49,529152327000077;1
93863;08241019116500338260;08;1;16;020;2024;10;06;7;3;0;7;1;0;1;0;0;0;0;0;527280,485999999567866;5380969,552400000393391;9,369886327000074;48,581218404000026;1
93865;08241019115100341810;08;1;15;003;2024;10;15;7;3;5;3;0;0;1;1;0;0;0;0;500628,842299999669194;5392778,934599999338388;9,008544261000054;48,688051587000075;1
93872;08241018436000304810;08;4;36;052;2024;10;11;6;3;0;1;0;1;1;0;0;0;0;0;565992,193799999542534;5292816,413200000301003;9,881021688000033;47,785326663000035;1
93874;08241018435100324270;08;4;35;035;2024;10;16;6;3;5;3;0;0;1;1;0;0;0;0;544700,949500000104308;5285440,767500000074506;9,596036654000045;47,720797082000047;1
93885;08241018311010322180;08;3;11;000;2024;10;07;6;3;5;3;1;0;1;1;0;0;0;0;411924,928299999795854;5315218,533099999651313;7,819649565000077;47,984203047000051;1
93889;08241018226600367920;08;2;26;082;2024;10;07;6;3;6;6;0;0;1;0;1;0;0;0;475303,111499999649823;5480200,248400000855327;8,659099105000053;49,473947076000059;1
93896;08241018212010321790;08;2;12;000;2024;10;13;6;3;2;3;0;0;1;1;0;0;0;0;460000,645200000144541;5427873,192600000649691;8,453103268000064;49,002458772000068;1
93906;08241018117100339640;08;1;17;061;2024;10;23;6;3;6;4;2;0;0;1;1;0;0;0;563386,971499999985099;5395592,127199999988079;9,861637979000022;48,710137812000028;1
93909;08241018115300343300;08;1;15;028;2024;10;15;6;3;5;3;0;0;1;1;0;0;0;0;501923,407100000418723;5407108,254000000655651;9,026200824000057;48,816955551000035;1
93916;08241017435100338870;08;4;35;016;2024;10;14;5;3;0;1;0;0;1;0;0;0;0;0;536566,412600000388920;5279220,532999999821186;9,487054884000031;47,665343568000026;1
93921;08241017337100335700;08;3;37;066;2024;10;23;5;3;0;7;2;0;1;0;0;0;0;0;429996,717000000178814;5268541,153000000864267;8,069327688000044;47,566510695000034;1
93924;08241017335200305620;08;3;35;063;2024;10;14;5;3;5;3;0;0;1;1;0;0;0;0;496902,398699999786913;5287954,896199999377131;8,958677946000023;47,744958642000029;1
93927;08241017325202339620;08;3;25;049;2024;10;15;5;2;8;1;0;0;1;0;0;0;0;0;472918,168800000101328;5336924,374199999496341;8,635646211000051;48,184978929000067;1
93930;08241017317000317680;08;3;17;096;2024;10;10;5;2;2;2;0;0;1;1;0;0;0;1;422222,446100000292063;5368799,266000000759959;7,947793742000044;48,467514321000067;1
93931;08241017311010320280;08;3;11;000;2024;10;17;5;3;6;4;0;0;0;0;1;1;0;0;412892,522900000214577;5315324,301200000569224;7,832592661000035;47,985286973000029;1
93932;08241017311010316100;08;3;36;050;2024;10;19;5;3;2;6;2;0;0;1;1;1;0;0;399258,683600000105798;5275413,608500000089407;7,659193938000044;47,624287762000051;1
93938;08241017222014313910;08;2;26;082;2024;10;11;5;2;6;7;0;0;0;0;1;0;0;1;475362,056099999696016;5479999,822799999266863;8,659925207000072;49,472146699000064;1
93940;08241017215202352750;08;2;15;084;2024;10;16;5;3;5;2;0;0;1;1;0;0;0;0;472773,039200000464916;5444828,460200000554323;8,626589202000048;49,155672081000034;1
93946;08241017136000353520;08;1;36;065;2024;10;07;5;3;5;3;0;0;1;1;0;0;0;0;558285,058100000023842;5405741,961699999868870;9,793730484000037;48,801934688000074;1
93949;08241017126200335570;08;1;26;069;2024;10;16;5;2;6;4;0;0;0;1;1;0;0;0;536727,153199999593198;5447239,901399999856949;9,503918977000069;49,176868191000040;1
93956;08241020121600344420;08;1;25;024;2024;10;20;1;3;2;6;2;0;1;1;0;0;0;0;523655,595399999991059;5443372,697499999776483;9,324345830000027;49,142725147000078;1
93957;08241017118010329260;08;1;18;078;2024;10;13;5;3;6;4;0;0;0;1;1;0;0;0;513561,726900000125170;5420846,353700000792742;9,185194237000076;48,940395150000029;1
93961;08241017117010336380;08;1;17;044;2024;10;19;5;3;6;6;2;0;0;0;1;0;0;1;539010,201000000350177;5390861,278999999165535;9,529850004000025;48,669581932000028;1
93962;08241017116200315870;08;1;16;080;2024;10;06;5;3;5;3;2;0;1;1;0;0;0;0;522119,078999999910593;5395751,560799999162555;9,300695361000066;48,714401542000076;1
93963;08241017115400332070;08;1;15;045;2024;10;07;5;3;5;2;0;1;1;1;0;0;0;0;501132,166100000031292;5394772,851900000125170;9,015388531000042;48,705988340000033;1
93965;08241017111500381380;08;1;11;000;2024;10;07;5;3;6;4;1;0;0;1;1;0;0;0;511439,289099999703467;5410618,966600000858307;9,155924699000025;48,848435039000037;1
93967;08241017111130381060;08;1;11;000;2024;10;21;5;3;0;1;2;0;1;0;0;0;0;0;511376,641400000080466;5401871,597899999469519;9,154828316000021;48,769745886000067;1
93969;08241016425000332250;08;4;25;108;2024;10;15;4;3;6;7;0;0;0;1;1;0;0;0;554246,147499999962747;5357775,256999999284744;9,732470740000053;48,370814701000029;1
93974;08241016336300333280;08;3;36;081;2024;10;08;4;3;3;6;0;1;1;1;0;0;0;0;411845,392199999652803;5277665,111999999731779;7,826223035000055;47,646377463000078;1
93975;08241016335400324350;08;3;35;098;2024;10;13;4;3;8;1;0;1;1;0;0;0;0;0;501976,501299999654293;5296094,052899999544024;9,026403618000074;47,818195362000040;1
93977;08241016326200350760;08;3;26;074;2024;10;10;4;3;5;3;0;0;1;1;0;0;0;0;464964,219999999739230;5323769,782999999821186;8,529720255000029;48,066242242000044;1
93979;08241016317000337470;08;3;17;150;2024;10;07;4;3;5;3;0;0;1;1;0;0;0;0;407880,222000000067055;5359806,742599999532104;7,755786447000048;48,384694896000042;1
93980;08241016317000318140;08;3;17;065;2024;10;12;4;3;5;3;0;1;1;1;0;0;0;0;416283,367200000211596;5354452,034199999645352;7,870324829000026;48,337701336000066;1
93982;08241016311010333200;08;3;11;000;2024;10;10;4;3;3;2;0;1;1;1;0;0;0;0;415105,543999999761581;5315671,114900000393391;7,862176680000061;47,988704280000036;1
93985;08241016226600315600;08;2;26;082;2024;10;08;4;3;0;7;0;0;1;0;0;0;0;0;475709,617200000211596;5478581,832000000402331;8,664809490000039;49,459406254000044;1
93986;08241021416010344860;08;4;16;041;2024;10;13;2;2;5;2;0;0;1;1;0;0;0;0;500722,940100000239909;5372075,747400000691414;9,009786755000050;48,501800399000047;1
93999;08241016116010298630;08;1;16;058;2024;10;11;4;3;6;7;0;0;0;1;1;0;0;0;533852,385499999858439;5395236,916699999943376;9,460155832000055;48,709245261000035;1
94007;08241015335400300800;08;3;35;079;2024;10;07;3;3;8;1;1;1;1;0;0;0;0;0;500636,467000000178814;5296574,565799999982119;9,008503120000057;47,822521484000049;1
94008;08241015335100315220;08;3;35;043;2024;10;15;3;3;6;6;0;1;1;0;1;0;0;0;513522,553000000305474;5279428,330000000074506;9,180126138000048;47,668105641000068;1
94027;08241015212402315130;08;2;12;000;2024;10;14;3;3;0;7;0;0;1;0;0;0;0;0;455716,225399999879301;5428221,455800000578165;8,394489223000051;49,005298920000030;1
94038;08241015118010327900;08;1;15;001;2024;10;05;3;3;0;6;2;1;1;1;0;0;0;0;490226,466500000096858;5392075,587300000712276;8,867221017000077;48,681647998000074;1
94040;08241015115200299260;08;1;15;004;2024;10;16;3;3;5;3;0;0;1;1;0;0;0;0;487400,247000000439584;5373997,225999999791384;8,829374022000025;48,518960729000071;1
94041;08241014436400296210;08;4;36;082;2024;10;17;2;3;2;6;0;0;1;1;0;0;0;0;546950,885900000110269;5295518,539499999955297;9,627124165000055;47,811307237000051;1
94044;08241014435200304520;08;4;35;052;2024;10;16;2;2;0;1;0;0;1;0;0;0;0;0;522687,971900000236928;5288009,243599999696016;9,302658624000060;47,745056006000027;1
94047;08241014417000292260;08;4;17;002;2024;10;07;2;3;5;3;0;0;1;1;0;0;0;0;488487,308799999766052;5349516,936499999836087;8,844766710000044;48,298744411000030;1
94055;08241014335300294000;08;3;35;075;2024;10;09;2;3;5;3;0;0;1;1;0;0;0;0;487811,977800000458956;5289228,273499999195337;8,837376205000055;47,756308184000034;1
94058;08241014317500296550;08;3;17;096;2024;10;13;2;3;5;3;0;0;1;1;0;0;0;0;423307,762699999846518;5372352,244799999520183;7,961821728000075;48,499606469000071;1
94059;08241014316100366240;08;3;16;012;2024;10;14;2;3;6;7;0;0;0;1;1;0;0;0;401473,890200000256300;5334099,569499999284744;7,675273200000049;48,152507517000060;1
94065;08241014215202310010;08;2;15;100;2024;10;15;2;3;0;7;0;1;1;0;0;0;0;0;474395,353199999779463;5450497,953600000590086;8,648477352000043;49,206739904000074;1
94071;08241018121300355570;08;1;21;000;2024;10;23;6;3;6;4;2;0;0;1;1;0;0;0;514085,453999999910593;5441449,410000000149012;9,193061868000029;49,125718524000035;1
94075;08241014119400294660;08;1;19;079;2024;10;15;2;3;0;1;0;1;1;0;0;0;0;0;523953,557900000363588;5411117,763399999588728;9,326529084000072;48,852565205000076;1
94107;08241013111500380830;08;1;11;000;2024;10;11;1;3;6;2;0;0;0;1;1;0;0;0;513623,951799999922514;5402408,273099999874830;9,185430300000064;48,774528632000056;1
94109;08241012436400295650;08;4;36;082;2024;10;02;7;3;0;1;2;0;1;0;0;0;0;0;547585,019999999552965;5295298,460000000894070;9,635569615000065;47,809280614000045;1
94110;08241012436100302440;08;4;36;055;2024;10;22;7;3;0;1;2;1;1;0;0;0;0;0;576307,246399999596179;5298240,053999999538064;10,019665378000070;47,832978580000031;1
94111;08241016436300333360;08;4;36;081;2024;10;12;4;3;0;1;0;1;1;0;0;0;0;0;562139,696200000122190;5281552,635800000280142;9,827986943000042;47,684373490000041;1
94124;08241012311010313930;08;3;11;000;2024;10;19;7;3;6;4;2;1;0;0;1;0;0;1;414603,348000000230968;5317471,509999999776483;7,855088947000070;48,004832682000028;1
94127;08241012311010287850;08;3;11;000;2024;10;09;7;3;3;2;0;0;1;1;0;0;0;0;413077,950199999846518;5315392,748099999502301;7,835063354000056;47,985927904000050;1
94133;08241012216300323210;08;2;16;017;2024;10;14;7;2;0;1;0;1;1;0;0;0;0;0;456058,462100000120699;5402535,368000000715256;8,401930651000043;48,774269410000045;1
94135;08241012216200306310;08;2;16;007;2024;10;10;7;3;0;7;0;0;1;0;0;0;0;0;436291,007199999876320;5394362,949699999764562;8,134174903000030;48,699048482000080;1
94138;08241012128300288720;08;1;28;064;2024;10;14;7;3;5;2;0;0;1;1;0;0;0;0;537873,033800000324845;5502190,477700000628829;9,524886537000043;49,671055812000077;1
94141;08241012119300323120;08;1;19;067;2024;10;13;7;3;5;3;0;0;1;1;0;0;0;0;538757,321800000034273;5405776,088199999183416;9,527818225000033;48,803766057000075;1
94146;08241012117010303110;08;4;25;079;2024;10;23;7;2;5;2;2;0;1;1;0;0;0;0;555774,888600000180304;5373454,998099999502301;9,755199151000056;48,511731884000028;1
94157;08241011415400298330;08;4;15;061;2024;10;09;6;3;5;3;0;1;1;1;0;0;0;0;515663,078099999576807;5372220,597699999809265;9,212042592000046;48,502908650000052;1
94160;08241011335300313620;08;3;35;075;2024;10;12;6;3;5;3;0;1;1;1;0;0;0;0;487139,997299999929965;5289805,099300000816584;8,828392998000027;47,761485136000033;1
94162;08241011327200310890;08;3;27;002;2024;10;11;6;3;0;1;0;1;1;0;0;0;0;0;476554,855000000447035;5326548,164999999105930;8,685143995000033;48,091770564000058;1
94182;08241011118300310370;08;1;18;003;2024;10;07;6;3;3;2;0;0;1;1;0;0;0;0;510446,567099999636412;5416840,500399999320507;9,142552259000070;48,904420109000057;1
94184;08241011118010321030;08;1;15;021;2024;10;14;6;3;5;3;0;0;1;1;0;0;0;0;489579,075000000186265;5382971,074500000104308;8,858654893000050;48,599731938000048;1
94188;08241011116200288040;08;1;16;077;2024;10;17;6;3;5;3;0;0;1;1;0;0;0;0;517289,021300000138581;5391156,740000000223517;9,234842012000058;48,673219084000038;1
94193;08241011111340380970;08;1;11;000;2024;10;13;6;3;5;3;0;0;1;1;0;0;0;0;512440,381000000052154;5407521,587700000032783;9,169476140000029;48,820552263000081;1
94202;08241010426100310160;08;4;26;021;2024;10;16;5;2;3;2;0;0;1;1;0;0;0;0;559230,780399999581277;5326204,722500000149012;9,795357173000070;48,086359398000070;1
94206;08241010416200354220;08;4;16;041;2024;10;06;5;3;5;3;2;0;1;1;0;0;0;0;505471,799100000411272;5373324,631200000643730;9,074090472000023;48,513012417000027;1
94212;08241010327100354270;08;3;27;050;2024;10;19;5;3;6;3;2;1;0;0;1;0;0;1;488602,052099999971688;5314189,840900000184774;8,847259605000033;47,980910903000051;1
94214;08241010325302296990;08;3;25;053;2024;10;10;5;3;5;3;0;1;1;1;0;0;0;0;462039,939100000075996;5346356,009099999442697;8,488452864000067;48,269273361000046;1
94218;08241010237200310340;08;2;37;074;2024;10;06;5;3;6;7;2;0;0;0;1;0;0;1;468072,380300000309944;5370787,267899999395013;8,567886820000069;48,489398037000058;1
94219;08241010231000285600;08;2;36;076;2024;10;15;5;3;5;2;0;1;1;1;0;0;0;0;471553,002199999988079;5423310,173800000920892;8,611369178000075;48,962052967000034;1
94228;08241010127202315120;08;1;27;014;2024;10;17;5;3;5;3;0;0;1;1;0;0;0;0;575262,432799999602139;5443620,901699999347329;10,031903076000049;49,140802207000036;1
94241;08241009436000282620;08;4;36;009;2024;10;13;4;3;8;1;0;0;1;1;0;0;0;0;557889,887500000186265;5305153,995400000363588;9,774514085000021;47,897102390000043;1
94242;08241009435100283000;08;4;35;029;2024;10;13;4;3;3;2;0;0;1;1;0;0;0;0;545202,382100000046194;5271384,674900000914931;9,601268595000022;47,594296273000054;1
94243;08241009435100281690;08;4;35;016;2024;10;12;4;3;0;7;0;0;1;0;0;0;0;0;533201,928000000305474;5278483,575999999418855;9,442186294000066;47,658894312000029;1
94250;08241009336100313140;08;3;36;084;2024;10;07;4;3;5;3;1;1;1;1;0;0;0;0;405510,588999999687076;5277273,426999999210238;7,741980133000027;47,641960178000033;1
94255;08241009317500280870;08;3;17;096;2024;10;07;4;3;6;4;0;0;0;0;1;0;0;1;421978,532999999821186;5368735,615000000223517;7,944506443000023;48,466911573000061;1
94257;08241017311500322030;08;3;15;113;2024;10;13;5;3;6;4;0;0;1;0;0;0;0;1;436115,186499999836087;5305462,539200000464916;8,145242363000023;47,899309198000026;1
94261;08241009221011294680;08;2;21;000;2024;10;08;4;3;6;7;0;0;0;1;1;0;0;0;481861,048100000247359;5475012,956399999558926;8,749857347000045;49,427519648000043;1
94263;08241009215402296050;08;2;15;009;2024;10;15;4;3;5;3;0;0;1;1;0;0;0;0;469965,938799999654293;5440668,731399999931455;8,588401474000023;49,118123705000073;1
94264;08241009212010351600;08;2;12;000;2024;10;21;4;3;5;2;0;0;1;1;0;0;0;0;455072,709699999541044;5427495,451300000771880;8,385771004000048;48,998721931000034;1
94272;08241009127100280350;08;1;27;013;2024;10;15;4;3;2;2;0;0;1;0;0;0;0;0;563429,970300000160933;5431575,870999999344349;9,867802538000035;49,033799689000034;1
94274;08241011311100284600;08;3;15;133;2024;10;06;6;3;0;7;2;0;1;0;0;0;0;0;399233,325000000186265;5327344,981000000610948;7,646753380000064;48,091402401000039;1
94279;08241009121500281450;08;1;25;007;2024;10;19;4;3;5;3;1;0;1;1;0;0;0;0;511297,090499999932945;5453107,634899999946356;9,155170897000062;49,230645388000028;1