OID_;UIDENTSTLAE;ULAND;UREGBEZ;UKREIS;UGEMEINDE;UJAHR;UMONAT;USTUNDE;UWOCHENTAG;UKATEGORIE;UART;UTYP1;ULICHTVERH;IstStrassenzustand;IstRad;IstPKW;IstFuss;IstKrad;IstGkfz;IstSonstige;LINREFX;LINREFY;XGCSWGS84;YGCSWGS84;PLST
94284;08241009119100283520;08;1;19;018;2024;10;13;4;3;6;4;0;0;0;1;1;0;0;0;528402,041400000452995;5419235,263699999079108;9,387732586000027;48,925399187000039;1
94287;08241012435200307110;08;4;35;034;2024;10;13;7;3;5;3;0;0;1;1;0;0;0;0;529776,857400000095367;5284668,505300000309944;9,396994131000042;47,714709724000045;1
94293;08241009115400281670;08;1;15;045;2024;10;14;4;3;6;4;0;0;0;1;1;0;0;0;497321,424999999813735;5396124,219000000506639;8,963583732000075;48,718140603000052;1
94297;08241009111330280610;08;1;11;000;2024;10;20;4;3;0;1;2;0;1;0;0;0;0;0;511589,132699999958277;5408817,269300000742078;9,157916194000052;48,832224491000034;1
94298;08241008437200282650;08;4;37;123;2024;10;16;3;3;0;1;0;1;1;0;0;0;0;0;509181,092500000260770;5309520,708799999207258;9,122933374000070;47,938937309000039;1
94307;08241011311100285720;08;3;15;072;2024;10;10;6;3;0;7;0;0;1;0;0;0;0;0;402332,476400000043213;5318983,250600000843406;7,690271029000030;48,016673304000051;1
94317;08241008311010278490;08;3;11;000;2024;10;11;3;2;5;3;0;1;1;1;0;0;0;0;414344,217000000178814;5315884,423000000417233;7,851932317000035;47,990521554000054;1
94318;08241008231000297740;08;2;36;075;2024;10;13;3;3;6;4;0;1;0;1;1;0;0;0;482649,570500000379980;5422703,632899999618530;8,762989850000054;48,957007861000079;1
94322;08241008222014280430;08;2;22;000;2024;10;15;3;2;6;4;0;1;0;0;1;0;0;1;463575,376400000415742;5486039,776000000536442;8,496683645000076;49,525880289000042;1
94326;08241008212102306200;08;2;12;000;2024;10;07;3;3;5;3;0;0;1;1;0;0;0;0;457911,552600000053644;5427935,853700000792742;8,424534836000021;49,002883501000042;1
94337;08241008119300281550;08;1;19;061;2024;10;13;3;2;2;6;0;1;1;1;0;0;0;0;538829,764999999664724;5414647,542999999597669;9,529645621000043;48,883564506000027;1
94342;08241011317500331890;08;3;17;096;2024;10;09;6;3;4;3;0;0;1;0;0;0;0;1;422968,978000000119209;5368373,312000000849366;7,957969826000067;48,463774760000035;1
94343;08241008116500305340;08;1;16;049;2024;10;17;3;3;6;3;0;1;0;1;1;0;0;0;525781,544499999843538;5384083,904600000008941;9,349756461000027;48,609298865000028;1
94346;08241008115200278680;08;1;15;021;2024;10;07;3;3;5;2;1;1;1;1;0;0;0;0;489750,796199999749660;5382574,953600000590086;8,860993818000054;48,596171182000035;1
94347;08241008111500565550;08;1;11;000;2024;10;20;3;3;4;1;2;1;1;0;0;0;0;1;516152,433799999766052;5403880,944900000467896;9,219902105000074;48,787716126000078;1
94361;08241007426000305560;08;4;26;128;2024;10;16;2;2;5;3;0;0;1;0;0;0;0;1;557026,689500000327826;5330185,692099999636412;9,766295370000023;48,122374098000080;1
94362;08241007417300276250;08;4;17;008;2024;10;07;2;3;5;3;0;0;1;1;0;0;0;0;494021,502399999648333;5350485,427100000903010;8,919374098000048;48,307534141000076;1
94378;08241007216100292860;08;2;16;009;2024;10;12;2;3;2;6;0;1;1;1;0;0;0;0;446583,678199999965727;5420915,266200000420213;8,270585149000055;48,938857417000065;1
94379;08241007216100278520;08;2;16;043;2024;10;14;2;3;5;2;0;0;1;1;0;0;0;0;441568,331600000150502;5411003,214999999850988;8,203523503000042;48,849246005000055;1
94381;08241007215502303250;08;2;15;099;2024;10;21;2;3;6;2;2;1;0;1;1;0;0;0;463021,344999999739230;5446281,603399999439716;8,492718492000051;49,168233199000042;1
94388;08241012435200303710;08;4;35;052;2024;10;14;7;2;5;3;0;0;1;0;0;0;0;1;522081,347000000067055;5289599,413000000640750;9,294647083000029;47,759384544000056;1
94393;08241007121300301690;08;1;21;000;2024;10;11;2;3;5;3;0;0;1;1;0;0;0;0;513453,286100000143051;5443725,516899999231100;9,184473088000061;49,146207082000046;1
94396;08241007119400289210;08;1;19;091;2024;10;17;2;3;1;5;0;1;1;1;0;0;0;0;529759,139899999834597;5404133,341800000518560;9,405160766000051;48,789484356000060;1
94402;08241007118100303840;08;1;18;079;2024;10;17;2;2;5;2;0;1;1;1;0;0;0;0;509864,304399999789894;5423016,135099999606609;9,134756245000062;48,959983800000032;1
94404;08241007116200305720;08;1;16;078;2024;10;16;2;3;0;1;0;1;1;0;0;0;0;0;512799,987499999813735;5393148,800799999386072;9,173928143000069;48,691247973000031;1
94405;08241018116200342430;08;1;16;077;2024;10;16;6;3;0;1;0;1;1;0;0;0;0;0;517286,877299999818206;5391135,942600000649691;9,234812020000049;48,673032049000028;1
94417;08241006317000276070;08;3;17;152;2024;10;14;1;3;5;2;0;0;1;1;0;0;0;0;408381,132799999788404;5348719,658299999311566;7,764961501000073;48,285044369000047;1
94421;08241006226700299420;08;2;26;098;2024;10;08;1;3;5;3;0;0;1;1;0;0;0;0;478173,688599999994040;5460786,729399999603629;8,699788070000068;49,299434653000048;1
94431;08241015426200313550;08;4;26;073;2024;10;17;3;3;5;3;0;0;1;0;0;0;0;1;564273,406000000424683;5335994,275000000372529;9,864539414000035;48,173937222000063;1
94434;08241018235200371240;08;2;35;046;2024;10;07;6;2;6;4;1;0;0;1;1;0;0;0;479904,991200000047684;5377350,276300000026822;8,727712466000071;48,548930412000061;1
94435;08241009115200307380;08;1;15;053;2024;10;05;4;3;5;3;2;1;1;1;0;0;0;0;483667,591500000096858;5379906,194900000467896;8,778594963000046;48,572033349000037;1
94442;08241006119010282280;08;1;19;055;2024;10;15;1;1;5;3;0;0;1;0;0;1;0;0;540755,618999999947846;5403927,653999999165535;9,554847417000076;48,787010620000046;1
94443;08241006117200288310;08;1;17;024;2024;10;19;1;3;2;6;1;0;1;1;0;0;0;0;560746,467799999751151;5385878,643999999389052;9,824322438000024;48,623025848000054;1
94446;08241006116500336610;08;1;16;020;2024;10;18;1;3;0;1;1;0;1;0;0;0;0;0;527727,355800000019372;5380713,460799999535084;9,375928056000021;48,578894961000060;1
94457;08241005335100298340;08;3;35;043;2024;10;13;7;3;5;3;0;0;1;1;0;0;0;0;512793,620000000111759;5279777,920099999755621;9,170426727000063;47,671265969000046;1
94468;08241005231000312860;08;2;31;000;2024;10;19;7;2;6;4;2;0;0;1;1;0;0;0;477491,596699999645352;5416231,861800000071526;8,692889126000068;48,898624117000054;1
94473;08241005136000298350;08;1;36;065;2024;10;15;7;3;6;4;0;0;0;1;1;0;0;0;558153,896999999880791;5405663,740000000223517;9,791933422000056;48,801243364000072;1
94483;08241004436000274390;08;4;35;016;2024;10;06;6;3;5;3;2;1;1;1;0;0;0;0;536037,156299999915063;5279171,775399999693036;9,480001566000055;47,664934585000026;1
94486;08241017121200329190;08;1;21;000;2024;10;03;5;2;5;3;2;0;1;1;0;0;0;0;516433,556599999777973;5443719,462500000372529;9,225338369000042;49,146080102000042;1
94499;08241004231000284450;08;2;31;000;2024;10;13;6;3;6;4;0;0;0;1;1;0;0;0;481361,138100000098348;5417546,927999999374151;8,745625583000049;48,910582541000053;1
94508;08241004127100280340;08;1;27;076;2024;10;14;6;3;6;7;0;0;0;0;1;0;0;1;552484,112999999895692;5439629,998700000345707;9,719107778000023;49,107273858000042;1
94511;08241007226300304060;08;2;26;006;2024;10;07;2;3;3;6;0;1;1;0;0;0;1;0;483702,820100000128150;5466587,021800000220537;8,775601304000077;49,351781043000074;1
94513;08241004118500286540;08;1;18;049;2024;10;09;6;3;6;7;0;0;0;1;1;0;0;0;519081,083399999886751;5420817,784600000828505;9,260562618000051;48,939992522000068;1
94516;08241004117400272520;08;1;17;018;2024;10;15;6;3;5;3;0;0;1;1;0;0;0;0;537717,403199999593198;5395768,016200000420213;9,512739518000046;48,713801086000046;1
94523;08241003437100277380;08;4;37;076;2024;10;03;5;3;0;1;2;0;1;0;0;0;0;0;526150,272199999541044;5324239,907500000670552;9,351042454000037;48,070898148000026;1
94528;08241003337010271520;08;3;37;060;2024;10;10;5;3;0;1;0;0;1;0;0;0;0;0;469911,615899999625981;5278279,007099999114871;8,599293150000051;47,657206018000068;1
94538;08241003222014295770;08;2;22;000;2024;10;16;5;3;3;6;0;0;1;0;0;0;0;0;468519,048700000159442;5479476,760399999096990;8,565516099000035;49,467125702000033;1
94551;08241002436300270980;08;4;36;081;2024;10;13;4;3;8;1;0;0;1;0;0;0;0;0;562589,279900000430644;5282174,274599999189377;9,834065978000069;47,689922822000028;1
94553;08241017117200315980;08;1;17;024;2024;10;10;5;3;6;3;0;0;1;0;1;0;0;0;562049,973100000061095;5384855,620400000363588;9,841855840000051;48,613695551000035;1
94557;08241002426200272040;08;4;26;108;2024;10;15;4;3;0;3;0;1;1;0;0;1;0;0;572406,259499999694526;5336222,701799999922514;9,973957591000044;48,175117333000060;1
94558;08241002426100270920;08;4;26;120;2024;10;23;4;3;8;1;2;0;1;0;0;0;0;0;563471,089399999938905;5321674,422199999913573;9,851617568000052;48,045196234000059;1
94561;08241002425000271890;08;4;25;124;2024;10;13;4;3;5;3;0;0;1;1;0;0;0;0;550837,417899999767542;5338799,124900000169873;9,684163290000072;48,200387471000056;1
94573;08241002311010270470;08;3;36;091;2024;10;07;4;2;0;1;0;1;1;0;0;0;0;0;394944,121399999596179;5271694,993100000545382;7,602678314000059;47,590152920000037;1
94574;08241002237100327940;08;2;37;045;2024;10;07;4;3;0;2;1;1;1;1;0;0;0;0;459190,580900000408292;5362583,500299999490380;8,448484240000028;48,415082442000028;1
94575;08241002237100288530;08;2;37;028;2024;10;10;4;3;5;3;0;1;1;1;0;0;0;0;457389,997800000011921;5368207,100299999117851;8,423579546000042;48,465553370000066;1
94578;08241002231000328020;08;2;31;000;2024;10;14;4;2;6;4;0;1;0;0;1;1;0;0;475403,632799999788404;5416510,195100000128150;8,664384096000049;48,901048513000035;1
94581;08241007216300276380;08;2;16;033;2024;10;14;2;3;2;6;0;1;1;1;0;0;0;0;446862,893799999728799;5413453,767999999225140;8,275368694000065;48,871764961000054;1
94600;08241022119400322690;08;1;19;079;2024;10;15;3;3;0;3;0;0;1;1;0;0;0;0;523093,228900000452995;5409409,929099999368191;9,314705198000070;48,837234616000046;1
94613;08241002116100344210;08;1;16;019;2024;10;10;4;3;5;3;0;0;1;1;0;0;0;0;523721,622600000351667;5397676,876399999484420;9,322591361000036;48,731662592000077;1
94635;08241001317000271420;08;3;17;057;2024;10;17;3;3;5;3;0;0;1;1;0;0;0;0;412032,683299999684095;5381018,392400000244379;7,807394080000051;48,576075613000057;1
94637;08241001311010287900;08;3;11;000;2024;10;12;3;3;3;6;0;0;1;1;0;0;0;0;412950,671600000001490;5315339,385199999436736;7,833368740000026;47,985430576000056;1
94638;08241001311010274570;08;3;15;084;2024;10;13;3;2;0;1;0;1;1;0;0;0;0;0;420069,078399999998510;5306133,180900000035763;7,930461291000029;47,903543540000044;1
94641;08241001231000290120;08;2;31;000;2024;10;07;3;3;6;4;0;0;0;1;1;0;0;0;477098,650000000372529;5415938,816999999806285;8,687544166000066;48,895973588000061;1
94647;08241001215502284070;08;2;15;107;2024;10;07;3;3;1;7;0;1;1;1;0;0;0;0;462574,023799999617040;5456414,704500000923872;8,485637445000066;49,259352509000053;1
94651;08241001212010275000;08;2;12;000;2024;10;10;3;3;6;4;0;1;1;0;1;0;0;0;455692,229100000113249;5427884,176400000229478;8,394197933000044;49,002263334000077;1
94659;08241001118600275810;08;1;18;050;2024;10;18;3;3;4;2;0;0;1;1;0;0;0;0;506519,511400000192225;5415559,383600000292063;9,088943894000067;48,892949271000077;1
94667;08241001111140269820;08;1;11;000;2024;10;21;3;3;0;1;2;1;1;0;0;0;0;0;513276,876500000245869;5401278,711200000718236;9,180669959000056;48,764374672000031;1
94673;08240930425000259810;08;4;25;020;2024;09;06;2;2;6;2;2;1;0;1;1;0;0;0;558559,158699999563396;5361520,231200000271201;9,791224652000039;48,404117935000045;1
94682;08240930326200268080;08;3;26;074;2024;09;15;2;3;6;4;0;0;0;1;1;0;0;0;465463,656499999575317;5323916,206299999728799;8,536412053000049;48,067586823000056;1
94686;08240930325102266650;08;3;25;045;2024;09;22;2;2;6;4;2;0;0;1;1;0;0;0;468495,023000000044703;5349135,551999999210238;8,575231114000076;48,294633555000075;1
94690;08240930317000248490;08;3;17;150;2024;09;19;2;2;4;6;2;0;1;0;0;0;0;1;409294,576999999582767;5356473,230000000447035;7,775603922000073;48,354916438000032;1
94691;08240930316100267610;08;3;16;011;2024;09;12;2;3;4;2;0;0;1;1;0;0;0;0;416300,764999999664724;5329597,485500000417233;7,875468342000033;48,114134757000045;1
94692;08240930311010260510;08;3;15;073;2024;09;19;2;3;6;3;2;0;0;1;1;0;0;0;412618,340900000184774;5313116,532199999317527;7,829367935000050;47,965389929000025;1
94694;08240930235200267150;08;2;35;080;2024;09;16;2;3;6;4;0;0;0;1;1;0;0;0;479055,259899999946356;5385729,467299999669194;8,715776355000060;48,624283103000039;1
94696;08240930235100243920;08;2;35;035;2024;09;09;2;3;6;6;0;0;0;1;1;0;0;0;469425,739199999719858;5405822,301999999210238;8,583616209000070;48,804638188000069;1
94704;08240930225100243440;08;2;25;074;2024;09;14;2;3;6;7;0;1;0;0;1;0;0;1;507096,711500000208616;5466610,240000000223517;9,097716584000068;49,352166397000076;1
94707;08240930221400267560;08;2;26;006;2024;09;08;2;3;5;5;0;1;1;1;0;0;0;0;483948,052600000053644;5467217,539200000464916;8,778952513000036;49,357459049000056;1
94708;08241018111210371260;08;1;11;000;2024;10;12;6;3;4;6;0;1;1;0;0;0;0;1;513000,759999999776483;5399772,776000000536442;9,176865056000054;48,750833178000050;1
94719;08240930127100260790;08;1;27;052;2024;09;17;2;2;0;1;0;1;1;0;0;0;0;0;540243,429999999701977;5437418,667999999597669;9,551181908000046;49,088305693000052;1
94728;08241001335100285520;08;3;35;043;2024;10;18;3;3;6;2;0;1;0;1;1;0;0;0;513251,352500000037253;5279498,276200000196695;9,176515772000073;47,668740608000064;1
94729;08240930119300261720;08;1;19;004;2024;09;15;2;3;0;7;0;0;1;0;0;0;0;0;544608,939799999818206;5414326,053099999204278;9,608435271000076;48,880283617000032;1
94736;08240929337200258390;08;3;37;126;2024;09;23;1;3;8;1;2;0;1;0;0;0;0;0;446770,445299999788404;5275972,967700000852346;8,291406631000029;47,634968288000039;1
94738;08240929336400235910;08;3;36;045;2024;09;11;1;3;4;6;0;0;1;1;0;0;0;0;400066,542500000447035;5289032,488900000229478;7,666824600000041;47,746918131000029;1
94741;08240929335100267320;08;3;35;043;2024;09;16;1;3;8;6;0;0;1;0;0;0;0;0;513690,737999999895692;5279682,640799999237061;9,182374393000032;47,670390305000069;1
94747;08240929317500259080;08;3;17;151;2024;09;10;1;3;5;2;0;0;1;1;0;0;0;0;412264,380699999630451;5368585,938999999314547;7,813150130000054;48,464285237000070;1
94767;08240929118200240010;08;1;18;011;2024;09;16;1;3;0;1;0;0;1;0;0;0;0;0;504771,640999999828637;5407900,110999999567866;9,065008914000032;48,824063664000050;1
94773;08240928435100249070;08;4;35;016;2024;09;12;7;3;5;2;0;1;1;1;0;0;0;0;536044,146099999547005;5280467,454399999231100;9,480201594000050;47,676591924000036;1
94788;08240928311500266880;08;3;15;113;2024;09;10;7;3;5;3;0;1;1;1;0;0;0;0;439801,456000000238419;5308121,756999999284744;8,194186895000030;47,923589198000059;1
94790;08240928311010233890;08;3;11;000;2024;09;20;7;3;0;2;1;0;1;0;0;1;0;0;414458,851099999621511;5316051,428799999877810;7,853435189000038;47,992039182000042;1
94799;08241002111230271920;08;1;11;000;2024;10;17;4;3;6;7;0;0;1;0;1;0;0;0;508068,105999999679625;5397227,158800000324845;9,109710520000021;48,728016233000062;1
94808;08240928212010258550;08;2;15;066;2024;09;11;7;1;5;3;0;0;1;1;0;0;0;0;458825,126600000075996;5454432,180900000035763;8,434320916000047;49,241279277000046;1
94811;08240928136000258600;08;1;36;045;2024;09;14;7;3;5;3;0;0;1;1;0;0;0;0;597996,082999999634922;5400966,327999999746680;10,333258108000052;48,753993356000080;1
94812;08240928136000247770;08;1;36;079;2024;09;16;7;3;0;7;0;0;1;0;0;0;0;0;560758,202399999834597;5401027,969299999997020;9,826709664000020;48,759295402000078;1
94819;08240928119400247990;08;1;19;079;2024;09;16;7;3;6;4;0;0;0;1;1;0;0;0;523109,599000000394881;5409412,517000000923872;9,314928425000062;48,837257287000057;1
94828;08241009416000282370;08;4;16;022;2024;10;14;4;3;5;3;0;0;1;1;0;0;0;0;510740,886900000274181;5374602,369200000539422;9,145468875000063;48,524439359000041;1
94831;08240927426000229670;08;4;26;064;2024;09;14;6;3;5;3;0;1;1;1;0;0;0;0;541469,043600000441074;5324860,640000000596046;9,556734379000034;48,075670441000057;1
94836;08240927336200255780;08;3;36;069;2024;09;12;6;2;3;6;0;1;1;0;0;0;1;0;409112,683400000445545;5271683,479399999603629;7,791086542000073;47,592190024000047;1
94838;08240927326400246550;08;3;26;075;2024;09;07;6;3;5;3;0;0;1;1;0;0;0;0;460481,274000000208616;5317734,138000000268221;8,470106039000029;48,011679082000057;1
94839;08240927325302254810;08;3;25;014;2024;09;11;6;2;0;1;0;1;1;0;0;0;0;0;464562,623599999584258;5338287,142999999225140;8,523122123000064;48,196827938000069;1
94841;08240927317010243110;08;3;17;065;2024;09;10;6;2;6;3;0;1;0;0;1;1;0;0;414234,295300000347197;5355343,824500000104308;7,842498757000044;48,345447978000038;1
94842;08240927317000255290;08;3;17;089;2024;09;16;6;3;0;3;0;1;1;1;0;0;0;0;431944,672699999995530;5375906,190500000491738;8,078142463000063;48,532570008000050;1
94857;08240927212102257770;08;2;15;101;2024;09;17;6;3;5;3;0;1;1;1;0;0;0;0;465911,559100000187755;5428040,663100000470877;8,533903957000064;49,004319973000065;1
94865;08240927119300232070;08;1;19;067;2024;09;18;6;3;0;7;0;0;1;0;0;0;0;0;538272,804999999701977;5406744,407800000160933;9,521310387000028;48,812506643000063;1
94866;08240927119300232020;08;1;19;086;2024;09;17;6;3;2;6;0;0;1;1;0;0;0;0;534901,465800000354648;5405015,718699999153614;9,475244454000062;48,797154542000044;1
94873;08240926436300253500;08;4;36;081;2024;09;16;5;3;5;3;0;1;1;1;0;0;0;0;562657,823300000280142;5282043,027000000700355;9,834960441000021;47,688735382000061;1
94874;08240926436200228220;08;4;36;064;2024;09;18;5;2;0;1;1;1;1;0;0;0;0;0;544004,554899999871850;5292000,479699999094009;9,587415296000074;47,779863368000065;1
94881;08240926416010249120;08;4;15;061;2024;09;12;5;3;5;3;0;1;1;1;0;0;0;0;515380,053399999625981;5370839,387900000438094;9,208160229000043;48,490489802000070;1
94882;08240926335100243210;08;3;35;043;2024;09;11;5;3;6;6;0;1;1;0;1;0;0;0;513377,500400000251830;5279377,262399999424815;9,178192422000052;47,667649169000072;1
94893;08240926226700254140;08;2;26;065;2024;09;07;5;3;5;3;1;1;1;1;0;0;0;0;478612,277499999850988;5458253,218399999663234;8,705956154000035;49,276661117000060;1
94898;08240926222700264090;08;2;22;000;2024;09;08;5;3;3;2;0;1;1;0;0;0;0;0;461302,838899999856949;5481331,361099999397993;8,465744395000058;49,483389904000035;1
94899;08240926221011255500;08;2;21;000;2024;09;09;5;3;5;2;0;1;1;1;0;0;0;0;477697,380599999800324;5472987,626599999144673;8,692553491000069;49,409163694000028;1
94902;08240926215402243580;08;2;15;009;2024;09;19;5;3;6;2;2;1;0;1;1;0;0;0;469658,026399999856949;5441712,445900000631809;8,584103335000066;49,127496992000033;1
94904;08240926212702227410;08;2;15;096;2024;09;09;5;3;2;7;0;0;0;1;1;0;0;0;463989,902499999850988;5412966,445599999278784;8,508961697000075;48,868612462000044;1
94915;08240926121200254370;08;1;21;000;2024;09;18;5;3;0;4;2;1;0;1;1;0;0;0;515005,983900000341237;5442859,635399999096990;9,205731487000037;49,138382210000032;1
94917;08240926118500264270;08;1;18;049;2024;09;12;5;3;6;7;0;0;1;0;1;0;0;0;519180,969899999909103;5420858,431199999526143;9,261928521000073;48,940355074000081;1
94923;08240926116010257460;08;1;16;033;2024;09;12;5;2;5;3;0;1;1;1;0;0;0;0;531666,085400000214577;5389184,280899999663234;9,429974623000021;48,654911442000071;1
94927;08240925436100255900;08;4;36;055;2024;09;07;4;3;4;6;0;0;1;0;0;0;0;0;578193,116600000299513;5293227,725600000470877;10,043957138000053;47,787661156000070;1
94928;08240925435100222840;08;4;35;029;2024;09;09;4;3;5;3;0;0;1;0;0;0;0;1;545216,015999999828637;5272234,234999999403954;9,601537546000031;47,601939090000030;1
94944;08240925311000225030;08;3;37;045;2024;09;15;4;3;4;2;0;0;1;1;0;0;0;0;437414,166600000113249;5289224,776100000366569;8,164966852000020;47,753354191000028;1
94946;08240925231000258410;08;2;31;000;2024;09;18;4;3;6;4;0;0;0;1;1;0;0;0;477591,029699999839067;5411501,141599999740720;8,694505052000068;48,856071673000031;1
94950;08241019127202335310;08;1;27;102;2024;10;20;7;3;8;7;2;0;1;0;0;0;0;0;588230,061800000257790;5434051,460100000724196;10,207570493000048;49,053014148000045;1
94953;08240925212010254980;08;2;12;000;2024;09;17;4;3;5;3;0;0;1;1;0;0;0;0;455072,313299999572337;5427490,549300000071526;8,385766127000068;48,998677808000082;1
94958;08240925136000226210;08;1;36;065;2024;09;15;4;3;0;7;0;0;1;0;0;0;0;0;564044,359799999743700;5399760,738099999725819;9,871220553000057;48,747567304000029;1
94960;08240925127202240270;08;1;27;046;2024;09;11;4;3;5;3;0;0;1;1;0;0;0;0;571548,845200000330806;5450276,521099999547005;9,982178689000023;49,201106805000052;1
94962;08240925119300238190;08;1;19;067;2024;09;12;4;3;0;7;0;0;1;0;0;0;0;0;538882,894999999552965;5405741,712999999523163;9,529525017000026;48,803448990000049;1
94963;08240925119300227400;08;1;19;076;2024;09;16;4;3;1;5;0;0;1;1;0;0;0;0;542199,735600000247359;5406925,094200000166893;9,574814650000064;48,813877708000064;1
94966;08240925118500224590;08;1;18;049;2024;09;18;4;3;0;7;0;1;1;0;0;0;0;0;519885,658999999985099;5421327,348999999463558;9,271574281000028;48,944551021000052;1
94973;08240924426200221090;08;4;26;070;2024;09;17;3;3;6;4;0;1;0;1;1;0;0;0;565607,943199999630451;5343416,212099999189377;9,883635888000072;48,240567021000061;1
94977;08240925216100224340;08;2;16;043;2024;09;15;4;3;5;3;0;0;1;1;0;0;0;0;441881,582499999552965;5411112,412499999627471;8,207777471000043;48,850257652000039;1
94981;08240924335400218520;08;3;35;100;2024;09;13;3;3;0;7;0;0;1;0;0;0;0;0;487448,717199999839067;5285745,609799999743700;8,832629733000033;47,724965748000045;1
94982;08240924335200265080;08;3;35;063;2024;09;09;3;3;5;3;0;0;1;1;0;0;0;0;502016,406000000424683;5291283,392999999225140;9,026914334000026;47,774911293000059;1
94983;08241022215202320310;08;2;15;064;2024;10;14;3;3;5;3;0;0;1;1;0;0;0;0;481747,882000000216067;5447217,191999999806285;8,749566996000055;49,177491793000058;1
94985;08240924327100234990;08;3;27;050;2024;09;05;3;3;5;3;2;1;1;1;0;0;0;0;487011,333100000396371;5314534,995799999684095;8,825932524000052;47,983985998000037;1
95003;08240924221300249690;08;2;21;000;2024;09;12;3;3;5;2;0;1;1;1;0;0;0;0;476556,732400000095367;5472837,674499999731779;8,676838515000043;49,407772024000053;1
95004;08240925336200243690;08;3;36;069;2024;09;23;4;3;0;1;2;0;1;0;0;0;0;0;405432,377500000409782;5269686,341499999165535;7,742576208000060;47,573698123000042;1
95017;08240924119200250290;08;1;19;020;2024;09;20;3;3;5;3;2;0;1;1;0;0;0;0;519180,263600000180304;5406579,085699999704957;9,261249126000052;48,811902147000069;1
95018;08241011415400298980;08;4;15;061;2024;10;17;6;2;0;1;0;0;1;0;0;0;0;0;512842,534099999815226;5372017,017400000244379;9,173852756000031;48,501141172000075;1
95019;08240924119100234460;08;1;19;018;2024;09;22;3;3;0;7;2;0;1;0;0;0;0;0;526899,991399999707937;5419693,577899999916553;9,367257926000036;48,929589082000064;1
95021;08240924118300218910;08;1;18;081;2024;09;20;3;2;0;7;2;0;1;0;0;0;0;0;520815,598600000143051;5415667,454800000414252;9,283985327000039;48,893606093000074;1
95026;08241015115100333140;08;1;15;003;2024;10;13;3;3;5;3;0;0;1;0;0;0;0;1;500444,438400000333786;5392971,958100000396371;9,006038920000037;48,689788206000060;1
95035;08241020316100346010;08;3;16;011;2024;10;17;1;2;5;3;0;0;1;0;0;1;0;0;413419,589399999938905;5330641,858599999919534;7,836554650000039;48,123143790000029;1
95037;08240923417000245560;08;4;17;079;2024;09;18;2;3;5;3;1;1;1;1;0;0;0;0;502059,924999999813735;5342667,766000000759959;9,027742023000030;48,237225442000067;1
95043;08240923335200264360;08;3;35;063;2024;09;07;2;3;5;2;0;0;1;1;0;0;0;0;497931,547600000165403;5288045,750299999490380;8,972406376000038;47,745780232000072;1
95049;08240923317500216000;08;3;17;096;2024;09;11;2;3;5;3;0;1;1;1;0;0;0;0;420669,001500000245869;5368241,117300000041723;7,926887770000064;48,462299811000037;1
95050;08240923317000249130;08;3;17;057;2024;09;08;2;3;5;3;0;1;1;1;0;0;0;0;412917,604100000113249;5373310,604299999773502;7,820999994000033;48,506872101000056;1
95052;08240923311010250030;08;3;11;000;2024;09;07;2;3;0;2;0;1;1;1;0;0;0;0;413004,424999999813735;5317628,745999999344349;7,833624888000031;48,006031441000061;1
95054;08240923311010215310;08;3;11;000;2024;09;09;2;2;0;7;0;1;1;0;0;0;0;0;413261,831399999558926;5315823,074599999934435;7,837440279000020;47,989823806000061;1
95063;08240923222400232750;08;2;26;038;2024;09;13;2;3;5;3;0;0;1;1;0;0;0;0;470848,862499999813735;5480657,238700000569224;8,597583146000034;49,477860008000050;1
95068;08240923212010255010;08;2;12;000;2024;09;12;2;3;5;2;0;1;1;1;0;0;0;0;455183,072900000028312;5428482,346499999985099;8,387170840000067;49,007607171000075;1
95079;08240930317010250140;08;3;17;057;2024;09;20;2;1;6;3;2;0;0;1;1;0;0;0;413105,805200000293553;5380946,439799999818206;7,821954609000045;48,575578193000069;1
95080;08240923119400250640;08;1;19;091;2024;09;15;2;3;0;7;0;0;1;0;0;0;0;0;527916,531200000084937;5406070,785199999809265;9,380206556000076;48,806998532000080;1
95089;08240923311010219250;08;3;11;000;2024;09;18;2;3;0;7;0;1;0;0;1;0;0;1;411911,504599999636412;5315931,832399999722838;7,819323355000051;47,990617536000059;1
95090;08240923117010247350;08;4;25;084;2024;09;21;2;3;6;4;2;1;0;1;1;0;0;0;558465,054100000299513;5376622,994400000199676;9,792065080000043;48,539984884000035;1
95094;08240923111500250420;08;1;11;000;2024;09;21;2;3;6;4;2;1;0;1;1;0;0;0;512531,422100000083447;5401447,506799999624491;9,170531104000077;48,765908604000060;1
95103;08240922436200210900;08;4;36;064;2024;09;12;1;3;0;1;0;0;1;0;0;0;0;0;538947,967899999581277;5292982,643300000578165;9,520006274000025;47,789025634000041;1
95110;08240922415400245680;08;4;16;023;2024;09;14;1;3;0;1;0;0;1;0;0;0;0;0;512394,321299999952316;5371400,267999999225140;9,167766900000061;48,495601673000067;1
95112;08240922337100216100;08;3;37;090;2024;09;14;1;3;8;1;0;0;1;0;0;0;0;0;421662,336099999956787;5275267,508099999278784;7,957340954000074;47,626070734000052;1
95114;08240922337010221860;08;3;37;022;2024;09;14;1;3;4;2;0;0;1;1;0;0;0;0;450275,239000000059605;5296219,939999999478459;8,335747139000034;47,817409271000031;1
95115;08240922336300248190;08;3;36;004;2024;09;14;1;3;2;6;0;0;1;1;0;0;0;0;417257,472599999979138;5295030,541699999943376;7,894971136000038;47,803310556000042;1