OID_;UIDENTSTLAE;ULAND;UREGBEZ;UKREIS;UGEMEINDE;UJAHR;UMONAT;USTUNDE;UWOCHENTAG;UKATEGORIE;UART;UTYP1;ULICHTVERH;IstStrassenzustand;IstRad;IstPKW;IstFuss;IstKrad;IstGkfz;IstSonstige;LINREFX;LINREFY;XGCSWGS84;YGCSWGS84;PLST
95124;08240922317200212330;08;3;17;153;2024;09;20;1;3;8;1;2;0;1;0;0;0;0;0;418433,352500000037253;5386199,386199999600649;7,893135041000050;48,623542381000050;1
95130;08240922311010231970;08;3;15;072;2024;09;18;1;3;0;7;0;0;1;0;0;0;0;0;403251,219100000336766;5318498,181900000199676;7,702697619000048;48,012449967000066;1
95140;08240922226600211870;08;2;26;107;2024;09;20;1;2;6;4;2;0;0;0;1;0;0;1;475126,053999999538064;5482616,417999999597669;8,656503152000028;49,495672558000081;1
95141;08240922225100245370;08;2;25;058;2024;09;18;1;3;6;4;0;0;0;1;1;0;0;0;509320,761199999600649;5467119,822899999096990;9,128351995000060;49,356720172000053;1
95144;08240922221200246750;08;2;21;000;2024;09;16;1;2;3;6;0;0;1;0;0;0;0;0;481110,874699999578297;5473778,854100000113249;8,739571050000052;49,416396227000064;1
95149;08240922216200216050;08;2;16;007;2024;09;14;1;3;2;2;0;0;1;1;0;0;0;0;437410,753999999724329;5396247,710999999195337;8,149105044000066;48,716115414000058;1
95150;08240922216200211090;08;2;16;007;2024;09;12;1;3;0;1;0;0;1;0;0;0;0;0;435045,650600000284612;5399081,495899999514222;8,116509136000047;48,741363312000033;1
95153;08240922215102263910;08;2;12;000;2024;09;18;1;3;5;2;1;0;1;1;0;0;0;0;455587,814000000245869;5434102,086200000718236;8,392089337000073;49,058186319000072;1
95159;08240922128300229520;08;1;28;131;2024;09;17;1;2;0;1;0;0;1;0;0;0;0;0;536584,031200000084937;5513247,879499999806285;9,508059538000055;49,770587176000049;1
95161;08240922127202251340;08;1;27;014;2024;09;16;1;3;5;3;0;0;1;1;0;0;0;0;578618,423899999819696;5442533,793400000780821;10,077695810000023;49,130604610000034;1
95162;08240922127202248230;08;1;27;047;2024;09;13;1;2;3;6;0;0;1;1;0;0;0;0;562287,880900000222027;5455210,601299999281764;9,855831939000041;49,246496260000072;1
95169;08240922121400212650;08;1;25;013;2024;09;13;1;3;0;1;0;0;1;0;0;0;0;0;502013,737499999813735;5438521,172499999403954;9,027586706000022;49,099535858000081;1
95176;08241015317000321420;08;3;17;146;2024;10;11;3;3;6;4;0;0;0;1;1;0;0;0;430776,529699999839067;5355312,157500000670552;8,065724820000071;48,347192851000045;1
95177;08240922116400215360;08;1;16;053;2024;09;15;1;3;2;2;0;0;1;1;0;0;0;0;538691,798000000417233;5388144,377000000327826;9,525271548000035;48,645161102000031;1
95183;08240921435200229750;08;4;35;067;2024;09;16;7;3;2;6;0;0;1;0;0;0;0;0;530789,290500000119209;5295730,380100000649691;9,411275634000049;47,814189535000025;1
95191;08240921421200227970;08;4;21;000;2024;09;18;7;3;6;2;0;0;0;1;1;0;0;0;574838,684999999590218;5364085,543999999761581;10,011612123000077;48,425470601000029;1
95192;08240926426100242720;08;4;26;021;2024;09;15;5;3;0;1;0;0;1;0;0;0;0;0;558229,707600000314415;5327258,833499999716878;9,782059751000077;48,095934647000036;1
95193;08240921415400240820;08;4;15;061;2024;09;22;7;3;0;1;2;1;1;0;0;0;0;0;515205,282100000418723;5372185,638699999079108;9,205843840000057;48,502605396000035;1
95203;08240921335100227570;08;3;35;043;2024;09;13;7;3;9;1;0;0;1;0;0;0;0;0;510209,869599999859929;5281913,162399999797344;9,136058055000035;47,690524123000046;1
95209;08240926118010255320;08;1;18;003;2024;09;11;5;2;6;4;0;0;0;1;1;0;0;0;510558,133999999612570;5416857,257999999448657;9,144075112000053;48,904568964000077;1
95210;08240921325302212580;08;3;25;001;2024;09;16;7;3;6;4;0;0;0;1;1;0;0;0;457206,099000000394881;5350307,596200000494719;8,422915240000066;48,304514737000034;1
95214;08240923121200219130;08;1;21;000;2024;09;15;2;3;5;3;0;0;1;1;0;0;0;0;516627,457200000062585;5442279,524499999359250;9,227937723000025;49,133122171000082;1
95218;08240921316100224330;08;3;16;043;2024;09;22;7;3;0;7;2;0;1;0;0;0;0;0;410845,659300000406802;5330684,444000000134110;7,801965658000029;48,123171539000055;1
95219;08241004111500301030;08;1;11;000;2024;10;18;6;3;6;6;0;1;0;0;1;0;0;1;516474,210900000296533;5404638,972400000318885;9,224313196000026;48,794526806000079;1
95220;08240921311010230250;08;3;11;000;2024;09;17;7;3;5;2;0;0;1;1;0;0;0;0;418739,498900000005960;5314355,799900000914931;7,911121425000033;47,977344331000040;1
95221;08240921311010208150;08;3;36;050;2024;09;11;7;2;0;7;0;0;1;0;0;0;0;0;399235,548700000159442;5275129,102399999275804;7,658951579000075;47,621724942000071;1
95229;08240921226200230130;08;2;26;003;2024;09;15;7;3;0;7;0;0;1;0;0;0;0;0;460503,495000000111759;5463964,936200000345707;8,456436275000044;49,327134790000059;1
95234;08240921216100263130;08;2;16;043;2024;09;09;7;3;0;7;0;0;1;0;0;0;0;1;441478,042000000365078;5409793,858799999579787;8,202465656000072;48,838359352000055;1
95241;08241021335200351230;08;3;35;063;2024;10;17;2;3;6;4;0;0;0;1;1;0;0;0;497876,524500000290573;5287967,062200000509620;8,971672739000041;47,745072050000033;1
95247;08240921136100224680;08;1;36;002;2024;09;11;7;3;0;7;0;0;1;0;0;0;0;0;572458,337299999780953;5417434,438100000843406;9,988785393000057;48,905612236000081;1
95256;08240921121600245240;08;1;25;021;2024;09;14;7;3;0;7;0;0;0;1;1;0;0;0;523953,351700000464916;5449337,542400000616908;9,328783447000035;49,196368597000060;1
95261;08241002317000270560;08;3;17;141;2024;10;13;4;3;5;3;0;1;1;1;0;0;0;0;417926,991399999707937;5377528,648099999874830;7,887977494000040;48,545486591000042;1
95262;08240921119300226500;08;1;19;061;2024;09;10;7;3;8;1;0;0;1;0;0;0;0;0;537421,641300000250340;5412210,343299999833107;9,510216363000040;48,861727394000070;1
95266;08240921117010256070;08;4;25;139;2024;09;14;7;2;5;3;0;0;1;1;0;0;0;0;548639,968100000172853;5367955,452099999412894;9,657958235000024;48,462852148000081;1
95271;08240921115300226620;08;1;15;050;2024;09;08;7;3;5;3;0;0;1;0;0;0;0;1;488069,534300000406802;5402345,742100000381470;8,837620791000063;48,774000886000067;1
95274;08240920437100206590;08;4;37;076;2024;09;20;6;3;0;1;2;0;1;0;0;0;0;0;524007,643799999728799;5322192,618799999356270;9,322165254000026;48,052563069000030;1
95278;08240920436000213330;08;4;36;093;2024;09;14;6;3;3;6;0;0;1;0;0;0;0;0;543132,706199999898672;5314309,835300000384450;9,578006021000022;47,980637805000072;1
95280;08240920436000205130;08;4;35;066;2024;09;11;6;3;5;3;0;0;1;1;0;0;0;0;518950,209999999962747;5286943,129300000146031;9,252750820000074;47,735584293000045;1
95284;08240920435100207450;08;4;35;030;2024;09;17;6;3;0;1;0;0;1;0;0;0;0;0;541662,891400000080466;5271674,669999999925494;9,554217265000034;47,597142590000033;1
95297;08241021116010328990;08;1;16;019;2024;10;15;2;3;4;6;0;0;1;1;0;0;0;0;523513,276800000108778;5397185,773700000718236;9,319730093000032;48,727252578000048;1
95300;08240920335400236700;08;3;35;021;2024;09;06;6;3;8;1;1;0;1;0;0;0;0;0;492126,986899999901652;5300464,813899999484420;8,894746840000039;47,857475826000041;1
95301;08240920335000238580;08;3;35;022;2024;09;17;6;2;5;3;0;0;1;1;0;0;0;0;482678,138799999840558;5298799,880499999970198;8,768494025000052;47,842310549000047;1
95306;08240920326000237620;08;3;27;049;2024;09;18;6;3;5;3;0;0;1;1;0;0;0;0;473074,871000000275671;5323920,585999999195337;8,638576161000060;48,067992997000033;1
95308;08240920317000262500;08;3;17;065;2024;09;11;6;3;5;2;0;0;1;1;0;0;0;0;416259,026999999769032;5354457,893999999389052;7,869995283000037;48,337750818000075;1
95309;08240920317000243370;08;3;17;059;2024;09;11;6;3;5;3;0;0;1;1;0;0;0;0;411425,667999999597669;5351930,424000000581145;7,805319185000030;48,314357809000057;1
95311;08240920316100207400;08;3;16;011;2024;09;14;6;3;8;1;0;1;1;0;0;0;0;0;417393,506699999794364;5332750,083499999716878;7,889535623000029;48,142636011000036;1
95318;08240920226500211310;08;2;26;085;2024;09;16;6;2;5;5;0;0;1;1;0;0;0;0;498243,984799999743700;5454519,462300000712276;8,975874068000053;49,243446818000052;1
95329;08241006231000301490;08;2;35;008;2024;10;17;1;2;6;4;0;0;0;1;1;0;0;0;482755,004399999976158;5403005,943399999290705;8,765260404000060;48,779815380000059;1
95338;08240920128200212530;08;1;28;061;2024;09;15;6;3;0;7;0;0;1;0;0;0;0;0;542439,079499999992549;5493682,006100000813603;9,587243722000039;49,594225209000058;1
95347;08240925116000222000;08;4;16;025;2024;09;12;4;3;1;1;0;0;1;1;0;0;0;0;504276,143299999646842;5362013,420099999755621;9,057785176000039;48,411260886000036;1
95351;08240920118010245700;08;1;15;050;2024;09;05;6;2;1;2;2;0;1;1;0;0;0;0;487807,477599999867380;5404019,643400000408292;8,834004443000026;48,789054090000036;1
95357;08240920116300222940;08;1;16;078;2024;09;10;6;3;5;3;0;0;1;1;0;0;0;0;510220,853699999861419;5393417,613099999725819;9,138889259000052;48,693713805000073;1
95360;08240920115200240800;08;1;15;021;2024;09;07;6;3;2;6;0;0;1;1;0;0;0;0;490439,673100000247359;5382816,163300000131130;8,870331223000051;48,598352057000056;1
95361;08241010237200307910;08;2;37;019;2024;10;06;5;3;6;3;2;1;0;1;1;0;0;0;461443,919900000095367;5368879,766200000420213;8,478355767000039;48,471866311000042;1
95362;08240920115100243270;08;1;15;044;2024;09;14;6;3;5;2;0;0;1;1;0;0;0;0;504205,575899999588728;5389867,783199999481440;9,057112742000072;48,661848660000032;1
95369;08240919436000202050;08;4;35;057;2024;09;13;5;3;0;7;0;0;1;0;0;0;0;0;549026,215699999593198;5275312,619100000709295;9,652568333000033;47,629358957000079;1
95371;08240919436000201950;08;4;35;057;2024;09;07;5;3;5;3;0;0;1;1;0;0;0;0;544532,642900000326335;5279851,706199999898672;9,593221954000057;47,670522907000077;1
95373;08240919435100234120;08;4;35;016;2024;09;20;5;3;0;1;2;0;1;0;0;0;0;0;534489,911999999545515;5277954,728800000622869;9,459297493000065;47,654068652000035;1
95375;08240919435100202440;08;4;35;016;2024;09;12;5;3;0;1;0;0;1;0;0;0;0;0;536814,613099999725819;5281748,458100000396371;9,490573876000042;47,688074156000027;1
95376;08240919426000222800;08;4;26;073;2024;09;16;5;3;6;4;0;0;0;0;1;1;0;0;568634,224299999885261;5337549,846100000664592;9,923440292000066;48,187474638000026;1
95392;08240919316200232300;08;3;16;010;2024;09;16;5;3;0;6;0;0;1;0;0;0;0;1;428647,110700000077486;5339951,297100000083447;8,039582899000038;48,208777531000067;1
95405;08241218426000554940;08;4;21;000;2024;12;18;4;1;6;7;2;0;0;0;1;0;0;1;565107,768799999728799;5356946,770899999886751;9,878987493000068;48,362334837000049;1
95410;08241218335100562330;08;3;35;043;2024;12;19;4;3;0;1;2;1;1;0;0;0;0;0;512272,917600000277162;5279881,775900000706315;9,163493280000068;47,672210522000057;1
95416;08241218311010529150;08;3;36;050;2024;12;14;4;3;1;6;0;0;1;1;0;0;0;0;399752,964999999850988;5274284,410000000149012;7,666029126000069;47,614206923000040;1
95420;08241218121500581290;08;1;25;007;2024;12;07;4;3;5;3;1;0;1;1;0;0;0;0;510853,726999999955297;5452945,932000000029802;9,149076735000051;49,229198854000060;1
95422;08241218121200558110;08;1;21;000;2024;12;14;4;2;2;2;0;0;0;1;1;0;0;0;516800,180599999614060;5443708,684900000691414;9,230365058000075;49,145973234000053;1
95434;08241217426000530510;08;4;25;071;2024;12;12;3;3;6;4;0;0;0;1;1;0;0;0;550660,106200000271201;5371028,216399999335408;9,685655267000072;48,490334641000061;1
95437;08241217335100552620;08;3;35;043;2024;12;10;3;3;5;2;0;0;1;1;0;0;0;0;511455,649899999611080;5280194,201300000771880;9,152614312000026;47,675036619000025;1
95440;08241217316200558980;08;3;16;055;2024;12;18;3;3;5;2;2;0;1;1;0;0;0;0;428577,189000000245869;5333858,166999999433756;8,039666292000049;48,153958090000060;1
95442;08241217311010534720;08;3;15;131;2024;12;22;3;3;3;1;2;0;1;1;0;0;0;0;406799,275100000202656;5307644,061899999156594;7,752614706000031;47,915343377000056;1
95446;08241217226000564110;08;2;22;000;2024;12;07;3;3;5;2;1;0;1;1;0;0;0;0;462378,212100000120699;5481985,318700000643730;8,480528187000061;49,489339530000052;1
95447;08241217221011585980;08;2;21;000;2024;12;09;3;3;2;6;0;0;1;0;0;0;0;1;477675,512500000186265;5473495,212200000882149;8,692223496000054;49,413728545000026;1
95462;08241217116000570260;08;4;15;089;2024;12;17;3;3;0;1;1;1;1;0;0;0;0;0;521757,453999999910593;5359513,880999999120831;9,293885387000046;48,388412812000070;1
95466;08241216436200550290;08;4;36;064;2024;12;12;2;3;3;2;0;0;1;1;0;0;0;0;545091,247999999672174;5292300,277899999171495;9,601951845000031;47,782485511000061;1
95485;08241216311400520730;08;3;15;022;2024;12;08;2;3;8;7;0;0;1;0;0;0;0;0;398497,666899999603629;5299996,178899999707937;7,643335650000040;47,845291385000053;1
95486;08241216311010578890;08;3;11;000;2024;12;17;2;3;5;2;2;0;1;1;0;0;0;0;414577,515999999828637;5318061,858899999409914;7,854625103000046;48,010139640000034;1
95488;08241216311010523280;08;3;11;000;2024;12;17;2;3;4;6;2;0;1;0;0;0;0;0;412237,777099999599159;5318691,022700000554323;7,823131033000038;48,015482095000038;1
95515;08241216116200550530;08;1;16;078;2024;12;05;2;3;0;1;2;0;1;0;0;0;0;0;509665,217000000178814;5393297,437000000849366;9,131336026000042;48,692641546000061;1
95516;08241215317000547680;08;3;17;075;2024;12;11;1;3;0;6;0;0;1;1;0;0;0;0;409159,565000000409782;5362167,986899999901652;7,772550875000036;48,406118655000057;1
95532;08241214335010555470;08;3;35;097;2024;12;01;7;2;6;4;2;0;0;0;1;0;0;1;484016,343299999833107;5296068,018200000748038;8,786479784000051;47,817765583000039;1
95535;08241214317000527700;08;3;17;065;2024;12;16;7;3;6;4;1;1;0;1;1;0;0;0;414206,233900000341237;5354647,724600000306964;7,842261936000057;48,339182881000056;1
95542;08241214212010562990;08;2;12;000;2024;12;12;7;2;5;3;0;0;1;1;0;0;0;0;453626,747800000011921;5428133,253499999642372;8,365930777000074;49,004352074000053;1
95543;08241214212010533190;08;2;15;064;2024;12;07;7;2;6;2;2;0;0;1;1;0;0;0;477990,677899999544024;5451416,050300000235438;8,697785951000071;49,215138002000060;1
95545;08241214118600519010;08;1;18;050;2024;12;11;7;3;6;2;0;0;0;0;1;0;0;1;506159,634200000204146;5416787,589900000020862;9,084052718000066;48,904001610000080;1
95547;08241214118100544870;08;1;18;071;2024;12;09;7;3;6;4;0;0;0;1;1;0;0;0;508892,930999999865890;5419060,570000000298023;9,121400013000027;48,924415513000042;1
95550;08241214116400579570;08;1;16;079;2024;12;06;7;3;5;3;2;0;1;1;0;0;0;0;533645,150500000454485;5380109,756599999964237;9,456110363000050;48,573174160000065;1
95558;08241213336400528210;08;3;36;091;2024;12;14;6;3;0;7;0;0;1;0;0;0;0;0;395694,252100000157952;5272618,919399999082088;7,612432859000023;47,598584898000070;1
95559;08241213336200549170;08;3;36;069;2024;12;14;6;2;5;3;0;0;1;1;0;0;0;0;407013,499900000169873;5267163,048599999397993;7,764128661000029;47,551227659000062;1
95563;08241213317600547990;08;3;17;146;2024;12;13;6;3;6;7;0;0;0;1;1;0;0;0;431591,680499999783933;5355648,904200000688434;8,076670292000074;48,350310867000076;1
95564;08241213317500544690;08;3;17;096;2024;12;18;6;3;5;3;2;0;1;1;0;0;0;0;423136,178700000047684;5368185,635700000450015;7,960265713000069;48,462107070000059;1
95565;08241213317000511600;08;3;17;145;2024;12;02;6;3;0;1;2;0;1;0;0;0;0;0;444094,024899999611080;5345641,073899999260902;8,246727722000060;48,261511814000073;1
95568;08241213311010541170;08;3;11;000;2024;12;10;6;3;3;3;0;0;1;1;0;0;0;0;414580,178000000305474;5317326,551799999549985;7,854807239000024;48,003525631000059;1
95577;08241213215102532780;08;2;12;000;2024;12;18;6;3;5;3;2;0;1;1;0;0;0;0;455345,291199999861419;5431266,681800000369549;8,389082424000037;49,032664230000080;1
95578;08241213212010568330;08;2;12;000;2024;12;19;6;3;0;3;2;0;1;0;0;0;0;1;455103,061300000175834;5427885,539100000634789;8,386142812000060;49,002233018000027;1
95584;08241213118400546280;08;1;18;048;2024;12;15;6;2;5;3;0;0;1;1;0;0;0;0;512722,412899999879301;5415281,495400000363588;9,173559407000027;48,890353143000027;1
95599;08241212311010549920;08;3;11;000;2024;12;16;5;3;0;2;1;0;1;1;0;0;0;0;412443,372899999842048;5318489,502900000661612;7,825928577000070;48,013697577000073;1
95605;08241212212010544030;08;2;12;000;2024;12;17;5;3;5;2;2;0;1;0;0;1;0;0;455684,074000000022352;5427717,252000000327826;8,394104653000056;49,000761245000035;1
95607;08241212135200543920;08;1;35;019;2024;12;16;5;3;6;2;0;0;0;1;1;0;0;0;584971,283699999563396;5392285,268799999728799;10,154305448000059;48,677827636000075;1
95614;08241212116200527300;08;1;16;077;2024;12;13;5;3;0;1;0;1;1;0;0;0;0;0;517824,741799999959767;5391908,387700000777841;9,242151204000038;48,679965876000040;1
95625;08241211317000528720;08;3;17;065;2024;12;10;4;3;6;4;0;0;0;1;1;0;0;0;416797,506599999964237;5354933,613099999725819;7,877166118000048;48,342101020000030;1
95626;08241211316100552470;08;3;16;024;2024;12;15;4;3;5;3;0;0;1;1;0;0;0;0;412391,399400000460446;5336375,235899999737740;7,821560857000065;48,174575119000053;1
95627;08241211311500509420;08;3;15;016;2024;12;18;4;3;3;6;2;0;1;1;0;0;0;0;430243,605000000447035;5307601,031799999997020;8,066346909000060;47,917935771000032;1
95629;08241211311000554140;08;3;36;084;2024;12;12;4;3;4;3;0;0;1;1;0;0;0;0;405347,635400000028312;5277444,797599999234080;7,739774050000051;47,643477946000075;1
95631;08241211226100508690;08;2;26;013;2024;12;14;4;3;5;3;0;0;1;1;0;0;0;0;498551,984299999661744;5479325,565899999812245;8,980015483000045;49,466580018000059;1
95637;08241211212010508790;08;2;12;000;2024;12;17;4;3;5;2;2;0;1;1;0;0;0;0;455993,017199999652803;5429315,411199999973178;8,398155097000028;49,015158961000054;1
95641;08241213116010574520;08;1;16;019;2024;12;09;6;2;0;1;0;0;1;0;0;0;0;0;523929,319299999624491;5397590,426799999549985;9,325410771000065;48,730876959000057;1
95670;08241210231302505740;08;2;31;000;2024;12;14;3;3;8;1;0;1;1;0;0;0;0;0;476301,134899999946356;5416161,709000000730157;8,676650470000027;48,897948649000057;1
95680;08241210121200536490;08;1;21;000;2024;12;10;3;3;6;7;0;0;0;0;1;0;0;1;516104,090099999681115;5442406,224199999123812;9,220768255000053;49,134275818000049;1
95683;08241210118400553140;08;1;18;048;2024;12;18;3;3;6;2;2;1;0;1;1;0;0;0;513934,706500000320375;5416594,306800000369549;9,190142234000064;48,902136763000044;1
95684;08241210118010527450;08;1;15;045;2024;12;07;3;3;5;3;1;1;1;1;0;0;0;0;497349,522699999623001;5396121,340099999681115;8,963965750000057;48,718114824000054;1
95688;08241210115200518920;08;1;15;021;2024;12;19;3;3;6;2;2;1;0;1;1;0;0;0;490507,573599999770522;5382887,917799999937415;8,871250529000065;48,598998610000081;1
95689;08241210111500504400;08;1;11;000;2024;12;16;3;3;0;7;2;1;1;1;0;0;0;0;514894,685100000351667;5404040,237400000914931;9,202784781000048;48,789180500000043;1
95694;08241219111140535910;08;1;11;000;2024;12;17;5;3;6;2;2;1;0;1;1;0;0;0;511625,106599999591708;5401969,957800000905991;9,158212524000021;48,770626133000064;1
95698;08241209417300525990;08;4;17;031;2024;12;16;2;3;6;4;1;1;0;1;1;0;0;0;498058,657100000418723;5355580,634600000455976;8,973795600000074;48,353399303000060;1
95703;08241209335100516970;08;3;35;043;2024;12;17;2;3;6;2;2;0;0;1;1;0;0;0;513714,997499999590218;5280144,741900000721216;9,182712065000032;47,674547618000076;1
95714;08241209311010503070;08;3;15;107;2024;12;15;2;3;2;6;0;1;1;1;0;0;0;0;411845,900000000372529;5307035,281400000676513;7,820267272000024;47,910580884000069;1
95723;08241209135200547750;08;1;35;025;2024;12;13;2;3;6;4;0;0;0;1;1;0;0;0;581932,874200000427663;5399283,976299999281764;10,114427379000063;48,741182749000075;1
95728;08241209117300528410;08;1;17;030;2024;12;06;2;3;6;2;2;1;0;1;1;0;0;0;547926,599799999967217;5389652,171399999409914;9,650808153000071;48,658084676000044;1
95742;08241208311010527440;08;3;11;000;2024;12;05;1;3;5;3;2;0;1;1;0;0;0;0;413497,927000000141561;5316421,265000000596046;7,840483463000055;47,995236720000037;1
95747;08241208212502528090;08;2;12;000;2024;12;18;1;3;5;3;2;0;1;1;0;0;0;0;453074,617300000041723;5428777,273700000718236;8,358307460000049;49,010103330000049;1
95751;08241208121600531280;08;1;25;008;2024;12;18;1;3;0;7;2;1;1;0;0;0;0;0;525821,629999999888241;5434690,436400000005960;9,353488964000064;49,064538513000059;1
95774;08241207311100517470;08;3;15;132;2024;12;09;7;3;5;3;0;0;1;1;0;0;0;0;410506,780899999663234;5324678,181199999526143;7,798672328000066;48,069097327000065;1
95776;08241207235100519520;08;2;35;008;2024;12;08;7;3;6;7;0;0;0;0;1;0;0;1;480437,667799999937415;5402080,600199999287724;8,733761078000043;48,771422553000036;1
95784;08241207212010526120;08;2;12;000;2024;12;10;7;3;5;3;0;1;1;1;0;0;0;0;455183,345999999903142;5428485,732000000774860;8,387174200000061;49,007637644000056;1
95786;08241207136000519870;08;1;27;025;2024;12;09;7;3;6;4;0;0;0;1;1;0;0;0;558550,165199999697506;5425351,391599999740720;9,800150119000023;48,978294901000027;1
95805;08241206435200559840;08;4;35;066;2024;12;07;6;3;6;4;2;1;0;1;1;0;0;0;518611,503100000321865;5287041,794900000095367;9,248237538000069;47,736481898000079;1
95817;08241206316100521630;08;3;16;017;2024;12;05;6;2;5;3;2;1;1;1;0;0;0;0;408048,208200000226498;5342122,327600000426173;7,761908428000027;48,225655212000049;1
95825;08241206221400525510;08;2;21;000;2024;12;23;6;3;0;7;2;0;1;0;0;0;0;0;475614,410600000061095;5470966,512199999764562;8,663963858000045;49,390904192000050;1
95850;08241206116500518280;08;1;16;071;2024;12;05;6;3;0;2;2;1;1;1;0;0;0;0;529779,252199999988079;5390249,975600000470877;9,404431831000068;48,664591134000034;1
95854;08241205436400517840;08;4;36;082;2024;12;13;5;3;4;6;0;0;1;0;0;0;0;0;547678,312900000251830;5295298,219699999317527;9,636815577000050;47,809271546000048;1
95856;08241205436000494710;08;4;35;054;2024;12;07;5;2;4;6;0;0;1;1;0;0;0;0;522459,695299999788404;5281693,835000000894070;9,299287870000057;47,688241041000026;1
95866;08241205336091522860;08;3;36;091;2024;12;17;5;3;6;7;2;1;0;0;1;0;1;0;394897,317599999718368;5272651,421900000423193;7,601826784000025;47,598748551000028;1
95868;08241205325000501210;08;3;27;046;2024;12;18;5;2;6;2;2;1;0;1;1;0;0;0;480603,801599999889731;5324433,729100000113249;8,739614606000032;48,072883175000072;1
95873;08241205231202513280;08;2;36;071;2024;12;06;5;3;5;3;2;0;1;1;0;0;0;0;468496,378999999724329;5420035,003900000825524;8,569865365000055;48,932443123000041;1
95878;08241205216000519720;08;2;16;007;2024;12;17;5;3;5;3;2;1;1;1;0;0;0;0;435599,150000000372529;5394887,037499999627471;8,124691743000028;48,703691630000037;1
95881;08241205212010506390;08;2;12;000;2024;12;12;5;3;5;3;0;0;1;1;0;0;0;0;452779,449500000104308;5429566,668099999427795;8,354179538000039;49,017181435000055;1
95889;08241205119100519300;08;1;19;083;2024;12;06;5;3;6;4;2;1;0;1;1;0;0;0;535042,513000000268221;5419757,350500000640750;9,478427352000040;48,929755213000078;1
95897;08241205116500522150;08;1;16;049;2024;12;16;5;3;0;1;0;0;1;0;0;0;0;0;525285,745900000445545;5385464,766899999231100;9,343114676000027;48,621741413000052;1
95899;08241205116010511690;08;1;16;014;2024;12;17;5;1;6;4;2;0;0;1;1;0;0;0;528291,037200000137091;5395654,258600000292063;9,384590931000048;48,713276717000042;1
95901;08241205115100534910;08;1;15;044;2024;12;16;5;3;5;3;1;1;1;1;0;0;0;0;504524,281100000254810;5389256,187699999660254;9,061434147000057;48,656344431000036;1
95911;08241204221011509800;08;2;21;000;2024;12;09;4;3;5;2;0;0;1;1;0;0;0;0;476556,772900000214577;5472836,470300000160933;8,676839145000031;49,407761194000045;1
95914;08241204212010501790;08;2;12;000;2024;12;07;4;3;5;3;1;1;1;1;0;0;0;0;456390,403400000184774;5426469,367799999192357;8,403895117000047;48,989586662000079;1
95916;08241204212010493280;08;2;12;000;2024;12;07;4;3;5;3;1;1;1;1;0;0;0;0;455851,128100000321865;5426856,712400000542402;8,396482039000034;48,993032557000049;1
95921;08241204121500517400;08;1;25;005;2024;12;15;4;3;0;1;0;0;1;0;0;0;0;0;515812,126799999736249;5453021,361999999731779;9,217183260000070;49,229769399000077;1
95932;08241204111250496020;08;1;11;000;2024;12;17;4;3;4;6;2;0;1;0;0;0;0;0;516234,670599999837577;5403971,276000000536442;9,221025251000071;48,788526592000039;1
95935;08241203436300528870;08;4;36;081;2024;12;17;3;3;3;2;2;1;1;1;0;0;0;0;562942,237399999983609;5281836,392500000074506;9,838720239000054;47,686848711000039;1
95939;08241203436200493050;08;4;36;064;2024;12;14;3;3;6;4;0;0;0;1;1;0;0;0;546149,095999999903142;5292343,219499999657273;9,616077464000057;47,782796933000043;1
95941;08241203436000491920;08;4;35;057;2024;12;07;3;3;5;3;1;1;1;1;0;0;0;0;542172,652200000360608;5279598,360799999907613;9,561761521000051;47,668401716000062;1
95947;08241203317500514800;08;3;17;096;2024;12;18;3;3;6;4;2;1;0;1;1;0;0;0;422181,952600000426173;5369672,290899999439716;7,947083553000027;48,475362105000045;1
95950;08241203317000493340;08;3;17;073;2024;12;07;3;3;5;3;2;0;1;1;0;0;0;0;411742,627000000327826;5349034,819900000467896;7,810198841000044;48,288356838000027;1
95951;08241203317000493300;08;3;17;141;2024;12;10;3;3;6;2;0;1;0;1;1;0;0;0;418322,099299999885261;5377077,807000000029802;7,893418254000039;48,541483009000046;1
95955;08241203222400499690;08;2;22;000;2024;12;12;3;3;5;3;0;1;1;1;0;0;0;0;468906,769999999552965;5478794,456000000238419;8,570920665000074;49,461008597000045;1
95956;08241203221200543390;08;2;21;000;2024;12;19;3;3;3;6;2;1;1;1;0;0;0;0;476553,205799999646842;5472951,139000000432134;8,676783202000024;49,408792482000081;1
95959;08241203128500510090;08;1;28;115;2024;12;07;3;2;6;4;1;1;0;1;1;0;0;0;547864,537200000137091;5497175,047599999234080;9,662738415000035;49,625236636000068;1
95961;08241203127202493320;08;1;27;104;2024;12;17;3;2;5;3;2;1;1;1;0;0;0;0;583376,190999999642372;5433367,481000000610948;10,141010865000055;49,047538530000054;1
95964;08241203119100516310;08;1;19;044;2024;12;19;3;3;5;3;2;1;1;1;0;0;0;0;542552,968000000342727;5425395,652000000700355;9,581550087000039;48,980002115000048;1
95984;08241202436000509350;08;4;37;088;2024;12;19;2;2;6;2;2;1;0;1;1;0;0;0;519539,055999999865890;5307699,854100000113249;9,261541148000049;47,922322518000044;1
95987;08241202417200527740;08;4;17;016;2024;12;17;2;3;6;3;2;1;0;1;1;0;0;0;484643,346800000406802;5342077,453500000759959;8,793206487000020;48,231731895000053;1
95989;08241202337200491820;08;3;37;126;2024;12;17;2;3;6;2;2;1;0;1;1;0;0;0;440421,149000000208616;5274691,889000000432134;8,207066879000024;47,622889390000068;1