OID_;UIDENTSTLAE;ULAND;UREGBEZ;UKREIS;UGEMEINDE;UJAHR;UMONAT;USTUNDE;UWOCHENTAG;UKATEGORIE;UART;UTYP1;ULICHTVERH;IstStrassenzustand;IstRad;IstPKW;IstFuss;IstKrad;IstGkfz;IstSonstige;LINREFX;LINREFY;XGCSWGS84;YGCSWGS84;PLST
96003;08241202222014503250;08;2;22;000;2024;12;18;2;3;6;2;2;1;0;1;1;0;0;0;463111,001600000075996;5479848,351600000634789;8,490845250000064;49,470163550000052;1
96055;08241130118500479110;08;1;18;049;2024;11;18;7;3;4;2;2;0;1;1;0;0;0;0;519020,438400000333786;5421009,878599999472499;9,259743453000056;48,941722394000067;1
96066;08241130111500492120;08;1;11;000;2024;11;23;7;3;6;2;2;0;0;1;1;0;0;0;506780,309100000187755;5405531,536399999633431;9,092335872000035;48,802737530000059;1
96067;08241130111310506090;08;1;11;000;2024;11;15;7;2;7;7;0;0;1;0;0;0;0;0;517563,836099999956787;5406089,450099999085069;9,239211466000029;48,807545259000051;1
96068;08241130111130490410;08;1;11;000;2024;11;20;7;3;0;1;2;2;1;0;0;0;0;0;509807,203399999998510;5402184,185599999502301;9,133476856000073;48,772584623000057;1
96077;08241129335010472850;08;3;35;075;2024;11;20;6;3;6;4;2;0;0;1;1;0;0;0;488644,055999999865890;5290066,255000000819564;8,848456621000025;47,763863145000073;1
96080;08241129325000487560;08;3;26;041;2024;11;17;6;2;6;4;2;1;0;0;1;0;0;1;464856,782700000330806;5331057,777000000700355;8,527677971000060;48,131804414000044;1
96106;08241129121200478400;08;1;21;000;2024;11;16;6;3;6;2;2;0;0;1;1;0;0;0;515254,026399999856949;5442843,941199999302626;9,209131523000053;49,138234926000052;1
96107;08241129121200476190;08;1;21;000;2024;11;07;6;3;5;3;0;0;1;1;0;0;0;0;516452,509100000374019;5445067,560300000011921;9,225653317000024;49,158206150000069;1
96127;08241128317100452290;08;3;17;056;2024;11;14;5;3;9;1;0;1;1;0;0;0;0;0;434552,115799999795854;5384374,858699999749660;8,112124846000029;48,609024839000028;1
96131;08241206436400497960;08;4;36;013;2024;12;12;6;3;5;3;0;0;1;1;0;0;0;0;545253,931900000199676;5295070,209499999880791;9,604412432000061;47,807395202000066;1
96148;08241128119100465930;08;1;19;008;2024;11;08;5;3;6;4;0;1;0;1;1;0;0;0;533256,077800000086427;5422284,801999999210238;9,454244667000069;48,952589302000035;1
96155;08241219115300561430;08;1;15;050;2024;12;17;5;2;6;2;2;1;0;1;1;0;0;0;487813,658999999985099;5404022,219000000506639;8,834088523000048;48,789077381000027;1
96170;08241127327200473360;08;3;27;046;2024;11;06;4;3;5;3;2;0;1;1;0;0;0;0;481006,758100000210106;5324130,667999999597669;8,745037532000026;48,070168670000044;1
96173;08241127317500482580;08;3;17;096;2024;11;15;4;3;5;2;0;0;1;1;0;0;0;1;421918,449799999594688;5369774,892599999904633;7,943499697000050;48,476252330000079;1
96174;08241127317100482310;08;3;17;001;2024;11;15;4;2;2;6;0;0;1;1;0;0;0;0;432545,309999999590218;5387105,113299999386072;8,084459727000024;48,633370553000077;1
96175;08241127317000467700;08;3;17;059;2024;11;08;4;3;6;6;0;0;1;0;1;0;0;0;412886,487999999895692;5350031,973300000652671;7,825410167000030;48,297484552000071;1
96179;08241127231102472030;08;2;36;040;2024;11;07;4;3;6;4;1;0;0;1;1;0;0;0;485272,320600000210106;5420215,830499999225140;8,798906805000058;48,934696517000077;1
96182;08241127222600474180;08;2;22;000;2024;11;21;4;3;4;6;2;0;1;0;0;0;0;0;462504,560100000351667;5482260,312400000169873;8,482246605000057;49,491820776000054;1
96183;08241127222014466900;08;2;26;037;2024;11;12;4;3;5;3;0;0;1;1;0;0;0;0;466348,144700000062585;5468863,383400000631809;8,536455445000058;49,371545510000033;1
96187;08241127119400445120;08;1;19;079;2024;11;07;4;2;6;4;0;0;0;0;1;0;1;0;522312,415699999779463;5407626,406999999657273;9,303967688000057;48,821219038000038;1
96189;08241127118500474500;08;1;18;049;2024;11;11;4;2;8;1;0;0;1;0;0;0;0;0;520107,649799999780953;5421428,522900000214577;9,274610920000043;48,945453963000034;1
96190;08241127118500473700;08;1;18;049;2024;11;15;4;3;6;4;0;0;0;1;1;0;0;0;519170,952200000174344;5420742,799000000581145;9,261786285000028;48,939315202000046;1
96204;08241127111500498310;08;1;11;000;2024;11;14;4;3;6;4;0;0;0;1;1;0;0;0;513421,770999999716878;5405084,710000000894070;9,182765923000034;48,798610000000053;1
96205;08241126436500469420;08;4;36;055;2024;11;16;3;1;3;6;1;0;1;0;0;0;1;0;576840,721300000324845;5297268,227900000289083;10,026620385000058;47,824172491000070;1
96206;08241126436200474450;08;4;36;064;2024;11;18;3;3;6;7;2;0;1;0;0;0;0;1;541026,465200000442564;5289552,408600000664592;9,547431635000066;47,758034290000069;1
96216;08241126335300485060;08;3;35;075;2024;11;05;3;3;6;2;2;1;0;1;1;0;0;0;487749,313299999572337;5289898,659199999645352;8,836521186000027;47,762338812000053;1
96219;08241126311010452580;08;3;15;098;2024;11;09;3;3;4;6;0;0;1;0;0;0;0;0;404847,261300000362098;5312150,745400000363588;7,725499871000068;47,955594556000051;1
96223;08241126225100447090;08;2;25;002;2024;11;18;3;3;6;4;2;1;0;1;1;0;0;0;498927,032999999821186;5466847,914899999275804;8,985225369000034;49,354344655000034;1
96224;08241126222700478960;08;2;22;000;2024;11;16;3;3;0;7;2;1;1;0;0;0;0;0;464104,082000000402331;5480694,241800000891089;8,504474793000043;49,477831462000040;1
96227;08241126216100455390;08;2;16;043;2024;11;05;3;3;5;3;2;1;1;1;0;0;0;0;442106,119199999608099;5411940,945599999278784;8,210720715000036;48,857731289000071;1
96248;08241126117300485140;08;1;17;026;2024;11;11;3;3;6;4;0;1;0;1;1;0;0;0;548882,735999999567866;5394095,872099999338388;9,664316305000057;48,697983976000046;1
96251;08241126116400483770;08;1;16;033;2024;11;05;3;3;1;5;2;1;1;0;0;0;0;1;531044,637500000186265;5389439,536800000816584;9,421555744000045;48,657238889000041;1
96254;08241126111330444400;08;1;11;000;2024;11;16;3;3;3;6;0;0;1;0;0;0;1;0;512451,592600000090897;5408007,925899999216199;9,169643640000061;48,824927066000043;1
96262;08241125337010438960;08;3;37;123;2024;11;14;2;3;5;3;0;1;1;1;0;0;0;0;452435,074699999764562;5278686,424799999222159;8,366514168000037;47,659822737000070;1
96264;08241125326400481760;08;3;26;074;2024;11;09;2;3;6;2;0;0;0;1;1;0;0;0;460020,760499999858439;5321545,686400000005960;8,463575697000067;48,045941973000026;1
96266;08241125311010443110;08;3;11;000;2024;11;12;2;3;3;2;0;0;1;1;0;0;0;0;415231,595999999903142;5315652,892000000923872;7,863869383000065;47,988557078000042;1
96274;08241125222600469890;08;2;22;000;2024;11;15;2;2;0;7;0;0;1;0;0;0;0;0;463593,797500000335276;5482000,790500000119209;8,497310556000059;49,489552842000080;1
96275;08241205416100520610;08;4;16;048;2024;12;18;5;3;8;1;2;0;1;1;0;0;0;0;495930,574900000356138;5375959,313400000333786;8,944872536000048;48,536725616000069;1
96278;08241125212010465190;08;2;12;000;2024;11;10;2;3;5;2;0;0;1;1;0;0;0;0;455199,219700000248849;5428695,795499999076128;8,387368063000054;49,009528336000074;1
96284;08241125126200457070;08;1;26;066;2024;11;21;2;2;4;2;2;1;1;1;0;0;0;0;535987,008700000122190;5450163,072200000286102;9,494025886000031;49,203205931000070;1
96288;08241125119400471580;08;1;19;079;2024;11;14;2;3;5;3;0;0;1;0;0;0;0;1;523947,626500000245869;5411098,841600000858307;9,326447124000026;48,852395219000073;1
96299;08241124435200437970;08;4;35;059;2024;11;16;1;3;0;1;1;0;1;0;0;0;0;0;512299,520999999716878;5290739,301000000908971;9,164154275000044;47,769901572000038;1
96300;08241124435200435750;08;4;35;059;2024;11;11;1;3;0;1;0;0;1;0;0;0;0;0;512299,520999999716878;5290739,301000000908971;9,164154275000044;47,769901572000038;1
96313;08241124118600438260;08;1;18;050;2024;11;15;1;3;5;3;0;0;1;1;0;0;0;0;507336,171299999579787;5415908,967100000008941;9,100091621000047;48,896084912000049;1
96319;08241123435100433020;08;4;35;016;2024;11;17;7;3;5;3;2;1;1;1;0;0;0;0;531691,750699999742210;5280489,436200000345707;9,422219721000033;47,677017720000038;1
96322;08241123335010445960;08;3;35;077;2024;11;08;7;3;0;1;0;2;1;0;0;0;0;0;494238,567200000397861;5295485,007500000298023;8,923042496000051;47,812692730000037;1
96323;08241123317000462940;08;3;17;065;2024;11;10;7;3;6;4;0;0;0;1;1;0;0;0;416538,420599999837577;5354484,891899999231100;7,873759326000027;48,338030634000063;1
96329;08241123221200483890;08;2;21;000;2024;11;09;7;3;4;2;0;0;1;1;0;0;0;0;477599,682699999772012;5472138,553500000387430;8,691254617000027;49,401522819000036;1
96332;08241123212010484010;08;2;12;000;2024;11;22;7;2;0;7;2;0;1;0;0;0;0;0;459330,114799999631941;5428052,313899999484420;8,443917857000031;49,004026184000054;1
96377;08241122128500438200;08;1;28;115;2024;11;10;6;2;6;5;0;0;0;1;1;0;0;0;550541,532100000418723;5497953,142100000753999;9,699901848000025;49,632016680000049;1
96382;08241122119500490120;08;1;19;085;2024;11;14;6;3;3;2;0;0;1;1;0;0;0;0;528635,946100000292063;5413727,073400000110269;9,390539439000065;48,875839136000081;1
96389;08241122118400433310;08;1;18;048;2024;11;16;6;3;2;4;1;1;0;1;1;0;0;0;514342,738199999555945;5416628,323899999260902;9,195711081000070;48,902433458000075;1
96391;08241122117400448260;08;1;17;003;2024;11;13;6;3;5;3;0;0;1;1;0;0;0;0;541611,996299999766052;5393333,290599999949336;9,565435598000022;48,691651403000037;1
96394;08241122116500463750;08;1;16;049;2024;11;14;6;3;3;5;0;0;1;1;0;0;0;0;525324,189100000075996;5385247,942600000649691;9,343623080000043;48,619789295000032;1
96401;08241121436300458120;08;4;36;081;2024;11;07;5;2;5;3;1;0;1;1;0;0;0;0;562418,103900000452995;5282320,035399999469519;9,831805985000074;47,691250749000062;1
96407;08241217421300570880;08;4;21;000;2024;12;18;3;3;4;2;2;0;1;1;0;0;0;0;571830,689199999906123;5361347,562500000000000;9,970489680000071;48,401192027000036;1
96416;08241205226700518220;08;2;26;098;2024;12;16;5;3;6;7;2;1;0;1;1;0;0;0;479438,410699999891222;5460535,380599999800324;8,717196509000075;49,297217642000078;1
96417;08241121326300460200;08;3;26;068;2024;11;06;5;3;6;4;2;0;0;1;1;0;0;0;448318,678700000047684;5321342,944099999964237;8,306597226000065;48,043277694000039;1
96422;08241218416010551300;08;4;16;022;2024;12;17;4;2;6;4;2;0;0;1;1;0;0;0;511719,637400000356138;5375588,018400000408292;9,158752216000039;48,533289063000041;1
96431;08241121231102443570;08;2;36;033;2024;11;07;5;3;6;4;0;0;0;1;1;0;0;0;482506,784599999897182;5430195,464900000020862;8,760716870000067;49,024397007000061;1
96442;08241121212402484340;08;2;12;000;2024;11;19;5;3;5;3;2;0;1;1;0;0;0;0;456364,102199999615550;5426318,157700000330806;8,403551859000061;48,988224647000038;1
96451;08241121111240489440;08;1;11;000;2024;11;19;5;3;6;2;2;0;0;1;1;0;0;0;515938,917899999767542;5403721,239499999210238;9,216989089000037;48,786284943000055;1
96467;08241120311010435010;08;3;11;000;2024;11;08;4;3;0;7;0;0;1;0;0;0;0;0;414003,101400000043213;5315222,739299999549985;7,847493746000055;47,984523672000080;1
96472;08241120226600455930;08;2;26;096;2024;11;07;4;3;5;3;1;1;1;1;0;0;0;0;475751,768000000156462;5488535,661900000646710;8,664780014000030;49,548939389000054;1
96478;08241120212010445210;08;2;12;000;2024;11;16;4;1;6;4;0;0;0;0;1;0;0;1;452504,727599999867380;5428295,796800000593066;8,350571214000070;49,005728833000035;1
96479;08241120136200453350;08;1;36;019;2024;11;09;4;3;6;4;0;0;0;1;1;0;0;0;582482,602099999785423;5424239,182499999180436;10,126930115000050;48,965560124000035;1
96482;08241120136000458130;08;1;36;065;2024;11;12;4;3;5;3;0;0;1;1;0;0;0;0;557987,720399999991059;5405115,176699999719858;9,789593217000061;48,796324519000052;1
96509;08241119326200477080;08;3;26;074;2024;11;12;3;3;6;4;0;0;0;1;1;0;0;0;465656,801599999889731;5323521,986700000241399;8,539036260000046;48,064050542000075;1
96512;08241119311010453000;08;3;15;015;2024;11;14;3;3;5;3;0;0;1;1;0;0;0;0;394463,423200000077486;5319950,757699999958277;7,584540289000074;48,024124114000074;1
96516;08241119222301455130;08;2;22;000;2024;11;16;3;3;0;7;1;1;1;0;0;0;0;0;464233,352300000376999;5483929,741200000047684;8,505966425000054;49,506940829000030;1
96520;08241119212302422390;08;2;12;000;2024;11;17;3;3;6;2;2;1;0;1;1;0;0;0;456588,923700000159442;5424968,618400000035763;8,406768816000067;48,976101168000071;1
96523;08241119212010444590;08;2;12;000;2024;11;17;3;3;6;2;2;1;0;1;1;0;0;0;456411,393000000156462;5425496,378900000825524;8,404286347000038;48,980835960000036;1
96530;08241119136000420700;08;1;36;065;2024;11;22;3;3;0;7;2;1;1;0;0;0;0;0;558808,016900000162423;5404932,014499999582767;9,800735478000036;48,794599914000059;1
96538;08241119121400434790;08;1;25;056;2024;11;19;3;3;4;6;2;1;1;0;0;0;0;0;511320,253800000064075;5435966,186799999326468;9,155007208000029;49,076451756000040;1
96539;08241119119500436410;08;1;19;085;2024;11;19;3;3;6;2;2;1;0;1;1;0;0;0;529196,151899999938905;5414144,082499999552965;9,398209157000053;48,879564251000033;1
96542;08241119117200449510;08;1;17;024;2024;11;06;3;3;5;3;2;1;1;1;0;0;0;0;561652,757799999788404;5386080,059599999338388;9,836649276000060;48,624748958000055;1
96543;08241123212702463690;08;2;15;046;2024;11;11;7;3;5;2;0;0;1;1;0;0;0;0;451158,119400000199676;5414708,894500000402331;8,333788492000053;48,883408281000072;1
96549;08241206115400496250;08;1;15;045;2024;12;05;6;3;0;6;2;1;1;1;0;0;0;0;505405,547899999655783;5396650,397700000554323;9,073497396000050;48,722856450000052;1
96551;08241118435100420100;08;4;35;016;2024;11;19;2;3;0;1;2;1;1;0;0;0;0;0;536243,603500000201166;5277933,722300000488758;9,482648590000053;47,653783784000041;1
96562;08241118335100416910;08;3;35;043;2024;11;06;2;2;5;3;2;0;1;1;0;0;0;0;513546,678600000217557;5279440,147099999710917;9,180447866000065;47,668211462000045;1
96563;08241118311010419960;08;3;15;109;2024;11;15;2;3;8;7;0;0;1;0;0;0;0;0;421007,955699999816716;5315165,259700000286102;7,941364078000049;47,984910082000056;1
96566;08241118226700449100;08;2;26;076;2024;11;17;2;3;6;4;2;1;0;1;1;0;0;0;474773,230700000189245;5464823,393200000748038;8,652761841000029;49,335613290000026;1
96569;08241118222800448760;08;2;22;000;2024;11;06;2;3;5;3;2;1;1;1;0;0;0;0;463875,836900000460446;5485847,245600000023842;8,500852879000036;49,524166569000045;1
96571;08241118221011441310;08;2;26;010;2024;11;17;2;2;2;2;2;1;1;1;0;0;0;0;480402,640200000256300;5458882,248600000515580;8,730539391000036;49,282379309000078;1
96583;08241118117300453420;08;1;17;026;2024;11;17;2;2;5;3;2;1;1;1;0;0;0;0;546638,764000000432134;5395313,345200000330806;9,633960263000063;48,709107586000073;1
96585;08241118117010445480;08;4;25;031;2024;11;19;2;2;6;4;2;1;0;1;1;0;0;0;569479,692400000058115;5368428,952800000086427;9,939904575000071;48,465154739000070;1
96607;08241117127202427990;08;1;27;014;2024;11;19;1;2;6;4;2;0;0;1;1;0;0;0;576218,969999999739230;5443818,938999999314547;10,045053083000028;49,142465391000030;1
96617;08241116416000476280;08;4;16;015;2024;11;03;7;1;2;6;2;0;1;1;0;0;0;0;505536,834999999962747;5367418,935799999162555;9,074892817000034;48,459881762000066;1
96627;08241116136100439250;08;1;36;002;2024;11;11;7;3;6;2;0;0;0;1;1;0;0;0;573666,302000000141561;5416041,505799999460578;10,005015726000067;48,892941163000046;1
96628;08241116135200422910;08;1;35;019;2024;11;19;7;3;6;4;2;0;0;1;1;0;0;0;585141,821000000461936;5391393,316500000655651;10,156438003000062;48,669781921000038;1
96646;08241115435100459810;08;4;35;016;2024;11;15;6;3;5;3;0;0;1;0;0;0;0;1;536280,201399999670684;5277735,717800000682473;9,483119507000026;47,652000205000036;1
96652;08241115336100422140;08;3;36;050;2024;11;16;6;3;0;1;0;0;1;0;0;0;0;0;398632,958399999886751;5276186,257999999448657;7,650689392000061;47,631140332000030;1
96653;08241115335400441990;08;3;35;098;2024;11;13;6;2;5;3;0;0;1;1;0;0;0;0;500652,903800000436604;5294592,328500000759959;9,008719727000027;47,804686325000034;1
96655;08241115335400415000;08;3;35;079;2024;11;14;6;3;0;1;0;0;1;0;0;0;0;0;498693,850899999961257;5297977,789699999615550;8,982545778000031;47,835145918000080;1
96656;08241115327100476300;08;3;27;050;2024;11;18;6;2;6;4;2;0;0;1;1;0;0;0;486711,866700000129640;5315006,617900000885129;8,821904652000057;47,988223109000046;1
96670;08241115212010442000;08;2;12;000;2024;11;07;6;3;5;3;1;1;1;1;0;0;0;0;461447,256400000303984;5424651,911399999633431;8,473186937000037;48,973574579000058;1
96672;08241115136100408640;08;1;36;088;2024;11;10;6;3;0;7;0;0;1;0;0;0;0;0;580755,589700000360608;5411948,800400000065565;10,100907612000071;48,855247381000027;1
96673;08241211426000507430;08;4;26;117;2024;12;05;4;3;5;3;2;0;1;1;0;0;0;0;583845,722799999639392;5319215,575099999085069;10,124463036000066;48,020726638000042;1
96688;08241115111500489200;08;1;11;000;2024;11;07;6;3;5;3;0;0;1;1;0;0;0;0;509195,241000000387430;5397410,038000000640750;9,125041403000068;48,729645806000065;1
96689;08241114435200421250;08;4;35;066;2024;11;07;5;3;5;3;0;0;1;1;0;0;0;0;518948,138700000010431;5286944,101199999451637;9,252723237000055;47,735593098000038;1
96693;08241114435100404710;08;4;35;035;2024;11;07;5;3;5;3;1;1;1;1;0;0;0;0;541363,858300000429153;5280962,174200000241399;9,551117678000026;47,680724571000042;1
96698;08241114336400453250;08;3;36;091;2024;11;21;5;3;5;2;2;0;1;1;0;0;0;0;394664,164800000376999;5271726,730000000447035;7,598948208000024;47,590392983000072;1
96700;08241114335300406040;08;3;35;075;2024;11;08;5;3;0;1;1;0;1;0;0;0;0;0;492212,118800000287592;5285389,863800000399351;8,896155501000067;47,721839944000067;1
96705;08241114317000445780;08;3;17;146;2024;11;11;5;3;5;3;0;0;1;1;0;0;0;0;430416,782999999821186;5355136,005000000819564;8,060899286000051;48,345568750000041;1
96728;08241213327100532930;08;3;27;050;2024;12;17;6;3;6;4;1;0;0;1;1;0;0;0;486835,660099999979138;5315102,597799999639392;8,823560852000071;47,989089216000082;1
96730;08241114118400455510;08;1;18;048;2024;11;13;5;3;5;3;0;0;1;1;0;0;0;0;515373,641999999992549;5415162,759999999776483;9,209722828000054;48,889224926000054;1
96731;08241209325302549030;08;3;25;053;2024;12;12;2;3;1;5;0;1;1;1;0;0;0;0;456927,872600000351667;5341432,108899999409914;8,420067495000069;48,224649225000064;1
96746;08241113437200428140;08;4;37;104;2024;11;16;4;3;4;7;0;0;1;1;0;0;0;0;515148,296500000171363;5325943,732999999076128;9,203413161000071;48,086583760000053;1
96748;08241113435100451590;08;4;35;016;2024;11;15;4;3;5;2;0;0;1;1;0;0;0;0;536212,425599999725819;5277900,316400000825524;9,482230648000041;47,653484963000039;1
96751;08241113426100428990;08;4;26;021;2024;11;10;4;3;5;2;0;1;1;0;0;0;1;0;558427,337600000202656;5327132,144500000402331;9,784696440000062;48,094776835000062;1
96752;08241113426000441480;08;4;26;065;2024;11;07;4;3;6;4;1;1;0;1;1;0;0;0;580465,665900000371039;5331557,143500000238419;10,081465592000029;48,132179499000074;1
96759;08241113326300403100;08;3;26;017;2024;11;19;4;3;5;3;2;1;1;1;0;0;0;0;440147,669900000095367;5321710,034700000658631;8,196926734000044;48,045866230000058;1
96761;08241113317000440010;08;3;17;005;2024;11;08;4;3;1;5;0;0;1;1;0;0;0;0;424664,824699999764562;5376729,288399999961257;7,979398465000031;48,539141931000074;1
96764;08241113311300588730;08;3;15;098;2024;11;07;4;3;4;6;2;0;1;0;0;0;0;0;407911,130699999630451;5312623,814500000327826;7,766426806000027;47,960297901000047;1
96765;08241113311010403000;08;3;11;000;2024;11;10;4;3;0;3;0;0;1;1;0;0;0;0;413202,804800000041723;5315696,335200000554323;7,836674934000030;47,988675732000047;1
96766;08241113231202434710;08;2;36;072;2024;11;14;4;3;0;7;0;1;1;0;0;0;0;0;465620,112700000405312;5410083,098999999463558;8,531432791000043;48,842767720000040;1
96777;08241113136000415740;08;1;36;028;2024;11;12;4;3;6;4;0;0;0;0;1;0;0;1;568584,633600000292063;5404818,023000000044703;9,933818621000057;48,792573029000039;1
96778;08241113128200417310;08;1;28;014;2024;11;06;4;3;6;6;1;0;0;1;1;0;0;0;548852,339900000020862;5482614,061200000345707;9,674608040000066;49,494194352000079;1
96790;08241113118010427980;08;1;15;053;2024;11;07;4;3;6;4;0;0;0;1;1;0;0;0;483971,442599999718368;5379124,254899999126792;8,782744127000058;48,565006684000082;1
96796;08241113111110434050;08;1;11;000;2024;11;08;4;2;8;7;0;0;1;0;0;0;0;0;512647,117100000381470;5402515,136299999430776;9,172138335000056;48,775510589000078;1
96813;08241203128500497050;08;1;28;115;2024;12;07;3;3;6;4;1;0;0;1;1;0;0;0;547843,696000000461936;5497236,769300000742078;9,662457393000068;49,625793414000043;1
96815;08241112311010441240;08;3;36;100;2024;11;16;3;3;3;6;0;0;1;0;0;0;1;0;400910,487399999983609;5277486,426000000908971;7,680703084000072;47,643188346000045;1
96818;08241112311010425760;08;3;11;000;2024;11;19;3;3;3;2;2;0;1;1;0;0;0;0;414694,442599999718368;5318839,334499999880791;7,856037874000037;48,017148940000027;1
96819;08241112311010412440;08;3;11;000;2024;11;08;3;3;0;7;0;0;1;0;0;0;0;0;413290,627899999730289;5315963,748900000005960;7,837797744000056;47,991093125000077;1
96824;08241112221400445770;08;2;21;000;2024;11;12;3;3;0;1;0;1;1;0;0;0;0;0;477332,911500000394881;5469056,291899999603629;8,687753499000053;49,373788383000033;1
96829;08241112212010441530;08;2;12;000;2024;11;08;3;2;6;7;0;1;1;0;1;0;0;0;455199,818500000052154;5428706,201700000092387;8,387375102000021;49,009621984000034;1
96831;08241112212010399870;08;2;12;000;2024;11;18;3;2;0;1;2;0;1;0;0;0;0;0;461892,807500000111759;5427548,449899999424815;8,479003443000067;48,999657352000042;1
96833;08241112127100433460;08;1;27;089;2024;11;17;3;3;5;3;2;0;1;1;0;0;0;0;562860,858199999667704;5437371,933399999514222;9,860917310000048;49,085990698000046;1
96841;08241203136100512010;08;1;36;002;2024;12;06;3;3;5;3;2;0;1;1;0;0;0;0;573649,858000000007451;5416050,468000000342727;10,004793036000024;48,893023727000070;1
96844;08241204119500518840;08;1;19;079;2024;12;10;4;3;5;2;0;0;1;0;0;0;0;1;525065,828499999828637;5415472,043400000780821;9,341957851000075;48,891690877000030;1
96846;08241112116100447040;08;1;16;056;2024;11;07;3;3;0;1;0;1;1;0;0;0;0;0;529614,394299999810755;5396356,616000000387430;9,402630732000034;48,719533561000048;1
96850;08241112115300412350;08;1;15;042;2024;11;11;3;3;5;3;0;0;1;1;0;0;0;0;497293,336799999698997;5408027,051100000739098;8,963123531000065;48,825218035000034;1
96863;08241111327200418210;08;3;27;019;2024;11;09;2;2;4;2;0;0;1;1;0;0;0;0;481637,905500000342727;5331377,359500000253320;8,753197979000049;48,135385220000046;1
96865;08241111326000415270;08;3;26;005;2024;11;08;2;3;5;3;0;0;1;1;0;0;0;0;465192,882899999618530;5298595,530200000852346;8,534826686000031;47,839762940000071;1
96867;08241111317500427960;08;3;17;096;2024;11;16;2;2;5;3;1;1;1;1;0;0;0;0;422365,346300000324845;5369991,939200000837445;7,949505160000058;48,478259989000037;1
96868;08241111317000447740;08;3;17;065;2024;11;13;2;3;3;6;0;0;1;1;0;0;0;0;413612,391999999992549;5355265,699999999254942;7,834123327000043;48,344660512000075;1
96871;08241111311010405320;08;3;11;000;2024;11;18;2;3;3;6;2;1;1;0;0;0;0;0;413342,513299999758601;5316127,313200000673532;7,838460016000056;47,992571477000070;1
96872;08241111231000425040;08;2;31;000;2024;11;17;2;3;6;4;2;1;0;1;1;0;0;0;474810,674899999983609;5416819,307600000873208;8,656274304000021;48,903805339000030;1
96876;08241111226300433220;08;2;26;006;2024;11;16;2;3;0;7;0;0;1;0;0;0;0;0;484117,093799999915063;5467281,849400000646710;8,781277755000076;49,358041947000061;1
96885;08241111215302429030;08;2;15;059;2024;11;17;2;3;6;4;2;0;0;1;1;0;0;0;483209,722599999979138;5432525,473799999803305;8,770235503000038;49,045376114000078;1
96895;08241111126200427920;08;1;26;069;2024;11;16;2;3;6;4;1;1;0;1;1;0;0;0;536714,324099999852479;5447256,085400000214577;9,503744439000059;49,177014534000079;1
96901;08241111119200398530;08;1;19;020;2024;11;17;2;3;0;1;2;1;1;0;0;0;0;0;518870,737499999813735;5407703,835799999535084;9,257084935000023;48,822029666000049;1
96902;08241111119100429050;08;1;19;008;2024;11;17;2;3;0;7;2;1;0;0;1;0;0;1;529480,123800000175834;5421734,871799999848008;9,402630535000071;48,947833982000077;1
96911;08241111116500466330;08;1;16;049;2024;11;00;2;3;7;1;2;1;1;0;0;0;0;0;525641,395600000396371;5384643,859500000253320;9,347889820000034;48,614342011000076;1
96917;08241125311010476640;08;3;36;091;2024;11;12;2;2;6;4;0;0;0;1;1;0;0;0;395819,638299999758601;5274476,573200000450015;7,613658798000074;47,615314971000032;1
96928;08241110121400439400;08;1;25;056;2024;11;17;1;3;3;6;1;0;1;1;0;0;0;0;514420,736999999731779;5434654,372999999672174;9,197414849000040;49,064586578000046;1
96942;08241109421300424080;08;4;21;000;2024;11;17;7;3;0;1;2;0;1;0;0;0;0;0;573143,885200000368059;5356836,958200000226498;9,987444162000031;48,360467009000047;1
96959;08241109136100407630;08;1;36;033;2024;11;15;7;3;5;2;0;0;1;1;0;0;0;0;580498,348199999891222;5416124,973500000312924;10,098223364000035;48,892841981000061;1
96966;08241109119400393000;08;1;19;079;2024;11;12;7;3;3;2;0;0;1;1;0;0;0;0;524689,608000000007451;5415414,812999999150634;9,336821939000060;48,891191159000073;1
96979;08241108437100411390;08;4;37;088;2024;11;06;6;3;6;4;1;1;0;1;1;0;0;0;518739,121000000275671;5307912,679999999701977;9,250842938000062;47,924261245000025;1
96981;08241108437100391220;08;4;37;076;2024;11;12;6;3;0;3;0;0;0;1;1;0;0;0;525194,230000000447035;5322264,792099999263883;9,338092354000025;48,053166659000055;1
96982;08241108435100414720;08;4;35;029;2024;11;08;6;3;0;1;0;0;1;0;0;0;0;0;544856,200899999588728;5271850,096200000494719;9,596711663000065;47,598507868000070;1
96994;08241126436300444630;08;4;36;052;2024;11;17;3;3;2;6;2;0;1;1;0;0;0;0;565214,297799999825656;5291677,369899999350309;9,870466632000046;47,775158504000046;1
97006;08241108211000396840;08;2;16;043;2024;11;16;6;2;6;4;1;0;0;0;1;1;0;0;441987,617100000381470;5412045,391300000250340;8,209090510000067;48,858659706000026;1
97016;08241108119500393610;08;1;19;085;2024;11;18;6;3;5;2;2;0;1;1;0;0;0;0;528518,983199999667704;5414125,778899999335408;9,388972136000064;48,879431123000074;1
97019;08241108118400415920;08;1;18;048;2024;11;15;6;3;4;2;0;0;1;1;0;0;0;0;512217,815299999900162;5415261,975500000640750;9,166675124000051;48,890187702000048;1
97026;08241108117010406440;08;4;25;075;2024;11;12;6;2;6;4;0;1;0;1;1;0;0;0;568248,266200000420213;5379140,885500000789762;9,925000835000048;48,561645632000079;1
97037;08241107435100397040;08;4;35;016;2024;11;14;5;2;0;7;0;0;1;0;0;0;0;0;539007,559700000099838;5283643,392699999734759;9,519964302000062;47,704994789000068;1