OID_;UIDENTSTLAE;ULAND;UREGBEZ;UKREIS;UGEMEINDE;UJAHR;UMONAT;USTUNDE;UWOCHENTAG;UKATEGORIE;UART;UTYP1;ULICHTVERH;IstStrassenzustand;IstRad;IstPKW;IstFuss;IstKrad;IstGkfz;IstSonstige;LINREFX;LINREFY;XGCSWGS84;YGCSWGS84;PLST
97039;08241123212702441650;08;2;15;096;2024;11;10;7;3;2;6;0;0;1;0;0;0;0;1;463752,592000000178814;5417750,478000000119209;8,505301449000058;48,911633177000056;1
97043;08241107317000411830;08;3;17;075;2024;11;06;5;2;5;3;2;1;1;1;0;0;0;0;412742,105000000447035;5360339,232000000774860;7,821327889000031;48,390175807000048;1
97044;08241107317000411720;08;3;17;057;2024;11;23;5;3;9;1;2;0;1;0;0;0;0;0;413267,758200000040233;5380966,504200000315905;7,824145577000024;48,575781100000029;1
97046;08241107311010389840;08;3;11;000;2024;11;08;5;3;5;6;0;1;1;1;0;0;0;1;412595,662399999797344;5314404,969399999827147;7,828802113000052;47,976976777000061;1
97049;08241107231000406890;08;2;37;019;2024;11;05;5;2;2;2;2;1;1;0;0;0;1;0;463024,161000000312924;5370074,798299999907613;8,499629049000021;48,482711842000072;1
97050;08241107231000388930;08;2;31;000;2024;11;07;5;3;6;4;1;0;0;1;1;0;0;0;480517,406999999657273;5414829,550899999216199;8,734240486000033;48,886111917000051;1
97054;08241107222400392170;08;2;26;028;2024;11;16;5;3;6;4;0;0;0;1;1;0;0;0;471952,430200000293553;5484633,431700000539422;8,612534736000043;49,513676405000069;1
97055;08241208311010500840;08;3;36;091;2024;12;17;1;3;2;6;2;0;1;0;0;0;0;0;395791,778500000014901;5274199,323699999600649;7,613354120000054;47,612816588000044;1
97063;08241125136100455220;08;1;36;088;2024;11;08;2;3;8;1;0;1;1;0;0;0;0;0;584032,093600000254810;5409707,044199999421835;10,145105843000067;48,834649783000032;1
97065;08241107212010411910;08;2;12;000;2024;11;23;5;2;0;7;2;0;1;0;0;0;0;0;458836,485100000165403;5428174,873199999332428;8,437156339000069;49,005095902000051;1
97066;08241107211100388900;08;2;11;000;2024;11;08;5;3;3;2;0;0;1;1;0;0;0;0;440946,247399999760091;5403685,119500000029802;8,196098102000065;48,783360726000069;1
97074;08241107121200391640;08;1;21;000;2024;11;19;5;3;5;3;2;0;1;1;0;0;0;0;516067,264800000004470;5442273,801400000229478;9,220258150000063;49,133085594000079;1
97084;08241107117400415460;08;1;17;003;2024;11;13;5;3;3;2;0;0;1;1;0;0;0;0;541762,540799999609590;5393591,246200000867248;9,567507214000045;48,693961825000031;1
97091;08241218116500529300;08;1;16;049;2024;12;06;4;3;5;3;2;1;1;1;0;0;0;0;526165,754800000227988;5385864,489099999889731;9,355080936000036;48,625301134000040;1
97092;08241107111330413550;08;1;11;000;2024;11;07;5;3;5;2;0;0;1;0;0;0;1;0;508130,455000000074506;5407808,884999999776483;9,110767571000054;48,823208119000071;1
97093;08241106437000387770;08;4;37;008;2024;11;14;4;2;0;7;0;0;1;0;0;0;0;0;520342,787600000388920;5328490,266300000250340;9,273286094000071;48,109350105000033;1
97104;08241106311010428740;08;3;11;000;2024;11;09;4;3;5;3;0;0;1;1;0;0;0;0;417865,134499999694526;5315523,605599999427795;7,899183949000076;47,987737733000074;1
97108;08241106311010387740;08;3;36;050;2024;11;16;4;3;2;6;1;0;1;1;0;0;0;0;399025,239599999971688;5275307,174599999561906;7,656112363000034;47,623294006000037;1
97112;08241106226600451470;08;2;26;096;2024;11;17;4;3;4;2;2;0;1;1;0;0;0;0;475550,798399999737740;5487938,163100000470877;8,662038832000064;49,543557042000032;1
97114;08241106222400413350;08;2;22;000;2024;11;16;4;2;6;4;0;0;0;1;1;0;0;0;466581,332100000232458;5477912,392999999225140;8,538905658000033;49,452951290000044;1
97119;08241106216100387780;08;2;16;043;2024;11;15;4;3;5;3;0;0;1;1;0;0;0;0;440301,958499999716878;5413695,026699999347329;8,185870860000023;48,873338118000049;1
97120;08241106212010399740;08;2;15;084;2024;11;05;4;3;0;7;2;1;1;0;0;0;0;0;472953,885999999940395;5444875,389100000262260;8,629066263000027;49,156102208000050;1
97128;08241106121400410720;08;1;25;013;2024;11;16;4;3;6;7;0;0;0;1;1;0;0;0;501313,472900000400841;5436885,922800000756979;9,017988287000037;49,084827910000058;1
97129;08241106121400410620;08;1;25;013;2024;11;17;4;2;6;6;2;0;0;1;1;0;0;0;506754,193699999712408;5435341,461400000378489;9,092474244000073;49,070899074000067;1
97131;08241106121200388420;08;1;21;000;2024;11;09;4;3;0;7;0;1;1;0;0;0;0;0;513736,487800000235438;5443165,779899999499321;9,188337280000042;49,141165786000045;1
97133;08241120118500439320;08;1;18;078;2024;11;06;4;3;7;7;2;1;1;0;0;0;0;0;512892,809700000099838;5420597,597699999809265;9,176051911000059;48,938171728000043;1
97134;08241106119010391120;08;1;19;069;2024;11;18;4;3;6;2;2;0;0;1;1;0;0;0;532656,214999999850988;5431769,100899999961257;9,446813786000064;49,037935868000034;1
97138;08241107311400412840;08;3;15;006;2024;11;14;5;3;5;3;0;0;1;1;0;0;0;0;400996,525399999693036;5308843,912200000137091;7,674696724000057;47,925266173000068;1
97139;08241106118200389670;08;1;18;019;2024;11;17;4;3;5;3;2;0;1;1;0;0;0;0;504707,360999999567866;5405603,461799999698997;9,064106816000049;48,803403721000052;1
97144;08241111235200432150;08;2;35;046;2024;11;19;2;3;6;7;2;0;0;0;1;0;0;1;479434,248700000345707;5371417,411800000816584;8,721626605000040;48,495541561000039;1
97145;08241106116500398050;08;1;16;049;2024;11;07;4;3;5;3;0;0;1;1;0;0;0;0;525565,627000000327826;5387115,613500000908971;9,347014262000073;48,636581106000051;1
97149;08241126212302442900;08;2;12;000;2024;11;08;3;3;0;1;0;1;1;0;0;0;0;0;456079,062800000421703;5428949,043099999427795;8,399371448000068;49,011869575000048;1
97152;08241117226600477990;08;2;26;096;2024;11;16;1;3;6;7;0;1;0;1;1;0;0;0;475559,508000000379980;5491537,589099999517202;8,661935793000055;49,575932733000059;1
97155;08241130128200481120;08;1;28;139;2024;11;18;7;2;5;3;2;0;1;1;0;0;0;0;552980,617200000211596;5488359,310399999842048;9,732382574000042;49,545521051000037;1
97164;08241105416100388960;08;4;16;006;2024;11;11;3;3;5;2;0;0;1;1;0;0;0;0;498144,054100000299513;5359812,195599999278784;8,974929614000075;48,391469225000037;1
97169;08241105335100388440;08;3;35;043;2024;11;19;3;3;5;2;2;0;1;0;0;0;0;1;511647,066499999724329;5281269,086100000888109;9,155193069000063;47,684704645000068;1
97176;08241105316200387880;08;3;16;014;2024;11;18;3;3;5;3;2;0;1;0;0;0;0;1;425729,713399999774992;5330233,199699999764562;8,002017970000054;48,121023090000051;1
97178;08241105311010457940;08;3;11;000;2024;11;07;3;3;6;7;0;0;0;1;1;0;0;0;413397,863300000317395;5316232,137299999594688;7,839180608000049;47,993521905000080;1
97193;08241105212010395170;08;2;12;000;2024;11;22;3;3;5;2;1;0;1;1;0;0;0;0;452983,180700000375509;5428943,907800000160933;8,357037869000067;49,011595250000028;1
97195;08241121121400443700;08;1;25;013;2024;11;07;5;3;6;4;1;0;0;1;1;0;0;0;504462,994800000451505;5435763,713500000536442;9,061109248000037;49,074718311000026;1
97200;08241105118500386020;08;1;18;070;2024;11;14;3;3;6;7;0;0;0;1;1;0;0;0;519634,578999999910593;5424526,280999999493361;9,268299671000022;48,973335299000041;1
97203;08241126221200585720;08;2;21;000;2024;11;14;3;3;0;7;0;1;1;0;0;0;0;0;478873,358900000341237;5473655,971200000494719;8,708728816000075;49,415217323000036;1
97211;08241118118100481250;08;1;18;010;2024;11;18;2;2;6;4;2;1;0;1;1;0;0;0;507036,866999999620020;5431979,601999999955297;9,096286000000021;49,040654247000077;1
97212;08241105115200403770;08;1;15;021;2024;11;14;3;3;5;3;0;0;1;1;0;0;0;0;488541,889299999922514;5384134,379599999636412;8,844554874000039;48,610179141000060;1
97214;08241105111320394700;08;1;11;000;2024;11;20;3;3;3;6;2;0;1;1;0;0;0;0;518556,160400000400841;5406373,237099999561906;9,252739168000062;48,810069320000082;1
97217;08241104435100384650;08;4;35;030;2024;11;15;2;3;3;6;0;0;1;1;0;0;0;0;541722,538700000382960;5271693,286699999123812;9,555012451000039;47,597306256000081;1
97221;08241104336200409280;08;3;36;069;2024;11;06;2;2;7;7;2;0;1;0;0;0;0;0;404534,920800000429153;5271105,669500000774860;7,730337430000077;47,586334460000046;1
97228;08241104311300402760;08;3;11;000;2024;11;09;2;3;5;2;0;0;1;1;0;0;0;0;413067,938900000415742;5315388,213199999183416;7,834930129000043;47,985885750000079;1
97234;08241213221300540670;08;2;21;000;2024;12;09;6;3;3;2;0;0;1;1;0;0;0;0;477413,864799999631941;5474515,585699999704957;8,688558272000023;49,422896973000036;1
97235;08241104311000387540;08;3;11;000;2024;11;17;2;3;0;7;1;0;1;0;0;0;0;0;412175,003999999724329;5318747,295900000259280;7,822277917000065;48,015979661000074;1
97240;08241104226300444200;08;2;26;056;2024;11;07;2;3;5;3;0;0;1;1;0;0;0;0;485054,249800000339746;5471349,030099999159575;8,794030346000056;49,394649809000043;1
97243;08241104221011399140;08;2;21;000;2024;11;18;2;3;0;7;2;0;1;0;0;0;0;0;477443,671500000171363;5474394,252599999308586;8,688976170000046;49,421806709000066;1
97246;08241128326100482510;08;3;26;012;2024;11;07;5;2;5;3;0;1;1;1;0;0;0;0;464728,710199999623001;5311296,013199999928474;8,527585233000025;47,954004444000077;1
97255;08241104127202385260;08;1;27;014;2024;11;10;2;3;6;4;0;0;0;1;1;0;0;0;578058,877299999818206;5443429,130599999800324;10,070200348000071;49,138728458000060;1
97263;08241104119200394050;08;1;19;020;2024;11;10;2;2;6;2;0;0;0;0;1;0;1;0;519116,415199999697506;5406800,241599999368191;9,260389776000068;48,813893592000056;1
97267;08241128437100448380;08;4;37;044;2024;11;07;5;3;6;6;1;1;1;0;1;0;0;0;531503,821600000374019;5323489,419099999591708;9,422851578000063;48,063904105000063;1
97275;08241107317000408460;08;3;17;114;2024;11;21;5;3;5;3;2;1;1;1;0;0;0;0;405439,659699999727309;5346873,019999999552965;7,725733125000033;48,268002127000045;1
97278;08241103421200440850;08;4;25;097;2024;11;17;1;2;0;1;2;0;1;0;0;0;0;0;587019,204800000414252;5373894,129200000315905;10,178266345000054;48,512129364000032;1
97282;08241103325102402510;08;3;25;057;2024;11;11;1;3;0;1;0;1;1;0;0;0;0;0;478991,514299999922514;5355563,377800000831485;8,716428453000049;48,352897530000064;1
97283;08241103317500406160;08;3;17;151;2024;11;14;1;3;5;3;0;0;1;1;0;0;0;0;410889,633600000292063;5371934,365000000223517;7,793843519000063;48,494209191000039;1
97287;08241103311500432550;08;3;15;094;2024;11;15;1;3;3;6;0;0;1;1;0;0;0;0;432347,210199999623001;5317571,615000000223517;8,092929803000061;48,007857762000071;1
97288;08241105212010385770;08;2;12;000;2024;11;07;3;3;5;3;0;0;1;1;0;0;0;0;460739,958300000056624;5425575,491200000047684;8,463433168000051;48,981837878000078;1
97295;08241103222014395960;08;2;26;028;2024;11;16;1;2;5;3;0;0;1;1;0;0;0;0;472651,679600000381470;5486612,314600000157952;8,622057178000034;49,531507617000045;1
97305;08241103118010402920;08;1;15;044;2024;11;16;1;3;9;7;2;0;1;0;0;0;0;0;503889,082899999804795;5390171,739700000733137;9,052817549000054;48,664585147000025;1
97324;08241102311010383530;08;3;11;000;2024;11;14;7;3;0;7;0;1;1;0;0;0;0;0;415694,968999999575317;5307762,634999999776483;7,871625068000071;47,917641432000039;1
97329;08241102222700437250;08;2;22;000;2024;11;11;7;3;0;4;0;0;0;0;1;0;0;1;461827,953399999998510;5481287,820599999278784;8,472998039000061;49,483031535000066;1
97331;08241102221011437240;08;2;26;096;2024;11;12;7;2;6;4;0;0;0;0;1;0;0;1;475285,570600000210106;5486800,054600000381470;8,658444012000075;49,533309431000077;1
97335;08241102127100390980;08;1;27;025;2024;11;12;7;3;6;4;0;0;0;0;1;0;0;1;556260,014399999752641;5427618,702600000426173;9,769169657000077;48,998901773000057;1
97339;08241102118100400860;08;1;18;018;2024;11;22;7;3;1;5;2;0;1;1;0;0;0;0;511289,461199999786913;5430652,083000000566244;9,154437427000062;49,028649293000058;1
97340;08241120212010453480;08;2;12;000;2024;11;16;4;2;6;4;1;0;0;0;1;0;0;1;459209,636900000274181;5428088,865199999883771;8,442266964000055;49,004347019000079;1
97342;08241101436300387760;08;4;36;006;2024;11;14;6;3;5;3;0;0;1;1;0;0;0;0;556106,146999999880791;5283919,876000000163913;9,747904229000028;47,706223248000072;1
97350;08241113311010404500;08;3;11;000;2024;11;13;4;3;5;3;0;0;1;1;0;0;0;0;411662,982800000347197;5319241,304099999368191;7,815311480000048;48,020352792000040;1
97351;08241101237100400840;08;2;37;004;2024;11;15;6;3;5;7;0;0;1;1;0;0;0;0;453155,190799999982119;5373153,331199999898672;8,365740687000027;48,509747855000057;1
97365;08241101118100382740;08;1;18;079;2024;11;17;6;3;0;1;2;0;1;0;0;0;0;0;506377,858699999749660;5421596,552500000223517;9,087105755000039;48,947259496000072;1
97375;08241031426100350100;08;4;26;120;2024;10;17;5;3;0;1;2;0;1;0;0;0;0;0;562088,579300000332296;5323786,183100000023842;9,833376442000031;48,064329938000071;1
97378;08241031336200351650;08;3;36;069;2024;10;17;5;3;0;1;2;0;1;0;0;0;0;0;408688,816599999554455;5267899,803099999204278;7,786236818000020;47,558093151000037;1
97384;08241031325302363800;08;3;25;024;2024;10;08;5;2;0;1;0;0;1;0;0;0;0;0;455717,161600000225008;5337835,214400000870228;8,404142623000041;48,192206849000058;1
97391;08241031311010360200;08;3;15;109;2024;10;08;5;3;0;7;0;0;1;0;0;0;0;0;422370,500300000421703;5313885,081499999389052;7,959852863000037;47,973560766000048;1
97392;08241031231000366090;08;2;31;000;2024;10;13;5;3;5;3;0;0;1;1;0;0;0;0;479391,424999999813735;5417472,378000000491738;8,718747952000058;48,909849493000081;1
97397;08241031222301373370;08;2;22;000;2024;10;12;5;3;5;7;0;0;1;1;0;0;0;0;464297,001899999566376;5483949,151699999347329;8,506843807000052;49,507119167000042;1
97400;08241031221200379500;08;2;21;000;2024;10;07;5;3;4;6;2;0;1;0;0;0;0;0;480925,998300000093877;5473862,128900000825524;8,737018140000032;49,417139504000033;1
97405;08241031212010375520;08;2;12;000;2024;10;09;5;1;5;3;0;0;1;1;0;0;0;0;455632,162999999709427;5432718,915999999269843;8,392847878000055;49,045747858000027;1
97410;08241031119500376230;08;1;19;089;2024;10;06;5;3;0;7;0;0;1;0;0;0;0;0;533945,874499999918044;5407806,775599999353290;9,462463698000022;48,822314746000075;1
97423;08241107421200400460;08;4;21;000;2024;11;07;5;3;6;7;0;0;0;1;1;0;0;0;572599,588600000366569;5361489,586100000888109;9,980901111000037;48,402381478000052;1
97431;08241030426200370680;08;4;26;001;2024;10;17;4;3;2;6;2;0;1;1;0;0;0;0;568197,661000000312924;5345687,321699999272823;9,918876718000035;48,260723777000067;1
97435;08241030336400350750;08;3;36;008;2024;10;12;4;3;5;3;0;0;1;1;0;0;0;0;396269,330199999734759;5276041,363600000739098;7,619270463000021;47,629462673000035;1
97436;08241030336200353710;08;3;36;069;2024;10;16;4;3;3;6;0;0;1;0;0;1;0;0;407734,594600000418723;5269671,006699999794364;7,773183668000058;47,573891639000067;1
97439;08241030317500371440;08;3;17;021;2024;10;14;4;3;5;3;0;0;1;1;0;0;0;0;425422,405700000002980;5372664,375299999490380;7,990387071000043;48,502668683000081;1
97445;08241030311010350310;08;3;11;000;2024;10;18;4;3;0;7;2;0;1;0;0;0;0;0;414037,974000000394881;5315660,126399999484420;7,847873431000039;47,988462826000045;1
97449;08241116116400476410;08;1;16;012;2024;11;21;7;3;8;1;2;1;1;0;0;0;0;0;534953,708700000308454;5382681,800100000575185;9,474065558000063;48,596240528000067;1
97464;08241029435100366890;08;4;35;016;2024;10;08;3;3;3;6;0;0;1;1;0;0;0;0;536817,161199999973178;5279814,484699999913573;9,490444724000042;47,670673352000051;1
97466;08241029426200342610;08;4;26;134;2024;10;09;3;3;0;1;0;0;1;0;0;0;0;0;558773,024100000038743;5334647,213999999687076;9,790375379000068;48,162351575000059;1
97468;08241029425000358680;08;4;25;071;2024;10;17;3;3;6;7;2;0;0;1;1;0;0;0;551185,978400000371039;5370994,138900000602007;9,692767928000023;48,489985473000047;1
97478;08241029335100359100;08;3;35;066;2024;10;11;3;3;5;3;0;0;1;0;0;0;0;0;509403,583300000056624;5281791,995699999853969;9,125310795000075;47,689446144000044;1
97481;08241029325000579980;08;3;26;003;2024;10;14;3;3;6;7;0;0;0;0;1;0;0;1;471644,932699999772012;5313175,112099999561906;8,620093066000038;47,971254443000078;1
97482;08241216311400540590;08;3;15;108;2024;12;18;2;3;5;3;1;0;1;1;0;0;0;0;403988,366299999877810;5303013,006599999964237;7,716033930000037;47,873271860000045;1
97488;08241029311400368730;08;3;15;074;2024;10;08;3;3;5;2;0;0;1;1;0;0;0;0;397580,828900000080466;5295908,475899999961257;7,632051575000048;47,808377502000042;1
97502;08241029212702369660;08;2;15;017;2024;10;11;3;3;5;2;0;0;1;1;0;0;0;0;457266,290400000289083;5420882,250199999660254;8,416453769000043;48,939390631000038;1
97503;08241029212010364880;08;2;12;000;2024;10;18;3;3;4;6;2;0;1;0;0;0;0;0;463455,092100000008941;5422007,001700000837445;8,500859845000036;48,949904754000045;1
97511;08241103111110394120;08;1;11;000;2024;11;17;1;3;6;4;1;0;0;0;1;0;0;1;513616,271900000050664;5402390,142100000753999;9,185325172000034;48,774365695000029;1
97513;08241126128300474070;08;1;28;131;2024;11;18;3;3;5;3;2;1;1;1;0;0;0;0;532168,332899999804795;5509049,763399999588728;9,446392088000039;49,733081267000046;1
97515;08241029111500387270;08;1;11;000;2024;10;17;3;3;5;3;0;0;1;1;0;0;0;0;513552,989199999719858;5401732,973500000312924;9,184442208000064;48,768455235000033;1
97518;08241028436400364990;08;4;36;082;2024;10;12;2;3;5;2;0;0;1;1;0;0;0;0;547699,129499999806285;5295001,551500000059605;9,637060954000049;47,806600900000035;1
97521;08241028426200339820;08;4;26;108;2024;10;19;2;3;8;1;2;0;1;0;0;0;0;0;572500,958200000226498;5336717,376099999994040;9,975315623000029;48,179556428000069;1
97524;08241028335100356240;08;3;35;066;2024;10;17;2;3;4;6;2;1;1;0;0;0;0;0;507571,912499999627471;5281468,953400000929832;9,100896652000074;47,686563577000072;1
97525;08241028317500342700;08;3;17;096;2024;10;14;2;3;5;3;0;0;1;1;0;0;0;0;422963,891999999992549;5368378,535000000149012;7,957900076000044;48,463821118000055;1
97533;08241028311010341330;08;3;11;000;2024;10;12;2;3;1;6;0;0;1;1;0;0;0;0;417699,188699999824166;5315448,827899999916553;7,896974614000044;47,987043734000054;1
97538;08241109115300417810;08;1;15;028;2024;11;00;7;3;0;7;2;0;1;0;0;0;0;0;501052,041500000283122;5406268,121500000357628;9,014328850000027;48,809399882000037;1
97545;08241028221300343090;08;2;21;000;2024;10;12;2;3;5;3;0;0;1;1;0;0;0;0;476992,633100000210106;5474988,880799999460578;8,682722523000052;49,427138385000035;1
97548;08241028216300355230;08;2;16;059;2024;10;14;2;3;0;7;0;0;1;0;0;0;0;0;452579,086699999868870;5397575,495899999514222;8,355148620000023;48,729397746000075;1
97549;08241028216100368390;08;2;16;043;2024;10;15;2;3;0;1;0;0;1;0;0;0;0;0;441756,588200000114739;5411726,864800000563264;8,205986421000034;48,855772921000039;1
97554;08241028212402339540;08;2;12;000;2024;10;19;2;3;5;3;2;0;1;1;0;0;0;0;456364,107099999673665;5426317,924900000914931;8,403551951000054;48,988222553000071;1
97579;08241128111120525010;08;1;11;000;2024;11;07;5;3;3;6;2;0;1;0;0;0;0;1;513457,102300000376999;5405441,773700000718236;9,183258732000070;48,801821340000060;1
97595;08241211116200522850;08;1;16;077;2024;12;20;4;3;6;2;2;0;0;1;1;0;0;0;516387,598899999633431;5389733,221799999475479;9,222541424000042;48,660437323000053;1
97596;08241027335200339750;08;3;35;055;2024;10;14;1;3;0;1;0;0;1;0;0;0;0;0;496535,911700000055134;5283642,665999999269843;8,953823309000029;47,706156984000074;1
97597;08241027335010364700;08;3;35;079;2024;10;14;1;2;0;1;0;0;1;0;0;0;0;0;501419,947100000455976;5300460,701500000432134;9,018983068000068;47,857485499000063;1
97607;08241027316100360940;08;3;16;024;2024;10;11;1;3;3;2;0;0;1;1;0;0;0;0;409631,963000000454485;5334605,002000000327826;7,784827961000076;48,158265577000066;1
97611;08241218317500559770;08;3;17;096;2024;12;16;4;2;6;2;2;0;0;1;1;0;0;0;421723,791699999943376;5368799,081299999728799;7,941048974000068;48,467450793000069;1
97614;08241027311010335420;08;3;11;000;2024;10;16;1;3;3;6;0;0;1;0;0;0;0;0;412929,685200000181794;5315336,383199999108911;7,833088150000037;47,985400715000026;1
97622;08241027221200378010;08;2;21;000;2024;10;13;1;3;5;3;0;0;1;1;0;0;0;0;477690,040099999867380;5472898,957200000062585;8,692457284000056;49,408365858000082;1
97627;08241027212010371470;08;2;12;000;2024;10;16;1;3;5;3;0;0;1;1;0;0;0;0;456231,222500000149012;5426697,866100000217557;8,401694767000038;48,991630774000043;1
97628;08241027212010339360;08;2;12;000;2024;10;15;1;3;5;2;0;0;1;1;0;0;0;0;455183,028599999845028;5428481,796800000593066;8,387170295000033;49,007602223000049;1
97630;08241027135010374950;08;4;25;072;2024;10;04;1;3;4;6;2;0;1;1;0;0;0;0;579472,575100000016391;5369439,181800000369549;10,075254647000065;48,473058369000057;1
97640;08241129311010467570;08;3;36;069;2024;11;16;6;2;6;4;1;0;0;1;1;0;0;0;409116,703800000250340;5272552,009299999102950;7,790960012000028;47,600003724000032;1
97642;08241114117400406010;08;1;17;051;2024;11;06;5;3;6;4;2;0;0;1;1;0;0;0;542831,036199999973178;5395115,662000000476837;9,582184255000072;48,707602458000054;1
97643;08241027116200366490;08;1;16;078;2024;10;14;1;3;0;1;0;0;1;0;0;0;0;0;508711,419700000435114;5393783,738600000739098;9,118385617000058;48,697030398000038;1
97646;08241026426200353080;08;4;25;033;2024;10;14;7;3;0;6;0;0;1;1;0;0;0;0;557188,695299999788404;5346878,404699999839067;9,770721284000047;48,272528274000081;1
97659;08241026335300336560;08;3;35;075;2024;10;19;7;3;0;1;2;0;1;0;0;0;0;0;488129,157700000330806;5288851,983599999919534;8,841618568000058;47,752928420000046;1
97664;08241026311010360190;08;3;11;000;2024;10;20;7;3;6;4;2;0;0;1;1;0;0;0;411891,330699999816716;5315225,640599999576807;7,819197943000063;47,984262354000066;1
97680;08241026211000358890;08;2;16;005;2024;10;16;7;3;0;7;0;0;1;1;0;0;0;0;444955,716199999675155;5418144,617300000041723;8,248730811000030;48,913792835000038;1
97685;08241106111310398040;08;1;11;000;2024;11;23;4;3;4;6;2;0;1;0;0;0;0;1;515575,048399999737740;5405246,714299999177456;9,212093318000029;48,800017149000041;1
97690;08241026119300362660;08;1;19;076;2024;10;14;7;3;0;7;0;0;1;0;0;0;0;0;541603,990000000223517;5406431,767999999225140;9,566650235000054;48,809480184000051;1
97696;08241026116500350320;08;1;16;049;2024;10;11;7;3;3;2;0;0;1;1;0;0;0;0;525286,909900000318885;5385447,660900000482798;9,343129427000065;48,621587479000027;1
97698;08241025437100333260;08;4;37;100;2024;10;16;6;3;5;3;0;0;1;1;0;0;0;0;537973,941300000064075;5317481,942900000140071;9,509158966000030;48,009503802000040;1
97702;08241025436200345540;08;4;36;095;2024;10;15;6;3;0;1;0;0;1;0;0;0;0;0;537170,157800000160933;5295388,617900000885129;9,496477329000072;47,810777655000038;1
97703;08241025436100342320;08;4;36;004;2024;10;07;6;3;5;3;1;0;1;1;0;0;0;0;580696,782200000248849;5310579,905600000172853;10,080617553000025;47,943449075000046;1
97704;08241025436000359190;08;4;36;008;2024;10;13;6;2;0;1;0;0;1;0;0;0;0;0;549165,465200000442564;5311156,187200000509620;9,658482944000070;47,951830320000056;1
97705;08241025426200360960;08;4;26;070;2024;10;09;6;3;3;6;0;1;1;1;0;0;0;0;565178,400999999605119;5342167,882999999448657;9,877659249000033;48,229381663000026;1
97710;08241118212010444740;08;2;15;103;2024;11;16;2;2;6;4;1;1;0;1;1;0;0;0;466768,870600000023842;5442690,477399999275804;8,544422397000062;49,136145068000076;1
97712;08241127222400446340;08;2;22;000;2024;11;07;4;2;6;4;0;0;0;1;1;0;0;0;466580,087000000290573;5477910,877299999818206;8,538888607000047;49,452937589000044;1
97718;08241025336400334470;08;3;36;078;2024;10;15;6;3;5;3;0;0;1;1;0;0;0;0;393512,459200000390410;5290053,481599999591708;7,579165903000046;47,755052938000063;1
97719;08241121117400447590;08;1;17;018;2024;11;17;5;3;6;4;2;0;0;1;1;0;0;0;538306,211400000378489;5395831,101099999621511;9,520749434000038;48,714332681000030;1
97720;08241025336100365020;08;3;36;043;2024;10;13;6;3;5;2;0;0;1;1;0;0;0;0;401181,759899999946356;5271363,976900000125170;7,685694912000031;47,588155819000065;1
97727;08241026436400360260;08;4;36;009;2024;10;23;7;3;0;1;2;0;1;0;0;0;0;0;555416,850999999791384;5308376,062000000849366;9,741844234000041;47,926308333000065;1
97737;08241025311100331720;08;3;15;133;2024;10;17;6;3;5;2;0;0;1;1;0;0;0;0;397662,400000000372529;5327354,664999999105930;7,625660556000071;48,091239160000043;1
97742;08241206115300522470;08;1;15;028;2024;12;10;6;3;5;3;0;0;1;1;0;0;0;0;501291,637099999934435;5407279,588500000536442;9,017595336000056;48,818498494000039;1
97743;08241025311010331580;08;3;16;054;2024;10;15;6;1;9;1;0;1;1;0;0;0;0;0;421455,656700000166893;5331845,274299999698997;7,944299417000025;48,135011425000073;1
97744;08241108335100418100;08;3;35;043;2024;11;15;6;3;5;2;0;0;1;0;0;0;0;1;513848,303700000047684;5279560,371099999174476;9,184469439000054;47,669286808000038;1
97749;08241203215402509610;08;2;15;009;2024;12;07;3;3;5;3;2;1;1;1;0;0;0;0;469783,777999999932945;5441679,142899999395013;8,585829456000056;49,127203621000035;1
97759;08241025222500370280;08;2;22;000;2024;10;06;6;3;5;3;1;0;1;1;0;0;0;0;465453,739900000393391;5476383,738600000739098;8,523481530000026;49,439138576000062;1
97768;08241025212702330850;08;2;15;108;2024;10;18;6;2;6;6;2;0;0;0;1;0;0;1;448446,285099999979138;5422845,963600000366569;8,295773164000025;48,956382104000056;1
97775;08241025211000348560;08;2;16;063;2024;10;16;6;2;3;6;0;0;1;0;0;0;0;1;426133,274199999868870;5400009,868599999696016;7,995137299000021;48,748720609000031;1
97793;08241025118400377360;08;1;18;048;2024;10;18;6;3;5;3;0;0;1;1;0;0;0;0;516074,742399999871850;5417241,061699999496341;9,219368765000070;48,907902935000038;1
97795;08241025118200333540;08;1;18;027;2024;10;15;6;3;5;3;0;0;1;1;0;0;0;0;502862,769999999552965;5412488,375099999830127;9,039034498000035;48,865350767000052;1
97803;08241025117010350850;08;4;25;071;2024;10;17;6;3;6;2;0;0;0;1;1;0;0;0;550648,020700000226498;5370927,864900000393391;9,685479541000063;48,489432876000080;1
97804;08241218121600581450;08;1;25;046;2024;12;11;4;3;4;6;0;1;1;1;0;0;0;0;520440,628399999812245;5434022,734500000253320;9,279792282000074;49,058734356000059;1
97808;08241218311000528450;08;3;37;116;2024;12;12;4;3;3;2;0;0;1;1;0;0;0;0;417718,256599999964237;5275426,612199999392033;7,904825776000052;47,627012982000053;1
97817;08241024437100338310;08;4;37;088;2024;10;07;5;3;5;3;1;1;1;1;0;0;0;0;519002,008700000122190;5307718,962799999862909;9,254353388000027;47,922510589000069;1
97822;08241024435100355190;08;4;35;016;2024;10;22;5;3;0;1;2;0;1;0;0;0;0;0;532258,928399999625981;5279117,707599999383092;9,429674524000063;47,664647604000038;1