OID_;UIDENTSTLAE;ULAND;UREGBEZ;UKREIS;UGEMEINDE;UJAHR;UMONAT;USTUNDE;UWOCHENTAG;UKATEGORIE;UART;UTYP1;ULICHTVERH;IstStrassenzustand;IstRad;IstPKW;IstFuss;IstKrad;IstGkfz;IstSonstige;LINREFX;LINREFY;XGCSWGS84;YGCSWGS84;PLST
97823;08241024426300358610;08;4;26;097;2024;10;16;5;3;8;1;0;0;1;0;0;0;0;0;533419,488499999977648;5335059,955000000074506;9,449470321000035;48,167903574000036;1
97825;08241024425000346320;08;4;25;050;2024;10;16;5;2;4;6;0;0;1;0;0;0;0;0;558760,153199999593198;5346358,500499999150634;9,791825191000044;48,267707387000030;1
97829;08241024336200376740;08;3;36;069;2024;10;13;5;2;1;5;0;0;1;1;0;0;0;0;408495,556599999777973;5268244,217299999669194;7,783596764000038;47,561164238000060;1
97830;08241024335400375770;08;3;35;079;2024;10;07;5;3;5;3;2;0;1;1;0;0;0;0;500461,753299999982119;5300706,322799999266863;9,006173376000049;47,859696858000063;1
97831;08241024335100325640;08;3;35;043;2024;10;14;5;3;0;7;0;0;1;0;0;0;0;0;515247,226900000125170;5281066,132500000298023;9,203156577000073;47,682803636000074;1
97836;08241024326000359690;08;3;35;075;2024;10;16;5;3;5;2;0;0;1;1;0;0;0;0;492152,308000000193715;5285018,140000000596046;8,895364676000042;47,718494593000059;1
97845;08241024311300359020;08;3;11;000;2024;10;17;5;3;0;7;0;1;1;0;0;0;0;0;414033,466199999675155;5314316,281799999997020;7,848082034000072;47,976373809000052;1
97847;08241024311010354690;08;3;11;000;2024;10;19;5;3;5;3;2;0;1;1;0;0;0;0;413367,228000000119209;5316146,380599999800324;7,838787368000055;47,992746344000068;1
97848;08241024311010345440;08;3;36;091;2024;10;16;5;3;6;4;0;1;0;1;1;0;0;0;395517,461900000460446;5271886,444900000467896;7,610256252000056;47,591967694000061;1
97849;08241024311010326830;08;3;11;000;2024;10;21;5;3;5;3;2;1;1;1;0;0;0;0;415092,946499999612570;5315674,278500000014901;7,862007247000065;47,988731066000071;1
97850;08241024235100354340;08;2;35;008;2024;10;19;5;3;2;6;2;1;1;1;0;0;0;0;483412,472400000318885;5401634,134400000795722;8,774265143000036;48,767492601000072;1
97856;08241216231000523850;08;2;31;000;2024;12;10;2;3;6;2;0;0;0;1;1;0;0;0;475452,208300000056624;5416494,245400000363588;8,665047852000043;48,900906963000068;1
97865;08241031116010379490;08;1;16;004;2024;10;17;5;3;6;6;2;0;1;0;1;0;0;0;528091,438199999742210;5396253,491299999877810;9,381918429000052;48,718676356000060;1
97866;08241024127202356780;08;1;27;014;2024;10;16;5;3;3;2;0;0;1;1;0;0;0;0;577420,211699999868870;5442728,885299999266863;10,061311238000030;49,132511372000067;1
97884;08241207127202500280;08;1;27;014;2024;12;14;7;3;5;3;0;1;1;1;0;0;0;0;577542,915300000458956;5443457,898800000548363;10,063133238000034;49,139052540000080;1
97887;08241023435100322530;08;4;35;016;2024;10;07;4;3;0;1;0;0;1;0;0;0;0;0;532706,189000000245869;5279970,494000000879169;9,435695513000042;47,672298042000079;1
97895;08241023326400375990;08;3;26;074;2024;10;11;4;3;5;2;0;0;1;1;0;0;0;0;459714,027099999599159;5323374,671900000423193;8,459288017000063;48,062377520000041;1
97896;08241023325302326620;08;3;25;024;2024;10;17;4;3;6;4;0;0;0;1;1;0;0;0;456306,071200000122190;5336912,920199999585748;8,412161286000071;48,183950303000074;1
97901;08241023317000321930;08;3;17;096;2024;10;13;4;2;6;6;0;0;1;0;1;0;0;0;422244,140399999916553;5369815,253799999132752;7,947898245000033;48,476655739000080;1
97908;08241023237100335580;08;2;37;028;2024;10;13;4;3;5;2;0;0;1;1;0;0;0;0;457452,330299999564886;5368212,666999999433756;8,424422159000073;48,465607667000029;1
97918;08241023221400355110;08;2;21;000;2024;10;13;4;3;5;2;0;0;1;1;0;0;0;0;473915,035299999639392;5472892,852399999275804;8,640420258000063;49,408160833000068;1
97919;08241023221011376090;08;2;26;098;2024;10;18;4;2;4;6;1;0;1;1;0;0;0;0;477030,818400000222027;5458903,413799999281764;8,684176843000046;49,282452278000051;1
97927;08241023212702355380;08;2;15;017;2024;10;06;4;3;5;3;2;0;1;1;0;0;0;0;457917,059500000439584;5420486,585799999535084;8,425380670000038;48,935876140000062;1
97934;08241023136000340520;08;1;36;028;2024;10;12;4;3;6;4;0;0;0;1;1;0;0;0;568691,110899999737740;5404810,675400000065565;9,935266939000030;48,792495186000053;1
97935;08241209127202547410;08;1;27;071;2024;12;07;2;3;5;3;1;0;1;1;0;0;0;0;575088,996299999766052;5455470,684599999338388;10,031739889000050;49,247398667000027;1
97938;08241023128300356440;08;1;28;131;2024;10;13;4;3;5;3;0;0;1;0;0;0;0;0;534557,002000000327826;5510377,275000000372529;9,479655564000041;49,744888634000063;1
97942;08241023121400343780;08;1;25;086;2024;10;14;4;2;6;4;0;0;0;1;1;0;0;0;504115,911999999545515;5443387,507999999448657;9,056434570000022;49,143300126000042;1
97945;08241023119400357990;08;1;19;091;2024;10;17;4;2;0;1;0;0;1;0;0;0;0;0;527411,536399999633431;5402393,497899999842048;9,373083646000055;48,773941040000068;1
97946;08241023119300374290;08;1;19;067;2024;10;09;4;3;6;4;0;0;0;1;1;0;0;0;539110,956399999558926;5405720,529500000178814;9,532628704000047;48,803244124000059;1
97952;08241105317000394930;08;3;17;065;2024;11;18;3;3;5;3;2;0;1;1;0;0;0;0;414175,750400000251830;5354956,299599999561906;7,841787783000029;48,341954314000077;1
97960;08241023115200352270;08;1;15;034;2024;10;10;4;3;5;3;0;0;1;1;0;0;0;0;483431,082600000314415;5375930,827099999412894;8,775547079000035;48,536263749000057;1
97962;08241022437100334610;08;4;37;086;2024;10;06;3;3;5;3;1;1;1;1;0;0;0;0;528450,845300000160933;5311213,303799999877810;9,381060324000032;47,953599709000059;1
97964;08241024311010326530;08;3;15;131;2024;10;07;5;3;2;6;2;0;1;1;0;0;0;0;403896,353400000371039;5309997,739700000733137;7,713247315000046;47,936086245000070;1
97967;08241022436100332450;08;4;36;055;2024;10;10;3;3;0;1;0;1;1;0;0;0;0;0;575527,742800000123680;5297790,222599999979138;10,009172375000048;47,829023908000067;1
97984;08241022317000324890;08;3;17;065;2024;10;11;3;3;8;1;0;1;1;0;0;0;0;0;414308,458300000056624;5355521,105399999767542;7,843463373000077;48,347052652000059;1
97986;08241022311010375230;08;3;36;050;2024;10;07;3;3;5;3;2;0;1;0;0;1;0;0;399751,317800000309944;5273821,426999999210238;7,666113139000061;47,610041971000044;1
97989;08241022311010318170;08;3;11;000;2024;10;17;3;3;5;3;0;1;1;1;0;0;0;0;414004,567200000397861;5315205,856799999251962;7,847516767000059;47,984372005000068;1
97990;08241022226600373280;08;2;26;096;2024;10;07;3;3;4;6;0;0;1;0;0;0;0;0;475690,963600000366569;5488341,788599999621511;8,663951400000030;49,547193138000068;1
97997;08241022221011366950;08;2;21;000;2024;10;07;3;1;6;4;2;0;0;1;1;0;0;0;477308,847500000149012;5469621,490700000897050;8,687389773000064;49,378871390000029;1
98000;08241022216100353840;08;2;16;002;2024;10;09;3;3;2;6;0;0;1;1;0;0;0;0;444136,265999999828637;5422315,504000000655651;8,236976074000040;48,951236252000058;1
98738;08241231426000581850;08;4;26;019;2024;12;15;3;1;6;4;0;1;0;1;1;0;0;0;580316,106700000353158;5323574,187200000509620;10,077953615000069;48,060388196000076;1
98740;08241231421300587430;08;4;21;000;2024;12;00;3;2;0;1;2;0;1;0;0;0;0;0;573392,681400000117719;5357630,053799999877810;9,990940784000031;48,367572239000026;1
98744;08241231311010576800;08;3;11;000;2024;12;12;3;3;0;7;0;0;1;0;0;0;0;0;412582,949699999764562;5314115,925499999895692;7,828690618000053;47,974374991000047;1
98752;08241231116500566920;08;1;16;049;2024;12;15;3;3;6;2;0;0;0;1;1;0;0;0;525781,588600000366569;5384082,961799999698997;9,349757001000057;48,609290382000040;1
98768;08241230119300581160;08;1;19;055;2024;12;16;2;3;5;3;1;0;1;1;0;0;0;0;543670,017500000074506;5405319,543899999931455;9,594669871000065;48,799333486000080;1
98777;08241230111000583980;08;1;11;000;2024;12;07;2;3;6;7;2;0;0;1;1;0;0;0;511599,389700000174344;5410690,943399999290705;9,158109001000071;48,849079557000039;1
98792;08241229118200562120;08;1;18;019;2024;12;21;1;2;0;1;2;2;1;0;0;0;0;0;506056,193300000391901;5405509,669299999251962;9,082474378000029;48,802548292000040;1
98796;08241228426300558900;08;4;26;097;2024;12;19;7;3;4;2;2;1;1;1;0;0;0;0;536238,621700000017881;5333086,961999999359250;9,487216353000065;48,149998819000075;1
98810;08241228231000580730;08;2;31;000;2024;12;14;7;3;5;2;0;0;1;1;0;0;0;0;475586,524400000460446;5416447,540799999609590;8,666883342000062;48,900492134000046;1
98821;08241228128200577130;08;1;28;139;2024;12;09;7;3;1;1;0;2;1;1;0;0;0;0;549106,885400000028312;5490726,973999999463558;9,679133031000049;49,567142592000039;1
98834;08241227416100576460;08;4;16;050;2024;12;12;6;3;6;4;0;1;0;1;1;0;0;0;485225,972799999639392;5365701,483500000089407;8,800223439000035;48,444281712000077;1
98836;08241227337400579160;08;3;37;039;2024;12;12;6;1;6;1;0;0;0;1;1;0;0;0;443590,337600000202656;5293406,328299999237061;8,246819798000047;47,791544576000035;1
98848;08241227311010577690;08;3;36;073;2024;12;07;6;3;0;1;1;2;1;0;0;0;0;0;398184,191100000403821;5276636,466800000518560;7,644612777000020;47,635119665000047;1
98857;08241227127202559310;08;1;27;046;2024;12;16;6;3;6;4;0;0;0;1;1;0;0;0;571025,281399999745190;5449547,656500000506639;9,974863764000077;49,194612284000073;1
98869;08241226426200586090;08;4;26;073;2024;12;09;5;2;6;6;0;1;1;0;1;0;0;0;567054,230499999597669;5337003,730799999088049;9,902098789000036;48,182730692000064;1
98878;08241226216300576010;08;2;16;006;2024;12;15;5;3;1;5;0;0;1;1;0;0;0;0;446395,978900000452995;5409247,595399999991059;8,269552548000036;48,833889768000063;1
98894;08241225121500561330;08;1;25;065;2024;12;20;4;3;2;6;2;0;0;1;1;0;0;0;516990,236600000411272;5449724,234099999070168;9,233225160000075;49,200079501000062;1
98895;08241225118100574970;08;1;18;077;2024;12;14;4;3;5;2;0;0;1;1;0;0;0;0;512905,250000000000000;5423444,809000000357628;9,176312009000071;48,963783987000056;1
98897;08241225118010564430;08;1;15;050;2024;12;12;4;2;0;3;0;0;1;1;0;0;0;0;487802,273199999704957;5404018,863399999216199;8,833933611000020;48,789046971000062;1
98945;08241223231102584960;08;2;36;046;2024;12;09;2;2;5;3;0;1;1;1;0;0;0;0;485548,109500000253320;5416651,171199999749660;8,802798703000065;48,902636448000067;1
98952;08241223221011570760;08;2;26;012;2024;12;14;2;3;0;3;0;1;1;0;0;1;0;0;475569,021999999880791;5477718,549000000581145;8,662922665000053;49,451635603000057;1
98957;08241223212302575040;08;2;12;000;2024;12;05;2;3;0;7;2;1;1;0;0;0;0;0;455883,800999999977648;5430254,238299999386072;8,396559446000026;49,023595992000025;1
98978;08241222436400557550;08;4;36;082;2024;12;16;1;3;6;2;2;2;0;1;1;0;0;0;547713,161500000394881;5295660,728800000622869;9,637320906000070;47,812530431000027;1
99003;08241222216100545870;08;2;16;009;2024;12;17;1;2;5;3;2;1;1;1;0;0;0;0;445984,069000000134110;5421056,685000000521541;8,262379278000026;48,940077408000036;1
99032;08241221311010580400;08;3;15;131;2024;12;09;7;3;6;7;0;0;1;0;1;0;0;0;406414,614400000311434;5307934,524800000712276;7,747404662000065;47,917900109000072;1
99045;08241221121600541570;08;1;25;057;2024;12;14;7;3;5;3;0;1;1;1;0;0;0;0;524483,259700000286102;5442372,985300000756979;9,335633147000067;49,133700056000066;1
99053;08241221115400575700;08;1;15;054;2024;12;17;7;3;0;7;2;1;1;0;0;0;0;0;492568,906799999997020;5395903,176200000569224;8,898975454000038;48,716113556000039;1
99060;08241220336200538530;08;3;36;105;2024;12;17;6;3;5;2;1;0;1;1;0;0;0;0;399109,835900000296533;5267495,336300000548363;7,659034327000029;47,553036851000059;1
99066;08241220317000587480;08;3;17;114;2024;12;12;6;3;5;3;0;0;1;0;0;0;1;0;405251,209999999962747;5346141,239000000059605;7,723358237000070;48,261391933000027;1
99072;08241220311100539310;08;3;15;115;2024;12;15;6;3;5;2;0;0;1;1;0;0;0;0;409092,013100000098348;5322236,881500000134110;7,780204283000046;48,046937601000081;1
99074;08241220311010555120;08;3;11;000;2024;12;08;6;3;5;3;0;0;1;1;0;0;0;0;413971,514000000432134;5316827,278999999165535;7,846748923000064;47,998952862000067;1
99077;08241220231102582120;08;2;36;039;2024;12;17;6;3;0;7;2;0;1;0;0;0;0;0;490610,474000000394881;5411953,992900000885129;8,871984162000047;48,860479098000042;1
99082;08241220221011583070;08;2;21;000;2024;12;11;6;3;3;6;0;0;1;0;0;0;0;1;477670,496199999935925;5473575,990000000223517;8,692149795000034;49,414454944000056;1
99101;08241220119300537430;08;1;19;076;2024;12;14;6;3;6;2;0;1;0;1;1;0;0;0;542667,864000000059605;5406407,054700000211596;9,581136960000038;48,809185739000043;1
99108;08241220116500581690;08;1;16;049;2024;12;17;6;3;5;3;2;0;1;1;0;0;0;0;525286,614900000393391;5385451,835599999874830;9,343125679000025;48,621625047000066;1
99116;08241219436000534170;08;4;35;052;2024;12;07;5;3;5;2;1;1;1;1;0;0;0;0;519948,615899999625981;5292985,551899999380112;9,266344408000066;47,789920671000061;1
99117;08241219426301531140;08;4;26;067;2024;12;08;5;3;6;4;0;1;0;0;1;0;0;1;526423,736499999649823;5331691,277499999850988;9,355174930000032;48,137925734000078;1
99118;08241219426300544840;08;4;26;097;2024;12;07;5;3;5;3;1;1;1;1;0;0;0;0;534907,848600000143051;5333626,672700000926852;9,469369461000042;48,154928850000033;1
99120;08241219421300536730;08;4;21;000;2024;12;16;5;3;3;6;1;1;1;1;0;0;0;0;573225,997999999672174;5356756,135999999940395;9,988538447000053;48,359730471000034;1
99123;08241219326300536220;08;3;26;052;2024;12;17;5;3;6;4;2;1;0;1;1;0;0;0;450351,664699999615550;5330564,017899999395013;8,332799596000029;48,126395941000055;1
99131;08241219311010579240;08;3;36;081;2024;12;08;5;3;5;3;1;1;1;1;0;0;0;0;411140,053500000387430;5277179,717000000178814;7,816932130000055;47,641914475000078;1
99132;08241219311010536670;08;3;11;000;2024;12;12;5;3;5;3;0;0;1;1;0;0;0;0;413236,458800000138581;5315761,527599999681115;7,837112720000050;47,989266727000029;1
99151;08241219127100560930;08;1;27;076;2024;12;17;5;3;6;4;2;1;0;1;1;0;0;0;556530,275799999944866;5439626,947899999096990;9,774540476000027;49,106887797000070;1
199915;08240122121500078440;08;1;25;065;2024;01;08;2;3;2;6;0;0;1;0;0;0;0;1;516379,904400000348687;5449022,411900000646710;9,224818578000054;49,193783056000029;1
199916;08240122119400956590;08;1;19;091;2024;01;16;2;3;0;1;0;1;1;0;0;0;0;0;526795,967000000178814;5407005,660000000149012;9,365006509000068;48,815457739000067;1
199917;08240122119200955220;08;1;19;020;2024;01;13;2;3;5;3;0;0;1;1;0;0;0;0;520796,294499999843538;5407111,071599999442697;9,283287333000033;48,816635799000039;1
199918;08240122118010966610;08;1;15;045;2024;01;10;2;2;5;3;0;1;1;1;0;0;0;0;500478,739599999971688;5393704,678899999707937;9,006505845000049;48,696379808000074;1
199919;08240122116100940210;08;1;16;019;2024;01;18;2;3;5;3;2;1;1;1;0;0;0;0;524195,400999999605119;5397797,307299999520183;9,329041253000071;48,732727758000067;1
199920;08240122116010972280;08;1;16;047;2024;01;17;2;3;6;4;2;1;0;1;1;0;0;0;520493,548999999649823;5392434,610999999567866;9,278432937000048;48,684617873000036;1
199921;08240122116010969210;08;1;16;077;2024;01;16;2;3;5;3;0;1;1;1;0;0;0;0;516465,535000000149012;5391339,598200000822544;9,223663720000047;48,674886347000040;1
199922;08240122116010968590;08;1;16;019;2024;01;15;2;3;5;3;0;1;1;1;0;0;0;0;523279,552199999801815;5398437,620100000873208;9,316622696000024;48,738522835000026;1
199924;08240122111230963360;08;1;11;000;2024;01;18;2;3;6;4;0;0;0;1;1;0;0;0;511679,361600000411272;5395734,120899999514222;9,158774112000060;48,714527618000034;1
199925;08240121426300951380;08;4;26;097;2024;01;10;1;3;4;6;0;0;1;1;0;0;0;0;534858,880699999630451;5334280,718800000846386;9,468764665000037;48,160815753000065;1
199928;08240121317500937700;08;3;17;096;2024;01;14;1;3;5;2;0;0;1;1;0;0;0;0;422812,194299999624491;5369934,179199999198318;7,955561195000030;48,477795463000064;1
199931;08240121121500988350;08;1;25;063;2024;01;20;1;2;0;7;0;0;0;1;1;0;0;0;526384,057199999690056;5463316,575500000268221;9,363067833000059;49,322010632000058;1
199932;08240121116200965350;08;1;16;047;2024;01;08;1;3;6;2;0;0;0;1;1;0;0;0;519850,683600000105798;5392840,714999999850988;9,269718341000043;48,688291966000065;1
199937;08240120325000938560;08;3;27;009;2024;01;16;7;2;6;6;0;0;0;1;1;0;0;0;482723,855499999597669;5335644,225400000810623;8,767620659000045;48,173804073000042;1
199938;08240120311400962800;08;3;15;006;2024;01;16;7;3;6;4;0;0;0;1;1;0;0;0;403189,391200000420213;5308318,705900000408292;7,704161528000043;47,920876912000040;1
199939;08240120231302933680;08;2;31;000;2024;01;21;7;2;6;1;2;0;0;1;1;0;0;0;478868,882699999958277;5415732,830199999734759;8,711706755000023;48,894183508000026;1
199942;08240120215502964010;08;2;15;106;2024;01;09;7;3;5;3;0;1;1;1;0;0;0;0;467144,265100000426173;5454463,778200000524521;8,548606227000050;49,242066587000068;1
199943;08240120212010968380;08;2;12;000;2024;01;12;7;3;5;2;0;0;1;0;0;0;0;1;455728,946399999782443;5428254,056299999356270;8,394659598000032;49,005593078000061;1
199944;08240120211000961880;08;2;16;015;2024;01;14;7;2;6;1;0;0;0;1;1;0;0;0;451195,082899999804795;5404225,007099999114871;8,335541104000072;48,789105832000075;1
199951;08240119417300986920;08;4;17;031;2024;01;12;6;3;6;7;0;1;0;1;1;0;0;0;498348,182900000363588;5355758,637199999764562;8,977702943000054;48,355001551000043;1
199954;08240119311010944000;08;3;11;000;2024;01;19;6;3;6;2;2;0;0;1;1;0;0;0;412880,729000000283122;5318072,195000000298023;7,831876733000058;48,010003550000079;1
199955;08240119311010946710;08;3;11;000;2024;01;19;6;1;2;6;2;0;1;1;0;0;0;0;412955,216000000014901;5316338,166799999773502;7,833227108000074;47,994415570000058;1
199956;08240119226700987700;08;2;26;060;2024;01;15;6;3;6;7;0;0;0;1;1;0;0;0;477280,275700000114739;5463100,654200000688434;8,687368053000057;49,320215824000059;1
199957;08240119226200988720;08;2;26;032;2024;01;07;6;3;5;3;0;0;1;1;0;0;0;0;467080,724899999797344;5463046,580600000917912;8,547026756000037;49,319264588000067;1
199958;08240119221400951120;08;2;26;018;2024;01;11;6;3;6;7;0;2;0;1;1;0;0;0;473150,935300000011921;5472268,781700000166893;8,629929603000051;49,402514211000039;1
199959;08240119212702987680;08;2;15;017;2024;01;18;6;3;6;4;2;0;0;1;1;0;0;0;456022,739599999971688;5421621,131300000473857;8,399393786000076;48,945949867000081;1
199960;08240119212102961400;08;2;12;000;2024;01;19;6;3;3;6;2;1;1;1;0;0;0;0;456549,891099999658763;5428068,910700000822544;8,405903963000071;49,003986013000031;1
199961;08240119211100949470;08;2;11;000;2024;01;18;6;3;6;4;2;1;0;1;1;0;0;0;440863,875099999830127;5404661,189799999818206;8,194836417000033;48,792132711000079;1
199963;08240119121200986910;08;1;21;000;2024;01;09;6;3;5;3;0;1;1;1;0;0;0;0;516778,600800000131130;5443337,071900000795722;9,230053682000062;49,142631047000066;1
199966;08240119111500931950;08;1;11;000;2024;01;15;6;2;6;4;0;0;0;0;1;0;0;1;515538,658800000324845;5410161,758500000461936;9,211783994000029;48,844232982000051;1
199967;08240119111330930610;08;1;11;000;2024;01;17;6;3;6;2;2;0;0;1;1;0;0;0;512401,315000000409782;5408429,524499999359250;9,168971399000043;48,828720709000038;1
199968;08240119111110321800;08;1;11;000;2024;01;23;6;3;6;4;2;0;0;1;1;0;0;0;513055,099799999967217;5403020,798100000247359;9,177707365000060;48,780051056000048;1
199969;08240118426300989450;08;4;26;062;2024;01;07;5;3;6;6;1;0;0;1;1;0;0;0;555337,626299999654293;5319523,340199999511242;9,742219757000044;48,026601331000052;1
199971;08240118416010957260;08;4;16;041;2024;01;14;5;1;5;3;0;1;1;0;0;0;0;1;503109,029000000096858;5372816,426000000908971;9,042093792000060;48,508456554000077;1
199972;08240118335300956690;08;3;35;028;2024;01;05;5;3;7;1;2;1;1;0;0;0;0;0;484692,598899999633431;5287687,752900000661612;8,795809053000028;47,742380792000063;1
199975;08240118325000948720;08;3;26;074;2024;01;07;5;2;6;4;2;1;0;1;1;0;0;0;460840,087600000202656;5322382,506599999964237;8,474492003000023;48,053521417000070;1
199977;08240118317500954880;08;3;17;096;2024;01;21;5;2;0;7;2;2;1;0;0;0;0;0;421551,353900000452995;5369296,608899999409914;7,938623251000024;48,471904520000066;1
199978;08240118317500928650;08;3;17;096;2024;01;20;5;3;0;1;2;2;1;0;0;0;0;0;421583,351999999955297;5369298,629699999466538;7,939055716000041;48,471926688000053;1
199983;08240118222700986990;08;2;22;000;2024;01;11;5;3;6;4;0;2;0;1;1;0;0;0;465386,585799999535084;5480651,317399999126792;8,522182213000065;49,477519861000076;1
199984;08240118221400940230;08;2;21;000;2024;01;06;5;3;0;1;2;1;1;0;0;0;0;0;476537,374200000427663;5470712,549100000411272;8,676697174000026;49,388656094000055;1
199986;08240118221011951990;08;2;21;000;2024;01;15;5;3;5;3;0;1;1;1;0;0;0;0;477225,183699999935925;5470665,832699999213219;8,686177357000076;49,388261999000065;1
199988;08240118136300971990;08;1;36;065;2024;01;06;5;3;6;4;2;1;0;1;1;0;0;0;558971,778400000184774;5405782,866100000217557;9,803087215000062;48,802237854000055;1
199989;08240118121500957150;08;1;25;065;2024;01;15;5;3;6;4;0;1;0;1;1;0;0;0;516134,789599999785423;5448548,630799999460578;9,221435316000054;49,189527777000080;1
199990;08240118121300943150;08;1;21;000;2024;01;07;5;3;6;4;2;1;0;1;1;0;0;0;513975,070500000379980;5443063,391599999740720;9,191604854000047;49,140239386000076;1
199991;08240118119500955280;08;1;19;085;2024;01;07;5;3;5;2;1;1;1;0;0;0;0;1;528138,645299999974668;5413132,614499999210238;9,383716472000060;48,870514384000046;1
199992;08240118119200957500;08;1;19;020;2024;01;17;5;3;6;4;1;0;0;1;1;0;0;0;520103,366799999959767;5406976,854699999094009;9,273841803000039;48,815451219000067;1
199994;08240118118400927830;08;1;18;048;2024;01;12;5;3;6;7;0;2;0;1;1;0;0;0;512001,050499999895692;5417239,236099999397993;9,163776138000060;48,907978856000057;1
199995;08240118117300928900;08;1;17;026;2024;01;13;5;3;6;4;0;2;0;1;1;0;0;0;548114,372700000181794;5394939,421000000089407;9,653973266000037;48,705631851000078;1
199996;08240118116500939670;08;1;16;071;2024;01;13;5;3;6;4;0;0;0;1;1;0;0;0;527315,708499999716878;5390455,442099999636412;9,370988791000059;48,666552103000072;1
199997;08240118116400986110;08;1;16;016;2024;01;18;5;3;6;3;0;0;0;1;1;0;0;0;533437,179800000041723;5385321,871200000867248;9,453710779000062;48,620073305000062;1
199999;08240118111500941950;08;1;11;000;2024;01;16;5;3;6;2;2;2;0;1;1;0;0;0;514856,000099999830127;5395244,859200000762939;9,201940796000031;48,710058615000037;1
200000;08240118111500931170;08;1;11;000;2024;01;16;5;3;6;4;0;2;0;1;1;0;0;0;512744,917000000365078;5405064,507099999114871;9,173548536000055;48,798442502000057;1
200002;08240118111310192700;08;1;11;000;2024;01;07;5;3;5;7;1;1;1;1;0;0;0;0;517670,048700000159442;5406816,023900000378489;9,240689302000021;48,814078385000073;1
200005;08240117437100925530;08;4;37;044;2024;01;05;4;2;0;1;2;2;1;0;0;0;0;0;532026,534199999645352;5323430,187400000169873;9,429862907000029;48,063345174000062;1
200008;08240117416010926080;08;4;16;041;2024;01;09;4;3;0;1;0;2;1;0;0;0;0;0;502101,099999999627471;5374358,562999999150634;9,028455001000054;48,522334380000075;1
200009;08240117415100954750;08;4;15;050;2024;01;12;4;3;5;3;0;1;1;1;0;0;0;0;521064,516800000332296;5377511,593800000846386;9,285432371000070;48,550349841000070;1
200012;08240117311010941620;08;3;36;069;2024;01;17;4;2;6;4;2;1;0;1;1;0;0;0;408245,054600000381470;5268227,045700000599027;7,780271108000022;47,560974404000035;1
200014;08240117222500984970;08;2;22;000;2024;01;09;4;3;0;7;0;2;1;0;0;0;0;0;464744,904500000178814;5476658,878000000491738;8,513680008000051;49,441572647000044;1
200015;08240117221300941910;08;2;21;000;2024;01;17;4;3;1;5;2;1;1;1;0;0;0;0;476429,915300000458956;5473975,666600000113249;8,675022823000063;49,418003165000073;1
200016;08240117212402925340;08;2;12;000;2024;01;10;4;2;0;1;0;2;1;0;0;0;0;0;455792,026100000366569;5426365,595300000160933;8,395727586000021;48,988610666000056;1
200017;08240117212010944420;08;2;12;000;2024;01;07;4;3;0;1;1;1;1;0;0;0;0;0;461601,149000000208616;5427509,879699999466538;8,475019747000033;48,999292330000060;1
200019;08240117121500957850;08;1;25;065;2024;01;10;4;3;0;1;0;2;1;0;0;0;0;0;516602,755099999718368;5449110,447499999776483;9,227880876000029;49,194568963000052;1
200021;08240117121200954460;08;1;21;000;2024;01;07;4;3;5;3;0;1;1;1;0;0;0;0;516599,651899999938905;5443822,956499999389052;9,227620128000069;49,147006597000029;1
200022;08240117116200956570;08;1;16;078;2024;01;18;4;3;6;2;2;1;0;1;1;0;0;0;512326,691200000233948;5393457,645899999886751;9,167506167000056;48,694035892000045;1
200025;08240116435200922080;08;4;35;059;2024;01;19;3;3;0;1;1;0;1;0;0;0;0;0;512750,417000000365078;5290388,273000000044703;9,170161782000037;47,766734429000053;1
200029;08240116317010930000;08;3;17;065;2024;01;07;3;2;6;4;1;0;0;1;1;0;0;0;416944,576100000180304;5354875,449999999254942;7,879161925000062;48,341597202000059;1
200030;08240116311400938960;08;3;15;074;2024;01;07;3;3;6;2;2;0;0;1;1;0;0;0;397190,531299999915063;5296138,507200000807643;7,626785607000045;47,810384379000027;1
200031;08240116311010943540;08;3;36;050;2024;01;12;3;3;5;2;0;0;1;1;0;0;0;0;399437,944299999624491;5273701,510099999606609;7,661972148000075;47,608914723000055;1
200033;08240116226700984810;08;2;26;065;2024;01;17;3;3;6;7;2;0;0;1;1;0;0;0;478289,796400000341237;5457437,027400000020862;8,701566957000068;49,269308057000046;1
200038;08240116221300939660;08;2;21;000;2024;01;11;3;3;5;3;0;1;1;1;0;0;0;0;475760,050999999977648;5473615,497999999672174;8,665809098000068;49,414737192000075;1
200041;08240116128200954000;08;1;28;045;2024;01;11;3;3;6;7;0;1;0;1;1;0;0;0;556372,099299999885261;5506355,305800000205636;9,781846673000075;49,707067259000041;1
200044;08240119119200930550;08;1;19;020;2024;01;16;6;3;0;1;0;2;1;0;0;0;0;0;518986,349799999967217;5407134,703500000759959;9,258633617000044;48,816906338000081;1
200045;08240116121100923660;08;1;25;006;2024;01;18;3;3;6;2;2;1;0;1;1;0;0;0;506971,257500000298023;5454304,844200000166893;9,095774462000065;49,241479097000081;1
200047;08240116118200934340;08;1;18;080;2024;01;10;3;3;6;4;0;0;0;1;1;0;0;0;506734,544400000013411;5411263,601800000295043;9,091806790000021;48,854302964000055;1
200051;08240116111500945210;08;1;11;000;2024;01;12;3;2;6;2;0;0;0;1;1;0;0;0;510881,257100000046194;5402570,414499999955297;9,148104988000057;48,776041259000067;1
200053;08240115436300922910;08;4;36;081;2024;01;13;2;3;0;1;0;1;1;0;0;0;0;0;560088,860899999737740;5279586,856599999591708;9,800392650000049;47,666881654000065;1