OID_;UIDENTSTLAE;ULAND;UREGBEZ;UKREIS;UGEMEINDE;UJAHR;UMONAT;USTUNDE;UWOCHENTAG;UKATEGORIE;UART;UTYP1;ULICHTVERH;IstStrassenzustand;IstRad;IstPKW;IstFuss;IstKrad;IstGkfz;IstSonstige;LINREFX;LINREFY;XGCSWGS84;YGCSWGS84;PLST
200055;08240115335300979160;08;3;35;075;2024;01;13;2;3;6;4;0;0;0;0;1;0;0;1;488132,890999999828637;5289592,720000000670552;8,841648157000066;47,759593291000044;1
200058;08240115311010974040;08;3;11;000;2024;01;12;2;3;5;3;0;0;1;1;0;0;0;0;413044,811200000345707;5318222,510800000280142;7,834045845000048;48,011378034000074;1
200061;08240115222400920970;08;2;21;000;2024;01;10;2;3;6;2;0;1;0;1;1;0;0;0;478211,166799999773502;5473165,801100000739098;8,699626265000063;49,410784962000037;1
200063;08240115221011959890;08;2;21;000;2024;01;07;2;3;6;4;1;0;0;1;1;0;0;0;477207,418300000019372;5472652,204299999400973;8,685818612000048;49,406128468000077;1
200065;08240115212702935010;08;2;15;017;2024;01;08;2;3;5;3;1;1;1;1;0;0;0;0;453671,594899999909103;5420191,762399999424815;8,367448229000047;48,932920808000063;1
200067;08240115212010937350;08;2;12;000;2024;01;16;2;3;5;3;0;1;1;1;0;0;0;0;456852,068699999712408;5423926,854699999094009;8,410475105000046;48,966748745000075;1
200079;08240115118300947240;08;1;18;046;2024;01;11;2;3;4;7;0;1;1;0;0;0;0;1;512988,741799999959767;5412315,294500000774860;9,177098435000062;48,863664368000059;1
200080;08240115116500949620;08;1;16;071;2024;01;19;2;3;0;1;2;2;1;0;0;0;0;0;528071,733300000429153;5391319,121400000527501;9,381315143000052;48,674288181000065;1
200087;08240114416010923910;08;4;16;041;2024;01;01;1;3;0;1;2;1;1;0;0;0;0;0;503826,241000000387430;5372371,922100000083447;9,051800195000055;48,504453665000028;1
200089;08240114327200965750;08;3;27;049;2024;01;16;1;3;6;2;0;1;0;1;1;0;0;0;472964,965300000272691;5324507,365599999204278;8,637063777000037;48,073267542000053;1
200091;08240114316100944620;08;3;16;043;2024;01;16;1;2;0;7;0;0;1;0;0;0;0;0;411459,808600000105798;5331117,780200000852346;7,810126558000036;48,127155142000049;1
200094;08240114136010923820;08;1;36;050;2024;01;13;1;2;6;4;0;0;0;1;1;0;0;0;581383,616000000387430;5404481,354000000283122;10,107985962000043;48,788001541000028;1
200099;08240113416200946370;08;4;16;041;2024;01;15;7;3;6;7;0;0;0;1;1;0;0;0;504232,391999999992549;5373814,276000000536442;9,057313354000030;48,517427022000049;1
200102;08240113215502928040;08;2;15;106;2024;01;10;7;3;1;7;0;1;0;1;1;0;1;0;465242,548999999649823;5452264,816999999806285;8,522670736000066;49,222182025000052;1
200106;08240113117100914250;08;1;17;049;2024;01;11;7;3;6;2;0;0;0;1;1;0;0;0;555988,789099999703467;5392106,231499999761581;9,760609625000029;48,679489270000033;1
200108;08240112421300971500;08;4;21;000;2024;01;19;6;2;6;6;2;1;0;1;1;0;0;0;570977,411000000312924;5360939,350999999791384;9,958893884000076;48,397616697000046;1
200111;08240112417100911700;08;4;17;079;2024;01;07;6;3;6;2;1;2;0;1;1;0;0;0;501018,821100000292063;5339962,443199999630451;9,013714462000053;48,212888633000034;1
200115;08240112415400953560;08;4;15;061;2024;01;01;6;3;0;1;2;1;1;0;0;0;0;0;514936,593700000084937;5371120,197799999266863;9,202168337000046;48,493026765000081;1
200116;08240112325102917210;08;3;25;045;2024;01;11;6;3;6;4;0;1;0;1;1;0;0;0;468143,759399999864399;5348779,664999999105930;8,570522157000028;48,291414238000073;1
200118;08240112237200934970;08;2;37;040;2024;01;07;6;3;6;2;2;1;0;1;1;0;0;0;476180,939299999736249;5365255,831800000742078;8,677942147000067;48,439995164000038;1
200119;08240112221300912570;08;2;21;000;2024;01;08;6;3;3;2;0;0;1;1;0;0;0;0;476531,577999999746680;5473378,278999999165535;8,676459816000033;49,412633700000072;1
200120;08240112221200974920;08;2;21;000;2024;01;10;6;3;1;5;0;0;1;1;0;0;0;0;477537,690100000239909;5472853,391499999910593;8,690359750000027;49,407950396000047;1
200122;08240112216100926840;08;2;16;005;2024;01;15;6;3;6;7;0;0;0;1;1;0;0;0;445332,091900000348687;5418053,091499999165535;8,253879559000040;48,913002907000077;1
200123;08240112212010944350;08;2;12;000;2024;01;13;6;2;6;3;0;0;0;1;1;0;0;0;461876,644100000150502;5427575,525499999523163;8,478779927000062;48,999899906000053;1
200124;08240112212010938330;08;2;12;000;2024;01;09;6;3;1;7;0;0;1;1;0;0;0;0;456906,014399999752641;5424366,712500000372529;8,411165528000026;48,970709114000044;1
200125;08240112212010934160;08;2;12;000;2024;01;12;6;3;5;3;0;0;1;1;0;0;0;0;459305,666899999603629;5429313,444199999794364;8,443457169000055;49,015368662000071;1
200126;08240112135200925200;08;1;35;019;2024;01;11;6;3;6;4;0;0;0;1;1;0;0;0;584317,064500000327826;5392483,783600000664592;10,145460454000045;48,679701840000064;1
200129;08240112121200921090;08;1;21;000;2024;01;07;6;3;6;4;2;0;0;1;1;0;0;0;512391,678700000047684;5440359,926599999889731;9,169812837000052;49,115954685000077;1
200130;08240112119200920900;08;1;19;020;2024;01;09;6;3;6;4;0;0;0;1;1;0;0;0;520075,848000000230968;5407077,229900000616908;9,273471867000069;48,816355064000049;1
200132;08240112116400952110;08;1;16;033;2024;01;11;6;3;6;7;0;0;0;1;1;0;0;0;532949,863699999637902;5388391,148099999874830;9,447342608000042;48,647710122000035;1
200135;08240111326400908910;08;3;26;074;2024;01;05;5;3;5;3;2;0;1;1;0;0;0;0;462782,177000000141561;5325080,212999999523163;8,500318030000074;48,077908224000055;1
200136;08240111325000959400;08;3;27;054;2024;01;17;5;3;6;2;2;0;0;1;1;0;0;0;483574,888199999928474;5316863,828800000250340;8,779790228000024;48,004859792000047;1
200137;08240111311010922960;08;3;11;000;2024;01;21;5;3;5;3;2;0;1;1;0;0;0;0;415575,936099999584258;5315478,681199999526143;7,868517815000075;47,987035524000078;1
200138;08240111311010922660;08;3;15;047;2024;01;09;5;3;5;3;0;0;1;1;0;0;0;0;415343,463600000366569;5321044,158299999311566;7,864303892000066;48,037068488000045;1
200139;08240111226700973850;08;2;26;098;2024;01;09;5;3;0;7;0;0;1;0;0;0;0;0;477116,613199999555945;5459903,314200000837445;8,685299252000050;49,291449632000081;1
200141;08240111222500973800;08;2;22;000;2024;01;11;5;3;0;7;0;0;0;1;1;0;0;0;462137,500699999742210;5480190,631500000134110;8,477376480000032;49,473182264000059;1
200144;08240111221300936620;08;2;26;012;2024;01;09;5;3;4;6;0;0;1;1;0;0;0;0;475756,937199999578297;5477831,808599999174476;8,665508376000048;49,452661872000078;1
200148;08240111136100923800;08;1;36;088;2024;01;17;5;3;0;7;1;2;1;0;0;0;0;0;578175,869199999608099;5408165,299599999561906;10,065024047000065;48,821547800000076;1
200151;08240111119300909790;08;1;19;084;2024;01;11;5;3;6;4;0;0;0;1;1;0;0;0;546474,509999999776483;5413616,744000000879169;9,633798156000069;48,873766138000065;1
200152;08240111116100973790;08;1;16;056;2024;01;13;5;3;6;4;0;0;0;1;1;0;0;0;530878,922699999995530;5395528,590399999171495;9,419760533000044;48,712023435000049;1
200155;08240111111500909110;08;1;11;000;2024;01;07;5;3;6;4;1;0;0;1;1;0;0;0;516694,504800000227988;5408930,403000000864267;9,227487294000071;48,833125942000038;1
200156;08240110436300932940;08;4;36;081;2024;01;15;4;3;0;1;0;2;1;0;0;0;0;0;560454,258200000040233;5282961,375600000843406;9,805726673000038;47,697207465000076;1
200157;08240110425000908200;08;4;25;088;2024;01;06;4;3;4;2;2;0;1;1;0;0;0;0;562670,547899999655783;5350265,908800000324845;9,845093839000072;48,302482604000033;1
200158;08240110417300908960;08;4;17;051;2024;01;16;4;3;6;3;0;0;0;1;1;0;0;0;492060,973500000312924;5358739,146600000560284;8,892778853000038;48,381768224000041;1
200159;08240110311010933240;08;3;11;000;2024;01;10;4;2;0;1;0;2;1;0;0;0;0;0;410666,474600000306964;5315456,702899999916553;7,802738457000032;47,986170918000028;1
200160;08240110311010917970;08;3;11;000;2024;01;16;4;3;5;2;0;2;1;1;0;0;0;0;414584,550599999725819;5318370,759400000795722;7,854657871000029;48,012919254000053;1
200163;08240110222800933480;08;2;22;000;2024;01;07;4;3;3;2;2;0;1;1;0;0;0;0;463247,347199999727309;5485602,446000000461936;8,492191856000034;49,521926944000029;1
200164;08240110222500934110;08;2;22;000;2024;01;13;4;3;5;3;0;0;1;1;0;0;0;0;464080,596099999733269;5478370,408099999651313;8,504361504000030;49,456928240000082;1
200171;08240110212010941150;08;2;12;000;2024;01;08;4;3;5;3;0;0;1;0;0;0;0;0;453784,458599999547005;5430678,810100000351667;8,367797138000071;49,027261297000052;1
200172;08240110136000075360;08;1;36;065;2024;01;06;4;3;0;3;2;0;0;1;1;0;0;0;556502,105800000019372;5404544,464400000870228;9,769287692000034;48,791327679000062;1
200174;08240110119400910580;08;1;19;091;2024;01;13;4;3;1;5;0;0;1;1;0;0;0;0;527804,425499999895692;5407314,714099999517202;9,378764060000037;48,818193586000064;1
200177;08240110115200934580;08;1;15;021;2024;01;17;4;3;5;3;1;0;1;1;0;0;0;0;490445,555300000123680;5382211,465399999171495;8,870424916000047;48,592912147000050;1
200178;08240110111500918620;08;1;11;000;2024;01;07;4;3;6;4;0;0;0;0;1;0;0;1;510859,058500000275671;5397509,228700000792742;9,147669351000047;48,730511354000043;1
200179;08240110111500918440;08;1;11;000;2024;01;07;4;3;4;2;1;0;1;1;0;0;0;0;509064,928199999965727;5406841,563400000333786;9,123477228000070;48,814493275000075;1
200180;08240109436300923780;08;4;36;049;2024;01;07;3;3;6;4;2;2;0;1;1;0;0;0;578607,567099999636412;5283565,684800000861287;10,047743661000027;47,700690197000029;1
200185;08240109231300906770;08;2;36;076;2024;01;07;3;3;0;1;1;2;1;0;0;0;0;0;473183,448599999770522;5423027,053200000897050;8,633661807000067;48,959579045000055;1
200186;08240109226400905600;08;2;26;037;2024;01;11;3;3;5;3;0;0;1;1;0;0;0;0;466205,757100000046194;5469117,700999999418855;8,534472563000065;49,373825149000027;1
200187;08240109222301991610;08;2;26;038;2024;01;14;3;3;5;3;0;0;1;1;0;0;0;0;471655,453300000168383;5480349,656700000166893;8,608739491000051;49,475131611000052;1
200189;08240109212010948830;08;2;12;000;2024;01;07;3;3;0;7;2;0;1;0;0;0;0;0;454823,447399999946356;5427512,424900000914931;8,382361503000027;48,998856419000049;1
200190;08240109136200929890;08;1;36;019;2024;01;05;3;3;6;4;2;0;0;1;1;0;0;0;583154,394600000232458;5422925,640799999237061;10,135838373000070;48,953656230000036;1
200193;08240109125102923790;08;1;26;039;2024;01;10;3;2;6;7;0;0;0;1;1;0;0;0;547731,693400000222027;5460964,076099999248981;9,656533080000031;49,299554895000028;1
200194;08240109121600905900;08;1;25;102;2024;01;11;3;3;0;3;0;0;1;1;0;0;0;0;520611,227099999785423;5444231,762099999934435;9,282648509000069;49,150562378000075;1
200195;08240109119400916790;08;1;19;091;2024;01;15;3;2;6;4;0;0;0;1;1;0;0;0;528965,732800000347197;5405222,517200000584126;9,394435867000027;48,799319742000080;1
200196;08240109118300989710;08;1;18;081;2024;01;06;3;3;0;7;2;0;1;0;0;0;0;1;518608,634399999864399;5412388,088500000536442;9,253726989000029;48,864176053000051;1
200198;08240109115300926970;08;1;15;028;2024;01;07;3;3;6;4;1;1;0;1;1;0;0;0;500723,927400000393391;5404868,080299999564886;9,009857454000041;48,796805685000038;1
200200;08240108426200929010;08;4;25;066;2024;01;17;2;3;6;2;1;0;0;1;1;0;0;0;578397,663399999961257;5347045,766400000080466;10,056537938000076;48,271763106000037;1
200202;08240108416100903790;08;4;16;036;2024;01;08;2;3;0;1;2;2;1;0;0;0;0;0;497924,884300000034273;5369612,265499999746680;8,971920495000063;48,479634883000074;1
200203;08240108337200920330;08;3;37;065;2024;01;12;2;3;6;7;0;0;0;1;1;0;0;0;447806,932500000111759;5275237,608999999240041;8,305291013000044;47,628436577000059;1
200205;08240108337010920710;08;3;37;125;2024;01;06;2;3;6;6;2;0;0;1;1;0;0;0;445373,909799999557436;5273893,755400000140071;8,273076850000052;47,616145182000025;1
200206;08240108336300927020;08;3;36;081;2024;01;12;2;2;6;7;0;0;0;1;1;0;0;0;411480,420500000007451;5277543,590399999171495;7,821389097000065;47,645234458000061;1
200207;08240108327100940890;08;3;27;050;2024;01;15;2;2;0;7;0;0;1;0;0;0;0;0;486149,319899999536574;5313807,409900000318885;8,814403790000028;47,977421697000068;1
200209;08240108326200965190;08;3;26;074;2024;01;08;2;3;5;3;0;0;1;1;0;0;0;0;463740,835900000296533;5322665,530200000852346;8,513393205000057;48,056239157000050;1
200210;08240108311010937510;08;3;11;000;2024;01;07;2;3;5;2;0;0;1;0;0;1;0;0;410228,673799999989569;5315643,281500000506639;7,796833309000021;47,987787933000050;1
200213;08240108222700958550;08;2;22;000;2024;01;08;2;3;6;4;0;0;0;0;1;0;0;1;461281,856800000183284;5481861,569599999114871;8,465402804000064;49,488157507000039;1
200215;08240108222200960860;08;2;22;000;2024;01;15;2;3;5;3;0;0;1;1;0;0;0;0;460617,698300000280142;5481869,577400000765920;8,456232130000046;49,488186793000068;1
200217;08240108221400923950;08;2;21;000;2024;01;19;2;3;6;4;2;0;0;1;1;0;0;0;476301,639299999922514;5470504,956700000911951;8,673461300000042;49,386779700000034;1
200219;08240108212010946460;08;2;12;000;2024;01;16;2;3;5;3;1;0;1;1;0;0;0;0;456517,699400000274181;5424374,373500000685453;8,405859086000021;48,970750823000060;1
200221;08240108136100906440;08;1;36;088;2024;01;14;2;3;6;2;0;0;0;1;1;0;0;0;580191,968399999663234;5410182,314899999648333;10,092879618000040;48,839432330000079;1
200222;08240108135200926760;08;1;35;026;2024;01;19;2;3;6;4;2;2;0;1;1;0;0;0;591065,080299999564886;5395164,254000000655651;10,237702647000049;48,702862125000081;1
200223;08240108121500904970;08;1;25;079;2024;01;15;2;3;3;6;0;0;1;1;0;0;0;0;511873,236999999731779;5455563,595599999651313;9,163157273000024;49,252726349000056;1
200224;08240108121200906570;08;1;21;000;2024;01;17;2;2;6;4;2;0;0;0;1;0;0;1;515943,394100000150502;5443265,596899999305606;9,218599311000048;49,142010354000035;1
200225;08240108119300904570;08;1;19;086;2024;01;11;2;3;2;6;0;0;1;1;0;0;0;0;536018,366999999620020;5405324,487999999895692;9,490479522000044;48,799868401000026;1
200229;08240108116100929570;08;1;16;019;2024;01;12;2;3;6;7;0;0;0;1;1;0;0;0;519879,184500000439584;5398775,697000000625849;9,270391555000060;48,741681939000046;1
200231;08240108115300904520;08;1;15;028;2024;01;07;2;3;0;7;1;2;0;0;1;0;0;1;500250,580900000408292;5404516,126700000837445;9,003411853000046;48,793639903000042;1
200232;08240108111500904360;08;1;11;000;2024;01;08;2;3;6;4;0;0;0;1;1;0;0;0;513688,879499999806285;5402500,424200000241399;9,186317068000051;48,775356191000071;1
200233;08240107416010920920;08;4;15;061;2024;01;00;1;2;1;1;2;1;1;0;0;0;0;1;513816,515399999916553;5372305,383600000292063;9,187047271000040;48,503714747000060;1
200238;08240107111140909550;08;1;11;000;2024;01;21;1;2;0;1;2;1;1;0;0;0;0;0;513512,303100000135601;5401537,935699999332428;9,183882109000024;48,766701573000034;1
200239;08240106421200902520;08;4;21;000;2024;01;20;7;3;0;1;2;1;1;0;0;0;0;0;574508,768000000156462;5361756,327400000765920;10,006739511000035;48,404558079000026;1
200245;08240105416200902230;08;4;16;041;2024;01;18;6;2;8;1;2;1;1;0;0;0;0;0;505593,184999999590218;5370969,327600000426173;9,075702527000033;48,491822119000062;1
200252;08240105311010902100;08;3;11;000;2024;01;14;6;3;6;7;0;0;1;0;1;0;0;0;413683,234699999913573;5316672,219499999657273;7,842916415000047;47,997519189000059;1
200253;08240105237200989490;08;2;37;019;2024;01;21;6;2;0;7;2;0;1;1;0;0;0;0;463024,582399999722838;5368639,880499999970198;8,499761676000048;48,469803210000066;1
200254;08240105226700915320;08;2;26;065;2024;01;11;6;3;5;2;0;1;1;1;0;0;0;0;476847,989699999801815;5455674,946200000122190;8,681849797000041;49,253405127000065;1
200255;08240105221400922810;08;2;21;000;2024;01;06;6;3;4;6;2;0;1;1;0;0;0;0;476255,690999999642372;5469569,512099999934435;8,672884050000050;49,378363707000062;1
200256;08240105212302901850;08;2;12;000;2024;01;06;6;3;0;7;2;0;1;0;0;0;0;0;455198,597299999557436;5428782,772700000554323;8,387349953000069;49,010310658000037;1
200257;08240105212010905520;08;2;12;000;2024;01;18;6;3;6;4;2;0;0;1;1;0;0;0;460694,656000000424683;5427776,167099999263883;8,462601177000067;49,001630591000037;1
200259;08240105115100917860;08;1;15;013;2024;01;12;6;3;2;6;0;0;1;1;0;0;0;0;495425,876400000415742;5389553,276399999856949;8,937885771000026;48,659016722000047;1
200263;08240104435100900610;08;4;35;024;2024;01;16;5;2;0;7;0;0;1;0;0;0;0;0;528665,230800000019372;5279949,800899999216199;9,381863848000023;47,672303637000027;1
200265;08240104416200901730;08;4;16;041;2024;01;14;5;3;0;7;0;1;1;0;0;0;0;0;504199,905600000172853;5374380,543500000610948;9,056879140000035;48,522521590000053;1
200266;08240104415400918520;08;4;15;061;2024;01;17;5;3;5;3;2;0;1;1;0;0;0;0;515375,246700000017881;5371473,686799999326468;9,208118526000021;48,496196295000061;1
200267;08240104316100915400;08;3;16;037;2024;01;14;5;3;0;1;0;0;1;0;0;0;0;0;407278,677000000141561;5333701,077099999412894;7,753388170000051;48,149796084000059;1
200268;08240104311010905430;08;3;36;050;2024;01;13;5;2;5;2;0;0;1;1;0;0;0;0;399127,983799999579787;5273459,571399999782443;7,657904820000056;47,606690231000073;1
200269;08240104221200956410;08;2;21;000;2024;01;17;5;3;5;3;2;0;1;1;0;0;0;0;475511,860299999825656;5472624,194099999964237;8,662448552000058;49,405810654000049;1
200270;08240104212010905370;08;2;12;000;2024;01;15;5;3;5;3;0;1;1;1;0;0;0;0;457346,973000000230968;5428571,209300000220537;8,416749148000065;49,008559858000069;1
200271;08240104136100949160;08;1;36;088;2024;01;12;5;3;6;4;0;0;0;0;1;0;0;1;580302,626099999994040;5410306,855299999937415;10,094411813000022;48,840538170000059;1
200273;08240104119200900520;08;1;19;020;2024;01;19;5;3;6;4;2;0;0;1;1;0;0;0;520347,378800000064075;5406624,789400000125170;9,277148161000071;48,812276165000071;1
200274;08240104115400919340;08;1;15;045;2024;01;16;5;3;6;3;1;0;0;1;1;0;0;0;500003,200000000186265;5394701,792999999597669;9,000043494000067;48,705350116000034;1
200276;08240104111500906060;08;1;11;000;2024;01;19;5;3;6;4;2;0;0;1;1;0;0;0;514366,092899999581277;5406425,052100000903010;9,195671698000069;48,810646438000049;1
200277;08240103437200899570;08;4;37;104;2024;01;15;4;3;6;6;0;0;1;0;1;0;0;0;516074,423499999567866;5325967,766400000080466;9,215850123000052;48,086777302000030;1
200278;08240103436200899980;08;4;36;064;2024;01;09;4;3;4;2;0;0;1;1;0;0;0;0;545626,845999999903142;5291378,110400000587106;9,609004570000025;47,774151027000073;1
200279;08240103421200904280;08;4;21;000;2024;01;06;4;3;6;4;2;1;0;0;1;0;0;1;573402,705500000156462;5360933,228900000452995;9,991653147000022;48,397283918000028;1
200280;08240103421200900600;08;4;21;000;2024;01;16;4;3;3;2;0;1;1;0;0;0;0;0;573409,058400000445545;5361653,754699999466538;9,991864966000037;48,403764457000079;1
200282;08240103415400900640;08;4;15;061;2024;01;12;4;3;0;2;0;1;1;1;0;0;0;0;515676,010900000110269;5369719,351299999281764;9,212123792000057;48,480406233000053;1
200283;08240103311010906650;08;3;36;091;2024;01;18;4;2;6;4;2;0;0;1;1;0;0;0;395408,723299999721348;5271969,862500000745058;7,608790447000047;47,592700519000061;1
200284;08240103231302911520;08;2;31;000;2024;01;19;4;2;6;4;2;1;0;1;1;0;0;0;477656,512199999764562;5415371,723600000143051;8,695186290000038;48,890892581000060;1
200285;08240103231000917470;08;2;31;000;2024;01;12;4;2;4;2;0;0;1;1;0;0;0;0;477501,696800000034273;5415375,291799999773502;8,693074107000029;48,890919078000081;1
200287;08240103212010904230;08;2;12;000;2024;01;07;4;2;6;7;0;1;0;1;1;0;0;0;461106,694199999794364;5429910,746300000697374;8,468029941000054;49,020857681000052;1
200288;08240103212010901070;08;2;12;000;2024;01;19;4;3;1;5;2;1;1;1;0;0;0;0;461491,828499999828637;5427215,535700000822544;8,473553112000047;48,996637826000040;1
200289;08240103128200905970;08;1;28;139;2024;01;14;4;2;5;3;0;1;1;1;0;0;0;0;551170,531200000084937;5490464,954299999400973;9,707636303000072;49,564614992000031;1
200290;08240103121200904120;08;1;21;000;2024;01;14;4;3;5;3;0;0;1;1;0;0;0;0;515420,055999999865890;5443339,209000000730157;9,211426710000069;49,142685881000034;1
200291;08240103115300985040;08;1;15;028;2024;01;17;4;3;5;3;0;0;1;1;0;0;0;0;501090,835300000384450;5403818,653999999165535;9,014850717000058;48,787364571000069;1
200293;08240103111250900770;08;1;11;000;2024;01;18;4;3;6;4;2;1;0;1;1;0;0;0;519784,528699999675155;5401075,059100000187755;9,269214574000046;48,762369798000066;1
200295;08240102436200902400;08;4;36;064;2024;01;19;3;3;0;7;2;1;0;1;1;0;0;0;545920,942900000140071;5291986,156099999323487;9,612994097000069;47,779600734000041;1
200298;08240102336200914800;08;3;36;069;2024;01;17;3;3;6;4;2;1;0;1;1;0;0;0;408554,402700000442564;5267713,038200000301003;7,784489385000029;47,556394121000039;1
200299;08240102327100946840;08;3;27;050;2024;01;16;3;3;6;4;1;1;0;1;1;0;0;0;485968,029199999757111;5314442,019899999722838;8,811953812000070;47,983127440000032;1
200300;08240102327100903140;08;3;27;050;2024;01;18;3;3;6;2;2;1;0;1;1;0;0;0;485433,565899999812245;5314422,390599999576807;8,804792035000048;47,982938884000077;1
200301;08240102317200909510;08;3;17;057;2024;01;15;3;3;5;3;0;0;1;1;0;0;0;0;413842,024199999868870;5379480,536299999803305;7,832237200000066;48,562494911000044;1
200303;08240102216100898900;08;2;16;043;2024;01;10;3;3;6;4;0;1;0;1;1;0;0;0;441566,550499999895692;5411837,637499999254942;8,203380149000054;48,856751448000068;1
200304;08240102111500898920;08;1;11;000;2024;01;20;3;3;5;3;2;1;1;1;0;0;0;0;512016,820600000210106;5402424,028599999845028;9,163556823000022;48,774703484000042;1
200305;08240101436400905560;08;4;36;082;2024;01;00;2;2;0;1;2;0;1;0;0;0;0;0;547817,056200000457466;5294849,558199999853969;9,638619098000049;47,805224675000034;1
200309;08240101335010901670;08;3;35;043;2024;01;00;2;2;6;4;2;1;0;1;1;0;0;0;513037,900600000284612;5281045,803700000047684;9,173718691000033;47,682669068000052;1
200311;08240101226700902630;08;2;26;098;2024;01;00;2;3;6;4;2;0;0;0;1;0;0;1;478639,873800000175834;5459854,437799999490380;8,706250005000072;49,291065137000032;1
200312;08240101221400907850;08;2;21;000;2024;01;00;2;3;6;1;2;1;0;1;1;0;0;0;474651,276899999938905;5475015,758600000292063;8,650433507000059;49,427287054000033;1
200316;08240101116400905380;08;1;16;033;2024;01;01;2;3;0;7;2;0;1;0;0;0;0;0;533420,805100000463426;5387323,199899999424815;9,453649951000045;48,638077965000036;1
200351;08240119222014938320;08;2;22;000;2024;01;05;6;3;0;1;2;1;1;0;0;0;0;0;461218,275999999605119;5481774,260800000280142;8,464533524000046;49,487368152000045;1
200376;08240105311010901480;08;3;11;000;2024;01;14;6;3;6;4;0;0;0;1;1;0;0;0;414623,493099999614060;5317620,339500000700355;7,855329352000069;48,006174151000039;1
200403;08240117421300984880;08;4;21;000;2024;01;08;4;3;0;1;0;2;1;0;0;0;0;0;572237,877899999730289;5361418,849700000137091;9,976002563000065;48,401786742000070;1
200421;08240120111330965810;08;1;11;000;2024;01;18;7;3;6;2;2;0;0;1;1;0;0;0;514341,941200000233948;5408881,639900000765920;9,195428643000071;48,832746076000035;1
200464;08240111118400910160;08;1;18;048;2024;01;10;5;3;5;2;0;0;1;1;0;0;0;0;513504,209699999541044;5415702,351199999451637;9,184238549000042;48,894122507000077;1
200481;08240115336200934570;08;3;36;069;2024;01;18;2;3;5;2;2;0;1;1;0;0;0;0;408534,435800000093877;5269203,052899999544024;7,783913829000028;47,569795251000073;1
200509;08240112311100953260;08;3;15;015;2024;01;01;6;3;0;1;2;2;1;0;0;0;0;0;394264,829800000414252;5320468,239600000903010;7,581749883000043;48,028745703000027;1
200542;08240118128200961720;08;1;28;115;2024;01;17;5;3;6;7;2;1;0;1;1;0;0;0;548217,334800000302494;5497565,030799999833107;9,667670883000028;49,628716089000079;1
200586;08240105415300920270;08;4;15;059;2024;01;14;6;3;5;3;0;0;1;1;0;0;0;0;516214,123999999836087;5367235,047000000253320;9,219309022000061;48,458042829000078;1
200592;08240115136300932440;08;1;36;042;2024;01;20;2;3;9;1;2;2;1;0;0;0;0;0;547143,035799999721348;5404647,776799999177456;9,641883084000028;48,793037013000060;1
200603;08240117121100940620;08;1;25;006;2024;01;07;4;3;6;4;2;2;0;1;1;0;0;0;507838,962500000372529;5454339,714199999347329;9,107696069000042;49,241782263000061;1
200704;08240103421300950570;08;4;21;000;2024;01;11;4;3;2;2;0;0;1;1;0;0;0;0;571814,555900000035763;5359847,446000000461936;9,970015181000065;48,387699904000044;1
200860;08240112115100938690;08;1;15;003;2024;01;18;6;3;5;3;2;0;1;1;0;0;0;0;500914,734199999831617;5392273,290699999779463;9,012427637000030;48,683502406000059;1
200884;08240105212010901830;08;2;12;000;2024;01;09;6;3;1;5;0;0;1;1;0;0;0;0;458253,777499999850988;5428367,215800000354648;8,429169401000024;49,006786915000077;1
200941;08240105212010916700;08;2;12;000;2024;01;15;6;3;1;7;0;0;1;1;0;0;0;0;460465,499200000427663;5428205,355799999088049;8,459426411000038;49,005476599000076;1
200945;08240302222500403990;08;2;22;000;2024;03;16;7;2;5;2;0;0;1;0;0;0;0;1;462151,506500000134110;5478894,106100000441074;8,477693788000067;49,461521526000070;1
200947;08240302212702393070;08;2;15;017;2024;03;15;7;3;5;2;0;0;1;0;0;0;0;0;456994,497999999672174;5420999,538000000640750;8,412730158000045;48,940426827000067;1
200948;08240302212302725730;08;2;12;000;2024;03;14;7;3;5;3;0;0;1;1;0;0;0;0;456182,642099999822676;5428842,230699999257922;8,400799367000047;49,010916150000071;1
200949;08240302136000429760;08;1;36;042;2024;03;15;7;3;5;3;0;0;1;0;0;1;0;0;550389,165199999697506;5405052,238800000399351;9,686127657000043;48,796420674000046;1
200950;08240302136000422430;08;1;36;065;2024;03;07;7;3;0;7;0;0;0;1;1;0;0;0;559239,687800000421703;5405797,733899999409914;9,806737417000022;48,802346115000034;1
200952;08240302121200398840;08;1;21;000;2024;03;12;7;3;0;2;0;0;1;1;0;0;0;0;513149,205000000074506;5440609,601999999955297;9,180201894000049;49,118184876000043;1
200953;08240302121200357010;08;1;21;000;2024;03;12;7;3;0;7;0;0;1;0;0;0;0;0;515420,147699999623001;5444222,354599999263883;9,211461771000074;49,150630061000072;1
200954;08240302118010424790;08;1;18;050;2024;03;18;7;3;6;4;2;0;0;1;1;0;0;0;505369,334499999880791;5417040,652000000700355;9,073271838000039;48,906285451000031;1
200955;08240302117100359620;08;1;17;042;2024;03;15;7;3;5;3;0;0;1;1;0;0;0;0;554539,199099999852479;5393354,866800000891089;9,741083423000021;48,690849519000039;1
200956;08240302116100412370;08;1;16;056;2024;03;04;7;3;5;3;2;0;1;1;0;0;0;0;530276,194000000134110;5395762,244000000879169;9,411584553000068;48,714154901000029;1