OID_;UIDENTSTLAE;ULAND;UREGBEZ;UKREIS;UGEMEINDE;UJAHR;UMONAT;USTUNDE;UWOCHENTAG;UKATEGORIE;UART;UTYP1;ULICHTVERH;IstStrassenzustand;IstRad;IstPKW;IstFuss;IstKrad;IstGkfz;IstSonstige;LINREFX;LINREFY;XGCSWGS84;YGCSWGS84;PLST
200957;08240302115100600110;08;1;15;003;2024;03;02;7;3;0;7;2;0;1;0;0;0;0;0;500529,972199999727309;5390193,234400000423193;9,007197570000073;48,664790400000072;1
200962;08240301421300520210;08;4;21;000;2024;03;15;6;3;6;7;0;0;0;1;1;0;0;0;570983,133399999700487;5360948,115900000557303;9,958972663000054;48,397694896000075;1
200963;08240301416100422520;08;4;16;036;2024;03;17;6;3;5;2;0;0;1;1;0;0;0;0;485937,748999999836087;5371060,828999999910593;8,809667910000030;48,492512839000028;1
200966;08240301336400360220;08;3;36;014;2024;03;14;6;3;0;7;0;0;1;0;0;0;0;0;392274,641999999992549;5278622,021400000900030;7,565479731000039;47,652023334000035;1
200967;08240301336300422740;08;3;36;081;2024;03;18;6;2;0;7;1;0;1;0;1;0;0;0;411331,149699999950826;5277989,307499999180436;7,819311668000068;47,649223621000033;1
200970;08240301326400411690;08;3;26;074;2024;03;20;6;2;5;2;2;0;1;1;0;0;0;0;456229,145200000144541;5320664,605599999427795;8,412794173000066;48,037766420000025;1
200971;08240301311010403320;08;3;11;000;2024;03;07;6;3;6;2;0;0;0;1;1;0;0;0;413605,487200000323355;5315437,451099999248981;7,842122955000036;47,986401501000046;1
200972;08240301226400407060;08;2;26;084;2024;03;09;6;3;5;3;0;0;1;1;0;0;0;0;468999,710799999535084;5470091,671900000423193;8,572883157000035;49,382734368000058;1
200974;08240301222700512890;08;2;22;000;2024;03;20;6;3;3;5;2;0;1;1;0;0;0;0;462102,376099999994040;5480987,632300000637770;8,476815311000053;49,480348692000064;1
200975;08240301215502421090;08;2;15;099;2024;03;13;6;3;6;4;0;0;0;1;1;0;0;0;462795,474999999627471;5445621,082000000402331;8,489681146000066;49,162278156000070;1
200978;08240301136300387300;08;1;36;042;2024;03;12;6;3;6;4;0;1;0;1;1;0;0;0;550519,224000000394881;5405145,871099999174476;9,687909995000041;48,797252369000034;1
200981;08240301116300407530;08;1;16;078;2024;03;09;6;3;6;7;0;0;0;0;1;0;0;1;513528,645200000144541;5393700,568600000813603;9,183847272000037;48,696196332000056;1
200984;08240301111330349850;08;1;11;000;2024;03;20;6;3;1;7;2;0;1;1;0;0;0;0;511758,506299999542534;5409292,788699999451637;9,160237750000022;48,836499004000075;1
200985;08240301111230351180;08;1;11;000;2024;03;07;6;3;0;7;0;0;1;0;0;0;0;0;511636,979100000113249;5397726,250199999660254;9,158254165000073;48,732449638000048;1
200986;08240229436300057880;08;4;36;052;2024;02;12;5;3;1;5;0;0;1;0;0;0;0;1;568612,554499999620020;5289969,125099999830127;9,915550247000056;47,759437511000044;1
200989;08240229426300057630;08;4;26;097;2024;02;14;5;3;5;3;0;0;1;1;0;0;0;0;535229,666199999861419;5333735,852099999785423;9,473705496000036;48,155893347000074;1
200990;08240229426000075960;08;4;26;087;2024;02;11;5;3;6;7;0;0;0;1;1;0;0;0;570946,025799999944866;5324485,967199999839067;9,952364627000065;48,069701364000025;1
200992;08240229415400065580;08;4;15;061;2024;02;16;5;3;5;2;0;0;1;1;0;0;0;0;515170,713000000454485;5372283,301000000908971;9,205379408000056;48,503484835000052;1
200993;08240229415400054420;08;4;15;061;2024;02;07;5;3;5;3;0;0;1;1;0;0;0;0;515691,524299999698997;5372313,803899999707937;9,212431190000075;48,503746454000066;1
200994;08240229415300057400;08;4;15;059;2024;02;15;5;3;5;3;0;0;1;1;0;0;0;0;516619,665599999949336;5370125,549599999561906;9,224909143000048;48,484036298000035;1
200999;08240229316200075340;08;3;16;056;2024;02;07;5;3;5;3;0;0;1;1;0;0;0;0;423354,885999999940395;5328443,489000000059605;7,970433977000027;48,104642140000067;1
201000;08240229311400073440;08;3;15;006;2024;02;17;5;3;5;3;0;0;1;1;0;0;0;0;402678,746399999596179;5308482,991900000721216;7,697291114000052;47,922277340000051;1
201001;08240229311010070100;08;3;15;064;2024;02;06;5;3;5;2;2;1;1;1;0;0;0;0;421890,569400000385940;5313418,652200000360608;7,953508226000054;47,969306487000040;1
201002;08240229311010054400;08;3;11;000;2024;02;07;5;3;5;3;0;0;1;1;0;0;0;0;411091,941599999554455;5318075,088999999687076;7,807896818000074;48,009783219000042;1
201006;08240229226400067970;08;2;26;063;2024;02;07;5;3;3;6;0;0;1;1;0;0;0;0;470337,655500000342727;5470967,216399999335408;8,591251305000071;49,390676330000076;1
201007;08240229222014074770;08;2;22;000;2024;02;14;5;2;2;6;0;0;1;1;0;0;0;0;462619,384700000286102;5478271,429300000891089;8,484208977000037;49,455949814000064;1
201010;08240229216300078060;08;2;16;017;2024;02;19;5;3;6;7;0;0;0;1;1;0;0;0;451202,696700000204146;5401979,162299999967217;8,335911315000033;48,768904252000027;1
201011;08240229215102076340;08;2;15;105;2024;02;15;5;2;5;3;0;0;1;1;0;0;0;0;457362,021300000138581;5441346,126700000837445;8,415608895000048;49,123471864000066;1
201013;08240229212010070170;08;2;12;000;2024;02;08;5;2;1;5;0;0;1;1;0;0;0;0;455710,093100000172853;5431216,996500000357628;8,394078384000068;49,032243620000031;1
201014;08240229212010070000;08;2;12;000;2024;02;15;5;3;3;6;0;0;1;0;0;0;0;0;454842,020200000144541;5429183,156500000506639;8,382429583000032;49,013886148000040;1
201016;08240229127100068240;08;1;27;076;2024;02;11;5;3;5;3;0;0;1;1;0;0;0;0;550738,047000000253320;5439014,721999999135733;9,695108735000076;49,101886110000066;1
201017;08240229121400063900;08;1;25;108;2024;02;20;5;3;0;1;2;0;1;0;0;0;0;0;494944,639899999834597;5433803,128699999302626;8,930804330000058;49,057077278000065;1
201018;08240229121400063330;08;1;25;013;2024;02;08;5;3;6;2;0;0;0;1;1;0;0;0;504742,224999999627471;5436295,004200000315905;9,064938815000062;49,079495443000042;1
201020;08240229119300058540;08;1;19;067;2024;02;13;5;3;5;3;0;0;1;1;0;0;0;0;538178,928999999538064;5405927,118000000715256;9,519955745000061;48,805160451000063;1
201022;08240229118500056780;08;1;18;078;2024;02;19;5;3;3;5;2;0;1;1;0;0;0;0;514677,728500000201166;5420498,643999999389052;9,200421350000056;48,937241799000049;1
201023;08240229118100058970;08;1;18;079;2024;02;17;5;3;5;3;0;0;1;1;0;0;0;0;509383,725999999791384;5420689,963999999687076;9,128137487000060;48,939065808000066;1
201025;08240229116500073100;08;1;16;049;2024;02;10;5;3;6;4;0;0;1;0;1;0;0;0;523993,482499999925494;5386930,812400000169873;9,325664477000032;48,634980941000038;1
201027;08240229111500479770;08;1;11;000;2024;02;07;5;2;0;1;0;2;1;0;0;0;0;0;513565,716000000014901;5403233,498999999836087;9,184664908000059;48,781953569000052;1
201030;08240229111230403890;08;1;11;000;2024;02;18;5;3;0;7;2;0;1;0;0;0;0;0;514956,879099999554455;5400074,607699999585748;9,203487310000071;48,753504527000075;1
201031;08240229111210363040;08;1;11;000;2024;02;07;5;3;0;7;0;0;1;0;0;0;0;0;515435,491499999538064;5396683,209699999541044;9,209871710000073;48,722983942000042;1
201032;08240228436000063740;08;4;37;088;2024;02;07;4;3;5;7;0;0;1;1;0;0;0;0;519359,283200000412762;5307541,249500000849366;9,259127688000035;47,920900972000027;1
201033;08240228416200053760;08;4;16;041;2024;02;14;4;3;0;1;0;0;1;0;0;0;0;0;503968,664499999955297;5372324,974099999293685;9,053727898000034;48,504030419000060;1
201035;08240228311010064600;08;3;11;000;2024;02;07;4;3;0;7;0;0;1;0;0;0;0;0;413760,066300000064075;5315409,945000000298023;7,844199744000036;47,986174936000054;1
201036;08240228311010056750;08;3;15;073;2024;02;14;4;2;5;2;0;0;1;1;0;0;0;0;412444,890800000168383;5313063,922399999573827;7,827055483000038;47,964892981000048;1
201037;08240228311010054610;08;3;11;000;2024;02;08;4;3;0;7;0;0;1;1;0;0;0;0;414330,754900000058115;5317121,013699999079108;7,851505055000075;48,001643358000081;1
201038;08240228311010054210;08;3;11;000;2024;02;16;4;3;3;2;0;0;1;1;0;0;0;0;414022,071000000461936;5318133,145899999886751;7,847164763000023;48,010706402000039;1
201041;08240228222500078090;08;2;22;000;2024;02;18;4;3;0;7;2;0;1;0;0;0;0;0;463935,993800000287592;5477524,559699999168515;8,502443286000073;49,449311632000047;1
201045;08240228136000077010;08;1;36;044;2024;02;09;4;3;5;3;0;0;1;1;0;0;0;0;558002,853400000371039;5408584,979900000616908;9,790289663000067;48,827534179000054;1
201046;08240228128100066420;08;1;28;007;2024;02;16;4;3;2;6;0;0;1;1;0;0;0;0;555720,277900000102818;5482285,646299999207258;9,769393500000035;49,490648684000064;1
201047;08240228118400070490;08;1;18;048;2024;02;07;4;3;5;3;1;0;1;1;0;0;0;0;519268,361299999989569;5417470,759700000286102;9,262961840000060;48,909878088000028;1
201048;08240228118300072960;08;1;18;051;2024;02;13;4;3;6;5;0;0;0;1;1;0;0;0;510010,043499999679625;5415206,309299999848008;9,136555494000049;48,889726539000037;1
201052;08240228111500345630;08;1;11;000;2024;02;15;4;2;6;7;0;0;0;1;1;0;0;0;516108,177699999883771;5399368,260399999096990;9,219122901000048;48,747121546000074;1
201055;08240227421300052430;08;4;21;000;2024;02;19;3;3;6;4;2;0;0;1;1;0;0;0;570921,746600000187755;5360566,708699999377131;9,958079031000068;48,394270931000051;1
201056;08240227417000053800;08;4;16;036;2024;02;11;3;2;5;3;0;0;1;1;0;0;0;0;495064,447700000368059;5368577,194099999964237;8,933226632000071;48,470306980000032;1
201057;08240227415300074210;08;4;15;059;2024;02;10;3;3;6;4;0;0;0;1;1;0;0;0;516780,999200000427663;5368639,139299999922514;9,227032732000055;48,470659720000072;1
201058;08240227335100069030;08;3;35;043;2024;02;21;3;3;6;4;2;0;1;0;1;0;0;0;511865,344200000166893;5281649,172299999743700;9,158111866000070;47,688120556000058;1
201059;08240227335100061700;08;3;35;043;2024;02;17;3;3;1;5;1;0;1;1;0;0;0;0;513033,399000000208616;5279665,036299999803305;9,173617494000041;47,670245489000081;1
201060;08240227335000054150;08;3;35;075;2024;02;14;3;3;6;2;0;0;0;1;1;0;0;0;487690,239900000393391;5290074,847899999469519;8,835727896000037;47,763922948000072;1
201064;08240227231000061670;08;2;36;040;2024;02;13;3;2;6;1;0;0;0;1;1;0;0;0;488346,285699999891222;5420934,953600000590086;8,840858274000027;48,941231056000049;1
201067;08240227222200074580;08;2;22;000;2024;02;22;3;3;0;7;2;0;1;0;0;0;0;0;461629,428700000047684;5482291,564300000667572;8,470159912000042;49,492047157000059;1
201070;08240227212010050760;08;2;12;000;2024;02;08;3;3;5;2;0;0;1;1;0;0;0;0;456576,154600000008941;5428253,223999999463558;8,406243334000067;49,005645782000045;1
201071;08240227212000062810;08;2;12;000;2024;02;13;3;2;1;5;0;0;1;1;0;0;0;0;458121,882399999536574;5428540,767699999734759;8,427348082000037;49,008339105000061;1
201073;08240227117100062230;08;1;17;042;2024;02;12;3;3;1;1;0;0;1;1;0;0;0;0;554717,393500000238419;5393518,907500000670552;9,743526259000021;48,692309521000027;1
201077;08240226436400831430;08;4;36;082;2024;02;10;2;3;6;2;0;0;0;1;1;0;0;0;547764,824599999934435;5294758,819900000467896;9,637911570000028;47,804412187000025;1
201078;08240226436400047570;08;4;36;082;2024;02;10;2;3;6;4;0;0;0;1;1;0;0;0;547768,684000000357628;5294757,918999999761581;9,637963011000068;47,804403795000042;1
201079;08240226415400073970;08;4;15;061;2024;02;08;2;3;6;6;0;0;1;0;1;0;0;0;514847,733199999667704;5371089,202800000086427;9,200964507000037;48,492750030000082;1
201080;08240226415300070680;08;4;15;019;2024;02;15;2;3;0;1;0;0;1;0;0;0;0;0;519231,735000000335276;5370488,196000000461936;9,260273865000045;48,487224288000050;1
201081;08240226336100077250;08;3;36;050;2024;02;19;2;2;0;1;2;0;1;0;0;0;0;0;399133,412999999709427;5274062,299000000581145;7,657838307000077;47,612112810000042;1
201082;08240226335300061930;08;3;35;075;2024;02;14;2;3;7;1;0;0;1;0;0;0;0;0;488957,209800000302494;5289463,947399999946356;8,852650901000061;47,758449304000067;1
201084;08240226335200047720;08;3;35;063;2024;02;22;2;3;0;1;2;0;1;0;0;0;0;0;496383,223100000061095;5287314,432600000873208;8,951757462000046;47,739193311000065;1
201088;08240226316100060300;08;3;16;011;2024;02;14;2;3;5;3;0;0;1;1;0;0;0;0;413143,408400000073016;5330763,540999999269843;7,832819398000026;48,124200712000061;1
201090;08240226231302059860;08;2;31;000;2024;02;19;2;3;6;4;2;0;0;1;1;0;0;0;478823,254499999806285;5415738,753299999982119;8,711083948000066;48,894235232000028;1
201091;08240226226000078370;08;2;26;082;2024;02;18;2;3;2;7;1;0;1;0;0;0;0;1;475755,361700000241399;5480599,891699999570847;8,665317086000073;49,477559983000049;1
201092;08240226222500077170;08;2;22;000;2024;02;06;2;3;5;3;2;1;1;1;0;0;0;0;461745,177199999801815;5479780,652799999341369;8,472001040000066;49,469470119000050;1
201094;08240226212702049560;08;2;15;108;2024;02;13;2;3;6;2;0;0;0;0;1;0;0;1;450126,586000000126660;5425487,449999999254942;8,318400654000072;48,980280186000073;1
201095;08240226212010057690;08;2;12;000;2024;02;20;2;3;5;3;2;0;1;0;0;0;0;0;456530,135700000450015;5427784,796900000423193;8,405664274000060;49,001428982000050;1
201096;08240226212010048910;08;2;12;000;2024;02;16;2;3;5;3;0;0;1;1;0;0;0;0;454629,662200000137091;5429496,831000000238419;8,379490531000044;49,016692091000039;1
201098;08240226126100069340;08;1;26;046;2024;02;10;2;3;6;2;0;0;0;1;1;0;0;0;549659,111700000241399;5458791,380699999630451;9,682772177000061;49,279858886000056;1
201100;08240226119200067250;08;1;19;020;2024;02;21;2;2;6;2;2;0;0;1;1;0;0;0;520781,917700000107288;5407205,475600000470877;9,283096277000027;48,817485519000059;1
201101;08240226118600059460;08;1;18;050;2024;02;12;2;3;0;7;0;0;1;0;0;0;0;0;505805,214599999599159;5417197,253200000151992;9,079222233000053;48,907690264000053;1
201103;08240226111500348210;08;1;11;000;2024;02;08;2;3;3;6;0;1;1;1;0;0;0;1;507474,184000000357628;5396942,073999999091029;9,101629184000046;48,725459007000040;1
201104;08240226111110353160;08;1;11;000;2024;02;07;2;2;0;1;0;1;1;0;0;0;0;0;512690,181300000287592;5403102,066199999302626;9,172742589000052;48,780789689000073;1
201105;08240225437100078380;08;4;35;020;2024;02;16;1;3;6;6;0;0;0;1;1;0;0;0;519436,990000000223517;5300444,785900000482798;9,259848220000038;47,857049826000036;1
201106;08240225417300045390;08;4;17;013;2024;02;15;1;3;0;1;0;0;1;0;0;0;0;0;509187,140599999576807;5348710,445599999278784;9,123858876000043;48,291526701000066;1
201107;08240225416010072590;08;4;15;059;2024;02;17;1;2;0;1;0;0;1;0;0;0;0;0;517249,494099999777973;5367275,769799999892712;9,233314794000023;48,458381650000035;1
201109;08240225311010068580;08;3;11;000;2024;02;16;1;3;0;7;0;0;1;0;0;0;0;0;414371,933000000193715;5318194,411499999463558;7,851842676000047;48,011304485000039;1
201113;08240225119300047110;08;1;19;067;2024;02;18;1;2;0;7;1;0;1;0;0;0;0;0;538470,901100000366569;5407339,044399999082088;9,524064272000032;48,817843480000079;1
201114;08240225111320391690;08;1;11;000;2024;02;13;1;3;5;3;0;0;1;1;0;0;0;0;518470,901499999687076;5407061,583300000056624;9,251608918000045;48,816264101000058;1
201117;08240224435100067750;08;4;35;057;2024;02;13;7;2;3;6;0;0;1;1;0;0;0;0;544472,511800000444055;5279936,713600000366569;9,592429645000038;47,671291876000055;1
201120;08240224416200066910;08;4;16;041;2024;02;16;7;3;3;2;0;0;1;1;0;0;0;0;505028,508700000122190;5375256,109899999573827;9,068111430000044;48,530392403000064;1
201121;08240224416010061680;08;4;15;019;2024;02;14;7;2;6;4;0;0;0;1;1;0;0;0;518342,150100000202656;5370172,179600000381470;9,248220859000071;48,484407890000057;1
201127;08240224311010066310;08;3;11;000;2024;02;20;7;3;0;7;2;0;1;0;0;0;0;0;413368,024699999950826;5317049,461600000038743;7,838615727000047;48,000869974000068;1
201129;08240224226600065870;08;2;26;096;2024;02;14;7;3;5;3;0;0;1;1;0;0;0;0;472820,414300000295043;5488321,788499999791384;8,624271101000033;49,546891208000034;1
201130;08240224226400056790;08;2;26;037;2024;02;12;7;3;1;7;0;0;1;1;0;0;0;0;465873,600999999791384;5468649,125199999660254;8,529937349000022;49,369591920000062;1
201131;08240224222800615500;08;2;22;000;2024;02;10;7;2;6;2;0;0;0;1;1;0;0;0;459375,236800000071526;5488408,332100000232458;8,438404731000048;49,546916893000059;1
201132;08240224222400058890;08;2;22;000;2024;02;13;7;3;5;5;0;0;1;1;0;0;0;0;469327,925800000317395;5476671,246300000697374;8,576896754000074;49,441932452000060;1
201134;08240224121300063190;08;1;21;000;2024;02;11;7;2;0;7;0;0;1;0;0;0;0;0;514330,072100000455976;5443309,235700000077486;9,196480807000057;49,142442659000039;1
201136;08240224118300042920;08;1;18;046;2024;02;12;7;3;6;6;0;0;1;0;1;0;0;0;513042,886400000192225;5413998,299900000914931;9,177890345000037;48,878803169000037;1
201137;08240302222014520330;08;2;22;000;2024;03;15;7;3;3;7;0;0;0;0;1;0;0;1;461924,203800000250340;5481458,088500000536442;8,474310414000058;49,484569052000040;1
201141;08240223416200041260;08;4;16;041;2024;02;17;6;3;0;7;2;0;1;0;0;0;0;0;498298,172000000253320;5374848,335599999874830;8,976950302000034;48,526741761000039;1
201143;08240223336100066980;08;3;36;050;2024;02;07;6;3;5;3;1;1;1;1;0;0;0;0;399241,447399999946356;5274632,797800000756979;7,659144234000053;47,617261441000039;1
201146;08240223316100039100;08;3;16;037;2024;02;15;6;3;5;3;0;0;1;1;0;0;0;0;407147,081299999728799;5333784,491200000047684;7,751601138000069;48,150527178000061;1
201147;08240223311010063420;08;3;36;081;2024;02;07;6;3;6;6;1;0;0;0;1;0;0;1;411912,469700000248849;5277656,327199999243021;7,827117746000056;47,646307569000044;1
201148;08240223311010063410;08;3;36;050;2024;02;07;6;3;5;3;0;0;1;1;0;0;0;0;399431,907999999821186;5273436,021999999880791;7,661952775000032;47,606525628000043;1
201149;08240223311010051820;08;3;11;000;2024;02;10;6;3;5;2;0;0;1;0;0;0;0;1;412971,941100000403821;5316379,449699999764562;7,833442876000049;47,994789200000071;1
201153;08240223215302065770;08;2;15;089;2024;02;17;6;3;5;3;0;0;0;1;1;0;0;0;470729,001500000245869;5429298,171299999579787;8,599681023000073;49,015879013000074;1
201154;08240223212702455450;08;2;15;017;2024;02;14;6;3;5;3;0;0;1;1;0;0;0;0;456655,902400000020862;5420692,582499999552965;8,408139306000066;48,937642059000041;1
201155;08240223212502039220;08;2;12;000;2024;02;13;6;3;5;2;0;0;1;0;0;0;0;1;453547,398199999704957;5429833,410299999639392;8,364651307000031;49,019639093000080;1
201156;08240223212010076440;08;2;12;000;2024;02;18;6;3;0;7;2;0;1;0;0;0;0;0;460698,895600000396371;5427093,179400000721216;8,462725223000064;48,995487234000052;1
201160;08240223117100047250;08;1;17;019;2024;02;20;6;3;0;7;2;0;1;0;0;0;0;0;551827,694799999706447;5393125,268699999898672;9,704213443000071;48,689015287000075;1
201161;08240223116400063990;08;1;16;033;2024;02;11;6;3;6;2;0;0;0;0;1;0;0;1;533257,014499999582767;5388246,502900000661612;9,451500879000037;48,646392640000045;1
201162;08240223116400063940;08;1;16;070;2024;02;12;6;3;1;5;0;0;1;0;0;0;0;1;540692,492899999953806;5385501,390599999576807;9,552171760000022;48,621258336000039;1
201165;08240222436200052120;08;4;36;064;2024;02;14;5;3;0;7;0;1;1;0;0;0;0;0;546134,673399999737740;5292043,078299999237061;9,615853043000072;47,780097592000061;1
201166;08240222426100064690;08;4;26;021;2024;02;12;5;3;5;7;0;0;1;1;0;0;0;0;559261,912800000049174;5327097,190300000831485;9,795899065000071;48,094385301000045;1
201167;08240222416200068830;08;4;16;041;2024;02;10;5;3;6;4;0;1;0;1;1;0;0;0;502211,115000000223517;5374615,624600000679493;9,029946287000030;48,524646621000045;1
201169;08240222416100060270;08;4;16;036;2024;02;11;5;2;6;4;0;1;0;1;1;0;0;0;495227,207999999634922;5368934,627000000327826;8,935424544000057;48,473523860000057;1
201170;08240222416010057220;08;4;16;036;2024;02;20;5;3;6;4;2;0;0;0;1;0;0;1;495640,130400000140071;5369070,651599999517202;8,941009926000049;48,474750596000035;1
201175;08240222311010062100;08;3;11;000;2024;02;08;5;3;5;2;0;1;1;1;0;0;0;0;409518,684200000017881;5315492,113800000399351;7,787351677000061;47,986328097000069;1
201176;08240222311010052220;08;3;11;000;2024;02;13;5;3;5;2;0;0;1;1;0;0;0;0;413121,930999999865890;5318260,831800000742078;7,835071934000041;48,011733233000029;1
201178;08240222311010037920;08;3;11;000;2024;02;15;5;3;6;4;0;1;0;0;1;1;0;0;414222,280700000002980;5316908,677400000393391;7,850093590000029;47,999718768000037;1
201179;08240222225100076210;08;2;25;058;2024;02;18;5;3;6;4;1;1;0;1;1;0;0;0;510347,503999999724329;5466437,807000000029802;9,142473043000052;49,350568851000048;1
201180;08240222221011076070;08;2;21;000;2024;02;05;5;2;6;4;2;1;0;0;1;0;0;1;476372,541299999691546;5472186,400100000202656;8,674338262000049;49,401906793000080;1
201181;08240222212502039760;08;2;12;000;2024;02;17;5;3;5;2;0;1;1;1;0;0;0;0;453164,566499999724329;5427930,687100000679493;8,359635069000035;49,002495080000074;1
201183;08240222135100076180;08;1;35;015;2024;02;13;5;3;6;2;0;0;0;0;1;0;0;1;576246,863099999725819;5386085,442199999466538;10,034666875000028;48,623188588000062;1
201184;08240301335100420540;08;3;35;043;2024;03;12;6;3;5;3;0;1;1;1;0;0;0;0;511753,103799999691546;5281056,745799999684095;9,156600255000058;47,682792161000066;1
201185;08240222121500050130;08;1;25;065;2024;02;06;5;3;5;2;2;1;1;1;0;0;0;0;517167,775999999605119;5448084,733999999240041;9,235592180000026;49,185326860000032;1
201187;08240222121200055150;08;1;21;000;2024;02;14;5;3;6;4;0;0;0;1;1;0;0;0;517351,900999999605119;5443280,470000000670552;9,237911772000075;49,142105967000077;1
201188;08240222117300061310;08;1;17;026;2024;02;06;5;3;5;3;1;1;1;1;0;0;0;0;550879,661100000143051;5393108,531199999153614;9,691330877000041;48,688942740000073;1
201191;08240222111250313610;08;1;11;000;2024;02;17;5;3;5;3;2;1;1;1;0;0;0;0;516200,270200000144541;5405140,694900000467896;9,220603032000042;48,799047433000055;1
201194;08240221435100068670;08;4;35;016;2024;02;13;4;2;6;4;0;0;0;1;1;0;0;0;536947,033599999733269;5280004,557600000873208;9,492190780000044;47,672376100000065;1
201195;08240221421300049800;08;4;21;000;2024;02;17;4;3;6;7;0;0;0;1;1;0;0;0;572667,780000000260770;5355965,615199999883771;9,980867233000026;48,352683998000032;1
201198;08240221415400075570;08;4;15;061;2024;02;07;4;3;4;6;0;0;1;0;0;0;0;1;515230,624599999748170;5372307,540799999609590;9,206191364000063;48,503701455000055;1
201202;08240221317600057850;08;3;17;041;2024;02;05;4;3;4;2;2;0;1;1;0;0;0;0;438440,382000000216067;5348227,796499999240041;8,170182226000065;48,284257286000070;1
201203;08240221311400059800;08;3;15;074;2024;02;19;4;3;4;6;2;0;1;1;0;0;0;0;397155,929700000211596;5295480,549900000914931;7,626479647000053;47,804460589000030;1
201205;08240221311010047860;08;3;11;000;2024;02;16;4;3;4;2;0;0;1;1;0;0;0;0;414028,554600000381470;5317574,187799999490380;7,847363734000055;48,005679250000071;1
201207;08240221215102060910;08;2;15;090;2024;02;08;4;2;5;3;0;0;1;0;0;0;0;1;464935,451999999582767;5434043,675000000745058;8,520038831000022;49,058263893000060;1
201209;08240221212010063380;08;2;12;000;2024;02;11;4;3;3;2;0;0;1;0;0;0;1;0;455948,878299999982119;5425882,172299999743700;8,397923845000037;48,984273417000054;1
201210;08240221212010032640;08;2;12;000;2024;02;08;4;3;6;4;0;1;0;1;1;0;0;0;456392,241499999538064;5428223,094000000506639;8,403731973000049;49,005361792000031;1
201211;08240221136100046130;08;1;36;088;2024;02;18;4;3;6;3;1;0;0;1;1;0;0;0;580923,742700000293553;5412911,081900000572205;10,103389771000025;48,863880392000056;1
201212;08240221126100071150;08;1;26;046;2024;02;16;4;3;6;7;0;0;0;1;1;0;0;0;550167,656000000424683;5458758,206100000068545;9,689759554000034;49,279518971000073;1
201213;08240221121600049970;08;1;25;046;2024;02;12;4;3;6;7;0;0;0;0;1;0;1;0;520245,563299999572337;5433527,370799999684095;9,277097484000024;49,054284792000033;1
201214;08240221121200070730;08;1;21;000;2024;02;18;4;2;6;1;2;0;0;1;1;0;0;0;516708,827200000174344;5443196,523700000718236;9,229091188000041;49,141368673000045;1
201218;08240221118010051280;08;1;18;078;2024;02;12;4;2;0;7;0;0;1;1;1;0;0;0;513157,122800000011921;5421163,238099999725819;9,179679365000027;48,943254474000071;1
201220;08240221116400042420;08;1;16;033;2024;02;00;4;3;0;1;2;0;1;0;0;0;0;0;535267,514999999664724;5387665,720000000670552;9,478745237000055;48,641057778000061;1
201221;08240221115300060370;08;1;15;028;2024;02;09;4;3;0;7;0;0;1;1;0;0;0;0;500408,750400000251830;5404201,337200000882149;9,005565141000034;48,790807991000065;1
201222;08240221111500035930;08;1;11;000;2024;02;18;4;3;0;7;0;1;1;0;0;0;0;1;515478,441999999806285;5404917,548000000417233;9,210765382000034;48,797058425000046;1
201223;08240221111250034040;08;1;11;000;2024;02;09;4;3;6;3;0;0;0;1;1;0;0;0;515269,298700000159442;5403696,864000000059605;9,207872192000025;48,786082465000050;1
201225;08240220435100034630;08;4;35;016;2024;02;16;3;3;0;1;0;0;1;0;0;0;0;0;537398,973899999633431;5278779,508500000461936;9,498106202000031;47,661327896000046;1
201226;08240220421200044680;08;4;21;000;2024;02;05;3;3;4;2;2;1;1;1;0;0;0;0;572801,504700000397861;5361883,172599999234080;9,983697079000024;48,405898588000071;1
201227;08240220336400032100;08;3;36;091;2024;02;15;3;3;3;2;0;0;1;1;0;0;0;0;396037,998499999754131;5274400,051300000399351;7,616581829000040;47,614661718000036;1
201229;08240220335100041080;08;3;35;043;2024;02;11;3;3;0;1;0;0;1;0;0;0;0;0;512422,854299999773502;5280150,652100000530481;9,165498298000045;47,674626916000079;1
201231;08240220311010054160;08;3;11;000;2024;02;11;3;3;3;6;0;0;1;1;0;0;0;0;413859,580900000408292;5315965,087999999523163;7,845421783000063;47,991182066000079;1
201232;08240220311010043710;08;3;11;000;2024;02;18;3;2;0;1;2;0;1;0;0;0;0;0;410407,714100000448525;5318867,025399999693036;7,798559103000059;48,016811274000077;1
201233;08240220311010032460;08;3;11;000;2024;02;18;3;3;5;3;2;0;1;1;0;0;0;0;411451,131799999624491;5315688,401100000366569;7,813204419000044;47,988364223000076;1
201234;08240220231000075100;08;2;31;000;2024;02;17;3;3;0;7;1;0;1;1;0;0;0;0;478055,691399999894202;5415765,378699999302626;8,700610739000069;48,894448035000039;1
201235;08240220226600057760;08;2;26;096;2024;02;14;3;3;5;2;0;0;1;1;0;0;0;0;476101,524000000208616;5489655,122999999672174;8,669547209000029;49,559022399000071;1
201236;08240220222601075090;08;2;22;000;2024;02;00;3;3;2;2;2;0;1;1;0;0;0;0;462086,260999999940395;5482846,182000000029802;8,476414591000037;49,497064366000075;1
201237;08240220222500034770;08;2;22;000;2024;02;13;3;3;3;6;0;0;1;0;0;0;0;0;462429,691899999976158;5477975,705099999904633;8,481619694000074;49,453278210000065;1