OID_;UIDENTSTLAE;ULAND;UREGBEZ;UKREIS;UGEMEINDE;UJAHR;UMONAT;USTUNDE;UWOCHENTAG;UKATEGORIE;UART;UTYP1;ULICHTVERH;IstStrassenzustand;IstRad;IstPKW;IstFuss;IstKrad;IstGkfz;IstSonstige;LINREFX;LINREFY;XGCSWGS84;YGCSWGS84;PLST
201239;08240220221011053310;08;2;21;000;2024;02;17;3;2;4;6;1;0;1;0;0;0;0;0;476848,956500000320375;5472492,861500000581145;8,680886811000050;49,404681673000027;1
201241;08240220212010050750;08;2;12;000;2024;02;16;3;2;5;2;0;0;1;1;0;0;0;0;453280,369099999777973;5429366,064300000667572;8,361053103000074;49,015415136000058;1
201242;08240220136100059220;08;1;36;088;2024;02;09;3;3;5;2;0;1;1;1;0;0;0;0;580955,054299999959767;5412923,409900000318885;10,103819059000045;48,863987186000031;1
201244;08240220126200054650;08;1;26;066;2024;02;11;3;3;6;4;0;0;0;0;1;0;0;1;535730,271999999880791;5449762,242399999871850;9,490465911000058;49,199615499000060;1
201245;08240220121200045010;08;1;21;000;2024;02;08;3;3;6;2;0;0;0;1;1;0;0;0;516015,443599999882281;5442757,885500000789762;9,219566996000026;49,137441448000061;1
201246;08240220118500047730;08;1;18;049;2024;02;17;3;3;0;7;1;0;1;0;0;0;0;0;516990,208100000396371;5419431,692500000819564;9,231953061000070;48,927584690000060;1
201247;08240220118200059690;08;1;18;019;2024;02;15;3;3;4;6;0;0;1;1;0;0;0;0;506044,231700000353158;5405413,681099999696016;9,082310070000062;48,801684907000038;1
201249;08240220117100058190;08;1;17;019;2024;02;18;3;3;0;1;1;0;1;0;0;0;0;0;552330,785400000400841;5394214,028500000014901;9,711186620000035;48,698767135000026;1
201252;08240220111310832010;08;1;11;000;2024;02;12;3;3;0;7;0;0;1;0;0;0;0;0;516263,618200000375509;5406073,989399999380112;9,221502620000024;48,807441564000044;1
201255;08240219416200057260;08;4;16;041;2024;02;15;2;3;0;1;0;0;1;0;0;0;0;0;503293,041899999603629;5373982,157500000670552;9,044594382000071;48,518942976000062;1
201259;08240219335100027780;08;3;35;043;2024;02;09;2;3;5;3;0;0;1;1;0;0;0;0;511412,427099999971688;5280088,320499999448657;9,152035724000029;47,674084703000062;1
201261;08240219316100053710;08;3;16;012;2024;02;07;2;3;6;7;2;1;0;0;1;0;0;1;403311,133799999952316;5333137,214500000700355;7,700187719000041;48,144133500000066;1
201262;08240219311010057590;08;3;11;000;2024;02;18;2;3;4;6;2;0;1;0;0;0;0;0;413616,106599999591708;5317047,979800000786781;7,841941095000038;48,000890217000062;1
201263;08240219311010038800;08;3;11;000;2024;02;14;2;3;5;2;0;0;1;0;0;0;1;0;414324,127100000157952;5317097,803999999538064;7,851420855000072;48,001433690000056;1
201265;08240219231302032000;08;2;31;000;2024;02;15;2;3;6;7;0;0;0;0;1;0;0;1;479635,623800000175834;5418746,401799999177456;8,722016990000043;48,921318235000058;1
201268;08240219222200448300;08;2;22;000;2024;02;20;2;3;5;3;0;0;1;1;0;0;0;0;461465,126600000075996;5481347,700600000098348;8,467983256000025;49,483547195000028;1
201269;08240219222200074570;08;2;22;000;2024;02;14;2;3;1;5;0;0;1;1;0;0;0;0;460699,261599999852479;5482650,899700000882149;8,457280563000040;49,495219639000027;1
201271;08240219221400074470;08;2;21;000;2024;02;15;2;3;6;4;0;0;1;0;1;0;0;0;474125,759300000034273;5475159,791899999603629;8,643177212000069;49,428560467000068;1
201274;08240219128100031150;08;1;28;007;2024;02;17;2;3;5;3;1;0;1;1;0;0;0;0;555964,224399999715388;5482179,693800000473857;9,772746625000025;49,489673293000067;1
201275;08240219127202068090;08;1;27;014;2024;02;18;2;2;6;4;2;1;0;1;1;0;0;0;579031,601800000295043;5442665,503100000321865;10,083384379000051;49,131736180000075;1
201277;08240219119200044860;08;1;19;093;2024;02;15;2;3;5;3;0;0;1;1;0;0;0;0;523647,285099999979138;5405863,210999999195337;9,322051052000063;48,805308354000033;1
201278;08240219118300028410;08;1;18;081;2024;02;20;2;3;0;7;2;1;1;0;0;0;0;0;521866,709499999880791;5416107,942399999126792;9,298348918000045;48,897532364000028;1
201279;08240219118010058090;08;1;18;071;2024;02;08;2;3;6;2;0;1;0;1;1;0;0;0;509656,288999999873340;5420680,271999999880791;9,131859174000056;48,938974427000062;1
201280;08240219118010058080;08;1;15;045;2024;02;10;2;3;6;7;0;0;0;1;1;0;0;0;497423,543200000189245;5396819,628299999982119;8,964967724000076;48,724396972000079;1
201281;08240219118010043240;08;1;18;048;2024;02;16;2;3;6;4;0;0;1;0;1;0;0;0;513406,735100000165403;5415669,485600000247359;9,182907627000077;48,893828974000030;1
201282;08240219116100058990;08;1;16;019;2024;02;15;2;3;6;4;0;0;0;0;1;0;0;1;520027,447499999776483;5398686,543400000780821;9,272403832000066;48,740875171000027;1
201284;08240218436400025590;08;4;36;082;2024;02;20;1;3;9;1;2;1;1;0;0;0;0;0;546691,622600000351667;5296122,670299999415874;9,623726480000073;47,816761435000046;1
201285;08240218415100041150;08;4;15;078;2024;02;21;1;3;5;7;2;1;1;1;0;0;0;0;527685,116200000047684;5372113,195499999448657;9,374783788000059;48,501527597000063;1
201286;08240218311010039610;08;3;11;000;2024;02;09;1;3;1;2;0;0;1;1;0;0;0;0;413232,573200000450015;5316405,053799999877810;7,836930565000046;47,995054939000056;1
201289;08240218121600055860;08;1;25;046;2024;02;17;1;2;5;3;1;0;1;1;0;0;0;0;517681,843000000342727;5433706,426999999210238;9,242016464000073;49,055974393000042;1
201291;08240218111500024380;08;1;11;000;2024;02;10;1;3;0;7;0;0;1;0;0;0;0;0;514642,897199999541044;5395995,011199999600649;9,199070683000059;48,716812032000064;1
201293;08240223316200041690;08;3;16;010;2024;02;14;6;3;6;4;0;0;0;1;1;0;0;0;430999,377700000070035;5336163,078400000929832;8,071855912000046;48,174959961000070;1
201295;08240217327200052180;08;3;27;002;2024;02;18;7;3;6;4;2;0;0;1;1;0;0;0;478456,468500000424683;5326458,542500000447035;8,710685838000074;48,091031369000063;1
201297;08240217317200053620;08;3;17;057;2024;02;17;7;3;0;7;1;0;1;1;0;0;0;0;412435,367999999783933;5381120,256999999284744;7,812830749000057;48,577048227000034;1
201299;08240217221201038250;08;2;21;000;2024;02;16;7;3;0;7;0;0;1;0;0;0;0;0;478352,887699999846518;5473012,022099999710917;8,701588340000058;49,409406801000046;1
201300;08240217221011026670;08;2;21;000;2024;02;18;7;3;5;3;2;1;1;1;0;0;0;0;476539,648400000296533;5472971,446499999612570;8,676595115000055;49,408974622000073;1
201303;08240217212702024950;08;2;15;017;2024;02;13;7;3;5;3;0;0;1;1;0;0;0;0;455568,700500000268221;5421538,242699999362230;8,393202286000076;48,945171816000027;1
201304;08240217212402045450;08;2;12;000;2024;02;16;7;3;5;3;0;0;1;1;0;0;0;0;455822,940399999730289;5425861,294399999082088;8,396204936000061;48,984076623000078;1
201306;08240217119400033550;08;1;19;090;2024;02;11;7;3;4;6;0;0;1;0;0;0;0;0;530711,966500000096858;5406507,096000000834465;9,418310358000042;48,810791584000071;1
201307;08240217119300025560;08;1;19;001;2024;02;14;7;3;4;1;0;1;1;1;0;0;0;0;555028,896800000220537;5408250,662200000137091;9,749728325000035;48,824797592000039;1
201308;08240217119100039910;08;1;19;008;2024;02;18;7;2;6;4;2;0;0;1;1;0;0;0;531892,093200000002980;5421588,738500000908971;9,435560077000048;48,946399766000070;1
201312;08240217111500048760;08;1;11;000;2024;02;16;7;2;6;4;0;0;0;1;1;0;0;0;515015,119800000451505;5409538,713999999687076;9,204625639000028;48,838641080000059;1
201313;08240217111310037210;08;1;11;000;2024;02;10;7;3;1;5;0;0;1;1;0;0;0;0;515982,207100000232458;5405592,895700000226498;9,217651237000041;48,803121015000045;1
201314;08240217111230043670;08;1;11;000;2024;02;03;7;3;1;5;2;1;1;1;0;0;0;0;512262,298000000417233;5399129,156099999323487;9,166799746000038;48,745058170000050;1
201317;08240216436100021640;08;4;36;055;2024;02;16;6;3;6;4;0;0;0;1;1;0;0;0;576201,742700000293553;5297436,384299999102950;10,018114378000064;47,825761253000053;1
201319;08240216435100021660;08;4;35;016;2024;02;15;6;2;6;4;0;0;0;1;1;0;0;0;532482,347000000067055;5279910,401000000536442;9,432709220000049;47,671768643000064;1
201320;08240216426100022390;08;4;26;021;2024;02;13;6;3;0;1;0;0;1;0;0;0;0;0;559649,218200000002980;5329265,112099999561906;9,801403251000067;48,113852093000048;1
201326;08240216311010037160;08;3;11;000;2024;02;15;6;2;6;3;0;0;1;0;1;0;0;0;412037,602800000458956;5314749,220699999481440;7,821255382000061;47,979996943000060;1
201327;08240216311010020040;08;3;36;091;2024;02;15;6;3;0;7;0;0;1;0;0;0;0;0;395654,733000000007451;5272010,519999999552965;7,612052055000049;47,593105876000038;1
201328;08240216311000036110;08;3;36;084;2024;02;11;6;3;3;6;0;0;1;1;0;0;0;0;406831,072300000116229;5277456,384800000116229;7,759517629000072;47,643797411000037;1
201329;08240216222200036710;08;2;22;000;2024;02;15;6;3;1;5;0;0;1;1;0;0;0;0;461454,495900000445545;5481840,051200000569224;8,467788492000068;49,487974952000059;1
201333;08240216127100022630;08;1;27;099;2024;02;18;6;2;8;7;2;0;1;0;0;0;0;0;563473,060600000433624;5447088,345399999991059;9,870830146000060;49,173320917000069;1
201334;08240216119300022610;08;1;19;067;2024;02;18;6;3;0;1;2;0;1;0;0;0;0;0;538869,908999999985099;5405947,426500000059605;9,529367652000076;48,805300306000049;1
201336;08240216118300049290;08;1;18;046;2024;02;19;6;3;6;4;2;1;0;1;1;0;0;0;514162,110000000335276;5412011,232999999076128;9,193086420000043;48,860903415000053;1
201341;08240215417300016720;08;4;17;031;2024;02;09;5;3;6;4;0;0;0;1;1;0;0;0;498170,165900000371039;5355153,124700000509620;8,975302613000053;48,349553486000048;1
201342;08240215335200070980;08;3;35;063;2024;02;22;5;3;0;1;2;0;1;0;0;0;0;0;497815,943699999712408;5287757,983799999579787;8,970865639000067;47,743190646000073;1
201343;08240215335100020970;08;3;35;043;2024;02;13;5;3;5;3;0;0;1;1;0;0;0;0;511622,314799999818206;5280527,538200000301003;9,154843518000064;47,678032897000037;1
201344;08240215316100040960;08;3;16;054;2024;02;11;5;2;5;3;0;0;1;1;0;0;0;0;418552,972000000067055;5336681,522600000724196;7,904366261000064;48,178149960000042;1
201345;08240215231000070920;08;2;31;000;2024;02;12;5;3;6;6;0;0;1;0;1;0;0;0;477780,123599999584258;5414147,519999999552965;8,696939146000034;48,879884494000066;1
201346;08240215231000019320;08;2;31;000;2024;02;17;5;3;6;4;1;0;0;1;1;0;0;0;477158,894299999810755;5414694,294299999251962;8,688435667000022;48,884780515000045;1
201347;08240215221400020250;08;2;21;000;2024;02;16;5;3;5;3;0;0;1;1;0;0;0;0;476212,204199999570847;5469535,106599999591708;8,672287018000077;49,378052537000030;1
201348;08240215211000030190;08;2;11;000;2024;02;15;5;3;7;7;0;0;1;0;0;0;0;1;440441,447700000368059;5404589,334699999541044;8,189095904000055;48,791446054000062;1
201350;08240215119400032730;08;1;19;091;2024;02;15;5;3;0;1;0;0;1;0;0;0;0;0;526679,557099999859929;5403869,705499999225140;9,363217087000066;48,787252496000065;1
201351;08240215118010045860;08;1;18;063;2024;02;13;5;3;6;6;0;0;0;1;1;0;0;0;514216,618499999865890;5422060,989399999380112;9,194179546000044;48,951306883000029;1
201352;08240228316200072970;08;3;16;056;2024;02;16;4;3;4;6;0;0;1;0;0;0;0;0;422611,120799999684095;5327374,556800000369549;7,960638612000025;48,094936574000030;1
201356;08240214415400069740;08;4;15;061;2024;02;17;4;3;3;2;0;0;1;1;0;0;0;0;515370,469800000078976;5370783,830099999904633;9,208028477000028;48,489990218000059;1
201361;08240214222500017920;08;2;22;000;2024;02;14;4;3;5;2;0;0;1;1;0;0;0;0;465734,176599999889731;5476216,581199999898672;8,527364082000076;49,437650931000064;1
201362;08240214226400055070;08;2;26;084;2024;02;17;4;3;1;5;1;0;1;1;0;0;0;0;467195,313500000163913;5473425,666600000113249;8,547747978000075;49,412628181000059;1
201363;08240214222200043090;08;2;22;000;2024;02;17;4;3;4;3;1;1;1;1;0;0;0;0;460927,484799999743700;5481819,488900000229478;8,460514232000037;49,487756300000058;1
201366;08240214211000035440;08;2;16;049;2024;02;15;4;3;0;1;0;0;1;0;0;0;0;0;439104,396399999968708;5401792,943600000813603;8,171307780000063;48,766162956000073;1
201368;08240214119400028770;08;1;19;079;2024;02;09;4;3;6;4;0;0;0;1;1;0;0;0;522595,624099999666214;5408794,002000000327826;9,307890189000034;48,831712203000052;1
201369;08240214118200040700;08;1;18;080;2024;02;20;4;3;6;3;2;0;0;1;1;0;0;0;506785,851099999621511;5411235,399000000208616;9,092505746000029;48,854048698000042;1
201370;08240214118010035370;08;1;18;011;2024;02;02;4;3;0;4;2;0;0;1;1;0;0;0;505840,387199999764562;5407421,944700000807643;9,079562707000036;48,819753003000073;1
201371;08240214118010033850;08;1;15;003;2024;02;08;4;2;6;4;0;0;0;1;1;0;0;0;500754,845300000160933;5392896,626399999484420;9,010256515000037;48,689110215000028;1
201375;08240213437200069810;08;4;37;008;2024;02;17;3;3;6;7;0;0;0;1;1;0;0;0;520902,634899999946356;5328862,424200000241399;9,280825262000064;48,112680243000057;1
201376;08240213415300051360;08;4;15;019;2024;02;16;3;3;5;2;0;0;1;1;0;0;0;0;518412,932099999859929;5369491,386700000613928;9,249148733000027;48,478281173000028;1
201377;08240213336400038950;08;3;36;091;2024;02;06;3;3;0;7;2;0;1;0;0;0;0;0;396527,296600000001490;5273520,898499999195337;7,623298550000072;47,606831889000034;1
201378;08240213335100042020;08;3;35;043;2024;02;18;3;3;5;3;2;0;1;1;0;0;0;0;513458,094700000248849;5279847,599099999293685;9,179280450000022;47,671879428000068;1
201379;08240213326400066180;08;3;26;074;2024;02;13;3;3;6;7;0;0;0;0;1;0;0;1;459648,286000000312924;5322572,570000000298023;8,458481374000030;48,055157100000031;1
201380;08240213311010024270;08;3;15;064;2024;02;15;3;3;0;1;0;0;1;0;0;0;0;0;421156,883299999870360;5312830,587300000712276;7,943788064000046;47,963926454000045;1
201382;08240213222600068380;08;2;22;000;2024;02;18;3;3;5;3;2;0;1;1;0;0;0;0;461926,407499999739230;5484988,393600000068545;8,474000589000070;49,516322357000035;1
201383;08240213222500013360;08;2;22;000;2024;02;11;3;2;5;3;0;0;1;1;0;0;0;0;461823,927199999801815;5480126,656500000506639;8,473054529000024;49,472587205000082;1
201385;08240213222200025200;08;2;22;000;2024;02;10;3;3;5;3;0;0;1;0;0;0;0;0;461357,956000000238419;5482129,549599999561906;8,466427292000049;49,490572694000036;1
201386;08240213221200068420;08;2;21;000;2024;02;16;3;3;1;7;0;0;1;1;0;0;0;0;478191,457399999722838;5472900,685499999672174;8,699369124000043;49,408399580000037;1
201387;08240213221011030270;08;2;26;095;2024;02;18;3;2;5;3;1;0;1;1;0;0;0;0;473746,609899999573827;5461654,386399999260902;8,638839554000072;49,307064966000041;1
201388;08240213215502046440;08;2;15;099;2024;02;10;3;3;0;3;0;0;1;1;0;0;0;0;462128,071800000034273;5444796,686499999836087;8,480604596000035;49,154821903000027;1
201389;08240213212402380950;08;2;12;000;2024;02;20;3;1;5;3;2;0;1;0;0;0;0;0;456355,589599999599159;5427872,563799999654293;8,403268519000051;49,002206139000066;1
201393;08240213118400024790;08;1;18;048;2024;02;07;3;3;5;3;1;1;1;1;0;0;0;0;516086,594100000336766;5414133,522199999541044;9,219408137000073;48,879948082000055;1
201394;08240213117100038270;08;1;17;049;2024;02;07;3;2;4;2;1;0;1;1;0;0;0;0;555892,991999999620020;5392305,223999999463558;9,759335244000056;48,681287857000029;1
201396;08240213116200068370;08;1;16;077;2024;02;13;3;3;6;6;0;0;0;1;1;0;0;0;517612,761800000444055;5391192,969200000166893;9,239240980000034;48,673535956000080;1
201399;08240213111500024620;08;1;11;000;2024;02;17;3;3;5;3;0;0;1;1;0;0;0;0;511418,970800000242889;5397513,287699999287724;9,155283528000041;48,730537860000027;1
201402;08240212436000706290;08;4;36;064;2024;02;17;2;2;4;3;2;1;1;1;0;0;0;0;545302,381599999964237;5291643,540200000628829;9,604701717000069;47,776562006000063;1
201403;08240212426000013850;08;4;25;020;2024;02;11;2;3;6;2;0;1;0;1;1;0;0;0;558407,393099999986589;5361278,996300000697374;9,789140696000061;48,401961941000081;1
201406;08240212311100720780;08;3;15;115;2024;02;07;2;3;2;6;1;0;1;1;0;0;0;0;407836,884100000374019;5320590,470200000330806;7,763721527000030;48,031948074000070;1
201408;08240212311010012250;08;3;11;000;2024;02;13;2;2;2;6;0;0;1;1;0;0;0;0;413982,042899999767542;5315659,486800000071526;7,847124087000054;47,988449552000077;1
201409;08240229437200058230;08;4;37;104;2024;02;14;5;3;5;3;0;0;1;1;0;0;0;0;516333,709999999962747;5325909,995300000533462;9,219329630000061;48,086250944000028;1
201411;08240212226200030250;08;2;26;003;2024;02;16;2;3;6;4;0;1;0;1;1;0;0;0;463742,836500000208616;5460401,679400000721216;8,501338909000026;49,295285111000055;1
201414;08240212212010019260;08;2;12;000;2024;02;19;2;3;6;4;2;0;0;0;1;0;0;1;455347,414800000376999;5428474,987400000914931;8,389418736000039;49,007552888000077;1
201415;08240212212010013290;08;2;12;000;2024;02;18;2;2;0;3;2;0;1;0;0;0;0;1;460728,402300000190735;5427118,819199999794364;8,463126104000025;48,995719748000056;1
201416;08240212135200035990;08;1;35;019;2024;02;14;2;3;6;4;0;1;0;1;1;0;0;0;585329,085599999874830;5392495,357999999076128;10,159208389000071;48,679668436000043;1
201417;08240212128200010780;08;1;28;115;2024;02;17;2;3;5;3;0;1;1;1;0;0;0;0;548576,045400000177324;5497475,314699999988079;9,672626519000062;49,627880430000062;1
201418;08240226212010068430;08;2;12;000;2024;02;10;2;2;5;7;0;1;1;1;0;0;0;0;457867,321800000034273;5428479,156500000506639;8,423873735000029;49,007767575000059;1
201420;08240212118500025000;08;1;18;070;2024;02;12;2;3;5;3;0;0;1;1;0;0;0;0;517360,028599999845028;5425185,119500000029802;9,237247154000045;48,979330026000071;1
201425;08240212111500046140;08;1;11;000;2024;02;06;2;3;1;5;2;0;1;1;0;0;0;0;519323,504099999554455;5401915,737299999222159;9,262980816000038;48,769946929000071;1
201428;08240211436400033240;08;4;36;082;2024;02;16;1;3;2;6;0;0;1;0;0;0;0;0;548153,196299999952316;5295467,788200000301003;9,643176785000037;47,810761780000064;1
201433;08240211222400037700;08;2;26;036;2024;02;14;1;3;6;4;0;0;0;1;1;0;0;0;468550,966300000436604;5479745,454099999740720;8,565935243000069;49,469544154000062;1
201437;08240211118300008070;08;1;18;046;2024;02;11;1;3;5;3;0;0;1;1;0;0;0;0;516306,621600000187755;5412726,258700000122190;9,222353002000034;48,867282946000046;1
201438;08240211111500278290;08;1;11;000;2024;02;02;1;3;6;7;2;0;0;1;1;0;0;0;513126,669900000095367;5402383,384099999442697;9,178661230000046;48,774315423000075;1
201439;08240211111330008760;08;1;11;000;2024;02;12;1;3;0;7;0;1;1;0;0;0;0;0;517000,115000000223517;5409616,990000000223517;9,231680129000040;48,839294049000046;1
201441;08240211111130007300;08;1;11;000;2024;02;15;1;3;0;7;0;0;1;0;0;0;0;0;511759,247499999590218;5402180,392200000584126;9,160044131000063;48,772516668000037;1
201442;08240210436000011760;08;4;36;064;2024;02;04;7;1;6;7;2;0;0;1;1;0;0;0;545150,130599999800324;5292860,654999999329448;9,602796151000064;47,787523115000056;1
201443;08240210435200034720;08;4;35;059;2024;02;12;7;3;4;7;0;0;1;1;0;0;0;0;515074,227400000207126;5292018,196599999442697;9,201230783000028;47,781349480000074;1
201444;08240210435200030650;08;4;35;053;2024;02;12;7;3;6;7;0;0;0;1;1;0;0;0;507168,222000000067055;5293829,978599999099970;9,095721100000048;47,797787503000052;1
201445;08240210415400007820;08;4;15;061;2024;02;13;7;3;5;3;0;0;1;1;0;0;0;0;513670,880300000309944;5371607,894099999219179;9,185052840000026;48,497443072000067;1
201447;08240210316200062610;08;3;16;055;2024;02;19;7;3;6;7;2;0;0;1;1;0;0;0;428833,734000000171363;5333875,642699999734759;8,043112310000026;48,154144062000057;1
201450;08240210311010006330;08;3;15;020;2024;02;19;7;3;6;7;2;0;0;1;1;0;0;0;426067,692200000397861;5312399,502800000831485;8,009638721000044;47,960634544000072;1
201451;08240210226600005760;08;2;26;096;2024;02;15;7;3;4;2;0;0;1;1;0;0;0;0;478935,857800000347197;5483697,378900000825524;8,709056233000069;49,505539744000032;1
201452;08240210216300007600;08;2;16;015;2024;02;17;7;3;0;7;0;1;1;0;0;0;0;0;449252,289499999955297;5408187,395099999383092;8,308602899000050;48,824593051000079;1
201455;08240210118400017780;08;1;18;048;2024;02;21;7;2;6;4;2;0;0;1;1;0;0;0;513034,095200000330806;5417299,449899999424815;9,177875764000021;48,908499641000049;1
201456;08240210118400008180;08;1;18;048;2024;02;12;7;3;4;6;0;0;1;1;0;0;0;0;513858,216199999675155;5415948,712200000882149;9,189076606000071;48,896330888000080;1
201459;08240209436300030090;08;4;36;052;2024;02;13;6;2;0;1;0;0;1;0;0;0;0;0;566660,386300000362098;5292917,469900000840425;9,889956734000066;47,786167001000081;1
201460;08240209426200026600;08;4;26;070;2024;02;22;6;3;1;5;2;1;1;1;0;0;0;0;565426,035400000400841;5342049,431900000199676;9,880975069000044;48,228290605000041;1
201461;08240209416100005180;08;4;16;048;2024;02;18;6;3;5;3;2;1;1;1;0;0;0;0;497421,674499999731779;5377422,825699999928474;8,965063017000034;48,549899758000038;1
201462;08240209415100013760;08;4;15;078;2024;02;06;6;3;2;4;2;1;0;1;1;0;0;0;528600,144299999810755;5371522,805600000545382;9,387130133000028;48,496175337000068;1
201464;08240209335200023610;08;3;35;063;2024;02;00;6;3;0;1;2;1;1;0;0;0;0;0;497318,111299999989569;5287450,478700000792742;8,964226668000038;47,740421963000074;1
201466;08240209316200027020;08;3;16;056;2024;02;15;6;3;5;3;0;0;1;1;0;0;0;0;422570,133700000122190;5327199,123700000345707;7,960120058000030;48,093353476000061;1
201467;08240217215102062260;08;2;15;105;2024;02;10;7;3;0;7;0;0;1;0;0;0;0;0;456861,350999999791384;5441496,940999999642372;8,408731020000062;49,124793493000027;1
201469;08240209311010054810;08;3;11;000;2024;02;14;6;2;5;3;0;0;1;0;0;0;0;1;414124,797600000165403;5319706,278699999675155;7,848226709000073;48,024871079000036;1
201470;08240209311010035860;08;3;11;000;2024;02;13;6;3;3;6;0;0;1;0;0;0;0;1;413646,518299999646842;5319063,855799999088049;7,841942752000023;48,019027800000060;1
201472;08240209235100027600;08;2;35;084;2024;02;15;6;3;6;7;0;0;0;1;1;0;0;0;475533,598000000230968;5395718,316700000315905;8,667396723000024;48,714014787000053;1
201473;08240209231102024070;08;2;36;033;2024;02;20;6;3;6;4;2;1;0;1;1;0;0;0;482542,223199999891222;5430143,442299999296665;8,761203856000066;49,023930041000028;1
201475;08240209225200022170;08;2;25;014;2024;02;05;6;3;6;7;2;1;0;0;1;0;0;1;523389,944400000385940;5485568,298100000247359;9,323178740000060;49,522282798000049;1
201477;08240209222700028280;08;2;22;000;2024;02;11;6;2;6;7;0;0;0;1;1;0;0;0;461467,629599999636412;5481739,355399999767542;8,467979641000056;49,487070081000070;1
201478;08240209212502004860;08;2;12;000;2024;02;19;6;3;5;3;2;1;1;1;0;0;0;0;451997,545300000347197;5427849,736899999901652;8,343689437000023;49,001677276000066;1
201481;08240209212010011640;08;2;12;000;2024;02;14;6;3;6;4;0;1;0;1;1;0;0;0;455742,911000000312924;5428254,979599999263883;8,394850431000066;49,005602385000032;1
201482;08240209136010014430;08;1;36;050;2024;02;08;6;3;6;2;0;1;0;1;1;0;0;0;581509,808000000193715;5404574,647199999541044;10,109722154000053;48,788824117000047;1
201484;08240209121500028700;08;1;25;065;2024;02;20;6;3;6;3;2;1;0;1;1;0;0;0;516838,134499999694526;5448408,521099999547005;9,231082135000065;49,188248545000079;1
201488;08240209121100004980;08;1;25;026;2024;02;09;6;3;5;3;0;1;1;1;0;0;0;0;493118,415000000037253;5442272,248999999836087;8,905663498000024;49,133243178000043;1
201489;08240209116200014710;08;1;16;015;2024;02;18;6;3;6;2;2;1;0;1;1;0;0;0;522835,878899999894202;5394348,484600000083447;9,310362040000030;48,701753708000069;1
201491;08240229121300349840;08;1;21;000;2024;02;16;5;3;1;5;0;0;0;1;1;0;0;0;513908,283599999733269;5443604,564300000667572;9,190707858000053;49,145108936000042;1
201492;08240208426100055500;08;4;26;021;2024;02;16;5;3;5;3;0;0;1;1;0;0;0;0;559481,966500000096858;5326193,175799999386072;9,798728179000022;48,086232128000063;1
201494;08240208416200024410;08;4;16;041;2024;02;10;5;3;0;7;0;0;1;0;0;0;0;0;504813,718399999663234;5375683,395600000396371;9,065207021000049;48,534238097000070;1
201495;08240208326400028860;08;3;26;074;2024;02;16;5;3;5;3;0;0;1;1;0;0;0;0;462728,432599999941885;5323864,915699999779463;8,499702489000072;48,066971383000066;1
201496;08240208326000003630;08;3;35;022;2024;02;10;5;3;1;7;0;0;1;1;0;0;0;0;483051,455299999564886;5300275,184399999678135;8,773425538000026;47,855594334000045;1
201501;08240208226700023420;08;2;26;098;2024;02;11;5;3;6;6;0;1;0;1;1;0;0;0;481004,564000000245869;5461113,115000000223517;8,738709618000030;49,302465101000053;1
201503;08240208221011029710;08;2;26;098;2024;02;06;5;3;5;3;1;1;1;0;0;0;0;1;475238,956000000238419;5460000,833000000566244;8,659471439000072;49,292253607000077;1
201504;08240208216300028520;08;2;16;015;2024;02;15;5;3;1;5;0;0;1;1;0;0;0;0;450215,953099999576807;5405911,576300000771880;8,322007194000037;48,804199422000067;1
201506;08240208212010008360;08;2;12;000;2024;02;08;5;3;5;3;0;1;1;1;0;0;0;0;453836,507899999618530;5427674,483200000599027;8,368850830000042;49,000241130000063;1
201507;08240208136300026760;08;1;36;065;2024;02;13;5;2;6;4;0;1;0;0;1;0;0;1;556747,443300000391901;5404091,833499999716878;9,772565185000076;48,787233865000076;1
201508;08240208135100015510;08;1;35;020;2024;02;17;5;3;6;4;1;0;1;0;1;0;0;0;586245,331399999558926;5386323,789999999105930;10,170367453000040;48,624033706000034;1
201509;08240228316100071580;08;3;16;011;2024;02;06;4;3;5;3;2;0;1;1;0;0;0;0;414641,657599999569356;5329435,204800000414252;7,853214662000028;48,112454754000055;1
201510;08240208128100028220;08;1;28;007;2024;02;18;5;3;0;7;2;1;1;0;0;0;0;0;556627,191499999724329;5483634,128200000151992;9,782108329000039;49,502692970000055;1
201511;08240208119400003410;08;1;19;079;2024;02;17;5;3;0;1;1;0;1;0;0;0;0;0;523277,447599999606609;5415433,704800000414252;9,317558281000061;48,891415761000076;1
201512;08240208119100030830;08;1;19;008;2024;02;06;5;3;6;4;2;1;1;0;1;0;0;0;531262,756000000052154;5419481,400000000372529;9,426803632000031;48,927475409000067;1
201514;08240208118400023570;08;1;18;048;2024;02;05;5;3;5;3;2;1;1;1;0;0;0;0;511299,351099999621511;5415514,308399999514222;9,154152487000033;48,892475055000034;1
201516;08240228121300063490;08;1;21;000;2024;02;18;4;3;6;6;1;0;1;0;1;0;0;0;514096,618599999696016;5443103,669900000095367;9,193272735000050;49,140598926000052;1
201520;08240208111500005090;08;1;11;000;2024;02;13;5;3;5;7;0;0;1;1;0;0;0;0;514810,814799999818206;5409212,198400000110269;9,201829594000060;48,835708713000031;1
201522;08240207435100036400;08;4;35;016;2024;02;18;4;3;6;2;2;0;0;0;1;0;0;1;535581,831100000068545;5277984,130200000479817;9,473840320000022;47,654274059000045;1