OID_;UIDENTSTLAE;ULAND;UREGBEZ;UKREIS;UGEMEINDE;UJAHR;UMONAT;USTUNDE;UWOCHENTAG;UKATEGORIE;UART;UTYP1;ULICHTVERH;IstStrassenzustand;IstRad;IstPKW;IstFuss;IstKrad;IstGkfz;IstSonstige;LINREFX;LINREFY;XGCSWGS84;YGCSWGS84;PLST
201523;08240207435100000230;08;4;35;016;2024;02;08;4;3;0;1;0;0;1;0;0;0;0;0;536995,617999999783933;5277808,575300000607967;9,492652043000021;47,652615223000055;1
201524;08240207415300007220;08;4;15;089;2024;02;19;4;3;5;2;2;1;1;0;0;0;0;1;521165,749800000339746;5359352,162799999117851;9,285884992000035;48,386978057000078;1
201525;08240207415100001790;08;4;15;078;2024;02;13;4;3;6;4;0;0;0;1;1;0;0;0;530092,132299999706447;5369349,985700000077486;9,407168587000058;48,476558534000048;1
201527;08240219221200067830;08;2;21;000;2024;02;16;2;3;4;2;0;0;1;1;0;0;0;0;478438,092799999751151;5473116,373999999836087;8,702757233000057;49,410348456000065;1
201530;08240207327100003230;08;3;27;050;2024;02;17;4;3;6;2;2;1;0;1;1;0;0;0;487738,487200000323355;5314393,229000000283122;8,835681477000037;47,982724851000057;1
201531;08240207326200025620;08;3;26;074;2024;02;16;4;3;6;4;0;1;0;1;1;0;0;0;464538,591599999926984;5323379,448999999091029;8,524039692000031;48,062706971000068;1
201532;08240207317500017290;08;3;17;096;2024;02;10;4;3;0;3;0;0;1;1;0;0;0;0;421745,821999999694526;5368257,706000000238419;7,941448236000042;48,462583908000056;1
201535;08240207311010024740;08;3;11;000;2024;02;15;4;3;5;3;0;0;1;1;0;0;0;0;414596,783300000242889;5317881,519999999552965;7,854919308000035;48,008520000000033;1
201536;08240207235100056930;08;2;35;079;2024;02;18;4;2;6;7;2;1;0;1;1;0;0;0;466956,366299999877810;5400205,107899999246001;8,550438912000061;48,753981297000053;1
201539;08240207221200056740;08;2;21;000;2024;02;10;4;3;0;7;0;0;1;0;0;0;0;1;476555,202499999664724;5472513,302100000903010;8,676836577000074;49,404854288000081;1
201541;08240207212402025320;08;2;12;000;2024;02;13;4;3;6;4;0;1;0;1;1;0;0;0;456541,718700000084937;5427484,907800000160933;8,405854720000036;48,998732255000050;1
201542;08240207212402008830;08;2;12;000;2024;02;10;4;3;0;1;0;1;1;0;0;0;0;0;456622,296600000001490;5428080,013699999079108;8,406892726000024;49,004090979000068;1
201543;08240207212010001620;08;2;12;000;2024;02;17;4;2;5;3;2;1;1;1;0;0;0;0;453017,710300000384450;5427625,536599999293685;8,357662587000050;48,999739076000026;1
201545;08240207136100009990;08;1;36;088;2024;02;11;4;3;0;1;0;1;1;0;0;0;0;0;577933,045599999837577;5410335,953600000590086;10,062129188000029;48,841101899000080;1
201547;08240207121200022020;08;1;21;000;2024;02;18;4;3;5;3;2;1;1;1;0;0;0;0;517145,513700000010431;5443046,587500000372529;9,235072072000037;49,140007915000069;1
201548;08240207121200003150;08;1;21;000;2024;02;14;4;3;6;7;0;1;0;0;1;1;0;0;515807,410799999721348;5442697,195399999618530;9,216712570000027;49,136900908000030;1
201549;08240207121200001990;08;1;21;000;2024;02;13;4;3;0;1;0;1;1;0;0;0;0;0;515983,077600000426173;5444467,185399999842048;9,219191079000041;49,152817996000067;1
201550;08240207119200002950;08;1;19;020;2024;02;18;4;2;6;2;2;1;0;1;1;0;0;0;518945,011300000362098;5409919,365100000053644;9,258199183000045;48,841957838000042;1
201552;08240207117200009350;08;1;17;049;2024;02;15;4;3;0;1;0;0;1;0;0;0;0;0;555468,812599999830127;5392471,551400000229478;9,753595390000044;48,682821865000051;1
201553;08240207116500707220;08;1;16;050;2024;02;15;4;3;5;3;0;0;1;1;0;0;0;0;526859,968899999745190;5388796,541500000283122;9,364691619000041;48,651648453000064;1
201555;08240207115300024980;08;1;15;028;2024;02;16;4;3;1;5;0;0;1;1;0;0;0;0;499413,127899999730289;5401259,478099999949336;8,992013930000041;48,764342986000031;1
201557;08240207111130248720;08;1;11;000;2024;02;18;4;3;5;3;2;1;1;1;0;0;0;0;512699,570500000379980;5401263,904400000348687;9,172813637000047;48,764253518000032;1
201561;08240301212010407080;08;2;12;000;2024;03;14;6;3;1;5;0;0;1;1;0;0;0;0;456868,065600000321865;5428220,291699999943376;8,410238060000040;49,005370022000079;1
201562;08240206311400997880;08;3;15;006;2024;02;08;3;3;5;7;0;0;1;1;0;0;0;0;402543,456000000238419;5307438,845000000670552;7,695716761000028;47,912864703000025;1
201563;08240206311010026390;08;3;11;000;2024;02;12;3;3;6;4;0;0;0;1;1;0;0;0;411355,519999999552965;5318182,443099999800324;7,811407967000036;48,010785510000062;1
201564;08240206311000999230;08;3;16;009;2024;02;07;3;3;5;3;2;0;1;0;0;0;0;1;416387,365399999544024;5325020,327299999073148;7,877528179000024;48,072973179000030;1
201568;08240206215402009960;08;2;15;009;2024;02;13;3;3;5;3;0;0;1;0;0;0;0;0;470419,806400000117719;5441524,682600000873208;8,594558527000061;49,125845165000044;1
201570;08240206116400021880;08;1;16;016;2024;02;12;3;2;5;3;0;0;1;1;0;0;0;0;533496,566899999976158;5384916,153000000864267;9,454483814000071;48,616420314000038;1
201571;08240206116010016030;08;1;16;035;2024;02;18;3;3;6;2;2;0;0;1;1;0;0;0;526708,751199999824166;5392498,012199999764562;9,362877508000054;48,684953203000077;1
201575;08240205326200018420;08;3;26;074;2024;02;14;2;3;6;7;0;0;0;1;1;0;0;0;465440,503899999894202;5323717,769200000911951;8,536117325000021;48,065800272000047;1
201580;08240205317010998160;08;3;17;096;2024;02;16;2;2;6;4;0;0;0;1;1;0;0;0;422507,427099999971688;5369923,594900000840425;7,951440028000036;48,477662766000037;1
201581;08240205311010011230;08;3;11;000;2024;02;02;2;3;0;7;2;0;1;0;0;0;0;0;412504,419999999925494;5315184,141699999570847;7,827421022000067;47,983973219000063;1
201584;08240223311010073160;08;3;11;000;2024;02;18;6;3;6;4;2;0;1;0;1;0;0;0;413860,578999999910593;5316101,712999999523163;7,845407740000041;47,992411193000066;1
201585;08240205226600016150;08;2;26;107;2024;02;10;2;3;6;7;0;0;0;1;1;0;0;0;475324,529500000178814;5484683,943700000643730;8,659114770000031;49,514277368000080;1
201589;08240216136100044050;08;1;36;088;2024;02;03;6;3;4;6;2;0;1;1;0;0;0;0;580777,709999999962747;5413331,631999999284744;10,101482031000046;48,867681923000077;1
201590;08240205222600996010;08;2;22;000;2024;02;08;2;3;6;4;0;0;0;1;1;0;0;0;461628,819400000385940;5483083,742000000551343;8,470074574000023;49,499172326000064;1
201591;08240221426100061170;08;4;26;021;2024;02;17;4;3;4;2;0;0;1;1;0;0;0;0;558237,366899999789894;5327787,375199999660254;9,782234740000035;48,100688810000065;1
201592;08240205215102050660;08;2;15;102;2024;02;15;2;3;0;7;0;0;1;0;0;0;0;0;456552,222099999897182;5437724,757500000298023;8,404900198000064;49,090841072000046;1
201593;08240205212302016770;08;2;12;000;2024;02;17;2;3;0;1;0;0;1;0;0;0;0;0;455809,283800000324845;5428740,475700000301003;8,395705081000074;49,009974228000033;1
201594;08240205212010013350;08;2;12;000;2024;02;16;2;2;5;3;0;0;1;1;0;0;0;0;458204,871399999596179;5429094,631599999964237;8,428425806000064;49,013326821000078;1
201595;08240205211100017120;08;2;11;000;2024;02;13;2;3;6;7;0;0;0;1;1;0;0;0;444017,841699999757111;5401052,482499999925494;8,238266241000076;48,759963730000038;1
201596;08240205136300007520;08;1;36;065;2024;02;11;2;3;6;4;0;0;0;0;1;0;0;1;558664,945000000298023;5405167,329500000923872;9,798821204000035;48,796730103000073;1
201597;08240206212010997940;08;2;15;096;2024;02;12;3;2;6;4;0;0;0;1;1;0;0;0;464023,472299999557436;5414700,015100000426173;8,509266926000066;48,884208701000034;1
201598;08240205127010007390;08;1;27;076;2024;02;11;2;2;5;3;0;0;1;1;0;0;0;0;552556,931400000117719;5441345,255000000819564;9,720328783000070;49,122695897000028;1
201604;08240215215102043570;08;2;15;109;2024;02;16;5;3;1;7;0;0;1;0;0;0;0;1;461618,387900000438094;5434480,932399999350309;8,474595537000027;49,061999348000029;1
201607;08240205115100018310;08;1;15;003;2024;02;10;2;3;5;3;0;0;1;1;0;0;0;0;501308,607800000347197;5391465,485899999737740;9,017776271000059;48,676234597000075;1
201608;08240204311010015030;08;3;11;000;2024;02;09;1;3;5;3;0;0;1;1;0;0;0;0;413720,673899999819696;5316789,627599999308586;7,843394577000026;47,998580370000070;1
201609;08240205317200998110;08;3;17;005;2024;02;07;2;3;5;3;1;0;1;1;0;0;0;0;424246,308199999853969;5376294,886099999770522;7,973808550000058;48,535184128000026;1
201610;08240204222500074790;08;2;22;000;2024;02;20;1;3;2;6;2;0;1;0;0;0;0;0;464116,016800000332296;5478306,836799999698997;8,504856002000054;49,456358537000028;1
201611;08240204221400003640;08;2;26;018;2024;02;22;1;3;6;7;2;0;0;1;1;0;0;0;472960,102699999697506;5471495,961400000378489;8,627351948000069;49,395554398000058;1
201613;08240204215402021810;08;2;15;009;2024;02;15;1;3;0;7;0;0;1;0;0;0;0;0;470617,580900000408292;5441477,747999999672174;8,597272676000046;49,125432466000063;1
201614;08240204119500075970;08;1;19;085;2024;02;15;1;3;5;2;0;0;1;1;0;0;0;0;528366,355899999849498;5413325,750499999150634;9,386834998000040;48,872241386000042;1
201616;08240204111240995390;08;1;11;000;2024;02;14;1;3;6;6;0;0;0;1;1;0;0;0;518025,134200000204146;5401690,335799999535084;9,245301111000060;48,767958204000081;1
201620;08240203317500027800;08;3;17;096;2024;02;14;7;3;6;6;0;0;0;1;1;0;0;0;421812,403400000184774;5369489,024199999868870;7,942118530000073;48,473667792000072;1
201621;08240203311010015200;08;3;11;000;2024;02;15;7;2;4;2;0;0;1;0;0;0;0;0;414295,572700000368059;5317006,725500000640750;7,851056326000048;48,000610577000032;1
201622;08240203311010009680;08;3;11;000;2024;02;20;7;3;0;1;2;0;1;0;0;0;0;0;412880,729000000283122;5318072,195000000298023;7,831876733000058;48,010003550000079;1
201623;08240227212702061390;08;2;15;017;2024;02;11;3;3;5;3;0;0;1;1;0;0;0;0;454850,479000000283122;5421825,210999999195337;8,383362328000032;48,947701133000066;1
201626;08240203221300015190;08;2;21;000;2024;02;18;7;3;2;2;2;0;1;1;0;0;0;0;477598,744199999608099;5473453,549200000241399;8,691167497000038;49,413350971000057;1
201630;08240203121400995730;08;1;25;013;2024;02;14;7;2;0;7;0;0;1;0;0;0;0;0;505564,112999999895692;5437194,035199999809265;9,076205903000073;49,087575776000051;1
201631;08240203121300011650;08;1;21;000;2024;02;12;7;3;5;3;0;0;1;1;0;0;0;0;512774,040199999697506;5445671,357000000774860;9,175220959000058;49,163725063000072;1
201632;08240203119500995090;08;1;19;085;2024;02;14;7;3;9;7;0;0;1;0;0;0;0;0;528249,812500000000000;5411211,726999999955297;9,385099789000037;48,853229738000039;1
201636;08240203111500004740;08;1;11;000;2024;02;17;7;3;6;4;2;0;0;1;1;0;0;0;512803,219899999909103;5408665,567399999126792;9,174454812000022;48,830835958000080;1
201637;08240225337100067400;08;3;37;090;2024;02;13;1;3;5;3;0;0;1;1;0;0;0;0;423818,854100000113249;5277095,123700000345707;7,985720937000053;47,642769866000037;1
201639;08240206311010999160;08;3;11;000;2024;02;17;3;3;5;2;1;0;1;0;0;0;1;0;412593,232800000347197;5314403,557499999180436;7,828769852000050;47,976963745000035;1
201640;08240203111210013560;08;1;11;000;2024;02;17;7;3;1;5;2;0;1;1;0;0;0;0;511999,713700000196695;5399147,176100000739098;9,163228444000026;48,745225392000066;1
201642;08240202426100995480;08;4;26;021;2024;02;15;6;2;6;7;0;0;0;1;1;0;0;0;559230,544300000183284;5326774,803899999707937;9,795433089000028;48,091487974000074;1
201643;08240202415400994150;08;4;15;061;2024;02;10;6;3;5;2;0;1;1;1;0;0;0;0;515048,504900000058115;5370179,245500000193715;9,203649160000055;48,484558948000029;1
201644;08240202336300993840;08;3;36;081;2024;02;09;6;3;5;3;0;1;1;1;0;0;0;0;411382,863800000399351;5277998,516599999740720;7,819998261000023;47,649313548000066;1
201646;08240202336200001580;08;3;36;069;2024;02;15;6;3;5;3;0;0;1;1;0;0;0;0;406021,896200000308454;5269147,914000000804663;7,750528078000059;47,568940235000071;1
201647;08240202335300006920;08;3;35;075;2024;02;08;6;3;2;7;0;0;1;1;0;0;0;0;488384,190000000409782;5290255,767000000923872;8,844983695000053;47,765563653000072;1
201649;08240202326100009280;08;3;26;012;2024;02;15;6;2;6;7;0;0;0;1;1;0;0;0;462378,806499999947846;5311127,501199999824166;8,496127175000026;47,952354590000027;1
201650;08240202311400007000;08;3;15;006;2024;02;08;6;3;2;2;0;0;1;1;0;0;0;0;402973,913200000301003;5307926,149399999529123;7,701366441000062;47,917313288000059;1
201651;08240202311300006930;08;3;11;000;2024;02;07;6;3;1;7;1;1;1;1;0;0;0;0;413594,481599999591708;5315836,446900000795722;7,841895184000066;47,989989127000058;1
201652;08240202311010993350;08;3;11;000;2024;02;07;6;3;5;3;2;0;1;0;0;0;0;0;414081,106399999931455;5318347,587700000032783;7,847913203000076;48,012643321000041;1
201655;08240202226000993540;08;2;26;018;2024;02;09;6;3;4;6;0;0;1;1;0;0;0;0;473267,915300000458956;5472481,699899999424815;8,631527615000039;49,404434517000027;1
201656;08240202222600994970;08;2;22;000;2024;02;13;6;3;5;3;0;0;1;1;0;0;0;0;461883,356700000353158;5484692,579099999740720;8,473434420000046;49,513658969000062;1
201658;08240202216200999910;08;2;16;007;2024;02;13;6;3;5;3;0;0;1;0;0;0;0;1;437110,610000000335276;5393550,208399999886751;8,145436010000026;48,691820962000065;1
201659;08240202216100995200;08;2;16;043;2024;02;15;6;3;6;6;0;0;1;0;1;0;0;0;441506,115699999965727;5411973,527799999341369;8,202536911000038;48,857968082000070;1
201662;08240202212010009830;08;2;15;017;2024;02;11;6;2;1;7;0;0;1;1;0;0;0;0;454793,557599999941885;5421567,795700000599027;8,382613528000036;48,945381478000058;1
201663;08240202212010009000;08;2;12;000;2024;02;15;6;3;2;7;0;0;1;1;0;0;0;0;455046,151800000108778;5429637,979199999943376;8,385170687000027;49,017992219000064;1
201664;08240202212010008420;08;2;12;000;2024;02;16;6;3;5;3;0;0;1;1;0;0;0;0;453479,467799999751151;5426366,176599999889731;8,364119482000035;48,988446015000079;1
201666;08240202127202008870;08;1;27;014;2024;02;07;6;3;5;3;1;0;1;1;0;0;0;0;579093,080000000074506;5443654,338999999687076;10,084420990000069;49,140621652000050;1
201667;08240202121200009110;08;1;21;000;2024;02;16;6;3;5;2;0;0;1;1;0;0;0;0;516283,917600000277162;5443013,400800000876188;9,223257990000036;49,139732834000029;1
201668;08240202119400997660;08;1;19;079;2024;02;07;6;3;0;1;0;1;1;0;0;0;0;0;523108,641300000250340;5408470,067999999970198;9,314862243000050;48,828779294000071;1
201669;08240202118400000190;08;1;18;048;2024;02;07;6;3;3;6;2;0;1;1;0;0;0;0;514273,280199999921024;5414995,616000000387430;9,194706263000057;48,887747664000074;1
201671;08240202116200036340;08;1;16;077;2024;02;15;6;3;4;2;0;0;1;1;0;0;0;0;516703,456799999810755;5389435,325500000268221;9,226818674000071;48,657749057000046;1
201674;08240202111500996360;08;1;11;000;2024;02;14;6;3;6;4;0;0;0;1;1;0;0;0;511481,650999999605119;5409212,815799999982119;9,156462710000028;48,835784762000060;1
201676;08240202111210993830;08;1;11;000;2024;02;09;6;2;0;7;0;1;1;0;0;0;0;0;515338,145100000314415;5397265,282099999487400;9,208569782000041;48,728222661000075;1
201677;08240201436200993070;08;4;36;064;2024;02;07;5;3;1;7;0;0;1;1;0;0;0;0;546579,450899999588728;5292544,557000000029802;9,621843837000029;47,784577387000070;1
201678;08240201436000997610;08;4;35;005;2024;02;06;5;3;6;4;1;1;0;1;1;0;0;0;524104,918499999679625;5285992,861300000920892;9,321448779000036;47,726862282000070;1
201680;08240201421200993090;08;4;21;000;2024;02;07;5;3;5;3;2;1;1;1;0;0;0;0;574296,468399999663234;5361386,828299999237061;10,003806035000025;48,401259432000074;1
201682;08240201415100005640;08;4;15;050;2024;02;07;5;3;6;4;1;1;0;0;1;0;0;1;521206,748700000345707;5376483,046399999409914;9,287307264000049;48,541092013000082;1
201683;08240208436200022150;08;4;36;064;2024;02;07;5;3;5;2;1;1;1;1;0;0;0;0;544700,019899999722838;5290880,589900000020862;9,596583254000052;47,769739775000062;1
201685;08240201316100998800;08;3;16;043;2024;02;11;5;3;5;3;0;1;1;1;0;0;0;0;411885,184399999678135;5331376,414499999955297;7,815788337000072;48,129540609000060;1
201686;08240201311400993400;08;3;15;132;2024;02;15;5;3;7;1;0;0;1;0;0;0;0;0;408194,322999999858439;5321934,478000000119209;7,768226891000040;48,044088975000079;1
201688;08240206311010021670;08;3;11;000;2024;02;16;3;3;2;6;0;0;1;1;0;0;0;0;414073,463700000196695;5316681,609500000253320;7,848144491000028;47,997656222000046;1
201690;08240201226700998430;08;2;26;054;2024;02;09;5;3;6;7;0;1;0;1;1;0;0;0;477954,436900000087917;5453787,443900000303984;8,697157991000040;49,236467710000056;1
201691;08240217121600061570;08;1;25;110;2024;02;12;7;3;3;2;0;0;1;1;0;0;0;0;528064,571499999612570;5442925,088199999183416;9,384765551000044;49,138513183000043;1
201692;08240201226400993390;08;2;26;063;2024;02;17;5;3;5;3;2;0;1;1;0;0;0;0;469810,855600000359118;5471159,309000000357628;8,583977582000045;49,392378267000026;1
201693;08240201225100000550;08;2;25;117;2024;02;13;5;2;6;7;0;1;0;1;1;0;0;0;516855,784500000067055;5474693,105000000447035;9,232433882000066;49,424679546000050;1
201699;08240201221011008460;08;2;21;000;2024;02;07;5;2;6;2;2;1;0;1;1;0;0;0;476863,980800000019372;5476007,758600000292063;8,680888959000072;49,436298107000027;1
201700;08240201215502997780;08;2;15;106;2024;02;08;5;3;6;4;1;1;0;1;1;0;0;0;466573,674700000323355;5454728,848699999973178;8,540745231000074;49,244419987000072;1
201701;08240201215202994210;08;2;15;039;2024;02;17;5;2;5;3;2;0;1;1;0;0;0;0;473492,852800000458956;5452335,328600000590086;8,635965957000053;49,223228901000027;1
201702;08240201212702998710;08;2;15;017;2024;02;09;5;3;5;3;0;1;1;1;0;0;0;0;455113,374200000427663;5420272,530999999493361;8,387123687000042;48,933753612000032;1
201703;08240201212010008410;08;2;12;000;2024;02;14;5;3;6;4;0;1;1;0;1;0;0;0;455763,280399999581277;5428757,626099999994040;8,395074166000029;49,010125202000040;1
201705;08240201126100007070;08;1;26;039;2024;02;13;5;3;3;6;0;1;1;1;0;0;0;0;546316,344600000418723;5461079,735700000077486;9,637080136000066;49,300704162000045;1
201707;08240201121100993420;08;1;25;026;2024;02;14;5;3;6;7;0;0;0;0;1;0;1;0;493456,987999999895692;5442901,654600000008941;8,910294618000023;49,138908627000035;1
201708;08240209115100025710;08;1;15;003;2024;02;05;6;3;5;2;2;0;1;0;0;0;0;1;500228,292000000365078;5392578,599999999627471;9,003101758000071;48,686249631000067;1
201709;08240201118010007550;08;1;15;045;2024;02;23;5;3;9;1;2;1;1;0;0;0;0;0;500961,054600000381470;5395481,216000000014901;9,013064414000041;48,712361121000072;1
201710;08240201117300001860;08;1;17;026;2024;02;07;5;3;6;7;1;1;0;1;1;0;0;0;550068,434700000099838;5395876,561000000685453;9,680644762000043;48,713908026000070;1
201712;08240201116010006560;08;1;16;081;2024;02;23;5;2;6;4;2;1;0;0;1;0;0;1;519693,830500000156462;5385501,853099999949336;9,267237980000061;48,622276100000079;1
201713;08240201115300005870;08;1;15;041;2024;02;19;5;3;4;6;2;1;1;1;0;0;0;0;495150,690299999900162;5401793,751599999144673;8,934005023000054;48,769130683000071;1
201715;08240201111210001260;08;1;11;000;2024;02;17;5;3;5;2;0;0;1;1;0;0;0;0;507648,076100000180304;5398911,296900000423193;9,104030197000043;48,743172063000031;1
201719;08240201111130031960;08;1;11;000;2024;02;01;5;3;0;7;2;0;1;0;0;0;0;0;512332,741399999707937;5401314,738199999555945;9,167823434000070;48,764718193000078;1
201720;08240131415400969240;08;4;15;061;2024;01;17;4;3;3;2;2;0;1;1;0;0;0;0;515108,621399999596179;5371584,053400000557303;9,204513518000056;48,497195660000045;1
201722;08240131316200980120;08;3;16;009;2024;01;13;4;3;0;7;0;0;1;0;0;0;0;0;417759,834999999962747;5324394,177999999374151;7,896070035000037;48,067519206000043;1
201724;08240131311010980300;08;3;36;050;2024;01;08;4;2;0;7;0;0;1;0;0;0;0;0;400426,362099999561906;5275169,869400000199676;7,674786144000052;47,622275803000036;1
201725;08240201216100993080;08;2;16;043;2024;02;11;5;3;6;2;0;1;0;0;1;0;0;1;441100,300300000235438;5413333,821699999272823;8,196809093000070;48,870165455000063;1
201726;08240131311010978260;08;3;11;000;2024;01;15;4;3;5;3;0;0;1;1;0;0;0;0;409559,821200000122190;5315615,688300000503659;7,787876846000074;47,987445492000063;1
201728;08240131311010967910;08;3;11;000;2024;01;07;4;3;0;1;0;0;1;0;0;0;0;0;417427,857499999925494;5315217,947899999096990;7,893383237000023;47,984931872000061;1
201729;08240131235100986440;08;2;35;085;2024;01;19;4;3;6;6;2;0;0;1;1;0;0;0;477402,805900000035763;5396565,811799999326468;8,692760448000058;48,721709341000064;1
201730;08240131226300990450;08;2;26;056;2024;01;17;4;3;0;2;1;1;1;1;0;0;0;0;484662,791000000201166;5471310,778999999165535;8,788637108000046;49,394296007000037;1
201733;08240131212010981950;08;2;12;000;2024;01;13;4;3;1;5;0;1;1;1;0;0;0;0;454921,400799999944866;5429013,615499999374151;8,383533939000074;49,012366919000044;1
201734;08240131212010970220;08;2;12;000;2024;01;18;4;3;0;3;2;0;1;0;0;0;0;1;455992,772699999623001;5428253,152200000360608;8,398266917000058;49,005603814000040;1
201735;08240131119100981530;08;1;19;087;2024;01;17;4;2;6;2;2;0;0;1;1;0;0;0;529793,803700000047684;5426217,836600000038743;9,407242842000073;48,988145188000033;1
201737;08240131118200977770;08;1;18;011;2024;01;07;4;3;5;3;1;0;1;1;0;0;0;0;505187,307000000029802;5408427,572000000625849;9,070678622000059;48,828805308000028;1
201739;08240131116400989910;08;1;16;027;2024;01;15;4;3;6;7;0;0;0;1;1;0;0;0;534166,384399999864399;5393728,808100000023842;9,464299073000063;48,695661512000072;1
201740;08240131116100986790;08;1;16;019;2024;01;12;4;3;5;3;0;0;1;1;0;0;0;0;523339,976400000043213;5398407,709499999880791;9,317442812000024;48,738251502000026;1
201743;08240131111120013940;08;1;11;000;2024;01;23;4;2;6;6;2;0;0;1;1;0;0;0;511674,092699999921024;5403775,625600000843406;9,158930473000055;48,786868875000039;1
201747;08240130335100982700;08;3;35;043;2024;01;19;3;3;0;1;2;0;1;0;0;0;0;0;512835,497999999672174;5278786,536800000816584;9,170955462000052;47,662344997000048;1
201748;08240130335100975510;08;3;35;043;2024;01;12;3;3;0;7;0;0;1;0;0;0;0;1;512889,859000000171363;5278951,459400000050664;9,171684355000025;47,663827836000053;1
201750;08240130326400985690;08;3;26;074;2024;01;16;3;3;6;6;0;0;1;0;1;0;0;0;459845,778400000184774;5323721,897800000384450;8,461023669000042;48,065509711000061;1
201757;08240130311010965840;08;3;15;131;2024;01;17;3;3;5;2;0;0;1;1;0;0;0;0;405702,401700000278652;5308473,535000000149012;7,737756469000033;47,922644213000069;1
201759;08240130221011991460;08;2;21;000;2024;01;10;3;2;0;7;0;0;1;0;0;0;0;0;477775,773500000126660;5472537,318399999290705;8,693659341000057;49,405116108000072;1
201761;08240221421200036660;08;4;21;000;2024;02;14;4;3;0;1;0;0;1;0;0;0;0;0;574246,674399999901652;5361892,875299999490380;10,003222907000065;48,405817279000075;1
201762;08240130221011966220;08;2;21;000;2024;01;07;3;3;6;4;2;1;0;1;1;0;0;0;473972,782999999821186;5473345,277899999171495;8,641186631000039;49,412232781000057;1
201764;08240130212010985230;08;2;12;000;2024;01;07;3;3;4;6;1;0;1;1;0;0;0;0;456380,456600000150502;5423822,012199999764562;8,404043128000069;48,965772561000051;1
201766;08240130121500968080;08;1;25;005;2024;01;12;3;3;0;7;0;0;0;0;1;0;0;1;515376,761199999600649;5452899,434599999338388;9,211198780000075;49,228683725000053;1
201767;08240130121400986710;08;1;25;056;2024;01;07;3;3;6;4;2;0;0;0;1;0;0;1;510825,539599999785423;5435928,880200000479817;9,148232157000052;49,076125064000053;1
201768;08240130121200967920;08;1;21;000;2024;01;12;3;3;3;6;0;0;1;0;0;0;0;0;516339,322599999606609;5443069,325300000607967;9,224019872000042;49,140234422000049;1
201771;08240130111240205470;08;1;11;000;2024;01;14;3;3;0;7;0;0;1;0;0;0;0;0;515534,718100000172853;5403563,193800000473857;9,211480463000044;48,784873409000056;1
201774;08240129415400992120;08;4;15;061;2024;01;18;2;3;5;3;2;0;1;1;0;0;0;0;516890,514100000262260;5373805,565799999982119;9,228723323000054;48,517135712000027;1
201776;08240129335200961010;08;3;35;063;2024;01;10;2;3;6;7;0;0;0;1;1;0;0;0;497680,972599999979138;5287351,107999999076128;8,969067352000025;47,739529272000027;1
201779;08240129311400960890;08;3;15;006;2024;01;08;2;3;5;3;0;0;1;1;0;0;0;0;403338,504300000146031;5307789,050799999386072;7,706275724000022;47,916135156000053;1
201780;08240129311010959700;08;3;11;000;2024;01;08;2;3;0;1;0;2;1;0;0;0;0;0;414528,951999999582767;5316598,408399999141693;7,854265670000075;47,996968853000055;1
201781;08240129226700975790;08;2;26;060;2024;01;15;2;3;5;3;0;0;1;1;0;0;0;0;476824,558699999935925;5463860,485700000077486;8,681053176000034;49,327033353000047;1
201782;08240129222014984290;08;2;22;000;2024;01;10;2;2;4;2;0;0;1;1;0;0;0;0;461904,132000000216067;5478321,245799999684095;8,474335307000047;49,456353458000081;1
201784;08240129212702991170;08;2;15;017;2024;01;14;2;3;6;2;0;0;0;1;1;0;0;0;456654,133899999782443;5421338,138100000098348;8,408046489000071;48,943448855000042;1
201785;08240129212302076830;08;2;12;000;2024;01;15;2;3;5;3;0;0;1;1;0;0;0;0;455493,303000000305474;5428404,254000000655651;8,391421253000033;49,006927173000065;1
201787;08240129136100983340;08;1;36;088;2024;01;06;2;3;5;3;2;0;1;1;0;0;0;0;580923,510200000368059;5412909,845599999651313;10,103386357000034;48,863869303000058;1
201788;08240129116500973020;08;1;16;035;2024;01;10;2;3;5;7;0;0;1;1;0;0;0;0;526580,327899999916553;5391424,290999999269843;9,361063683000054;48,675299555000038;1
201790;08240129111500992450;08;1;11;000;2024;01;07;2;3;6;7;0;0;0;1;1;0;0;0;514544,213100000284612;5404204,310399999842048;9,198019092000038;48,790664779000053;1
201791;08240129111120002740;08;1;11;000;2024;01;11;2;3;6;7;0;0;0;1;1;0;0;0;513701,049399999901652;5402226,336699999868870;9,186473578000061;48,772890253000071;1
201792;08240129111000055040;08;1;11;000;2024;01;10;2;3;3;5;0;0;1;0;0;0;0;1;512539,839100000448525;5401651,605100000277162;9,170651866000071;48,767744491000030;1
201793;08240128421300982340;08;4;21;000;2024;01;18;1;2;5;3;2;0;1;1;0;0;0;0;570678,561999999918044;5360595,687000000849366;9,954799213000058;48,394558907000032;1
201794;08240128416200984310;08;4;16;031;2024;01;13;1;3;0;1;0;0;1;0;0;0;0;0;502449,992800000123680;5363162,859099999070168;9,033114420000061;48,421611596000048;1
201796;08240128335100989990;08;3;35;043;2024;01;20;1;3;0;1;2;0;1;0;0;0;0;0;513350,845099999569356;5279940,341399999335408;9,177854579000041;47,672716115000071;1
201797;08240128326400972890;08;3;26;041;2024;01;16;1;3;6;4;0;1;0;1;1;0;0;0;464528,777300000190735;5330939,033299999311566;8,523279651000053;48,130717916000037;1