OID_;UIDENTSTLAE;ULAND;UREGBEZ;UKREIS;UGEMEINDE;UJAHR;UMONAT;USTUNDE;UWOCHENTAG;UKATEGORIE;UART;UTYP1;ULICHTVERH;IstStrassenzustand;IstRad;IstPKW;IstFuss;IstKrad;IstGkfz;IstSonstige;LINREFX;LINREFY;XGCSWGS84;YGCSWGS84;PLST
201798;08240128316200982380;08;3;16;055;2024;01;15;1;3;0;7;0;1;1;0;0;0;0;1;428577,197700000368059;5333848,701899999752641;8,039667997000038;48,153872946000035;1
201799;08240131111330006170;08;1;11;000;2024;01;12;4;2;0;7;0;0;1;0;0;0;0;0;516559,658499999903142;5410394,716800000518560;9,225709007000034;48,846302224000056;1
201800;08240128311010982410;08;3;11;000;2024;01;13;1;3;5;2;0;0;0;1;1;0;0;0;414517,817699999548495;5315642,148000000044703;7,854306896000026;47,988365422000072;1
201801;08240128311010960400;08;3;36;081;2024;01;14;1;3;0;1;0;0;1;0;0;0;0;0;415911,361999999731779;5279968,641000000759959;7,879907265000043;47,667641087000050;1
201803;08240219436400046220;08;4;36;009;2024;02;16;2;3;0;1;0;0;1;0;0;0;0;0;557306,014700000174344;5308422,309900000691414;9,767137593000029;47,926558264000050;1
201804;08240128222014970340;08;2;26;082;2024;01;17;1;1;6;4;2;0;0;0;1;0;0;1;475353,987900000065565;5480077,265799999237061;8,659809020000068;49,472842949000039;1
201805;08240128221400960730;08;2;21;000;2024;01;16;1;3;0;1;0;0;1;0;0;0;0;0;477912,052899999544024;5469425,486500000581145;8,695710740000038;49,377130524000052;1
201808;08240128215302997150;08;2;15;007;2024;01;00;1;3;8;1;2;1;1;0;0;0;0;0;479609,732800000347197;5431455,102700000628829;8,721026298000027;49,035639058000072;1
201809;08240128212102977780;08;2;12;000;2024;01;14;1;2;0;1;0;2;1;0;0;0;0;0;462373,591300000436604;5426398,632200000807643;8,485682865000058;48,989343933000043;1
201810;08240128119100973940;08;1;19;044;2024;01;17;1;3;0;1;2;2;1;0;0;0;0;0;547994,009600000455976;5422390,127699999138713;9,655550774000062;48,952568408000047;1
201814;08240128115400958780;08;1;15;045;2024;01;15;1;3;5;3;0;0;1;1;0;0;0;0;500776,965499999932945;5395083,687899999320507;9,010561189000043;48,708785187000046;1
201816;08240127437200958100;08;4;37;104;2024;01;10;7;2;0;1;0;2;1;0;0;0;0;0;515847,226700000464916;5326217,559599999338388;9,212808578000022;48,089030378000075;1
201819;08240127436300967330;08;4;36;049;2024;01;10;7;3;0;1;0;2;1;0;0;0;0;0;577989,988499999977648;5283474,814300000667572;10,039497238000024;47,699947569000074;1
201822;08240127417100955040;08;4;17;044;2024;01;14;7;3;0;1;0;2;1;0;0;0;0;0;493597,032999999821186;5334660,204099999740720;8,913888967000048;48,165153536000048;1
201823;08240127415300970180;08;4;15;090;2024;01;14;7;2;0;7;0;2;1;0;0;0;0;0;524410,667000000365078;5355904,383999999612570;9,329513076000069;48,355843021000055;1
201825;08240127336400980610;08;3;36;045;2024;01;08;7;3;0;7;0;2;1;0;0;0;0;0;399467,459499999880791;5285276,771999999880791;7,659701922000067;47,713041804000056;1
201826;08240127336100990560;08;3;36;050;2024;01;10;7;3;7;7;0;0;1;0;0;0;0;0;399289,673899999819696;5273721,773499999195337;7,659995237000032;47,609073974000069;1
201828;08240127335200977850;08;3;35;063;2024;01;18;7;3;6;4;2;0;0;1;1;0;0;0;496918,494599999859929;5287445,089999999850988;8,958896277000065;47,740371692000053;1
201829;08240127317010965520;08;3;17;057;2024;01;22;7;2;6;7;2;0;0;0;1;0;1;0;412226,201500000432134;5381419,533299999311566;7,809932392000064;48,579710749000071;1
201831;08240127311010956860;08;3;11;000;2024;01;14;7;3;0;7;0;0;1;0;0;0;0;0;404268,197999999858439;5315918,667500000447035;7,716906291000043;47,989400595000063;1
201832;08240224231000076910;08;2;31;000;2024;02;18;7;3;6;4;1;0;0;1;1;0;0;0;481766,357300000265241;5417471,876000000163913;8,751159122000047;48,909919462000062;1
201833;08240127311010955510;08;3;11;000;2024;01;11;7;3;6;7;0;0;0;1;1;0;0;0;410716,592799999751151;5314949,008600000292063;7,803515554000057;47,981611080000050;1
201834;08240127226700981440;08;2;26;098;2024;01;09;7;3;6;4;0;0;0;1;1;0;0;0;477368,358000000007451;5459945,232300000265241;8,688758912000026;49,291836063000062;1
201837;08240127212010956230;08;2;12;000;2024;01;17;7;3;5;2;1;0;1;1;0;0;0;0;454345,003899999894202;5429764,074799999594688;8,375567561000025;49,019074964000026;1
201838;08240127135100978380;08;1;35;031;2024;01;11;7;3;0;1;0;2;1;0;0;0;0;0;593880,274799999780953;5380815,744899999350309;10,272704391000048;48,573394915000051;1
201839;08240127121400980470;08;1;25;013;2024;01;09;7;2;2;6;0;0;1;1;0;0;0;0;505549,905000000260770;5436390,437999999150634;9,076000279000027;49,080347164000045;1
201840;08240127119500970740;08;1;19;004;2024;01;11;7;3;0;1;0;2;1;0;0;0;0;0;539172,027999999932945;5420423,528000000864267;9,534868246000030;48,935500071000035;1
201842;08240127111330019800;08;1;11;000;2024;01;14;7;3;0;6;0;0;1;1;0;0;0;0;512803,994400000199676;5408451,604699999094009;9,174458683000069;48,828911167000058;1
201843;08240126421200965950;08;4;25;072;2024;01;10;6;3;5;3;0;1;1;1;0;0;0;0;583335,943699999712408;5372160,944099999964237;10,128058119000059;48,497039599000061;1
201844;08240126416010989030;08;4;15;061;2024;01;16;6;3;5;7;0;0;1;1;0;0;0;0;515676,150999999605119;5369562,262000000104308;9,212119796000025;48,478992996000045;1
201845;08240126335200987580;08;3;35;063;2024;01;12;6;3;0;1;0;1;1;0;0;0;0;0;496931,269299999810755;5288005,727399999275804;8,959062722000056;47,745416139000042;1
201846;08240220212010054930;08;2;12;000;2024;02;15;3;3;0;6;0;0;1;1;0;0;0;0;454277,419099999591708;5428995,019999999552965;8,374729898000055;49,012152267000033;1
201849;08240126311400954030;08;3;15;076;2024;01;15;6;3;5;3;0;1;1;1;0;0;0;0;391871,612099999561906;5296585,950699999928474;7,555652547000022;47,813537244000031;1
201850;08240126311010955480;08;3;11;000;2024;01;18;6;3;0;7;2;1;1;0;0;0;0;0;413076,291000000201166;5318228,666999999433756;7,834466609000060;48,011437694000051;1
201852;08240126222500967660;08;2;22;000;2024;01;20;6;3;5;3;2;0;1;1;0;0;0;0;462356,303600000217557;5479990,525100000202656;8,480415567000023;49,471396012000071;1
201853;08240126222014978840;08;2;22;000;2024;01;15;6;3;1;5;0;1;1;1;0;0;0;0;461930,007600000128150;5481118,960799999535084;8,474423190000039;49,481519138000067;1
201855;08240126221400983520;08;2;21;000;2024;01;08;6;3;6;7;0;0;1;0;1;0;0;0;474531,515999999828637;5474597,555999999865890;8,648808851000069;49,423520409000048;1
201856;08240126221300965630;08;2;21;000;2024;01;07;6;3;5;3;1;1;1;1;0;0;0;0;477448,884100000374019;5474715,244400000199676;8,689029799000025;49,424694166000052;1
201859;08240126128200954430;08;1;28;115;2024;01;14;6;3;5;3;0;1;1;1;0;0;0;0;547900,531200000084937;5496561,017599999904633;9,663161795000065;49,619711172000052;1
201864;08240125421200991320;08;4;21;000;2024;01;11;5;3;0;1;0;0;1;0;0;0;0;0;569312,594399999827147;5353563,364800000563264;9,935190077000073;48,331451893000065;1
201867;08240125415100985150;08;4;15;050;2024;01;06;5;2;5;3;2;1;1;1;0;0;0;0;521864,440600000321865;5375609,338500000536442;9,296171644000026;48,533209362000036;1
201870;08240201212302265840;08;2;12;000;2024;02;09;5;3;1;5;0;0;1;1;0;0;0;0;456374,406000000424683;5428398,472999999299645;8,403469270000073;49,006938086000048;1
201873;08240125316200974440;08;3;16;056;2024;01;07;5;3;0;4;1;1;0;1;1;0;0;0;422754,333200000226498;5327121,770600000396371;7,962607426000034;48,092679999000040;1
201874;08240125316100949440;08;3;16;020;2024;01;11;5;2;6;2;0;1;0;1;1;0;0;0;408857,705199999734759;5338861,577600000426173;7,773506042000065;48,196442291000039;1
201875;08240125311200990370;08;3;16;014;2024;01;18;5;3;6;6;2;1;0;0;1;1;0;0;426104,359299999661744;5330314,057099999859929;8,007037344000025;48,121794055000066;1
201876;08240125311100961980;08;3;15;015;2024;01;11;5;3;2;2;0;0;1;1;0;0;0;0;394520,148299999535084;5320783,423900000751019;7,585095832000036;48,031622814000059;1
201877;08240125311100961860;08;3;15;132;2024;01;00;5;3;0;1;2;0;1;0;0;0;0;0;409385,172899999655783;5322089,016400000080466;7,784168265000062;48,045649232000073;1
201879;08240125311010975940;08;3;11;000;2024;01;08;5;3;6;7;0;1;1;0;1;0;0;0;413896,988900000229478;5317570,390499999746680;7,845600939000064;48,005627381000068;1
201882;08240125212302962130;08;2;12;000;2024;01;20;5;3;0;1;2;1;1;0;0;0;0;0;455745,756500000134110;5428745,398499999195337;8,394835878000038;49,010013957000069;1
201885;08240125116400979030;08;1;16;033;2024;01;14;5;3;5;3;0;0;1;0;0;0;0;1;533718,057000000029802;5388039,879000000655651;9,457743013000027;48,644509171000038;1
201887;08240125111500948850;08;1;11;000;2024;01;12;5;2;6;4;0;0;0;1;1;0;0;0;514039,716500000096858;5408799,520500000566244;9,191307629000050;48,832014251000032;1
201890;08240124436500957350;08;4;36;081;2024;01;19;4;2;6;4;2;1;0;1;1;0;0;0;562001,556400000117719;5281197,293500000610948;9,826096006000057;47,681189830000051;1
201893;08240124415400957310;08;4;15;061;2024;01;08;4;3;0;7;0;1;1;0;0;0;0;0;514823,759899999946356;5372428,028599999845028;9,200687567000045;48,504795138000077;1
201894;08240124317500944390;08;3;17;009;2024;01;10;4;3;5;3;0;0;1;1;0;0;0;0;425771,322499999776483;5361847,046199999749660;7,997028335000039;48,405407158000060;1
201896;08240124226700984000;08;2;26;076;2024;01;13;4;3;5;3;0;0;1;0;0;0;0;1;475239,645100000314415;5465104,721400000154972;8,659164287000067;49,338162926000052;1
201897;08240124226200946690;08;2;26;032;2024;01;10;4;3;6;7;0;1;0;1;1;0;0;0;467268,114299999549985;5463049,015300000086427;8,549604974000033;49,319296565000059;1
201898;08240124222201978570;08;2;22;000;2024;01;09;4;3;6;2;0;0;0;1;1;0;0;0;461111,712700000032783;5481696,315500000491738;8,463069920000066;49,486660256000050;1
201899;08240124222014972810;08;2;22;000;2024;01;18;4;1;6;2;2;0;0;1;1;0;0;0;463316,492399999871850;5478252,321299999952316;8,493829288000029;49,455820441000071;1
201900;08240124221200949550;08;2;21;000;2024;01;13;4;3;0;7;0;0;1;0;0;0;0;0;477221,419900000095367;5472865,184200000017881;8,685999395000067;49,408044713000038;1
201901;08240124221011978040;08;2;21;000;2024;01;12;4;3;6;6;0;0;0;1;1;0;0;0;474995,636800000444055;5475093,388800000771880;8,655177349000041;49,427999578000026;1
201902;08240124216100989730;08;2;16;009;2024;01;06;4;2;5;3;2;1;1;1;0;0;0;0;446064,828200000338256;5419320,380499999970198;8,263711711000042;48,924466433000077;1
201903;08240124216100975240;08;2;16;043;2024;01;08;4;3;5;2;0;1;1;1;0;0;0;0;441127,010999999940395;5412530,657999999821186;8,197288864000029;48,862943580000035;1
201906;08240124135200963870;08;1;35;019;2024;01;13;4;2;6;2;0;1;0;1;1;0;0;0;584863,497999999672174;5392618,029400000348687;10,152909834000070;48,680835244000036;1
201907;08240124135200960970;08;1;35;019;2024;01;07;4;3;6;4;1;0;0;0;1;0;0;1;585214,099799999967217;5392070,542899999767542;10,157559064000054;48,675863234000076;1
201909;08240124126200962200;08;1;26;066;2024;01;14;4;3;6;2;0;0;0;1;1;0;0;0;536604,007699999958277;5450125,328199999406934;9,502492205000067;49,202829887000064;1
201910;08240124121500964930;08;1;25;065;2024;01;16;4;3;6;4;0;0;0;1;1;0;0;0;516737,910899999551475;5447924,304400000721216;9,229686543000071;49,183895637000035;1
201914;08240124115200944010;08;1;15;015;2024;01;07;4;3;6;4;1;1;0;1;1;0;0;0;492165,083599999547005;5387617,312000000849366;8,893642590000070;48,641568110000037;1
201915;08240123437100940700;08;4;37;100;2024;01;05;3;3;0;1;1;2;1;0;0;0;0;0;537138,911999999545515;5318494,882999999448657;9,498050994000039;48,018666123000060;1
201916;08240123436200942720;08;4;36;064;2024;01;08;3;3;0;1;0;2;1;0;0;0;0;0;546345,581199999898672;5291387,399100000038743;9,618598309000049;47,774183298000025;1
201917;08240123426100950750;08;4;26;021;2024;01;10;3;3;0;1;0;1;1;0;0;0;0;0;559016,758299999870360;5327706,371200000867248;9,792691162000040;48,099888353000040;1
201918;08240123425000956800;08;4;25;081;2024;01;06;3;3;0;7;2;2;1;0;0;0;0;0;548155,756000000052154;5342899,201199999079108;9,648542034000059;48,237481947000049;1
201919;08240123421300972090;08;4;21;000;2024;01;05;3;2;0;1;2;2;1;0;0;0;0;0;571752,064000000245869;5362078,803999999538064;9,969552570000076;48,407778690000043;1
201920;08240123416200969990;08;4;16;041;2024;01;07;3;3;6;3;2;1;0;1;1;0;0;0;505472,109299999661744;5375223,332100000232458;9,074119589000077;48,530093811000029;1
201924;08240123415100943600;08;4;15;050;2024;01;15;3;3;6;3;0;0;0;1;1;0;0;0;521263,056699999608099;5376567,104800000786781;9,288074401000074;48,541846315000043;1
201925;08240123337010965430;08;3;37;096;2024;01;18;3;3;5;3;2;1;1;1;0;0;0;0;420286,972599999979138;5267361,179300000891089;7,940475036000066;47,554775286000051;1
201926;08240123335300951390;08;3;35;079;2024;01;08;3;3;1;1;0;2;0;1;1;0;0;1;496310,815399999730289;5295789,072699999436736;8,950719649000064;47,815443769000069;1
201927;08240223337010045800;08;3;37;096;2024;02;16;6;3;6;7;0;0;0;1;1;0;0;0;420665,376099999994040;5267176,883199999108911;7,945537063000074;47,553163640000037;1
201928;08240123335100944300;08;3;35;043;2024;01;16;3;3;0;7;0;1;1;0;0;0;0;0;512429,878299999982119;5280147,874700000509620;9,165591792000043;47,674601791000043;1
201930;08240206426000008920;08;4;25;020;2024;02;11;3;3;6;4;0;0;0;0;1;0;0;1;557967,970599999651313;5362611,116800000891089;9,783388288000026;48,413985866000075;1
201933;08240123317500945850;08;3;17;096;2024;01;18;3;3;4;2;2;1;1;1;0;0;0;0;420463,774299999698997;5369227,280400000512600;7,923924634000059;48,471144298000070;1
201934;08240123316100957160;08;3;16;056;2024;01;18;3;3;5;3;2;1;1;1;0;0;0;0;423744,580000000074506;5328876,924300000071526;7,975590342000032;48,108587917000079;1
201935;08240123311100978010;08;3;15;013;2024;01;17;3;2;6;4;0;0;0;1;1;0;0;0;404311,511900000274181;5324557,749299999326468;7,715556984000045;48,067114603000050;1
201940;08240205311010999560;08;3;11;000;2024;02;18;2;3;4;6;2;0;1;0;0;0;0;1;412029,245900000445545;5316701,963999999687076;7,820743275000041;47,997561300000029;1
201941;08240123222300966270;08;2;22;000;2024;01;07;3;3;0;1;2;2;1;0;0;0;0;0;464678,824599999934435;5482083,001099999994040;8,512284463000071;49,490356418000033;1
201942;08240123222014947800;08;2;26;096;2024;01;12;3;3;6;7;0;0;0;1;1;0;0;0;475371,968799999915063;5487897,029600000008941;8,659569488000045;49,543179817000066;1
201944;08240123136300942020;08;1;36;065;2024;01;07;3;2;6;4;2;1;0;1;1;0;0;0;558962,215400000102818;5405780,638599999248981;9,802956678000044;48,802218725000046;1
201945;08240123128200971680;08;1;28;115;2024;01;12;3;3;0;7;0;1;1;0;0;0;0;0;547850,029799999669194;5497002,654400000348687;9,662516531000051;49,623687275000066;1
201948;08240123121200944050;08;1;21;000;2024;01;16;3;3;5;3;0;0;1;1;0;0;0;0;516547,949799999594688;5442479,286800000816584;9,226856003000023;49,134921246000033;1
201949;08240123119300980290;08;1;19;067;2024;01;09;3;3;5;3;0;0;1;1;0;0;0;0;537830,888299999758601;5405963,591900000348687;9,515219369000022;48,805509836000056;1
201950;08240123119200943360;08;1;19;020;2024;01;17;3;3;5;3;2;0;1;1;0;0;0;0;520759,885499999858439;5406173,714999999850988;9,282743957000037;48,808204743000033;1
201952;08240123116200958800;08;1;16;077;2024;01;16;3;3;1;7;0;1;1;1;0;0;0;0;515561,306200000457466;5391896,166999999433756;9,211401941000076;48,679916466000066;1
201953;08240126311010953610;08;3;11;000;2024;01;21;6;2;6;4;2;0;0;1;1;0;0;0;411526,097000000067055;5315835,904600000008941;7,814178535000053;47,989701433000050;1
201954;08240123116010969310;08;1;16;077;2024;01;07;3;3;6;4;2;1;0;1;1;0;0;0;514498,127299999818206;5389011,307299999520183;9,196857530000045;48,653989619000072;1
201956;08240123115200957980;08;1;15;037;2024;01;07;3;3;6;4;2;1;0;1;1;0;0;0;491559,622000000439584;5384966,447000000625849;8,885477565000031;48,617712570000037;1
201958;08240123111500972520;08;1;11;000;2024;01;07;3;3;5;3;1;0;1;1;0;0;0;0;512499,213499999605119;5404096,081599999219179;9,170173321000050;48,789735632000031;1
201959;08240122435100971710;08;4;35;016;2024;01;18;2;3;6;4;2;1;0;1;1;0;0;1;535564,072499999776483;5277823,265300000086427;9,473590752000064;47,652827665000075;1
201960;08240122416010968660;08;4;16;031;2024;01;17;2;2;6;4;2;1;0;1;1;0;0;0;502550,544999999925494;5362818,223999999463558;9,034471400000029;48,418510679000065;1
201961;08240122415400941070;08;4;15;061;2024;01;18;2;3;3;2;2;1;1;1;0;0;0;0;515026,081699999980628;5370580,365100000053644;9,203360139000040;48,488168103000078;1
201962;08240122337010967080;08;3;37;096;2024;01;17;2;3;6;4;2;1;0;1;1;0;0;0;420241,819400000385940;5267224,345300000160933;7,939899808000064;47,553538735000075;1
201964;08240122335300968980;08;3;35;075;2024;01;09;2;3;5;3;0;0;1;1;0;0;0;0;489273,283300000242889;5288613,448200000450015;8,856889387000024;47,750802235000037;1
201965;08240209415100026170;08;4;15;078;2024;02;08;6;2;6;4;0;1;0;1;1;0;0;0;529396,899400000460446;5371248,112800000235438;9,397895366000057;48,493667372000061;1
201966;08240122316100970070;08;3;16;012;2024;01;09;2;2;6;2;0;0;0;1;1;0;0;0;403524,879099999554455;5332760,231899999082088;7,703145812000059;48,140775127000040;1
201967;08240122311400988810;08;3;15;006;2024;01;15;2;3;5;3;0;1;1;1;0;0;0;0;403501,731999999843538;5308551,526900000870228;7,708289058000048;47,923018236000075;1
201968;08240122311010969910;08;3;11;000;2024;01;13;2;3;5;3;0;1;1;1;0;0;0;0;413530,567300000227988;5317437,939200000837445;7,840715998000064;48,004386469000053;1
201969;08240122231102988670;08;2;36;046;2024;01;07;2;2;6;4;0;0;0;1;1;0;0;0;483881,770200000144541;5418182,066800000146031;8,780000612000038;48,916366792000076;1
201970;08240222119400061530;08;1;19;079;2024;02;18;5;3;0;7;2;1;0;0;1;0;0;1;523332,517900000326335;5408128,698100000619888;9,317893156000025;48,825700045000076;1
201974;08240122221400988700;08;2;21;000;2024;01;13;2;3;6;4;0;0;0;1;1;0;0;0;476429,485700000077486;5469614,524199999868870;8,675275643000020;49,378775335000057;1
201975;08240122221011977320;08;2;26;098;2024;01;11;2;1;0;7;0;1;0;1;1;0;0;0;476624,891499999910593;5459901,933800000697374;8,678537106000022;49,291418601000032;1
201978;08240122212402967090;08;2;12;000;2024;01;16;2;3;1;5;1;1;1;1;0;0;0;0;455373,012000000104308;5426930,344200000166893;8,389938459000064;48,993660512000076;1
201979;08240122212010944230;08;2;15;101;2024;01;06;2;3;5;3;2;1;1;1;0;0;0;0;465479,524000000208616;5428101,971000000834465;8,527991677000045;49,004847443000074;1
201981;08240406421300650850;08;4;25;039;2024;04;16;7;2;0;1;0;0;1;0;0;0;0;0;566927,738900000229478;5350650,097599999979138;9,902554570000063;48,305502493000063;1
201983;08240406416200651010;08;4;16;015;2024;04;17;7;3;0;7;0;0;1;0;0;0;0;0;507366,211600000038743;5367908,447200000286102;9,099646074000077;48,464266864000081;1
201984;08240406416010643770;08;4;15;061;2024;04;11;7;3;5;3;0;0;1;0;0;1;0;0;516341,206000000238419;5373319,229000000283122;9,221265860000074;48,512775014000056;1
201986;08240406415100628050;08;4;15;050;2024;04;16;7;3;5;3;0;0;1;1;0;0;0;0;521881,154000000096858;5375604,211999999359250;9,296397769000066;48,533162661000063;1
201987;08240406415050650530;08;1;16;080;2024;04;18;7;3;5;3;0;0;1;1;0;0;0;0;519984,475999999791384;5395184,332000000402331;9,271649625000066;48,709370845000080;1
201988;08240406337200650990;08;3;37;076;2024;04;12;7;2;0;7;0;0;1;0;0;0;0;0;427499,795599999837577;5268602,902100000530481;8,036126445000036;47,566792091000082;1
201990;08240406325202637440;08;3;25;069;2024;04;09;7;3;5;3;0;0;1;1;0;0;0;0;469603,889299999922514;5335171,089199999347329;8,591183064000063;48,169055216000061;1
201991;08240406317500627340;08;3;17;096;2024;04;12;7;3;8;1;0;0;1;0;0;0;0;0;423350,490500000305474;5368926,198200000450015;7,963028499000075;48,468794567000032;1
201993;08240406316200628560;08;3;16;056;2024;04;13;7;3;5;2;0;0;1;1;0;0;0;0;424933,567599999718368;5328780,085999999195337;7,991577570000061;48,107858056000055;1
201994;08240406316200628270;08;3;16;056;2024;04;12;7;3;5;3;0;0;1;1;0;0;0;0;422114,782499999739230;5327196,433000000193715;7,954006254000035;48,093273775000057;1
201995;08240406311100649490;08;3;16;051;2024;04;23;7;3;0;7;2;0;1;0;0;0;0;1;399963,562900000251830;5335492,498600000515580;7,654644362000056;48,164800348000028;1
201997;08240406311010656630;08;3;11;000;2024;04;12;7;3;1;6;0;0;1;1;0;0;0;0;413969,850499999709427;5315653,306500000879169;7,846961948000057;47,988392318000081;1
201998;08240406311010628500;08;3;15;073;2024;04;12;7;3;1;1;0;0;1;1;0;0;0;0;413011,234699999913573;5313546,126800000667572;7,834543367000038;47,969307813000057;1
201999;08240406311010625770;08;3;11;000;2024;04;01;7;3;0;1;2;0;1;0;0;0;0;0;414536,559299999848008;5315978,054199999198318;7,854491158000030;47,991389539000068;1
202004;08240406212010655000;08;2;12;000;2024;04;10;7;2;6;7;0;0;0;1;1;0;0;0;456635,654000000096858;5424966,533399999141693;8,407407593000073;48,976085695000052;1
202005;08240406128200628350;08;1;28;128;2024;04;18;7;1;8;1;0;0;1;0;0;0;0;0;550452,976599999703467;5505222,639799999073148;9,699612590000072;49,697405267000079;1
202007;08240406118010641670;08;1;18;079;2024;04;13;7;2;0;7;0;0;1;0;1;0;0;0;510475,241000000387430;5423713,957800000905991;9,143120184000054;48,966251115000034;1
202008;08240406116500627010;08;1;16;049;2024;04;20;7;2;0;7;1;0;1;0;0;0;0;0;525167,294999999925494;5385135,454900000244379;9,341487403000031;48,618783682000071;1
202009;08240406116400647310;08;1;16;070;2024;04;09;7;3;6;7;0;0;0;1;1;0;0;0;539659,820000000298023;5384732,708599999547005;9,538086188000023;48,614409739000052;1
202010;08240406116400628340;08;1;16;033;2024;04;12;7;3;5;3;0;0;1;1;0;0;0;0;535643,368599999696016;5387544,146900000050664;9,483836680000024;48,639942804000043;1
202011;08240406116100640490;08;1;16;072;2024;04;15;7;2;0;7;0;0;1;0;0;0;0;0;531276,203800000250340;5394307,017699999734759;9,425068360000068;48,701014575000045;1
202013;08240406115300670380;08;1;15;028;2024;04;13;7;3;5;2;0;0;1;1;0;0;0;0;500767,758299999870360;5404359,242399999871850;9,010453332000054;48,792228158000057;1
202014;08240406111370627250;08;1;11;000;2024;04;11;7;3;2;7;0;0;0;1;1;0;0;0;512398,527200000360608;5408867,416600000113249;9,168946659000028;48,832659974000080;1
202016;08240405436200625890;08;4;36;064;2024;04;08;6;3;1;7;0;0;1;1;0;0;0;0;544876,516400000080466;5290323,389599999412894;9,598881158000040;47,764714343000037;1
202017;08240405436000646510;08;4;35;036;2024;04;11;6;3;6;6;0;0;0;1;1;0;0;0;520315,584200000390410;5282219,049599999561906;9,270741206000025;47,693037662000052;1
202018;08240405435100625830;08;4;35;016;2024;04;00;6;3;0;1;2;0;1;0;0;0;0;0;536822,533400000073016;5278744,335400000214577;9,490426084000035;47,661044502000038;1
202021;08240405336300635460;08;3;36;036;2024;04;17;6;3;1;6;0;0;1;1;0;0;0;0;412997,965800000354648;5281765,837200000882149;7,840749694000067;47,683423030000029;1
202022;08240405336200637420;08;3;36;069;2024;04;18;6;3;5;3;0;0;1;1;0;0;0;0;409634,225800000131130;5269547,707800000905991;7,798461897000038;47,573049810000043;1
202024;08240405335300644000;08;3;35;075;2024;04;12;6;3;0;7;0;0;1;0;0;0;0;0;487839,200299999676645;5290008,812000000849366;8,837717592000047;47,763331617000063;1
202025;08240405335100637030;08;3;35;043;2024;04;15;6;3;0;7;0;0;1;0;0;0;0;0;510856,212000000290573;5280426,636700000613928;9,144634294000070;47,677138339000066;1
202026;08240405327200665010;08;3;27;046;2024;04;10;6;2;5;3;0;0;1;1;0;0;0;0;480255,488699999637902;5324734,533199999481440;8,734924811000042;48,075578811000071;1
202027;08240405317000629640;08;3;17;065;2024;04;08;6;3;0;3;0;0;1;0;0;0;1;0;411786,515999999828637;5355280,684299999848008;7,809483860000057;48,344542927000077;1
202029;08240405311400633630;08;3;15;050;2024;04;15;6;3;5;2;0;0;1;1;0;0;0;0;399617,827999999746680;5303035,921000000089407;7,657597514000031;47,872809598000060;1
202030;08240405311010666410;08;3;11;000;2024;04;08;6;3;8;7;0;0;1;0;0;0;0;0;411900,094999999739230;5319532,135999999940395;7,818430902000046;48,023001639000029;1
202032;08240405311010626600;08;3;11;000;2024;04;17;6;3;0;6;0;0;1;0;0;0;0;0;412488,287700000219047;5316894,420600000768900;7,826856184000064;47,999355505000040;1
202035;08240405221400627090;08;2;21;000;2024;04;12;6;3;5;3;0;0;1;1;0;0;0;0;476932,029900000430644;5469711,890599999576807;8,682193292000022;49,379670373000067;1
202037;08240405215402633730;08;2;15;009;2024;04;06;6;3;5;3;0;0;1;1;0;0;0;0;469326,990799999795854;5440857,773600000888109;8,579630954000038;49,119792626000049;1
202038;08240405215402633470;08;2;15;103;2024;04;17;6;3;5;3;0;0;1;1;0;0;0;0;466651,020200000144541;5443555,860099999234080;8,542735188000051;49,143922894000070;1
202039;08240405212010636440;08;2;12;000;2024;04;08;6;3;5;3;0;1;1;1;0;0;0;0;454639,629800000227988;5429678,152100000530481;8,379606575000025;49,018323819000045;1
202044;08240405119400646090;08;1;19;091;2024;04;10;6;3;6;4;0;0;0;1;1;0;0;0;526925,803700000047684;5406785,395300000905991;9,366760613000054;48,813470686000073;1
202045;08240405119100644310;08;1;19;083;2024;04;11;6;3;5;3;0;0;1;1;0;0;0;0;535462,959599999710917;5419661,167099999263883;9,484159034000072;48,928866052000046;1
202046;08240405119100633680;08;1;19;008;2024;04;18;6;3;6;7;0;0;0;1;1;0;0;0;531162,373300000093877;5422994,137599999085069;9,425701910000043;48,959079152000072;1
202047;08240405118010650680;08;1;18;079;2024;04;10;6;2;6;7;0;0;0;1;1;0;0;0;507766,130300000309944;5421230,043199999257922;9,106059089000041;48,943946617000051;1
202049;08240405116100626810;08;1;16;019;2024;04;18;6;3;0;1;0;0;1;0;0;0;0;0;521989,532700000330806;5400217,508999999612570;9,299172566000038;48,754581394000070;1
202051;08240405111230682170;08;1;11;000;2024;04;14;6;3;6;4;0;0;1;0;1;0;0;0;507048,863300000317395;5396799,643500000238419;9,095843518000038;48,724182653000071;1
202052;08240405111140649480;08;1;11;000;2024;04;14;6;3;5;3;0;0;1;1;0;0;0;0;512194,296000000089407;5401185,839999999850988;9,165935663000027;48,763561360000040;1
202053;08240404436100700950;08;4;36;055;2024;04;20;5;3;7;7;2;1;1;0;0;0;0;0;576400,218000000342727;5296835,270300000905991;10,020659708000039;47,820330063000029;1
202054;08240404435100625850;08;4;35;016;2024;04;15;5;3;0;1;0;0;1;0;0;0;0;0;531139,919200000353158;5281801,431199999526143;9,414961641000048;47,688849147000042;1