OID_;UIDENTSTLAE;ULAND;UREGBEZ;UKREIS;UGEMEINDE;UJAHR;UMONAT;USTUNDE;UWOCHENTAG;UKATEGORIE;UART;UTYP1;ULICHTVERH;IstStrassenzustand;IstRad;IstPKW;IstFuss;IstKrad;IstGkfz;IstSonstige;LINREFX;LINREFY;XGCSWGS84;YGCSWGS84;PLST
202057;08240404415400646800;08;4;15;061;2024;04;19;5;3;3;6;0;1;1;1;0;0;0;0;517081,922500000335276;5370194,574400000274181;9,231167502000062;48,484644876000061;1
202058;08240404415400643810;08;4;15;061;2024;04;17;5;3;5;2;0;1;1;1;0;0;0;0;514721,360999999567866;5371156,367499999701977;9,199256434000063;48,493357241000069;1
202062;08240404311010634750;08;3;11;000;2024;04;17;5;3;6;7;0;0;1;0;1;0;0;0;413409,584099999628961;5316613,022900000214577;7,839260829000068;47,996949690000065;1
202063;08240404311010624400;08;3;11;000;2024;04;11;5;3;3;2;0;0;1;1;0;0;0;0;413641,147900000214577;5318647,013100000098348;7,841954728000076;48,015277441000080;1
202064;08240404311010624380;08;3;11;000;2024;04;10;5;3;6;4;0;0;0;1;1;0;0;0;409353,822399999946356;5315380,786100000143051;7,785166184000047;47,985303340000030;1
202069;08240404221200634280;08;2;21;000;2024;04;16;5;3;0;7;0;1;1;0;0;0;0;0;477866,339800000190735;5472950,906600000336766;8,694884643000023;49,408839573000080;1
202070;08240404215102687640;08;2;12;000;2024;04;20;5;3;1;5;2;1;1;1;0;0;0;0;455112,214499999769032;5432794,305700000375509;8,385724710000034;49,046388340000078;1
202071;08240404212000638160;08;2;12;000;2024;04;18;5;3;5;3;0;1;1;1;0;0;0;0;456117,588100000284612;5428524,730000000447035;8,399944130000051;49,008055574000082;1
202083;08240403416200660240;08;4;16;041;2024;04;11;4;3;5;3;0;0;1;1;0;0;0;0;504904,152300000190735;5375019,834200000390410;9,066424237000035;48,528267768000035;1
202084;08240403416200624390;08;4;16;041;2024;04;14;4;3;5;3;0;0;1;1;0;0;0;0;500555,094700000248849;5376705,511499999091029;9,007520722000038;48,543451619000052;1
202085;08240403415100623100;08;4;15;078;2024;04;09;4;3;0;7;0;1;1;0;0;0;0;0;529288,294999999925494;5371369,640300000086427;9,396433934000072;48,494765729000051;1
202086;08240403225100645340;08;2;25;058;2024;04;16;4;3;6;4;0;0;0;1;1;0;0;0;510862,058000000193715;5467360,233999999240041;9,149582985000052;49,358857161000060;1
202087;08240403225100624030;08;2;25;058;2024;04;15;4;3;5;3;0;1;1;1;0;0;0;0;509797,313900000415742;5465833,808700000867248;9,134882738000044;49,345144947000051;1
202088;08240403222500679460;08;2;26;009;2024;04;15;4;3;5;5;0;1;1;1;0;0;0;0;465881,464700000360608;5472356,839700000360608;8,529727461000050;49,402942173000042;1
202089;08240403222200623240;08;2;22;000;2024;04;19;4;3;6;2;1;0;0;1;1;0;0;0;461365,651899999938905;5482124,831000000238419;8,466534014000047;49,490530742000033;1
202091;08240403212502642960;08;2;12;000;2024;04;14;4;3;6;2;0;1;0;1;1;0;0;0;453737,895299999974668;5429606,151100000366569;8,367282549000038;49,017609203000063;1
202098;08240403115200660470;08;1;15;004;2024;04;12;4;3;5;3;0;0;1;1;0;0;0;0;487983,787499999627471;5374837,119100000709295;8,837252094000064;48,526528125000027;1
202099;08240402435100639270;08;4;35;016;2024;04;12;3;3;5;2;0;0;1;1;0;0;0;0;534276,887600000016391;5278499,168600000441074;9,456503465000026;47,658978539000032;1
202100;08240402435100622320;08;4;35;016;2024;04;07;3;3;5;2;0;0;1;0;0;0;0;0;536816,150700000114739;5279622,247400000691414;9,490415060000032;47,668943778000028;1
202101;08240402426010680760;08;4;21;000;2024;04;16;3;2;0;4;0;0;0;0;1;0;0;1;572574,538999999873340;5360638,554999999701977;9,980415594000021;48,394729132000066;1
202102;08240402421300623250;08;4;21;000;2024;04;17;3;3;0;1;0;0;1;0;0;0;0;0;572031,157999999821186;5361974,468000000342727;9,973305363000065;48,406808325000043;1
202103;08240402421200622730;08;4;25;072;2024;04;17;3;3;0;7;0;0;1;0;0;0;0;0;582895,240199999883771;5372725,564500000327826;10,122205937000047;48,502176478000081;1
202106;08240402317000623630;08;3;17;114;2024;04;06;3;2;6;2;2;1;0;1;1;0;0;0;404801,230700000189245;5346484,880400000140071;7,717219459000034;48,264415358000065;1
202107;08240402235200623310;08;2;35;046;2024;04;15;3;3;5;3;0;1;1;1;0;0;0;0;479278,539200000464916;5377220,178400000557303;8,719230616000061;48,547739636000074;1
202110;08240402222700671240;08;2;22;000;2024;04;15;3;3;5;5;0;1;1;0;0;0;0;0;460910,120000000111759;5482291,573899999260902;8,460227796000027;49,492001327000025;1
202112;08240402222200659440;08;2;22;000;2024;04;11;3;3;0;7;0;0;1;0;0;0;0;0;460666,412999999709427;5482127,718000000342727;8,456879036000032;49,490511784000034;1
202113;08240402221011635680;08;2;21;000;2024;04;19;3;2;0;1;1;1;1;0;0;0;0;0;474989,112200000323355;5475109,256500000134110;8,655086372000028;49,428142036000054;1
202114;08240402216100629930;08;2;16;043;2024;04;15;3;3;6;7;0;0;0;1;1;0;0;0;440777,764200000092387;5413135,021299999207258;8,192440036000050;48,868346540000061;1
202116;08240402212000639160;08;2;15;017;2024;04;15;3;3;5;3;0;0;1;1;0;0;0;0;455948,750400000251830;5421010,662100000306964;8,398449363000054;48,940453303000027;1
202117;08240402118400627390;08;1;18;048;2024;04;20;3;3;5;3;2;0;1;0;0;0;0;0;512806,706000000238419;5415595,469000000506639;9,174719171000049;48,893175833000043;1
202118;08240406426000628770;08;4;25;141;2024;04;16;7;3;0;1;0;0;1;0;0;0;0;0;567968,947999999858439;5362888,831599999219179;9,918571333000045;48,415484562000074;1
202119;08240402116010625300;08;1;16;016;2024;04;08;3;3;5;7;0;0;1;1;0;0;0;0;534508,080400000326335;5384647,200500000268221;9,468185258000062;48,613945864000073;1
202123;08240401337200621470;08;3;15;108;2024;04;12;2;3;1;1;0;0;1;1;0;0;0;0;404989,802500000223517;5304512,520199999213219;7,729092835000074;47,886909186000025;1
202124;08240401335100633550;08;3;35;043;2024;04;03;2;3;8;6;2;0;1;0;0;0;0;1;512686,478699999861419;5280033,534199999645352;9,169006906000050;47,673568010000054;1
202125;08240401335100625690;08;3;35;066;2024;04;02;2;2;8;1;2;0;1;0;0;0;0;0;503790,733500000089407;5283056,385099999606609;9,050525809000021;47,700879999000051;1
202127;08240405117200647850;08;1;17;024;2024;04;20;6;3;6;1;2;0;0;0;1;1;0;0;561865,076399999670684;5386440,161699999123812;9,839583924000067;48,627967197000032;1
202140;08240331416200619640;08;4;16;041;2024;03;10;1;3;5;3;0;0;1;1;0;0;0;0;506305,503999999724329;5375017,047000000253320;9,085404768000046;48,528230178000058;1
202141;08240331416200610570;08;4;16;041;2024;03;14;1;3;0;1;0;0;1;0;0;0;0;0;504579,935999999754131;5371841,483300000429153;9,061998000000074;48,499676585000032;1
202142;08240331416100581820;08;4;16;036;2024;03;16;1;2;8;7;0;0;1;0;0;0;0;0;497877,857699999585748;5369308,066299999132752;8,971285698000031;48,476898018000043;1
202143;08240331336300612560;08;3;36;081;2024;03;16;1;3;0;7;0;0;1;0;0;0;0;0;420711,356800000183284;5283642,997300000861287;7,943165949000047;47,701302471000076;1
202146;08240331326100593010;08;3;26;012;2024;03;00;1;3;5;1;2;1;1;1;0;0;0;0;462804,558100000023842;5311127,053700000047684;8,501829218000069;47,952375438000047;1
202147;08240331317500598040;08;3;17;034;2024;03;20;1;2;6;2;2;0;0;1;1;0;0;0;427222,054700000211596;5361334,597899999469519;8,016716333000034;48,400966756000059;1
202149;08240331316200582170;08;3;16;014;2024;03;16;1;3;6;7;0;0;0;1;1;0;0;0;426040,030000000260770;5330532,145400000736117;8,006135215000029;48,123748428000056;1
202150;08240406222500653260;08;2;22;000;2024;04;13;7;3;1;5;0;0;1;1;0;0;0;0;465402,362300000153482;5475830,798699999228120;8,522821128000032;49,434162169000047;1
202151;08240331221400619060;08;2;21;000;2024;03;13;1;3;3;6;0;0;1;0;0;1;0;0;475230,504800000227988;5470832,310300000011921;8,658682055000043;49,389681571000040;1
202153;08240331216200576400;08;2;16;063;2024;03;11;1;3;6;7;0;0;0;1;1;0;0;0;429530,939799999818206;5402656,326700000092387;8,040898139000035;48,772918524000033;1
202154;08240331136000570840;08;1;36;027;2024;03;03;1;3;0;7;2;0;1;0;0;0;0;0;554587,379700000397861;5420780,692199999466538;9,745386549000045;48,937544704000061;1
202158;08240330426010593610;08;4;21;000;2024;03;22;7;2;6;2;2;0;0;1;1;0;0;0;572007,082200000062585;5361520,300499999895692;9,972902166000040;48,402725725000039;1
202159;08240330417300569580;08;4;17;013;2024;03;19;7;3;5;3;2;0;1;1;0;0;0;0;508546,374200000427663;5348541,530500000342727;9,115216814000064;48,290015999000047;1
202162;08240330337010589180;08;3;37;030;2024;03;16;7;3;4;2;0;0;1;0;0;0;0;1;462805,811499999836087;5275167,362099999561906;8,504928358000029;47,628839743000071;1
202163;08240330336400615830;08;3;36;008;2024;03;20;7;3;5;2;2;1;1;1;0;0;0;0;396586,930200000293553;5276421,143300000578165;7,623406962000047;47,632929651000040;1
202165;08240330335100610800;08;3;35;043;2024;03;16;7;3;0;4;0;0;1;0;1;0;0;0;512148,593000000342727;5279149,799000000581145;9,161816742000042;47,665626781000071;1
202166;08240330335100606470;08;3;35;043;2024;03;11;7;3;5;2;0;0;1;1;0;0;0;0;512040,277099999599159;5280330,219299999997020;9,160406545000058;47,676249839000036;1
202167;08240406317000654570;08;3;17;005;2024;04;15;7;3;5;3;0;0;1;1;0;0;0;0;425146,876500000245869;5376165,892699999734759;7,986029198000040;48,534131927000033;1
202168;08240330317100609280;08;3;17;067;2024;03;15;7;3;4;1;0;0;1;1;0;0;0;0;435777,709099999628961;5374585,671599999070168;8,130260669000052;48,521095539000044;1
202169;08240330237100608820;08;2;37;028;2024;03;17;7;3;1;7;0;0;1;1;0;0;0;0;457392,016599999740720;5367747,038000000640750;8,423653715000057;48,461414785000045;1
202177;08240330118300571860;08;1;18;003;2024;03;16;7;3;0;7;0;0;1;1;0;0;0;0;510245,139100000262260;5416816,633600000292063;9,139803013000062;48,904208774000040;1
202178;08240330111500610210;08;1;11;000;2024;03;13;7;2;6;7;0;0;0;0;1;0;0;1;514341,193599999882281;5404024,471699999645352;9,195248727000035;48,789051684000071;1
202179;08240329435100562630;08;4;35;030;2024;03;16;6;3;0;1;0;0;1;0;0;0;0;0;540815,546699999831617;5271503,653400000184774;9,542930139000021;47,595657786000061;1
202180;08240329417200609760;08;4;17;002;2024;03;15;6;3;3;2;0;0;1;0;0;0;0;1;488689,266999999992549;5345604,502900000661612;8,847594578000042;48,263549011000066;1
202181;08240329416200605160;08;4;16;025;2024;03;08;6;2;2;6;0;0;1;1;0;0;0;0;507535,484699999913573;5362299,988700000569224;9,101835006000044;48,413808459000052;1
202182;08240329316100593020;08;3;16;012;2024;03;17;6;3;6;3;0;0;1;0;1;0;0;0;403318,699900000356138;5332012,204099999740720;7,700544839000031;48,134015574000045;1
202183;08240329311010609820;08;3;11;000;2024;03;15;6;3;0;3;0;0;1;1;0;0;0;0;414643,343200000002980;5316290,700300000607967;7,855859964000047;47,994216179000034;1
202185;08240329311010567140;08;3;15;095;2024;03;15;6;2;0;1;0;0;1;0;0;0;0;0;428142,037700000219047;5317562,010299999266863;8,036557619000064;48,007312368000044;1
202186;08240329226600607610;08;2;26;031;2024;03;23;6;3;0;7;2;0;1;0;0;0;0;0;474377,897900000214577;5492847,177500000223517;8,645506598000054;49,587662978000026;1
202189;08240328325102605040;08;3;25;045;2024;03;20;5;3;6;4;2;1;0;1;1;0;0;0;468615,785199999809265;5349319,050200000405312;8,576845614000035;48,296290394000039;1
202192;08240328311010586010;08;3;11;000;2024;03;12;5;3;5;3;0;1;1;1;0;0;1;0;413766,770299999974668;5316893,059599999338388;7,843991598000059;47,999516997000057;1
202196;08240328222200615930;08;2;22;000;2024;03;12;5;3;0;7;0;1;1;0;0;0;0;0;461717,667100000195205;5482451,019400000572205;8,471362852000027;49,493486944000040;1
202197;08240328221300587580;08;2;21;000;2024;03;08;5;3;5;3;0;1;1;1;0;0;0;0;476922,558400000445545;5473918,550100000575185;8,681818447000069;49,417508301000055;1
202198;08240328212702558160;08;2;15;017;2024;03;16;5;3;5;3;0;0;1;1;0;0;0;0;456378,724100000225008;5420830,264100000262260;8,404339932000028;48,938861054000029;1
202199;08240328212010618610;08;2;12;000;2024;03;21;5;2;5;3;2;0;1;0;0;0;0;1;456112,503999999724329;5428243,379599999636412;8,399905026000056;49,005524434000051;1
202203;08240327426000550790;08;4;21;000;2024;03;17;4;3;3;2;0;1;1;1;0;0;0;0;573566,098399999551475;5361882,448499999940395;9,994026566000059;48,405803294000066;1
202207;08240327222700560930;08;2;22;000;2024;03;10;4;3;6;4;0;0;0;0;1;0;0;1;462308,531899999827147;5481203,236700000241399;8,479640662000065;49,482300781000049;1
202208;08240404317500646020;08;3;17;096;2024;04;16;5;3;5;3;0;0;1;1;0;0;0;0;421858,304999999701977;5368956,433100000023842;7,942838999000060;48,468882887000063;1
202209;08240327222400618340;08;2;26;038;2024;03;11;4;3;5;3;0;0;1;1;0;0;0;0;470943,803000000305474;5480862,348699999973178;8,598878650000074;49,479709452000066;1
202210;08240331415300619630;08;4;15;092;2024;03;18;1;3;8;1;0;0;1;0;0;0;0;0;518880,993999999947846;5365838,041999999433756;9,255317214000058;48,445400443000040;1
202211;08240327222400601270;08;2;22;000;2024;03;05;4;3;4;2;1;0;1;1;0;0;0;0;468722,257000000216067;5476756,230000000447035;8,568535449000024;49,442665986000065;1
202212;08240327221200617940;08;2;21;000;2024;03;13;4;3;2;6;0;0;1;1;0;0;0;0;479042,813900000415742;5473240,220499999821186;8,711086995000073;49,411483567000062;1
202213;08240327216200606810;08;2;16;007;2024;03;14;4;3;5;3;0;1;1;1;0;0;0;0;436179,644700000062585;5394088,300799999386072;8,132704077000028;48,696566616000041;1
202214;08240327216100543570;08;2;16;043;2024;03;13;4;3;3;2;0;0;1;1;0;0;0;0;443289,041000000201166;5412684,148000000044703;8,226743201000033;48,864525668000056;1
202215;08240327215302613830;08;2;15;007;2024;03;13;4;3;5;3;0;0;1;1;0;0;0;0;477933,144199999980628;5431658,765699999406934;8,698076934000028;49,037413364000031;1
202216;08240327212302590640;08;2;12;000;2024;03;11;4;3;2;2;0;0;1;0;0;0;0;0;455372,231300000101328;5428704,819199999794364;8,389732791000029;49,009622041000057;1
202217;08240327212010585640;08;2;12;000;2024;03;10;4;3;6;4;0;0;0;1;1;0;0;0;455761,724899999797344;5428735,799200000241399;8,395055275000061;49,009928755000033;1
202220;08240327135010581440;08;4;21;000;2024;03;10;4;3;5;3;0;0;1;1;0;0;0;0;571579,915000000037253;5360239,994400000199676;9,966913202000057;48,391257667000048;1
202221;08240327128100555050;08;1;28;058;2024;03;14;4;3;0;1;0;0;1;0;0;0;0;0;558774,788399999961257;5483235,557000000029802;9,811707557000034;49,498903936000033;1
202223;08240327121400557500;08;1;25;056;2024;03;12;4;3;6;4;0;0;0;1;1;0;0;0;510755,963299999944866;5435923,988700000569224;9,147279335000064;49,076082282000073;1
202224;08240327117200830500;08;1;17;024;2024;03;10;4;3;4;2;0;0;1;1;0;0;0;0;560440,059700000099838;5386469,499800000339746;9,820251093000024;48,628370445000030;1
202225;08240327117100587300;08;1;17;019;2024;03;15;4;3;5;3;0;1;1;1;0;0;0;0;551906,849999999627471;5393524,038000000640750;9,705338989000040;48,692595805000053;1
202228;08240327111240556580;08;1;11;000;2024;03;17;4;3;6;4;0;0;0;1;1;0;0;0;518779,718999999575317;5400586,359999999403954;9,255519644000060;48,758004636000067;1
202230;08240326436200540810;08;4;36;064;2024;03;17;3;3;0;1;0;0;1;0;0;0;0;0;546245,911700000055134;5292714,859400000423193;9,617409443000042;47,786133634000066;1
202231;08240326436000543310;08;4;37;088;2024;03;16;3;3;7;1;0;0;1;0;0;0;0;0;518183,544800000265241;5307559,552899999544024;9,243391130000020;47,921100084000045;1
202233;08240326436000533870;08;4;36;009;2024;03;16;3;3;6;4;0;0;0;1;1;0;0;0;556111,386800000444055;5308191,625900000333786;9,751116874000047;47,924588616000051;1
202234;08240326435100534530;08;4;35;016;2024;03;09;3;3;5;3;0;0;1;1;0;0;0;0;537542,402900000102818;5278557,458599999547005;9,499997340000050;47,659321720000037;1
202235;08240326426300548700;08;4;26;097;2024;03;17;3;3;8;3;0;0;1;1;0;0;0;0;535803,609500000253320;5333048,692500000819564;9,481364753000037;48,149679164000077;1
202236;08240326416200594260;08;4;16;041;2024;03;12;3;3;0;7;0;0;1;0;0;0;0;0;504019,324300000444055;5373834,720799999311566;9,054428276000067;48,517612351000025;1
202238;08240326416100548360;08;4;16;036;2024;03;15;3;3;6;4;0;0;0;1;1;0;0;0;495227,207999999634922;5368934,627000000327826;8,935424544000057;48,473523860000057;1
202242;08240326335300617400;08;3;35;075;2024;03;12;3;3;6;7;0;0;0;1;1;0;0;0;486590,424800000153482;5288842,259099999442697;8,821089106000045;47,752810757000077;1
202244;08240326317600575010;08;3;17;041;2024;03;09;3;3;6;7;0;0;0;1;1;0;0;0;437603,163999999873340;5347916,062999999150634;8,158943904000068;48,281371021000041;1
202245;08240326316100582550;08;3;16;011;2024;03;15;3;3;1;1;0;0;1;1;0;0;0;0;414637,440200000070035;5329428,023600000888109;7,853159450000021;48,112389593000046;1
202247;08240326311010600550;08;3;11;000;2024;03;13;3;3;6;7;0;0;0;0;1;0;0;1;410074,144500000402331;5316636,034900000318885;7,794554704000063;47,996696245000066;1
202248;08240326311010554830;08;3;11;000;2024;03;20;3;3;5;3;1;0;1;1;0;0;0;0;413466,407899999991059;5316840,004000000655651;7,839976613000033;47,998999157000071;1
202249;08240326311010546010;08;3;11;000;2024;03;18;3;3;0;7;0;0;1;0;0;0;0;0;414043,587000000290573;5317079,194000000134110;7,847664422000037;48,001228624000078;1
202250;08240326311010544580;08;3;15;131;2024;03;16;3;2;5;3;0;0;1;1;0;0;0;0;405914,735999999567866;5308864,573100000619888;7,740512611000042;47,926192853000032;1
202251;08240326311010536490;08;3;11;000;2024;03;07;3;3;5;3;0;0;1;1;0;0;0;0;414033,726999999955297;5317938,925000000745058;7,847359956000048;48,008960885000079;1
202252;08240326311010532720;08;3;36;050;2024;03;12;3;3;1;3;0;0;1;1;0;0;0;0;400831,828999999910593;5276586,503399999812245;7,679860070000075;47,635081169000046;1
202253;08240326235200609210;08;2;35;046;2024;03;11;3;3;0;7;0;0;0;0;1;0;1;0;479683,529900000430644;5377514,145999999716878;8,724703703000046;48,550397484000030;1
202254;08240326222800548490;08;2;22;000;2024;03;17;3;3;3;2;0;0;1;1;0;0;0;0;463285,649500000290573;5486837,140000000596046;8,492606130000070;49,533034644000054;1
202255;08240326222500602890;08;2;22;000;2024;03;16;3;2;5;3;0;0;1;1;0;0;0;0;462398,155000000260770;5478374,314200000837445;8,481146733000060;49,456861563000075;1
202256;08240326221200535820;08;2;21;000;2024;03;11;3;3;0;7;0;0;1;0;0;0;0;0;477176,292100000195205;5472642,809000000357628;8,685390104000021;49,406042792000051;1
202258;08240326212402599410;08;2;12;000;2024;03;23;3;3;0;7;2;0;1;0;0;0;0;0;454473,222199999727309;5426377,289699999615550;8,377700833000063;48,988620040000058;1
202259;08240326212010594420;08;2;12;000;2024;03;14;3;2;5;3;0;0;1;1;0;0;0;0;454903,141699999570847;5432501,884400000795722;8,382896337000034;49,043742740000027;1
202261;08240326212010534250;08;2;12;000;2024;03;17;3;3;5;2;0;0;1;1;0;0;0;0;460013,767699999734759;5427180,143400000408292;8,453350908000061;48,996225500000037;1
202262;08240326128200599470;08;1;28;115;2024;03;10;3;3;6;7;0;0;0;1;1;0;0;0;547587,247700000181794;5496816,062500000000000;9,658855756000037;49,622029822000059;1
202263;08240326128100610950;08;1;28;006;2024;03;16;3;3;5;7;0;0;1;1;0;0;0;0;549385,668300000019372;5475285,300899999216199;9,681058094000036;49,428234415000077;1
202264;08240326128100546690;08;1;28;007;2024;03;18;3;2;0;1;1;0;1;0;0;0;0;0;559312,764600000344217;5476929,571000000461936;9,818191251000030;49,442135780000058;1
202265;08240326127202602880;08;1;27;014;2024;03;17;3;3;6;3;0;0;1;0;1;0;0;0;576426,229299999773502;5443606,006200000643730;10,047853977000045;49,140524544000073;1
202266;08240326121600537480;08;1;25;008;2024;03;11;3;3;8;1;0;0;1;0;0;0;0;0;522670,971599999815226;5432116,893100000917912;9,310214200000075;49,041512493000027;1
202268;08240326119400548100;08;1;19;091;2024;03;17;3;3;5;3;0;0;1;1;0;0;0;0;528918,944299999624491;5405734,308900000527501;9,393834793000053;48,803925852000077;1
202269;08240326118500539120;08;1;18;049;2024;03;17;3;3;0;7;0;0;1;0;0;0;0;0;517035,872800000011921;5419268,434100000187755;9,232569657000056;48,926114818000030;1
202270;08240326116400542040;08;1;16;033;2024;03;17;3;3;0;1;0;0;1;0;0;0;0;0;533329,547699999995530;5388629,607899999246001;9,452516401000025;48,649835145000054;1
202272;08240325435100597160;08;4;35;016;2024;03;16;2;3;4;2;0;0;1;0;0;0;0;1;536085,570600000210106;5283579,112800000235438;9,481010826000045;47,704586315000029;1
202274;08240325426000529650;08;4;26;113;2024;03;14;2;3;0;1;0;0;1;0;0;0;0;0;569027,261300000362098;5320380,270999999716878;9,925948656000060;48,032977394000056;1
202276;08240325417000616780;08;4;17;002;2024;03;12;2;2;3;2;0;0;1;1;0;0;0;0;489548,640399999916553;5346441,877699999138713;8,859153389000028;48,271097418000068;1
202278;08240325416010606930;08;4;16;041;2024;03;16;2;2;6;3;0;0;0;1;1;0;0;0;504389,927299999631941;5377096,358400000259280;9,059481207000033;48,546952688000033;1
202279;08240325416010534720;08;4;17;031;2024;03;17;2;3;6;6;0;0;0;0;1;0;0;1;497188,217600000090897;5355482,488399999216199;8,962046997000073;48,352513042000055;1
202280;08240325415400573530;08;4;15;061;2024;03;13;2;3;2;2;0;0;1;1;0;0;0;0;514273,358000000007451;5370528,221799999475479;9,193171199000062;48,487716550000073;1
202285;08240325317500529070;08;3;17;096;2024;03;14;2;3;0;7;0;0;1;0;0;0;0;0;422385,010900000110269;5369156,122800000011921;7,949926369000025;48,470744309000054;1
202287;08240325317000525790;08;3;17;065;2024;03;19;2;3;0;3;2;0;1;1;0;0;0;0;414757,870699999853969;5354001,567999999970198;7,849835150000047;48,333445478000044;1
202288;08240325311100576540;08;3;15;013;2024;03;14;2;3;5;3;0;0;1;1;0;0;0;0;404910,373499999754131;5323978,867300000041723;7,723722280000061;48,061997215000076;1
202289;08240325311010535740;08;3;11;000;2024;03;13;2;3;1;7;0;0;1;1;0;0;0;0;413562,475999999791384;5316941,822000000625849;7,841243665000036;47,999928041000032;1
202293;08240325226200598750;08;2;26;003;2024;03;13;2;3;5;3;0;0;1;1;0;0;0;0;463616,652400000020862;5461638,292700000107288;8,499490875000049;49,306400701000030;1
202295;08240325222500600140;08;2;22;000;2024;03;11;2;3;5;3;0;0;1;1;0;0;0;0;462865,203700000420213;5479226,293700000271201;8,487511172000040;49,464553452000075;1
202298;08240325221011598020;08;2;26;018;2024;03;20;2;3;2;3;2;0;1;0;0;0;0;1;473456,562099999748170;5472076,304300000891089;8,634154939000041;49,400796320000040;1
202300;08240325212702620200;08;2;15;017;2024;03;14;2;3;5;3;0;0;1;1;0;0;0;0;455718,823900000192225;5421706,330900000408292;8,395234129000073;48,946694569000044;1
202301;08240325212102597330;08;2;15;101;2024;03;16;2;3;0;7;0;0;1;0;0;0;0;0;465580,737499999813735;5428212,609699999913573;8,529366170000060;49,005848325000045;1
202302;08240325212010598270;08;2;12;000;2024;03;14;2;3;5;3;0;0;1;1;0;0;0;0;458837,407399999909103;5428182,332900000736117;8,437168193000048;49,005163064000044;1
202303;08240325212010584750;08;2;12;000;2024;03;14;2;3;5;3;0;0;1;1;0;0;0;0;458555,041799999773502;5428260,522600000724196;8,433299516000034;49,005847497000047;1
202304;08240325212010543030;08;2;12;000;2024;03;15;2;3;5;3;0;0;1;0;0;0;0;0;457687,315799999982119;5429807,634800000116229;8,421273942000028;49,019705102000046;1
202306;08240325126100600440;08;1;26;039;2024;03;15;2;3;2;6;0;0;1;0;0;0;0;0;546279,846900000236928;5461094,761900000274181;9,636579885000060;49,300842083000077;1
202307;08240325121500528980;08;1;25;005;2024;03;15;2;3;0;1;0;0;1;0;0;0;0;0;515211,129599999636412;5452864,878900000825524;9,208922546000053;49,228377027000079;1
202308;08240325121200536280;08;1;21;000;2024;03;17;2;3;6;4;0;0;0;0;1;0;0;1;515967,848100000061095;5443261,810499999672174;9,218934447000038;49,141975659000082;1
202309;08240325119200532230;08;1;19;020;2024;03;17;2;3;0;1;0;0;1;0;0;0;0;0;520270,087899999693036;5406323,976600000634789;9,276080550000074;48,809572637000031;1
202310;08240325118300521520;08;1;18;046;2024;03;06;2;3;5;3;0;0;1;1;0;0;0;0;513550,993999999947846;5411317,088999999687076;9,184731523000039;48,854672691000076;1
202311;08240325118010601090;08;1;15;001;2024;03;16;2;2;6;4;0;0;1;0;1;0;0;0;492458,799999999813735;5391699,255999999120831;8,897555338000075;48,678293444000076;1
202315;08240325116100577320;08;1;16;019;2024;03;16;2;3;5;3;0;0;1;1;0;0;0;0;522897,308600000105798;5396124,680400000885129;9,311295465000057;48,717730005000078;1
202320;08240324336400574030;08;3;36;091;2024;03;14;1;3;5;3;0;0;1;0;0;0;0;0;396082,276700000278652;5273618,694700000807643;7,617356159000053;47,607640381000067;1
202322;08240324326200616210;08;3;26;074;2024;03;16;1;3;5;3;0;1;1;1;0;0;0;0;464923,572200000286102;5323936,962500000372529;8,529160947000037;48,067744085000072;1
202324;08240329111130591310;08;1;11;000;2024;03;23;6;3;0;1;2;0;1;0;0;0;0;0;512508,803399999625981;5401792,955600000917912;9,170233808000035;48,769016696000051;1
202325;08240324231000585690;08;2;36;076;2024;03;14;1;3;6;4;0;0;0;1;1;0;0;0;471370,142500000074506;5423446,070000000298023;8,608861527000045;48,963266974000078;1
202326;08240324226400724320;08;2;22;000;2024;03;10;1;3;6;7;0;0;0;1;1;0;0;0;463460,727599999867380;5477542,185799999162555;8,495884920000037;49,449441777000061;1
202327;08240406119500637360;08;1;19;085;2024;04;10;7;3;6;4;0;0;0;1;1;0;0;0;528799,359100000001490;5414101,119799999520183;9,392794369000057;48,879196338000042;1
202328;08240324119400559780;08;1;19;079;2024;03;11;1;3;0;7;0;0;1;0;0;0;0;1;522855,741999999620020;5407169,486999999731779;9,311343989000022;48,817088938000040;1
202330;08240324118300522090;08;1;18;003;2024;03;17;1;3;6;4;0;1;0;1;1;0;0;0;510673,436400000005960;5416737,143799999728799;9,145645370000068;48,903486472000054;1
202331;08240323426000608190;08;4;21;000;2024;03;16;7;3;0;1;0;1;1;0;0;0;0;0;572058,072200000286102;5360063,153100000694394;9,973340921000045;48,389612472000067;1
202337;08240323326200572290;08;3;26;074;2024;03;20;7;3;6;2;2;1;0;1;1;0;0;0;464509,892500000074506;5323515,394600000232458;8,523643224000068;48,063928447000080;1
202339;08240323235100560450;08;2;35;047;2024;03;16;7;3;6;4;0;1;0;1;1;0;0;0;478099,194199999794364;5389447,316999999806285;8,702606006000053;48,657696349000048;1
202340;08240403335200624930;08;3;35;063;2024;04;16;4;3;5;3;0;0;1;1;0;0;0;0;496666,577300000004470;5288094,153200000524521;8,955531019000034;47,746210443000052;1
202346;08240323212010509690;08;2;12;000;2024;03;11;7;3;5;2;0;0;1;1;0;0;0;0;453342,751600000075996;5428906,895700000226498;8,361958990000062;49,011289618000035;1