OID_;UIDENTSTLAE;ULAND;UREGBEZ;UKREIS;UGEMEINDE;UJAHR;UMONAT;USTUNDE;UWOCHENTAG;UKATEGORIE;UART;UTYP1;ULICHTVERH;IstStrassenzustand;IstRad;IstPKW;IstFuss;IstKrad;IstGkfz;IstSonstige;LINREFX;LINREFY;XGCSWGS84;YGCSWGS84;PLST
202348;08240323118300574790;08;1;18;046;2024;03;01;7;3;8;7;2;0;1;0;0;0;0;0;513439,795199999585748;5410840,205099999904633;9,183199980000040;48,850385156000073;1
202351;08240323111370588600;08;1;11;000;2024;03;14;7;3;5;2;0;0;1;1;0;0;0;0;511679,332200000062585;5406263,454600000753999;9,159072552000055;48,809249034000061;1
202352;08240322436200508010;08;4;36;069;2024;03;16;6;3;0;1;0;0;1;0;0;0;0;0;552454,235899999737740;5291706,953400000929832;9,700166339000077;47,776589919000060;1
202354;08240322421300501490;08;4;21;000;2024;03;12;6;3;5;3;0;0;1;0;0;0;1;0;569504,678199999965727;5361741,268600000068545;9,939133087000073;48,404994309000074;1
202360;08240322337010574090;08;3;37;106;2024;03;16;6;2;5;3;0;0;1;0;0;0;0;1;457219,575899999588728;5285388,289100000634789;8,429575197000077;47,720455067000046;1
202362;08240322335200615110;08;3;35;063;2024;03;10;6;3;6;4;0;0;0;0;1;0;0;1;494946,971599999815226;5288823,287699999287724;8,932582441000022;47,752759705000074;1
202363;08240328212302559950;08;2;12;000;2024;03;14;5;3;4;6;0;0;1;0;0;0;0;0;455984,238400000147521;5428592,006699999794364;8,398113493000039;49,008651238000027;1
202365;08240322325202543810;08;3;25;060;2024;03;14;6;3;6;4;0;0;0;1;1;0;0;0;469282,749400000087917;5338937,325300000607967;8,586591561000034;48,202923321000071;1
202367;08240322317500506110;08;3;17;096;2024;03;09;6;3;0;1;0;0;1;0;0;0;0;0;422021,816200000233948;5371337,026399999856949;7,944606566000061;48,490316395000036;1
202369;08240322311010589640;08;3;11;000;2024;03;16;6;3;0;6;0;0;1;1;0;0;0;0;411851,223799999803305;5315620,769600000232458;7,818579443000033;47,987811130000068;1
202370;08240322311010578850;08;3;11;000;2024;03;07;6;2;5;3;0;0;1;1;0;0;0;0;413133,783999999985099;5317836,364000000059605;7,835316820000060;48,007916625000064;1
202372;08240322311010541620;08;3;11;000;2024;03;22;6;3;0;7;2;1;1;0;0;0;0;0;414400,497800000011921;5318583,161000000312924;7,852147997000031;48,014805253000077;1
202373;08240322311010501680;08;3;36;050;2024;03;15;6;2;0;7;0;0;1;0;0;0;0;0;400987,830599999986589;5276377,143300000578165;7,681983582000043;47,633221770000034;1
202375;08240322235100523930;08;2;35;033;2024;03;00;6;3;0;7;2;1;1;0;0;0;0;0;458952,565000000409782;5405443,326999999582767;8,441028545000052;48,800625681000042;1
202376;08240322231102549020;08;2;36;046;2024;03;17;6;3;1;5;0;0;1;1;0;0;0;0;486116,629999999888241;5416889,318900000303984;8,810548229000062;48,904791762000059;1
202377;08240322216300586200;08;2;16;015;2024;03;18;6;3;6;7;1;0;0;0;1;0;0;1;449980,519700000062585;5405952,731599999591708;8,318796125000063;48,804550724000080;1
202379;08240322216100604440;08;2;16;043;2024;03;12;6;3;6;6;0;0;0;0;1;0;0;1;441651,469399999827147;5411672,928500000387430;8,204561201000047;48,855277888000046;1
202380;08240322215502543610;08;2;15;066;2024;03;12;6;3;6;4;0;0;0;1;1;0;0;0;460772,233500000089407;5453719,141899999231100;8,461139662000051;49,234993486000064;1
202381;08240322215402543600;08;2;15;103;2024;03;16;6;3;5;3;0;0;1;1;0;0;0;0;466937,249900000169873;5443445,594200000166893;8,546668748000059;49,142946516000052;1
202382;08240322212302539080;08;2;12;000;2024;03;21;6;3;6;6;2;0;0;1;1;0;0;0;456042,097099999897182;5428829,105299999937415;8,398878952000075;49,010788090000062;1
202383;08240322212010538480;08;2;12;000;2024;03;21;6;3;0;7;2;0;1;0;0;0;0;1;457474,549800000153482;5428581,474899999797344;8,418492503000039;49,008661003000043;1
202384;08240405226500649680;08;2;26;085;2024;04;12;6;2;6;7;0;0;0;1;1;0;0;0;490579,456000000238419;5455857,538000000640750;8,870539636000046;49,255413099000066;1
202385;08240322212010501580;08;2;12;000;2024;03;16;6;3;2;3;0;0;1;1;0;0;0;0;457801,620400000363588;5428429,157999999821186;8,422980572000029;49,007313342000032;1
202388;08240322126200583870;08;1;26;066;2024;03;18;6;2;6;4;1;0;0;0;1;1;0;0;536449,580199999734759;5449574,830199999734759;9,500322387000040;49,197887383000079;1
202390;08240323311010620060;08;3;11;000;2024;03;16;7;3;5;3;0;0;1;1;0;0;0;0;404163,624800000339746;5317270,011700000613928;7,715203286000076;48,001540179000074;1
202392;08240322119200546540;08;1;19;020;2024;03;19;6;3;0;6;2;0;1;0;0;0;0;1;520627,832299999892712;5406445,508099999278784;9,280959111000072;48,810654139000064;1
202394;08240322118600615060;08;1;18;012;2024;03;15;6;3;5;3;0;0;1;1;0;0;0;0;499935,161899999715388;5415133,778899999335408;8,999115499000027;48,889154918000031;1
202396;08240322118300504510;08;1;18;081;2024;03;08;6;2;0;7;0;0;1;0;0;0;0;0;519796,606999999843538;5413533,074999999254942;9,269980111000052;48,874439252000059;1
202398;08240322117300617270;08;1;17;026;2024;03;11;6;3;6;4;0;0;0;1;1;0;0;0;548044,271200000308454;5394394,523399999365211;9,652957096000023;48,700735630000054;1
202399;08240322116100614850;08;1;16;019;2024;03;07;6;3;5;3;0;0;1;1;0;0;0;0;520449,128700000233948;5399586,289300000295043;9,278183939000030;48,748955504000037;1
202402;08240322116000501280;08;4;17;013;2024;03;16;6;2;0;1;0;0;1;0;0;0;0;0;508470,420400000177324;5348528,493599999696016;9,114192593000041;48,289899731000048;1
202404;08240322111310556220;08;1;11;000;2024;03;17;6;3;3;6;0;0;1;0;1;0;0;0;515633,825000000186265;5407307,238700000569224;9,212972189000027;48,818551849000073;1
202406;08240321436000493010;08;4;37;082;2024;03;14;5;3;5;3;0;0;1;1;0;0;0;0;513921,480000000447035;5344039,915999999269843;9,187532028000021;48,249420834000034;1
202408;08240321415400614250;08;4;15;061;2024;03;13;5;3;5;1;0;0;1;1;0;0;0;0;515945,431800000369549;5371178,982799999415874;9,215825212000027;48,493530824000061;1
202409;08240321415200573910;08;4;15;053;2024;03;14;5;3;5;2;0;0;1;1;0;0;0;0;537042,936300000175834;5362719,097699999809265;9,500628018000043;48,416535009000029;1
202410;08240321336100503000;08;3;36;050;2024;03;19;5;3;3;2;2;0;1;1;0;0;0;0;399803,410099999979138;5274661,510099999606609;7,666613954000070;47,617606874000046;1
202411;08240405118500689930;08;1;18;060;2024;04;09;6;3;6;3;0;0;0;0;1;0;0;1;523153,078900000080466;5429857,150699999183416;9,316681882000069;49,021167219000063;1
202412;08240321335300575820;08;3;35;075;2024;03;22;5;3;0;7;2;0;1;0;0;0;0;0;489137,077899999916553;5288495,506899999454618;8,855075153000030;47,749738772000057;1
202414;08240321317100505690;08;3;17;001;2024;03;15;5;3;0;1;0;0;1;0;0;0;0;0;431325,037600000388920;5386771,804400000721216;8,067954863000068;48,630239605000043;1
202417;08240321237200562050;08;2;37;040;2024;03;12;5;3;6;7;0;0;0;1;1;0;0;0;476882,253499999642372;5365475,536199999973178;8,687412350000045;48,441997850000064;1
202419;08240321222200614970;08;2;22;000;2024;03;10;5;3;6;7;0;0;0;0;1;0;1;0;461344,968999999575317;5481825,363800000399351;8,466277721000040;49,487835879000045;1
202421;08240321221400572160;08;2;21;000;2024;03;22;5;3;0;7;2;0;1;0;0;0;0;0;477532,707999999634922;5470163,336999999359250;8,690443181000035;49,383753535000039;1
202422;08240321215302574580;08;2;15;007;2024;03;16;5;3;5;3;0;0;1;0;0;0;0;1;478550,684899999760091;5431311,778999999165535;8,706544491000045;49,034313861000044;1
202423;08240321215000584040;08;2;12;000;2024;03;07;5;3;6;2;0;0;1;0;1;0;0;0;455744,381400000303984;5428224,872800000011921;8,394873817000075;49,005331676000026;1
202424;08240321212302573550;08;2;12;000;2024;03;15;5;3;6;6;0;0;0;1;1;0;0;0;455927,924800000153482;5428617,285399999469519;8,397340742000040;49,008874604000027;1
202425;08240321212010583110;08;2;12;000;2024;03;12;5;3;5;3;0;0;1;1;0;0;0;0;458983,327600000426173;5428440,679500000551343;8,439137216000063;49,007496652000043;1
202427;08240321135010495240;08;4;21;000;2024;03;08;5;3;8;1;0;1;1;0;0;0;0;0;574110,932300000451505;5361127,327199999243021;10,001253875000032;48,398947013000054;1
202428;08240321121500498780;08;1;25;005;2024;03;14;5;3;5;3;0;0;1;1;0;0;0;0;515487,407999999821186;5451383,629000000655651;9,212659980000069;49,215045952000025;1
202430;08240321119400545770;08;1;19;079;2024;03;17;5;3;2;6;0;0;1;1;0;0;0;0;524545,372899999842048;5409344,888299999758601;9,334490192000032;48,836593811000057;1
202433;08240321118400534350;08;1;18;048;2024;03;07;5;2;2;6;0;0;1;1;0;0;0;0;515081,355499999597669;5416267,581100000068545;9,205776353000033;48,899170775000073;1
202435;08240321118010586040;08;1;18;046;2024;03;17;5;2;6;6;0;0;1;0;1;0;0;0;514829,016300000250340;5412836,381500000134110;9,202208876000043;48,868310678000057;1
202436;08240321116400487730;08;1;16;033;2024;03;00;5;2;0;1;2;0;1;0;0;0;0;0;530757,155299999751151;5389167,320299999788404;9,417631898000025;48,654804272000035;1
202437;08240321115200598200;08;1;15;015;2024;03;14;5;3;6;7;0;0;0;0;1;0;0;1;493278,518799999728799;5387555,168899999931455;8,908758235000050;48,641022025000041;1
202440;08240321111130495400;08;1;11;000;2024;03;12;5;3;1;7;0;0;1;0;0;1;0;0;512962,413999999873340;5401277,871200000867248;9,176390790000028;48,764373744000068;1
202441;08240321111110598710;08;1;11;000;2024;03;18;5;3;5;3;1;0;1;0;0;0;0;1;513243,885700000450015;5402925,921199999749660;9,180274069000063;48,779193560000067;1
202442;08240320436200559370;08;4;36;064;2024;03;00;4;3;0;1;2;0;1;0;0;0;0;0;545098,583100000396371;5291746,167400000616908;9,601992204000055;47,777499646000081;1
202443;08240320435200525350;08;4;35;059;2024;03;07;4;3;6;7;0;0;0;1;1;0;0;0;512458,380099999718368;5290947,755200000479817;9,166280441000026;47,771774089000075;1
202444;08240320426200568490;08;4;26;134;2024;03;17;4;2;5;3;0;0;1;1;0;0;0;0;556044,266599999740720;5335854,082499999552965;9,753841723000050;48,173455192000063;1
202445;08240320425000526890;08;4;25;033;2024;03;20;4;3;5;3;2;0;1;1;0;0;0;0;553133,593299999833107;5348810,154899999499321;9,716318980000040;48,290259642000080;1
202446;08240320417300613090;08;4;17;013;2024;03;16;4;3;5;3;0;0;1;1;0;0;0;0;508138,319400000385940;5348593,238500000908971;9,109716684000034;48,290486581000039;1
202447;08240320416100562770;08;4;16;006;2024;03;06;4;3;5;2;2;0;1;1;0;0;0;0;498217,440100000239909;5359453,025399999693036;8,975922447000073;48,388238135000051;1
202450;08240320335000551400;08;3;26;005;2024;03;16;4;2;6;4;0;0;0;1;1;0;0;0;465441,852900000289083;5301995,054199999198318;8,537882199000023;47,870362307000050;1
202453;08240320325000551550;08;3;26;012;2024;03;12;4;2;4;6;0;0;1;0;0;0;0;0;462667,301599999889731;5310663,903200000524521;8,500031162000028;47,948200521000047;1
202454;08240320317000595860;08;3;17;065;2024;03;07;4;3;3;2;0;0;1;0;0;0;0;0;416135,279000000096858;5354606,209000000730157;7,868296229000066;48,339068482000073;1
202455;08240320316100482360;08;3;16;011;2024;03;08;4;2;0;7;0;0;1;0;0;0;0;0;415432,613599999807775;5329372,134199999272823;7,863851450000027;48,111992956000051;1
202458;08240320226400613270;08;2;26;037;2024;03;15;4;3;8;7;0;0;1;0;0;0;0;0;464955,415599999949336;5467077,320399999618530;8,517428950000067;49,355401846000063;1
202459;08240320226100521690;08;2;26;013;2024;03;07;4;3;4;7;0;0;1;1;0;0;0;0;499081,655600000172853;5480417,477800000458956;8,987323108000055;49,476402665000080;1
202461;08240320222200581080;08;2;22;000;2024;03;18;4;3;3;6;0;0;1;1;0;0;0;0;462093,373599999584258;5482122,459799999371171;8,476582232000055;49,490555315000051;1
202464;08240320221300570600;08;2;21;000;2024;03;08;4;3;6;4;0;0;1;0;1;0;0;0;477593,972500000149012;5473506,776200000196695;8,691098709000073;49,413829564000082;1
202468;08240320212010482100;08;2;12;000;2024;03;08;4;3;3;6;0;0;1;1;0;0;0;0;455093,975899999961257;5429276,199200000613928;8,385864770000069;49,014741464000053;1
202470;08240320128200536070;08;1;28;138;2024;03;17;4;2;0;1;0;0;1;0;0;0;0;0;537759,292600000277162;5481656,395199999213219;9,521338942000057;49,486372493000033;1
202474;08240320121600494610;08;1;25;008;2024;03;14;4;3;0;7;0;0;1;0;0;0;0;0;522737,477099999785423;5431981,909099999815226;9,311116629000026;49,040295806000074;1
202475;08240320121200562980;08;1;21;000;2024;03;19;4;3;3;6;2;0;1;1;0;0;0;0;515958,352900000289083;5443396,724099999293685;9,218809602000022;49,143189498000027;1
202477;08240320119300521260;08;1;19;067;2024;03;07;4;3;5;3;0;0;1;1;0;0;0;0;537015,412800000049174;5405166,083900000900030;9,504041958000073;48,798384893000048;1
202480;08240320117300567470;08;1;17;026;2024;03;13;4;3;5;3;0;0;0;0;1;1;0;0;548419,980100000277162;5394748,661399999633431;9,658104439000056;48,703892225000061;1
202481;08240320116500613150;08;1;16;046;2024;03;17;4;3;0;7;0;0;1;0;0;0;0;0;527973,476300000213087;5377371,000199999660254;9,379040134000036;48,548814898000046;1
202482;08240320115200531450;08;1;15;015;2024;03;13;4;3;1;5;0;0;1;1;0;0;0;0;493182,672000000253320;5388012,196699999272823;8,907449628000052;48,645132484000044;1
202485;08240319436200480030;08;4;36;064;2024;03;15;3;3;5;3;0;0;1;1;0;0;0;0;545546,315700000151992;5290838,615399999544024;9,607873185000074;47,769302867000079;1
202488;08240319426000483930;08;4;21;000;2024;03;14;3;3;3;2;0;0;1;1;0;0;0;0;571676,856700000353158;5362126,355599999427795;9,968544602000065;48,408214987000065;1
202489;08240319415300611900;08;4;15;059;2024;03;20;3;3;6;4;2;0;0;1;1;0;0;0;516686,605000000447035;5367244,871899999678135;9,225700047000032;48,458118863000038;1
202494;08240319317100562520;08;3;17;089;2024;03;14;3;3;5;3;0;0;1;1;0;0;0;0;429555,063799999654293;5375304,061799999326468;8,045879883000055;48,526890075000040;1
202495;08240319317100516460;08;3;17;001;2024;03;15;3;2;5;3;0;0;1;1;0;0;0;0;430973,210500000044703;5387539,307700000703335;8,063052757000037;48,637104551000050;1
202498;08240319311100477200;08;3;15;015;2024;03;12;3;3;5;3;0;0;1;1;0;0;0;0;400875,125199999660254;5315424,043600000441074;7,671555559000069;47,984434636000060;1
202499;08240319311010585500;08;3;36;069;2024;03;19;3;3;3;6;1;0;1;1;0;0;0;0;405021,949500000104308;5267299,692299999296665;7,737636255000041;47,552168622000067;1
202500;08240319311010530670;08;3;11;000;2024;03;07;3;3;5;3;0;0;1;0;0;0;0;0;411643,993300000205636;5319757,793199999257922;7,814950373000045;48,024996102000046;1
202501;08240319311010472390;08;3;11;000;2024;03;08;3;3;3;6;0;0;1;1;0;0;0;0;412406,339900000020862;5317587,038000000640750;7,825616443000058;48,005574577000061;1
202505;08240319222014585350;08;2;22;000;2024;03;15;3;2;6;4;0;0;0;1;1;0;0;0;460655,504700000397861;5482306,709300000220537;8,456710603000033;49,492121004000069;1
202506;08240319212010473070;08;2;12;000;2024;03;08;3;3;6;4;0;0;0;1;1;0;0;0;455348,815200000070035;5430058,544800000265241;8,389263651000022;49,021797218000074;1
202508;08240319136100478740;08;1;36;088;2024;03;07;3;3;0;7;0;1;1;1;0;0;0;0;580739,336299999617040;5410704,899000000208616;10,100440853000066;48,844061610000040;1
202512;08240319121200477280;08;1;21;000;2024;03;10;3;3;5;3;0;0;1;1;0;0;0;0;515599,655799999833107;5444661,989700000733137;9,213940438000066;49,154580183000064;1
202515;08240319116200569180;08;1;16;078;2024;03;16;3;3;5;3;0;0;1;1;0;0;0;0;510549,314799999818206;5394473,987199999392033;9,143379628000048;48,703211544000055;1
202518;08240319115400472930;08;1;15;029;2024;03;10;3;3;0;5;0;0;1;0;0;0;0;1;497784,022300000302494;5398923,984400000423193;8,969857870000055;48,743329214000028;1
202520;08240319111230475680;08;1;11;000;2024;03;08;3;3;5;7;0;0;1;1;0;0;0;0;506901,023000000044703;5396703,480000000447035;9,093831725000030;48,723319217000039;1
202521;08240319111140569880;08;1;11;000;2024;03;18;3;3;0;7;0;0;1;1;0;0;0;0;511108,242499999701977;5402341,008600000292063;9,151188282000021;48,773973527000066;1
202525;08240319111120509180;08;1;11;000;2024;03;07;3;3;1;5;0;1;1;1;0;0;0;0;514068,986999999731779;5402640,606899999082088;9,191495415000077;48,776608784000075;1
202526;08240319111120480840;08;1;11;000;2024;03;17;3;2;0;7;0;0;1;0;0;0;0;0;515251,810999999754131;5403817,680999999865890;9,207638604000067;48,787169751000079;1
202527;08240318435200466810;08;4;35;059;2024;03;08;2;3;2;6;0;1;1;1;0;0;0;0;512923,055200000293553;5290700,328299999237061;9,172475012000064;47,769538711000052;1
202529;08240318426100610140;08;4;26;021;2024;03;19;2;3;6;4;2;0;0;1;1;0;0;0;558807,361100000329316;5327250,390399999916553;9,789816059000032;48,095805634000044;1
202531;08240318416200518580;08;4;16;041;2024;03;13;2;3;5;3;0;1;1;0;0;0;0;0;504283,174999999813735;5373913,783600000664592;9,058002059000046;48,518321885000034;1
202532;08240318416100552330;08;4;16;036;2024;03;14;2;3;0;7;0;1;0;1;1;0;0;0;495356,414200000464916;5368922,966900000348687;8,937172821000047;48,473419928000055;1
202538;08240318317000610010;08;3;17;065;2024;03;07;2;3;2;6;0;1;1;1;0;0;0;0;417087,265499999746680;5354956,637199999764562;7,881071161000023;48,342346220000081;1
202541;08240318311010543390;08;3;11;000;2024;03;06;2;3;5;3;0;1;1;1;0;0;0;0;414328,763799999840558;5319386,203299999237061;7,851025763000052;48,022019283000077;1
202542;08240318311010499320;08;3;11;000;2024;03;17;2;3;5;3;0;0;1;1;0;0;0;0;411903,987499999813735;5315214,566700000315905;7,819369799000071;47,984164485000065;1
202543;08240318311010464650;08;3;36;050;2024;03;09;2;3;5;3;0;1;1;1;0;0;0;0;400124,322999999858439;5274801,918199999257922;7,670851364000043;47,618919449000032;1
202547;08240318222501500490;08;2;22;000;2024;03;18;2;3;0;6;1;0;1;1;0;0;0;0;461814,492399999871850;5479270,875900000333786;8,473006882000050;49,464889292000066;1
202549;08240331436200595120;08;4;36;064;2024;03;11;1;3;2;6;0;0;1;1;0;0;0;0;544734,063599999994040;5290413,900299999862909;9,596989537000070;47,765538577000029;1
202550;08240318221011610100;08;2;21;000;2024;03;16;2;3;4;2;0;0;1;1;0;0;0;0;476702,823200000450015;5472670,422800000756979;8,678862131000074;49,406273232000046;1
202551;08240318212702536120;08;2;15;017;2024;03;12;2;3;3;6;0;0;1;1;0;0;0;0;454225,522900000214577;5419238,919600000604987;8,375117860000046;48,924391031000027;1
202552;08240318212010540790;08;2;12;000;2024;03;13;2;3;5;3;0;0;1;1;0;0;0;0;452919,784500000067055;5428334,142500000074506;8,356241691000037;49,006105556000080;1
202554;08240331117300576510;08;1;17;026;2024;03;21;1;3;0;1;2;0;1;0;0;0;0;0;550618,583999999798834;5391637,496600000187755;9,687603588000059;48,675731330000076;1
202555;08240326335100604610;08;3;35;043;2024;03;13;3;3;6;6;0;0;0;1;1;0;0;0;513513,405199999921024;5279939,657199999317527;9,180020107000075;47,672706582000046;1
202556;08240318136000470660;08;1;36;065;2024;03;15;2;3;0;1;0;1;1;0;0;0;0;0;559391,263600000180304;5405556,657299999147654;9,808766522000042;48,800163159000078;1
202558;08240318121600584550;08;1;25;030;2024;03;21;2;2;0;1;2;0;1;0;0;0;0;0;515475,256299999542534;5438836,779600000008941;9,212010845000066;49,102183506000074;1
202559;08240318121200513390;08;1;21;000;2024;03;12;2;3;5;3;0;1;1;1;0;0;0;0;516255,033200000412762;5442627,176100000739098;9,222846402000073;49,136259380000070;1
202560;08240318119500620110;08;1;19;085;2024;03;16;2;2;5;3;0;0;1;1;0;0;0;0;529459,120099999941885;5413575,979399999603629;9,401754787000073;48,874441389000026;1
202564;08240318118100477560;08;1;18;010;2024;03;17;2;3;6;2;1;0;0;1;1;0;0;0;506586,527999999932945;5431719,949300000444055;9,090119764000065;49,038323506000040;1
202565;08240318117300467320;08;1;17;026;2024;03;19;2;3;0;1;2;1;1;0;0;0;0;0;547878,807900000363588;5395039,251399999484420;9,650783252000053;48,706548003000080;1
202567;08240317421200532430;08;4;25;031;2024;03;09;1;3;1;5;0;0;1;1;0;0;0;0;571210,373200000263751;5367730,333799999207258;9,963194492000071;48,458676965000052;1
202569;08240317337010480640;08;3;37;065;2024;03;16;1;3;6;4;0;1;0;1;1;0;0;0;448336,758500000461936;5275403,244200000539422;8,312323117000062;47,629969303000053;1
202571;08240317317500463200;08;3;17;096;2024;03;17;1;3;5;3;0;0;1;1;0;0;0;0;422688,317300000227988;5368664,166400000452995;7,954120113000045;48,466356548000078;1
202573;08240317221011490660;08;2;21;000;2024;03;00;1;3;6;6;2;0;0;1;1;0;0;0;478576,075199999846518;5473239,933599999174476;8,704652702000033;49,411464731000081;1
202574;08240317215000474140;08;2;12;000;2024;03;16;1;3;2;3;0;0;1;1;0;0;0;0;456944,312099999748170;5430160,649900000542402;8,411074699000039;49,022829098000045;1
202575;08240317136200560500;08;1;36;084;2024;03;18;1;3;4;6;0;0;1;1;0;0;0;0;593412,414599999785423;5431738,953400000929832;10,277948286000026;49,031453216000045;1
202578;08240317115300469180;08;1;15;050;2024;03;16;1;3;2;6;0;0;1;1;0;0;0;0;490738,602099999785423;5399911,315999999642372;8,874002737000069;48,752146326000059;1
202579;08240317111130554740;08;1;11;000;2024;03;16;1;3;6;7;0;0;1;0;1;0;0;0;512406,196999999694526;5401203,724199999123812;9,168819663000022;48,763718057000062;1
202582;08240316421200547850;08;4;21;000;2024;03;17;7;3;0;1;0;1;1;0;0;0;0;1;571932,894000000320375;5367375,173000000417233;9,972904828000026;48,455400034000036;1
202583;08240316415400483740;08;4;15;061;2024;03;09;7;3;5;3;0;1;1;1;0;0;0;0;516021,210599999874830;5369513,062400000169873;9,216787005000072;48,478541679000045;1
202587;08240316311010481740;08;3;36;050;2024;03;16;7;3;5;3;0;1;1;0;0;0;0;0;399375,065999999642372;5273842,665999999269843;7,661103345000072;47,610174708000045;1
202588;08240316311010463890;08;3;36;050;2024;03;17;7;3;5;3;0;1;1;1;0;0;0;0;400647,609899999573827;5277135,268200000748038;7,677283793000072;47,639989262000029;1
202589;08240316221200602390;08;2;21;000;2024;03;03;7;3;0;7;2;1;1;0;0;0;0;0;477600,109299999661744;5472759,657199999317527;8,691225466000049;49,407109572000081;1
202592;08240316215000380600;08;2;15;102;2024;03;11;7;2;6;7;0;0;0;0;1;0;0;1;455801,656200000084937;5436291,168600000441074;8,394777104000070;49,077892511000073;1
202595;08240316118600605360;08;1;18;050;2024;03;12;7;3;6;7;0;0;0;1;1;0;0;0;506123,968299999833107;5416984,511199999600649;9,083568985000056;48,905773420000060;1
202596;08240316118200533750;08;1;18;019;2024;03;14;7;3;5;3;0;0;1;1;0;0;0;0;506269,435999999754131;5405798,203999999910593;9,085382760000073;48,805141811000055;1
202597;08240316118010552880;08;1;15;003;2024;03;14;7;2;5;2;0;0;1;1;0;0;0;0;501300,160899999551475;5391473,673499999567866;9,017661553000039;48,676308271000039;1
202600;08240326325102531950;08;3;25;045;2024;03;10;3;3;0;1;0;0;1;0;0;0;0;0;468018,629999999888241;5348689,605299999937415;8,568842064000023;48,290597706000028;1
202604;08240315436000442820;08;4;35;066;2024;03;10;6;3;6;7;0;0;0;1;1;0;0;0;518056,520399999804795;5286554,169800000265241;9,240815098000041;47,732110251000051;1
202608;08240315415100523600;08;4;15;062;2024;03;18;6;3;5;3;1;0;1;1;0;0;0;0;519753,651899999938905;5378450,299499999731779;9,267714402000024;48,558837306000044;1
202611;08240315326400490060;08;3;26;074;2024;03;12;6;3;5;2;0;0;1;1;0;0;0;0;460379,171299999579787;5324097,258500000461936;8,468148105000068;48,068920075000051;1
202614;08240315317000474430;08;3;17;096;2024;03;13;6;3;6;7;0;0;0;1;1;0;0;0;422086,672699999995530;5365398,490499999374151;7,946590273000027;48,436907700000063;1
202615;08240315311010529050;08;3;11;000;2024;03;16;6;3;5;3;0;0;1;0;0;0;0;1;413175,465400000102818;5316763,381400000303984;7,836092729000029;47,998270463000040;1
202617;08240315311010452620;08;3;11;000;2024;03;14;6;3;0;7;0;0;1;0;0;0;0;0;409717,175699999555945;5316673,855599999427795;7,789762726000049;47,996986141000036;1
202619;08240315226700605340;08;2;26;098;2024;03;11;6;3;6;4;0;0;0;0;1;0;0;1;477973,013500000350177;5460393,503000000491738;8,697049587000038;49,295890369000062;1
202620;08240315222700482770;08;2;22;000;2024;03;13;6;3;5;5;0;0;1;1;0;0;0;0;461713,513600000180304;5482292,461899999529123;8,471320860000048;49,492060542000047;1
202622;08240315222600529720;08;2;22;000;2024;03;12;6;3;6;7;0;1;1;0;1;0;0;0;462256,624699999578297;5485442,836600000038743;8,478518988000076;49,520430463000082;1
202623;08240315216300520700;08;2;16;015;2024;03;08;6;3;0;7;0;0;0;1;1;0;0;0;451646,726800000295043;5403213,771800000220537;8,341808592000064;48,780044689000079;1
202627;08240315127100489800;08;1;27;043;2024;03;15;6;2;6;4;0;0;0;1;1;0;0;0;567060,616799999959767;5446718,351199999451637;9,919982123000068;49,169611503000056;1
202628;08240315121300519730;08;1;21;000;2024;03;09;6;3;1;7;0;0;1;1;0;0;0;0;513372,686700000427663;5443667,312300000339746;9,183365973000036;49,145685272000037;1
202631;08240315116200515500;08;1;16;080;2024;03;07;6;3;0;1;0;0;1;0;0;0;0;0;522223,634100000374019;5395674,541600000113249;9,302112554000075;48,713704964000044;1
202633;08240315111240448780;08;1;11;000;2024;03;15;6;2;6;7;0;0;1;0;1;0;0;0;516343,601300000213087;5403285,023000000044703;9,222480975000053;48,782350286000053;1
202634;08240315111230483380;08;1;11;000;2024;03;15;6;3;5;2;0;0;1;1;0;0;0;0;510804,074000000022352;5397065,809000000357628;9,146910014000071;48,726523300000053;1
202635;08240315111230476290;08;1;11;000;2024;03;01;6;3;0;7;2;0;1;0;0;0;0;0;510937,803199999965727;5397281,242699999362230;9,148734126000022;48,728459012000030;1
202638;08240315111110480010;08;1;11;000;2024;03;08;6;3;0;7;0;0;1;0;0;0;0;0;513111,592299999669194;5404723,208699999377131;9,178530662000071;48,795364593000045;1
202640;08240314435200482010;08;4;35;059;2024;03;12;5;3;5;3;0;0;1;1;0;0;0;0;512608,099899999797344;5290504,273800000548363;9,168265852000047;47,767780948000052;1
202641;08240320121500489020;08;1;25;065;2024;03;16;4;3;0;1;0;0;1;0;0;0;0;0;516852,762400000356138;5449161,023099999874830;9,231314440000062;49,195017082000049;1
202643;08240325136000521320;08;1;36;065;2024;03;05;2;3;0;7;1;1;1;0;0;0;0;0;561891,994699999690056;5405000,799399999901652;9,842732945000023;48,794919288000074;1
202644;08240314435100436990;08;4;35;016;2024;03;20;5;3;0;1;2;0;1;0;0;0;0;0;537755,317900000140071;5277359,365000000223517;9,502729397000053;47,648529618000055;1
202647;08240314415400589290;08;4;15;061;2024;03;09;5;3;5;3;0;0;1;1;0;0;0;0;511984,238499999977648;5371492,013399999588728;9,162218763000055;48,496435005000080;1
202648;08240314335300441040;08;3;35;075;2024;03;16;5;3;1;7;0;0;1;1;0;0;0;0;488286,447499999776483;5289695,687100000679493;8,843694395000057;47,760522550000076;1