OID_;UIDENTSTLAE;ULAND;UREGBEZ;UKREIS;UGEMEINDE;UJAHR;UMONAT;USTUNDE;UWOCHENTAG;UKATEGORIE;UART;UTYP1;ULICHTVERH;IstStrassenzustand;IstRad;IstPKW;IstFuss;IstKrad;IstGkfz;IstSonstige;LINREFX;LINREFY;XGCSWGS84;YGCSWGS84;PLST
202651;08240318119100564570;08;1;19;003;2024;03;17;2;3;4;2;0;0;1;1;0;0;0;0;534765,351200000382960;5417215,938899999484420;9,474426902000062;48,906909742000039;1
202653;08240314317000458600;08;3;17;065;2024;03;14;5;3;5;3;0;0;1;1;0;0;0;0;420655,286000000312924;5353025,851199999451637;7,929577217000030;48,325436890000049;1
202654;08240314311400444830;08;3;15;074;2024;03;14;5;3;1;5;0;0;1;1;0;0;0;0;396746,406399999745190;5295991,628900000825524;7,620890237000026;47,808992120000028;1
202656;08240314311010522990;08;3;15;089;2024;03;07;5;3;2;6;0;0;1;0;0;0;0;1;406982,517099999822676;5310049,264200000092387;7,754547230000071;47,937005206000038;1
202659;08240314226200463740;08;2;26;032;2024;03;18;5;3;5;3;0;0;1;1;0;0;0;0;466889,822999999858439;5462021,485999999567866;8,544485046000034;49,310033702000055;1
202660;08240314222500593380;08;2;22;000;2024;03;16;5;3;5;3;0;0;1;0;0;0;0;1;463203,050200000405312;5478572,513000000268221;8,492234288000077;49,458693559000039;1
202663;08240321121400493520;08;1;25;013;2024;03;06;5;3;6;7;1;0;0;0;1;0;0;1;507624,971900000236928;5434907,824799999594688;9,104388209000035;49,066988131000073;1
202665;08240314222014436520;08;2;22;000;2024;03;16;5;3;5;3;0;0;1;1;0;0;0;0;463933,744900000281632;5485928,800300000235438;8,501645537000059;49,524903558000062;1
202667;08240314317000434830;08;3;17;026;2024;03;12;5;3;5;2;0;0;1;0;0;0;0;0;412365,770200000144541;5345177,173200000077486;7,819397262000052;48,253744490000031;1
202668;08240314216100440800;08;2;16;022;2024;03;19;5;3;0;1;2;0;1;0;0;0;0;0;435294,357800000347197;5405507,994400000199676;8,118880633000060;48,799194991000036;1
202672;08240314212010436320;08;2;12;000;2024;03;18;5;3;5;2;1;0;1;0;0;1;0;0;455743,717400000430644;5428224,888699999079108;8,394864737000034;49,005331772000034;1
202673;08240314136000444530;08;1;36;065;2024;03;13;5;1;0;1;0;1;1;0;0;0;0;0;557675,564899999648333;5406065,152499999850988;9,785476577000054;48,804898667000032;1
202676;08240314119400440820;08;1;19;041;2024;03;13;5;3;5;3;0;0;1;1;0;0;0;0;525887,713899999856949;5409960,990399999544024;9,352821412000026;48,842081557000029;1
202677;08240314119100487740;08;1;19;008;2024;03;19;5;3;0;7;2;0;1;0;0;0;0;0;532869,034199999645352;5422706,349799999967217;9,448992241000042;48,956401994000032;1
202679;08240314118400516870;08;1;18;048;2024;03;08;5;3;1;6;0;0;1;1;0;0;0;0;513758,304600000381470;5415445,501399999484420;9,187696508000045;48,891806364000047;1
202680;08240314116400724880;08;1;16;070;2024;03;12;5;3;6;7;0;0;0;0;1;0;0;1;539224,225999999791384;5385403,024000000208616;9,532239903000061;48,620467241000028;1
202684;08240313436400469260;08;4;36;082;2024;03;07;4;3;4;2;1;1;1;1;0;0;0;0;547798,216300000436604;5294884,307099999859929;9,638371329000051;47,805538708000029;1
202686;08240313417300517430;08;4;17;031;2024;03;15;4;3;5;3;0;0;1;1;0;0;0;0;498291,600999999791384;5355370,666999999433756;8,976940747000071;48,351510975000053;1
202687;08240318116500542920;08;1;16;071;2024;03;07;2;3;0;1;0;0;1;0;0;0;0;0;526830,295400000177324;5390939,571299999952316;9,364427688000035;48,670928350000054;1
202688;08240313416200605180;08;4;16;041;2024;03;18;4;3;0;1;2;1;1;0;0;0;0;0;504394,108000000007451;5373725,941999999806285;9,059502316000021;48,516631226000072;1
202692;08240405111370636810;08;1;11;000;2024;04;16;6;3;5;3;0;0;1;1;0;0;0;0;510695,538700000382960;5406842,718100000172853;9,145688425000060;48,814477732000057;1
202694;08240313415100436160;08;4;15;050;2024;03;16;4;3;5;3;0;1;1;1;0;0;0;0;521478,158300000242889;5376059,074200000613928;9,290962390000061;48,537268630000028;1
202698;08240313317000445760;08;3;17;065;2024;03;13;4;3;3;6;0;0;1;0;0;0;0;1;414236,872200000099838;5355050,240000000223517;7,842593325000053;48,342807592000042;1
202699;08240313316100596940;08;3;16;020;2024;03;13;4;3;6;4;0;0;0;0;1;0;0;1;408462,409199999645352;5338558,841700000688434;7,768253130000062;48,193662374000041;1
202700;08240313231000512170;08;2;31;000;2024;03;21;4;2;7;7;2;0;1;0;0;0;0;0;479295,995500000193715;5418494,331000000238419;8,717393761000039;48,919039432000034;1
202704;08240314121200520490;08;1;21;000;2024;03;16;5;2;6;4;0;0;0;1;1;0;0;0;512391,691700000315905;5440359,887599999085069;9,169813014000056;49,115954334000037;1
202705;08240313221400597100;08;2;21;000;2024;03;13;4;3;5;3;0;0;1;0;0;0;0;1;476967,849999999627471;5469062,953999999910593;8,682724353000026;49,373834616000067;1
202706;08240313221200439170;08;2;21;000;2024;03;15;4;3;5;5;0;1;1;1;0;0;0;0;475295,228799999691546;5472679,957100000232458;8,659459028000072;49,406303477000051;1
202708;08240313212402439070;08;2;12;000;2024;03;15;4;3;5;2;0;1;1;1;0;0;0;0;453478,627600000239909;5426390,114000000059605;8,364105258000052;48,988661270000080;1
202709;08240313212010483670;08;2;12;000;2024;03;09;4;3;5;3;0;1;1;1;0;0;0;0;455392,007600000128150;5427080,459000000730157;8,390181636000023;48,995012185000064;1
202710;08240313121600428650;08;1;25;059;2024;03;09;4;3;0;1;0;1;1;0;0;0;0;0;526717,268699999898672;5435834,747300000861287;9,365825248000021;49,074793758000055;1
202712;08240313119500517020;08;1;19;085;2024;03;16;4;3;5;3;0;0;1;1;0;0;0;0;527963,338299999944866;5413016,374800000339746;9,381317983000031;48,869476667000072;1
202713;08240404136000645420;08;1;36;065;2024;04;21;5;3;0;7;2;0;1;0;0;0;0;0;559078,169400000013411;5405657,237299999222159;9,804517841000063;48,801097715000026;1
202715;08240313118100439060;08;1;18;007;2024;03;16;4;3;2;5;0;0;1;1;0;0;0;0;510240,311700000427663;5427222,896500000730157;9,139998808000030;48,997820124000043;1
202716;08240313118010521400;08;1;18;079;2024;03;12;4;2;6;7;0;0;0;1;1;0;0;0;509526,512400000356138;5421293,268500000238419;9,130101377000074;48,944490762000044;1
202718;08240313116200552010;08;1;16;078;2024;03;07;4;3;5;3;0;1;1;1;0;0;0;0;510429,331399999558926;5393824,947100000455976;9,141732501000035;48,697374758000080;1
202720;08240313115300447070;08;1;15;041;2024;03;07;4;2;6;4;0;1;0;1;1;0;0;0;495457,666899999603629;5402533,996400000527501;8,938174535000030;48,775792219000039;1
202721;08240313111500512350;08;1;11;000;2024;03;08;4;3;0;7;0;0;1;1;0;0;0;0;513063,109500000253320;5406748,527899999171495;9,177934955000069;48,813585142000079;1
202723;08240313111310468450;08;1;11;000;2024;03;12;4;3;0;7;0;1;1;0;0;0;0;0;515953,068900000303984;5405550,171199999749660;9,217252766000058;48,802737420000028;1
202725;08240312417200511010;08;4;17;002;2024;03;18;3;3;5;3;2;0;1;1;0;0;0;0;489192,681200000457466;5346555,196799999102950;8,854353462000063;48,272110944000076;1
202726;08240312335100424170;08;3;35;043;2024;03;19;3;3;1;5;2;0;1;1;0;0;0;0;513028,077999999746680;5279342,774000000208616;9,173537002000046;47,667345987000033;1
202728;08240320222600613060;08;2;22;000;2024;03;12;4;3;5;3;0;0;1;0;0;1;0;0;461734,109000000171363;5483600,823000000789762;8,471478521000051;49,503829835000033;1
202729;08240315111210487630;08;1;11;000;2024;03;11;6;3;0;7;0;0;1;0;0;0;0;0;512772,457799999974668;5399437,218900000676513;9,173748792000026;48,747819241000059;1
202730;08240312325202505910;08;3;25;049;2024;03;14;3;3;5;3;0;1;1;1;0;0;0;0;472350,806599999777973;5334147,319900000467896;8,628193856000053;48,159970085000054;1
202736;08240315212010473360;08;2;12;000;2024;03;14;6;3;5;3;0;0;1;1;0;0;0;0;453780,784300000406802;5428569,007400000467896;8,367987204000030;49,008283260000042;1
202737;08240312231202421400;08;2;36;071;2024;03;07;3;3;0;1;1;0;1;0;0;0;0;0;468572,765899999998510;5419480,804700000211596;8,570951001000026;48,927461723000079;1
202738;08240326115100599830;08;1;15;003;2024;03;10;3;3;0;7;0;0;1;0;0;0;0;0;501568,684000000357628;5391528,729000000283122;9,021309414000029;48,676802941000062;1
202740;08240312212302419380;08;2;12;000;2024;03;19;3;3;5;2;2;1;1;1;0;0;0;0;456730,797600000165403;5428855,921099999919534;8,408293491000052;49,011077978000060;1
202743;08240312212000525410;08;2;12;000;2024;03;19;3;3;0;1;2;1;1;0;0;0;0;0;455633,524799999780953;5428754,263000000268221;8,393300263000071;49,010085635000053;1
202744;08240312121200500870;08;1;21;000;2024;03;16;3;3;4;6;0;0;1;0;0;0;0;1;516010,030399999581277;5443207,514399999752641;9,219510645000071;49,141486150000048;1
202746;08240312119300512330;08;1;19;067;2024;03;13;3;2;4;6;0;1;1;0;0;0;0;0;538782,530500000342727;5406696,681199999526143;9,528248495000071;48,812045711000053;1
202747;08240312119210418030;08;1;19;093;2024;03;07;3;3;5;3;0;1;1;1;0;0;0;0;525263,053999999538064;5404640,724999999627471;9,343980511000041;48,794247575000043;1
202751;08240402119100622010;08;1;19;053;2024;04;11;3;3;0;7;0;1;1;0;0;0;0;0;533547,007000000216067;5425797,634999999776483;9,458507981000025;48,984172846000035;1
202753;08240312111110505270;08;1;11;000;2024;03;23;3;3;7;7;2;1;1;0;0;0;0;0;512812,818400000222027;5402508,868300000205636;9,174393468000062;48,775450812000031;1
202755;08240311436000441370;08;4;36;049;2024;03;12;2;3;3;6;0;0;1;0;1;0;0;0;577692,298499999567866;5281828,733699999749660;10,035236967000060;47,685174970000048;1
202756;08240311435200416170;08;4;35;034;2024;03;13;2;2;3;6;0;0;1;1;0;0;0;0;528249,944899999536574;5282978,027899999171495;9,376527776000046;47,699568349000060;1
202757;08240311435100539350;08;4;35;016;2024;03;16;2;3;1;5;0;0;1;1;0;0;0;0;532714,745699999853969;5279007,787299999967217;9,435737397000025;47,663635705000047;1
202758;08240311425000504370;08;4;25;033;2024;03;15;2;3;6;4;0;0;0;1;1;0;0;0;553562,288599999621511;5348373,384299999102950;9,722042556000076;48,286294305000069;1
202759;08240311421200450620;08;4;21;000;2024;03;13;2;3;6;7;0;0;0;1;1;0;0;0;573421,348399999551475;5360944,491100000217557;9,991906939000046;48,397383053000055;1
202760;08240311415400443110;08;4;15;061;2024;03;08;2;3;5;3;0;0;1;1;0;0;0;0;515385,841199999675155;5370443,831900000572205;9,208223994000036;48,486931096000035;1
202761;08240311415112408730;08;4;15;061;2024;03;08;2;3;0;1;1;1;1;0;0;0;0;0;513449,440000000409782;5371698,050000000745058;9,182058282000071;48,498258926000062;1
202762;08240311335300413700;08;3;35;063;2024;03;06;2;3;0;7;0;0;1;0;0;0;0;0;497895,000199999660254;5287455,437100000679493;8,971921682000072;47,740468717000056;1
202764;08240311317600408280;08;3;17;093;2024;03;07;2;3;5;3;0;0;1;1;0;0;0;0;441837,913399999961257;5351439,198300000280142;8,215533529000027;48,313467976000027;1
202765;08240311317500415610;08;3;17;096;2024;03;14;2;3;5;3;0;0;1;1;0;0;0;0;422926,729000000283122;5371108,786000000312924;7,956894067000064;48,488375027000075;1
202767;08240311317000417050;08;2;16;005;2024;03;11;2;3;0;2;0;0;1;1;0;0;0;0;445110,506099999882281;5417142,372999999672174;8,250978035000060;48,904791400000079;1
202770;08240311231102539180;08;2;36;040;2024;03;11;2;3;6;6;0;0;0;1;1;0;0;0;485457,663200000301003;5420113,289300000295043;8,801441133000026;48,933778475000054;1
202771;08240311226500616320;08;2;26;085;2024;03;12;2;3;6;4;0;0;0;1;1;0;0;0;491206,729799999855459;5455682,863099999725819;8,879163664000032;49,253851201000032;1
202772;08240311222800494970;08;2;22;000;2024;03;07;2;3;6;4;0;0;0;1;1;0;0;0;461887,719100000336766;5488362,377699999138713;8,473140043000058;49,546666903000073;1
202774;08240311222500493680;08;2;22;000;2024;03;11;2;2;5;3;0;0;1;1;0;0;0;0;462590,627999999560416;5479817,291999999433756;8,483666114000073;49,469852347000028;1
202776;08240311222400490600;08;2;26;038;2024;03;07;2;3;4;6;0;0;1;1;0;0;0;0;471901,667799999937415;5480234,209000000730157;8,612146288000076;49,474104643000032;1
202780;08240311221400489310;08;2;21;000;2024;03;08;2;3;5;3;0;1;1;1;0;0;0;0;475490,225200000219047;5470520,051699999719858;8,662280130000056;49,386883360000070;1
202782;08240311136000493110;08;1;36;042;2024;03;14;2;3;4;6;0;0;1;0;0;0;0;0;549632,734000000171363;5405121,789999999105930;9,675836817000061;48,797107157000028;1
202786;08240316435100453420;08;4;35;016;2024;03;10;7;2;5;3;0;0;1;1;0;0;0;0;534012,195399999618530;5278345,737900000065565;9,452966438000033;47,657612026000038;1
202787;08240311118300453980;08;1;18;046;2024;03;07;2;3;0;3;0;1;1;1;0;0;0;0;513549,065000000409782;5411321,226999999955297;9,184705363000035;48,854709957000068;1
202788;08240311116200592760;08;1;16;047;2024;03;17;2;3;5;3;0;0;1;1;0;0;0;0;520122,054700000211596;5392277,320599999278784;9,273378080000043;48,683214975000055;1
202790;08240311111500483320;08;1;11;000;2024;03;13;2;3;6;7;0;0;0;1;1;0;0;0;510771,726700000464916;5408910,792600000277162;9,146780529000068;48,833080531000064;1
202791;08240311111500419790;08;1;11;000;2024;03;15;2;3;5;3;0;0;1;1;0;0;0;0;507942,271800000220537;5398275,613600000739098;9,108019626000043;48,737449769000079;1
202792;08240311111120501920;08;1;11;000;2024;03;15;2;3;5;7;0;0;1;0;0;0;0;1;513404,532200000248849;5403926,122899999842048;9,182493376000025;48,788187844000049;1
202793;08240310436300474130;08;4;36;081;2024;03;12;1;3;5;3;0;0;1;0;0;1;0;0;562598,830299999564886;5284087,271600000560284;9,834467826000036;47,707132570000056;1
202795;08240310415400410780;08;4;15;061;2024;03;17;1;3;0;1;0;0;1;0;0;0;0;0;514617,115600000135601;5369307,361600000411272;9,197780774000023;48,476725332000058;1
202800;08240310222014490690;08;2;22;000;2024;03;22;1;3;5;2;2;0;1;1;0;0;0;0;461791,673999999649823;5482882,811000000685453;8,472343009000042;49,497375341000065;1
202801;08240310221400402230;08;2;21;000;2024;03;06;1;3;0;7;2;0;1;0;0;0;0;0;473820,709900000132620;5475842,541099999099970;8,638925395000058;49,434688577000031;1
202802;08240310216100474040;08;2;16;043;2024;03;22;1;3;0;1;2;1;1;0;0;0;0;0;441127,010999999940395;5412530,657999999821186;8,197288864000029;48,862943580000035;1
202803;08240327111210620950;08;1;11;000;2024;03;16;4;3;1;5;0;0;1;1;0;0;0;0;515390,232800000347197;5399222,097300000488758;9,209351155000036;48,745824826000046;1
202806;08240310119400471390;08;1;19;079;2024;03;12;1;3;1;5;0;0;1;1;0;0;0;0;525325,320899999700487;5407739,243599999696016;9,345019493000052;48,822118553000053;1
202807;08240315116200529780;08;1;16;078;2024;03;14;6;2;6;4;0;0;0;1;1;0;0;0;510434,193400000222027;5393817,578700000420213;9,141798388000041;48,697308391000035;1
202810;08240309437100411910;08;4;37;088;2024;03;15;7;3;0;1;0;0;1;0;0;0;0;0;518410,929600000381470;5307690,333399999886751;9,246440290000066;47,922270255000058;1
202811;08240309436200439120;08;4;36;064;2024;03;22;7;2;0;7;2;0;1;0;0;0;0;0;545188,327800000086427;5292334,589199999347329;9,603251322000062;47,782787408000047;1
202813;08240309435200398720;08;4;35;059;2024;03;08;7;2;0;1;0;0;1;0;0;0;0;0;513054,916100000031292;5290490,825999999418855;9,174228563000042;47,767651054000055;1
202814;08240309435100474640;08;4;35;024;2024;03;13;7;3;4;6;0;0;1;1;0;0;0;0;526686,069899999536574;5279130,035700000822544;9,355448918000036;47,665012486000080;1
202815;08240309416100487080;08;4;16;036;2024;03;18;7;3;5;3;2;0;1;1;0;0;0;0;496076,865399999544024;5370156,171800000593066;8,946908862000043;48,484519278000050;1
202817;08240309336400474200;08;3;36;091;2024;03;08;7;3;5;2;0;0;1;1;0;0;0;0;395697,638500000350177;5272610,116499999538064;7,612479988000075;47,598506259000033;1
202819;08240309317600402460;08;3;17;093;2024;03;18;7;3;8;7;1;0;1;0;0;0;0;0;441973,722000000067055;5351260,801999999210238;8,217389625000067;48,311875627000063;1
202820;08240309311400480480;08;3;15;108;2024;03;12;7;3;6;7;0;0;0;1;1;0;0;0;405130,144500000402331;5303849,530999999493361;7,731115325000076;47,880966252000064;1
202821;08240309311010607100;08;3;11;000;2024;03;11;7;3;6;3;0;0;0;1;1;0;0;0;413960,177299999631941;5316580,380599999800324;7,846646489000022;47,996730395000043;1
202822;08240309231302402920;08;2;31;000;2024;03;12;7;3;0;7;0;0;1;0;0;0;0;0;478122,201600000262260;5416437,043299999088049;8,701482158000033;48,900492450000058;1
202824;08240309226700525800;08;2;26;103;2024;03;13;7;3;5;2;0;0;1;1;0;0;0;0;473077,631199999712408;5456890,568900000303984;8,629957613000045;49,264185391000069;1
202825;08240309222700476120;08;2;22;000;2024;03;22;7;3;3;2;2;0;1;1;0;0;0;0;461569,278800000436604;5481771,479399999603629;8,469379935000063;49,487365465000039;1
202826;08240309222500514000;08;2;22;000;2024;03;19;7;3;5;5;2;0;1;1;0;0;0;0;462153,007000000216067;5478890,937799999490380;8,477714797000033;49,461493122000036;1
202827;08240309221300441430;08;2;21;000;2024;03;12;7;3;3;2;0;0;1;0;0;0;0;1;476252,125400000251830;5473499,471499999985099;8,672600044000035;49,413712962000034;1
202829;08240309212702472470;08;2;15;108;2024;03;18;7;3;6;4;1;0;0;0;1;1;0;0;447315,598299999721348;5423420,866499999538064;8,280254772000035;48,961458019000077;1
202831;08240309212402725760;08;2;12;000;2024;03;10;7;3;2;2;0;0;1;1;0;0;0;0;456587,741999999620020;5425017,692999999970198;8,406747430000053;48,976542519000077;1
202834;08240309136100484930;08;1;36;021;2024;03;14;7;3;5;3;0;0;1;1;0;0;0;0;573816,740799999795854;5407574,638299999758601;10,005541294000068;48,816768401000047;1
202835;08240309128100578320;08;1;28;007;2024;03;10;7;3;4;2;0;0;1;1;0;0;0;0;556079,623999999836087;5482690,855799999088049;9,774412423000058;49,494260042000064;1
202836;08240309126200480150;08;1;26;069;2024;03;13;7;2;6;7;0;0;0;1;1;0;0;0;536356,836400000378489;5446834,447599999606609;9,498801560000061;49,173243192000029;1
202838;08240309118400479340;08;1;18;048;2024;03;09;7;3;5;3;0;0;1;1;0;0;0;0;514978,319199999794364;5415620,273700000718236;9,204346756000064;48,893350277000081;1
202842;08240309116100427820;08;1;16;019;2024;03;11;7;3;1;1;0;0;1;1;0;0;0;0;523771,284900000318885;5398196,023800000548363;9,323296653000057;48,736330893000058;1
202845;08240316335100541360;08;3;35;043;2024;03;14;7;3;0;1;0;0;1;0;0;0;0;0;513107,481399999931455;5279315,022399999201298;9,174593835000053;47,667094683000073;1
202846;08240308436300400990;08;4;36;052;2024;03;17;6;3;5;3;1;0;1;0;0;0;0;1;564260,629599999636412;5295292,354599999263883;9,858274117000065;47,807776559000047;1
202847;08240308426000417110;08;4;25;020;2024;03;13;6;3;0;7;0;0;0;1;1;0;0;0;558051,970300000160933;5362416,231300000101328;9,784496392000051;48,412225002000071;1
202848;08240308416010463560;08;4;16;041;2024;03;19;6;3;0;4;2;0;0;0;1;0;0;1;504427,144600000232458;5372876,941199999302626;9,059940667000035;48,508993063000048;1
202849;08240308415400478230;08;4;15;061;2024;03;14;6;3;0;1;0;0;1;0;0;0;0;0;514216,373999999836087;5376633,493000000715256;9,192608080000070;48,542642854000064;1
202854;08240308335300509700;08;3;35;075;2024;03;13;6;3;1;3;0;0;1;1;0;0;0;0;488630,491200000047684;5290111,167400000616908;8,848274426000046;47,764267006000068;1
202857;08240308335200457630;08;3;35;063;2024;03;21;6;3;0;1;2;0;1;0;0;0;0;0;498013,198400000110269;5288312,555400000885129;8,973494397000024;47,748181090000060;1
202859;08240308316200438200;08;3;16;010;2024;03;15;6;3;0;1;0;0;1;0;0;0;0;0;430940,985399999655783;5335924,473500000312924;8,071109343000046;48,172807192000050;1
202860;08240308311010571590;08;3;11;000;2024;03;08;6;3;0;1;0;2;1;0;0;0;0;0;413624,937199999578297;5318397,151499999687076;7,841787734000036;48,013027663000059;1
202862;08240308311010455390;08;3;11;000;2024;03;23;6;3;0;7;2;0;1;0;0;0;0;0;412986,108599999919534;5319161,805900000035763;7,833068231000027;48,019819279000046;1
202863;08240308311000483220;08;3;15;006;2024;03;11;6;3;5;3;0;0;1;0;0;0;0;1;403081,025999999605119;5307667,466000000014901;7,702857868000024;47,915002630000060;1
202864;08240308231402571760;08;2;31;000;2024;03;07;6;3;6;4;1;0;0;1;1;0;0;0;477429,605000000447035;5415506,450400000438094;8,692083387000025;48,892096314000071;1
202867;08240308226700431300;08;2;26;098;2024;03;08;6;3;5;2;0;0;1;1;0;0;0;0;481078,122299999929965;5461182,371700000017881;8,739718152000023;49,303090352000027;1
202869;08240308226600472240;08;2;26;096;2024;03;16;6;2;3;5;0;0;1;1;0;0;0;0;474621,528900000266731;5486592,538000000640750;8,649280421000071;49,531415446000040;1
202870;08240308221300471330;08;2;21;000;2024;03;17;6;3;1;5;0;0;1;1;0;0;0;0;477264,714499999769032;5475062,393699999898672;8,686470322000048;49,427809853000042;1
202872;08240308215202828550;08;2;15;084;2024;03;17;6;3;0;7;0;0;1;0;0;0;0;0;472298,677600000053644;5447252,246099999174476;8,619916760000024;49,177453196000044;1
202873;08240308215202427850;08;2;15;084;2024;03;18;6;3;5;7;1;0;1;1;0;0;0;0;472129,210300000384450;5447073,717000000178814;8,617603965000058;49,175839626000027;1
202874;08240308212010426750;08;2;12;000;2024;03;14;6;3;6;4;0;0;0;0;1;0;0;1;456353,254999999888241;5428238,153000000864267;8,403197305000049;49,005494493000072;1
202875;08240406215402640030;08;2;15;009;2024;04;13;7;3;5;3;0;0;1;1;0;0;0;0;469041,588999999687076;5440677,247800000011921;8,575733528000058;49,118154456000070;1
202876;08240308212010409810;08;2;12;000;2024;03;14;6;3;6;5;0;0;0;0;1;0;0;1;460825,208200000226498;5426991,426000000908971;8,464461742000026;48,994579967000050;1
202880;08240308121500429740;08;1;25;027;2024;03;06;6;3;0;7;2;0;1;0;0;0;0;1;519322,267500000074506;5446685,220799999311566;9,265090558000054;49,172673808000070;1
202881;08240308119200500240;08;1;19;020;2024;03;11;6;3;5;3;0;0;1;1;0;0;0;0;520700,148599999956787;5406711,484799999743700;9,281957490000025;48,813044408000053;1
202883;08240308111500464620;08;1;11;000;2024;03;19;6;2;6;4;2;0;0;1;1;0;0;0;514033,648299999535084;5408797,818600000813603;9,191224884000064;48,831999078000081;1
202886;08240307415100468800;08;4;15;050;2024;03;15;5;3;5;3;0;0;1;1;0;0;0;0;520392,229000000283122;5375704,774000000208616;9,276234260000024;48,534117498000057;1
202888;08240307335300504540;08;3;35;075;2024;03;20;5;3;0;5;2;0;1;1;0;0;0;0;487536,281899999827147;5290081,286299999803305;8,833673171000044;47,763977919000070;1
202889;08240307325202462060;08;3;25;049;2024;03;19;5;3;6;7;1;0;0;1;1;0;0;0;471553,353900000452995;5335339,952899999916553;8,617390745000023;48,170664692000059;1
202890;08240307317100422200;08;3;17;001;2024;03;11;5;3;0;1;0;0;1;0;0;0;0;0;430876,826999999582767;5386320,916999999433756;8,061947852000060;48,626134493000052;1
202891;08240307316100456080;08;3;16;011;2024;03;20;5;3;4;6;2;0;1;1;0;0;0;0;415035,424599999561906;5329401,439600000157952;7,858510539000065;48,112203692000037;1
202892;08240307311400462820;08;3;15;048;2024;03;15;5;3;3;6;0;0;1;1;0;0;0;0;397170,008899999782443;5310132,407500000670552;7,623180689000037;47,936253321000038;1
202893;08240307311200510540;08;3;11;000;2024;03;17;5;3;0;1;0;0;1;0;0;0;0;0;410781,728400000371039;5318025,742699999362230;7,803748600000063;48,009296105000033;1
202894;08240307226700565830;08;2;26;076;2024;03;07;5;3;2;6;0;0;1;1;0;0;0;0;475003,597900000400841;5465125,958399999886751;8,655913737000049;49,338344324000047;1
202896;08240307221200491810;08;2;21;000;2024;03;11;5;3;1;5;0;0;1;1;0;0;0;0;477614,979299999773502;5472653,303600000217557;8,691436436000060;49,406153484000072;1
202900;08240307212010407120;08;2;12;000;2024;03;09;5;3;4;6;0;0;1;1;0;0;0;0;459235,844499999657273;5429409,610700000077486;8,442492653000045;49,016229086000067;1
202904;08240307118400382750;08;1;18;048;2024;03;09;5;3;5;3;0;0;1;0;0;0;0;1;511426,928399999625981;5417267,573300000280142;9,155942023000023;48,908244630000070;1
202905;08240307116500720140;08;1;16;011;2024;03;18;5;3;0;7;2;0;1;0;0;0;0;0;530536,837299999780953;5380460,855000000447035;9,413999518000026;48,576491857000065;1
202909;08240307111330417640;08;1;11;000;2024;03;14;5;3;0;7;0;0;1;0;0;0;0;0;511887,240399999544024;5409399,512900000438094;9,161995148000074;48,837456625000073;1
202914;08240306421300483160;08;4;21;000;2024;03;19;4;3;6;2;2;1;0;1;1;0;0;0;570870,111800000071526;5360941,135199999436736;9,957444800000076;48,397644818000060;1
202916;08240306415100380500;08;4;15;050;2024;03;08;4;3;0;1;0;1;1;0;0;0;0;0;521207,207600000314415;5377958,006500000134110;9,287388604000057;48,554361052000047;1
202917;08240306337010507570;08;3;37;126;2024;03;18;4;2;6;4;2;1;0;1;1;0;0;0;445483,579900000244379;5275910,647500000894070;8,274285006000071;47,634300510000060;1
202918;08240306336400386650;08;3;36;014;2024;03;06;4;3;4;2;2;1;1;1;0;0;0;0;392985,842699999921024;5278947,447100000455976;7,574867717000075;47,655068529000062;1
202919;08240306336200453680;08;3;36;069;2024;03;20;4;3;6;4;2;1;0;1;1;0;0;0;408267,108900000341237;5268076,807299999520183;7,780595581000057;47,559626001000026;1
202920;08240306335200565840;08;3;35;063;2024;03;15;4;3;6;2;0;1;0;1;1;0;0;0;497062,575600000098348;5288229,079800000414252;8,960812857000064;47,747426382000071;1
202921;08240306335100385910;08;3;35;043;2024;03;18;4;3;6;6;2;1;0;1;1;0;0;0;511745,251699999906123;5280470,453999999910593;9,156479858000068;47,677517051000052;1
202924;08240308416010393100;08;4;16;041;2024;03;20;6;2;3;6;2;0;1;1;0;0;0;0;504416,788099999539554;5374559,917999999597669;9,059818269000061;48,524133818000053;1
202925;08240306311010390820;08;3;36;050;2024;03;11;4;3;6;4;0;1;0;1;1;0;0;0;399351,438000000081956;5273704,486999999731779;7,660820780000051;47,608928071000037;1
202928;08240306231102475550;08;2;36;025;2024;03;12;4;3;0;7;0;1;0;1;1;0;0;0;489654,368700000457466;5406347,415100000798702;8,859090282000068;48,810027969000032;1
202929;08240306231000425150;08;2;31;000;2024;03;16;4;3;5;3;0;1;1;1;0;0;0;0;475704,197399999946356;5413953,384199999272823;8,668637228000023;48,878060227000049;1
202931;08240306226400489830;08;2;26;084;2024;03;07;4;2;1;5;0;0;1;1;0;0;0;0;469569,110700000077486;5470380,034800000488758;8,580705961000035;49,385356843000068;1
202932;08240306222700548570;08;2;22;000;2024;03;16;4;3;5;3;0;0;1;1;0;0;0;0;465584,599600000306964;5480129,065199999138713;8,524961012000063;49,472833689000026;1
202933;08240306222500565990;08;2;22;000;2024;03;16;4;3;5;3;0;0;1;1;0;0;0;0;461823,920800000429153;5480126,706599999219179;8,473054435000051;49,472587655000041;1
202934;08240306222200387260;08;2;22;000;2024;03;16;4;3;5;3;0;0;1;1;0;0;0;0;461470,520499999634922;5481476,730299999937415;8,468045148000044;49,484708092000062;1