OID_;UIDENTSTLAE;ULAND;UREGBEZ;UKREIS;UGEMEINDE;UJAHR;UMONAT;USTUNDE;UWOCHENTAG;UKATEGORIE;UART;UTYP1;ULICHTVERH;IstStrassenzustand;IstRad;IstPKW;IstFuss;IstKrad;IstGkfz;IstSonstige;LINREFX;LINREFY;XGCSWGS84;YGCSWGS84;PLST
202935;08240306222014389040;08;2;22;000;2024;03;07;4;2;5;3;0;0;1;1;0;0;0;0;465970,317300000227988;5484275,340199999511242;8,529927925000038;49,510149285000068;1
202937;08240327116200612480;08;1;16;080;2024;03;15;4;3;5;3;0;0;1;0;0;1;0;0;518500,408800000324845;5396897,629499999806285;9,251553699000056;48,724829419000059;1
202938;08240306216100440560;08;2;16;043;2024;03;05;4;3;6;4;2;0;0;1;1;0;0;0;442975,430200000293553;5411879,993000000715256;8,222579553000060;48,857263535000072;1
202939;08240306215502387840;08;2;15;099;2024;03;13;4;3;5;2;0;1;1;1;0;0;0;0;463363,317099999636412;5447133,470200000330806;8,497331975000066;49,175916253000025;1
202940;08240306212702488830;08;2;15;017;2024;03;08;4;3;5;3;0;0;1;1;0;0;0;0;454841,647300000302494;5421821,427999999374151;8,383242134000056;48,947666459000061;1
202941;08240306212010383290;08;2;12;000;2024;03;16;4;3;1;5;0;1;1;1;0;0;0;0;457137,409099999815226;5428419,559100000187755;8,413899673000060;49,007181224000078;1
202943;08240306212010381800;08;2;12;000;2024;03;15;4;3;6;4;0;0;0;1;1;0;0;0;456701,844399999827147;5427975,127800000831485;8,407991513000070;49,003153102000056;1
202944;08240306212010376870;08;2;12;000;2024;03;11;4;3;5;3;0;1;1;1;0;0;0;0;456231,925599999725819;5428470,720399999991059;8,401513334000072;49,007577872000070;1
202945;08240306135200378850;08;1;35;019;2024;03;06;4;3;0;1;1;1;1;0;0;0;0;0;585152,345800000242889;5391863,534499999135733;10,156677740000021;48,674009766000040;1
202947;08240306119200376570;08;1;19;020;2024;03;09;4;3;5;2;0;1;1;1;0;0;0;0;519960,113400000147521;5407497,669099999591708;9,271915813000021;48,820140981000065;1
202951;08240306117300380010;08;1;17;026;2024;03;19;4;2;6;4;2;1;0;1;1;0;0;0;547835,713000000454485;5394607,382400000467896;9,650147489000062;48,702666433000047;1
202952;08240306116200558530;08;1;16;047;2024;03;10;4;3;5;3;0;1;1;1;0;0;0;0;520107,846400000154972;5392367,871999999508262;9,273189454000033;48,684030034000045;1
202955;08240305436200406390;08;4;36;064;2024;03;07;3;3;6;4;0;0;0;1;1;0;0;0;547155,416400000452995;5293620,936300000175834;9,629649564000033;47,794219632000079;1
202956;08240305436000425730;08;4;36;005;2024;03;12;3;3;6;4;0;0;0;1;1;0;0;0;540191,524000000208616;5309140,574999999254942;9,538111006000065;47,934322275000056;1
202957;08240305426010443690;08;4;21;000;2024;03;17;3;2;5;3;1;1;1;1;0;0;0;0;572172,795900000259280;5360603,017999999225140;9,974983124000062;48,394455582000035;1
202958;08240305421300452730;08;4;21;000;2024;03;12;3;3;5;3;0;1;1;1;0;0;0;0;572282,382100000046194;5360859,570199999958277;9,976507467000033;48,396750781000037;1
202959;08240305421300378140;08;4;21;000;2024;03;18;3;3;8;1;2;0;1;0;0;0;0;0;571349,333999999798834;5360589,371200000867248;9,963858296000069;48,394426546000034;1
202960;08240305417000369310;08;4;17;079;2024;03;07;3;2;5;3;0;0;1;1;0;0;0;0;501612,831299999728799;5340179,949699999764562;9,021711324000023;48,214844275000075;1
202962;08240305317010424440;08;3;17;089;2024;03;21;3;2;0;6;2;1;0;0;1;1;0;0;431231,922699999995530;5377435,807000000029802;8,068236580000075;48,546251427000072;1
202964;08240314116500519480;08;1;16;050;2024;03;08;5;3;4;6;0;0;1;1;0;0;0;0;527186,400999999605119;5389256,563999999314547;9,369153871000037;48,655772685000045;1
202966;08240305311010442260;08;3;11;000;2024;03;08;3;3;6;4;0;0;0;1;1;0;0;0;414442,606100000441074;5316052,039200000464916;7,853217370000038;47,992042499000036;1
202967;08240305311010434730;08;3;11;000;2024;03;08;3;3;5;3;0;1;1;1;0;0;0;0;414708,842299999669194;5316757,653699999675155;7,856644938000045;47,998425352000027;1
202968;08240305311010370340;08;3;36;069;2024;03;17;3;3;4;1;0;0;1;1;0;0;0;0;407986,287200000137091;5269829,737900000065565;7,776496270000052;47,575355296000055;1
202970;08240331121500610410;08;1;25;039;2024;03;21;1;3;0;1;2;0;1;0;0;0;0;0;511678,670099999755621;5459387,976399999111891;9,160595248000050;49,287131005000049;1
202971;08240305221200406610;08;2;21;000;2024;03;16;3;3;0;1;0;1;1;0;0;0;0;0;482901,786399999633431;5473512,227199999615550;8,764274038000053;49,414050920000079;1
202974;08240305215000441160;08;2;15;108;2024;03;12;3;3;5;3;0;1;1;1;0;0;0;0;448219,229500000365078;5423535,802799999713898;8,292584067000064;48,962568228000066;1
202979;08240305121200371960;08;1;21;000;2024;03;07;3;3;5;2;0;1;1;1;0;0;0;0;516760,683500000275671;5444114,627800000831485;9,229840366000076;49,149625897000078;1
202980;08240305118010424780;08;1;18;048;2024;03;15;3;3;6;3;0;0;0;1;1;0;0;0;515632,966500000096858;5415317,062200000509620;9,213266337000050;48,890606499000057;1
202983;08240305115100484740;08;1;15;003;2024;03;10;3;3;5;3;0;1;1;1;0;0;0;0;500793,713499999605119;5391690,935699999332428;9,010782323000058;48,678263638000033;1
202984;08240305111500374410;08;1;11;000;2024;03;13;3;2;6;4;0;1;0;0;1;0;0;1;514148,706000000238419;5408840,827999999746680;9,192794155000058;48,832383372000038;1
202986;08240305111230378270;08;1;11;000;2024;03;13;3;2;0;1;0;1;1;0;0;0;0;0;508978,297500000335276;5398100,925899999216199;9,122106355000028;48,735864207000077;1
202988;08240308215402476300;08;2;15;009;2024;03;15;6;3;5;3;0;0;1;1;0;0;0;0;469256,907300000078976;5440955,880799999460578;8,578663022000057;49,120671618000074;1
202992;08240404435100629620;08;4;35;016;2024;04;10;5;3;0;1;0;0;1;0;0;0;0;0;535900,471599999815226;5278420,338099999353290;9,478119306000053;47,658181200000058;1
202993;08240304335100445610;08;3;35;043;2024;03;12;2;3;1;5;0;0;1;0;0;0;0;1;512510,614299999549985;5280114,801400000229478;9,166666411000051;47,674302651000062;1
202994;08240304335010426280;08;3;35;075;2024;03;21;2;2;6;4;2;0;0;1;1;0;0;0;488624,178999999538064;5290115,651000000536442;8,848190073000069;47,764307236000036;1
202996;08240304317200596810;08;3;17;057;2024;03;11;2;2;8;1;0;0;1;0;0;0;0;0;413426,955799999646842;5379355,970799999311566;7,826638616000025;48,561317329000076;1
202997;08240304311400369000;08;3;15;006;2024;03;13;2;3;4;6;0;0;1;0;0;0;0;1;402875,838800000026822;5307588,933399999514222;7,700130113000057;47,914265180000029;1
202998;08240304311200405210;08;3;11;000;2024;03;17;2;2;5;3;0;0;1;1;0;0;0;0;413133,783999999985099;5317836,364000000059605;7,835316820000060;48,007916625000064;1
202999;08240304311010446210;08;3;11;000;2024;03;17;2;3;6;7;1;0;1;0;1;0;0;0;412029,360199999995530;5316701,865299999713898;7,820744827000055;47,997560428000043;1
203001;08240304226500437930;08;2;26;085;2024;03;20;2;3;8;7;2;1;1;0;0;0;0;0;490788,710500000044703;5455319,165699999779463;8,873427659000072;49,250573519000056;1
203003;08240304222014463210;08;2;22;000;2024;03;18;2;3;3;2;1;0;1;1;0;0;0;0;461870,059299999848008;5481379,173900000751019;8,473570517000041;49,483855857000037;1
203004;08240304222014424360;08;2;22;000;2024;03;18;2;3;3;2;0;0;1;1;0;0;0;0;462032,444099999964237;5481965,431700000539422;8,475756032000049;49,489139120000061;1
203005;08240304221400401430;08;2;21;000;2024;03;13;2;3;5;3;0;0;1;1;0;0;0;0;476967,849999999627471;5469062,953999999910593;8,682724353000026;49,373834616000067;1
203006;08240304221400401380;08;2;21;000;2024;03;17;2;3;5;3;1;0;1;1;0;0;0;0;476944,995699999853969;5469706,552300000563264;8,682372228000077;49,379622846000075;1
203009;08240304212010426800;08;2;12;000;2024;03;09;2;3;1;5;0;0;1;1;0;0;0;0;454313,363699999637902;5429295,302400000393391;8,375187618000041;49,014855988000079;1
203013;08240304118300395420;08;1;18;046;2024;03;07;2;3;3;6;0;0;1;1;0;0;0;0;513564,475399999879301;5411344,290500000119209;9,184916206000025;48,854917095000076;1
203014;08240314436000441750;08;4;35;034;2024;03;11;5;3;6;7;0;1;0;0;1;0;0;1;529061,075799999758601;5284615,079500000923872;9,387447778000023;47,714261645000079;1
203015;08240304118010414550;08;1;18;011;2024;03;17;2;2;6;4;1;0;0;1;1;0;0;0;502539,342299999669194;5409407,625700000673532;9,034605387000056;48,837638224000045;1
203016;08240304116500405950;08;1;16;071;2024;03;15;2;3;5;3;0;0;1;1;0;0;0;0;528016,492700000293553;5391081,517599999904633;9,380548696000062;48,672153195000078;1
203017;08240304116200372150;08;1;16;078;2024;03;18;2;3;6;4;2;0;0;1;1;0;0;0;510486,178000000305474;5393599,457000000402331;9,142499307000037;48,695345282000062;1
203019;08240304115400365980;08;1;15;029;2024;03;08;2;3;0;7;0;1;1;1;0;0;0;0;497183,271900000050664;5398991,101999999955297;8,961685898000042;48,743930578000061;1
203020;08240304111500391180;08;1;11;000;2024;03;10;2;3;5;3;0;1;1;1;0;0;0;0;510753,263399999588728;5397380,009899999946356;9,146227306000071;48,729350735000025;1
203021;08240304111500369060;08;1;11;000;2024;03;17;2;3;0;7;1;0;1;1;0;0;0;0;512596,348299999721348;5408802,922599999234080;9,171640243000070;48,832075814000063;1
203022;08240304111230371070;08;1;11;000;2024;03;11;2;3;0;7;0;0;1;0;0;0;0;0;512232,648099999874830;5395315,433599999174476;9,166283275000069;48,710750485000062;1
203025;08240304111110391750;08;1;11;000;2024;03;08;2;2;0;7;0;0;1;0;0;0;0;0;512918,695000000298023;5402255,897500000894070;9,175826586000028;48,773172916000078;1
203026;08240303425000360700;08;4;25;033;2024;03;18;1;2;0;1;1;0;1;0;0;0;0;0;554203,017099999822676;5349532,332100000232458;9,730827889000068;48,296665645000076;1
203027;08240303415300439790;08;4;15;059;2024;03;17;1;3;5;3;0;0;1;1;0;0;0;0;516899,834400000050664;5367886,805299999192357;9,228610057000026;48,463888255000029;1
203028;08240303317100399440;08;3;17;102;2024;03;17;1;3;8;1;0;0;1;0;0;0;0;0;436598,457000000402331;5381539,141499999910593;8,140315416000021;48,583727562000036;1
203029;08240303311010423400;08;3;11;000;2024;03;01;1;3;6;7;2;0;0;0;1;0;0;1;414036,078499999828637;5316412,176100000739098;7,847697416000074;47,995227543000055;1
203030;08240303311010410170;08;3;11;000;2024;03;00;1;3;0;1;2;0;1;0;0;0;0;0;410995,520600000396371;5317359,198699999600649;7,806752833000075;48,003330204000065;1
203031;08240320416200565790;08;4;16;041;2024;03;10;4;3;2;6;0;0;1;1;0;0;0;0;503817,384700000286102;5373245,275499999523163;9,051688287000047;48,512310742000068;1
203032;08240303311010385150;08;3;11;000;2024;03;04;1;2;0;7;2;0;1;0;0;0;0;0;403935,038900000043213;5317237,851500000804663;7,712146832000030;48,001216590000070;1
203033;08240303226600425880;08;2;26;096;2024;03;15;1;3;1;5;0;0;1;1;0;0;0;0;475982,370900000445545;5487882,036699999123812;8,668007771000021;49,543069476000028;1
203034;08240303222800366040;08;2;22;000;2024;03;11;1;2;5;3;0;0;1;1;0;0;0;0;461779,110000000335276;5488359,275000000372529;8,471639011000036;49,546632151000040;1
203037;08240313436400616430;08;4;36;082;2024;03;07;4;3;5;3;0;1;1;1;0;0;0;0;547908,772499999962747;5295294,246400000527501;9,639893074000042;47,809218682000051;1
203038;08240303212010393940;08;2;12;000;2024;03;10;1;3;5;2;0;0;1;1;0;0;0;0;453583,823200000450015;5428871,903599999845028;8,365259449000064;49,010993044000031;1
203041;08240303136300365950;08;1;36;028;2024;03;13;1;2;0;1;0;0;1;0;0;0;0;0;566821,914300000295043;5405048,143400000408292;9,909858834000033;48,794834847000061;1
203043;08240303121500465580;08;1;25;065;2024;03;14;1;3;5;3;0;0;1;1;0;0;0;0;516472,997000000439584;5448969,026000000536442;9,226094100000068;49,193300343000033;1
203044;08240303121300364620;08;1;21;000;2024;03;13;1;3;1;7;0;0;1;1;0;0;0;0;514741,669700000435114;5445931,753000000491738;9,202220222000051;49,166023297000038;1
203046;08240303119300357960;08;1;19;055;2024;03;09;1;3;0;7;0;0;1;0;0;0;0;0;543267,611200000159442;5405428,121400000527501;9,589201908000064;48,800338328000066;1
203049;08240303118500432230;08;1;18;078;2024;03;17;1;3;1;5;0;0;1;1;0;0;0;0;513844,776899999938905;5419365,840399999171495;9,189009164000026;48,927070669000045;1
203050;08240303118010538850;08;1;18;070;2024;03;01;1;2;6;7;2;0;0;0;1;0;0;1;519570,735999999567866;5424158,598099999129772;9,267409599000075;48,970029809000039;1
203051;08240328311010555350;08;3;11;000;2024;03;10;5;3;6;4;0;0;0;1;1;0;0;0;409767,557699999772012;5315568,437500000000000;7,790670318000025;47,987049804000037;1
203052;08240303117400364200;08;1;17;012;2024;03;16;1;3;6;4;0;0;0;1;1;0;0;0;545186,881599999964237;5387989,039599999785423;9,613425569000071;48,643327904000046;1
203053;08240303116500427700;08;1;16;020;2024;03;18;1;2;0;1;2;0;1;0;0;0;0;0;527651,279199999757111;5381061,961999999359250;9,374919816000045;48,582033469000066;1
203054;08240303115400400740;08;1;15;045;2024;03;19;1;3;5;3;2;0;1;1;0;0;0;0;501354,863300000317395;5394797,357000000774860;9,018415538000056;48,706208345000050;1
203056;08240303111320364460;08;1;11;000;2024;03;18;1;3;2;6;2;0;1;0;0;0;0;0;516501,836799999698997;5406520,872099999338388;9,224764983000057;48,811455372000069;1
203058;08240302435100414950;08;4;35;030;2024;03;22;7;3;0;1;2;0;1;0;0;0;0;0;541429,875799999572337;5271848,481699999421835;9,551134164000075;47,598721378000050;1
203060;08240302415100360250;08;4;15;078;2024;03;15;7;3;6;2;0;0;0;1;1;0;0;0;529474,301099999807775;5371003,326899999752641;9,398925718000044;48,491461604000051;1
203062;08240302337100376450;08;3;37;066;2024;03;09;7;3;0;7;0;0;1;0;0;0;0;0;430970,598199999891222;5268523,726600000634789;8,082276156000034;47,566458234000038;1
203064;08240302311300458000;08;3;11;000;2024;03;17;7;3;5;3;0;0;1;1;0;0;0;0;412193,686499999836087;5314575,834799999371171;7,823381977000054;47,978458724000063;1
203065;08240302311200383770;08;3;11;000;2024;03;17;7;3;3;6;0;0;1;1;0;0;0;0;414086,417700000107288;5315994,006200000643730;7,848455752000064;47,991472713000064;1
203066;08240302311010944220;08;3;11;000;2024;03;20;7;3;4;2;0;0;1;0;0;0;0;1;414532,042000000365078;5316019,559399999678135;7,854422358000022;47,991762291000043;1
203067;08240302311010520360;08;3;11;000;2024;03;15;7;3;5;2;0;0;1;0;0;0;0;1;413681,094399999827147;5317131,793899999931455;7,842795271000057;48,001652933000059;1
203068;08240502116500728730;08;1;16;022;2024;05;13;5;3;1;5;0;1;1;1;0;0;0;0;523066,973699999973178;5382687,764399999752641;9,312853196000049;48,596844992000058;1
203070;08240502116010944710;08;1;16;019;2024;05;09;5;3;6;4;0;0;0;1;1;0;0;0;522277,754900000058115;5397470,225299999117851;9,302945270000066;48,729856872000028;1
203071;08240502116000754170;08;4;16;025;2024;05;10;5;2;0;1;0;0;1;0;0;0;0;0;507736,260800000280142;5359191,475700000301003;9,104491012000040;48,385840154000050;1
203072;08240502111500736930;08;1;11;000;2024;05;18;5;3;3;6;0;1;1;0;0;0;0;1;513696,179899999871850;5408664,124700000509620;9,186622042000067;48,830803926000044;1
203074;08240502111110728860;08;1;11;000;2024;05;19;5;3;0;1;0;1;1;0;0;0;0;0;513981,008399999700487;5405168,807199999690056;9,190383948000033;48,799354202000075;1
203075;08240501436300728040;08;4;36;085;2024;05;13;4;3;0;1;0;0;1;0;0;0;0;0;558313,871299999766052;5297443,475600000470877;9,779145845000073;47,827695762000076;1
203076;08240501435200757390;08;4;35;067;2024;05;14;4;3;4;1;0;0;1;0;0;0;0;0;533172,780799999833107;5292574,829399999231100;9,442871395000054;47,785679833000074;1
203077;08240501435200743690;08;4;35;052;2024;05;17;4;3;0;1;0;0;1;0;0;0;0;0;521129,122999999672174;5291586,482699999585748;9,282037685000034;47,777295006000031;1
203078;08240501426100728560;08;4;26;128;2024;05;15;4;2;0;1;0;0;1;0;0;0;0;0;561310,211699999868870;5332231,767300000414252;9,824143674000027;48,140382516000045;1
203079;08240501421200731420;08;4;21;000;2024;05;09;4;3;0;1;0;0;1;0;0;0;0;0;572848,026399999856949;5361240,184900000691414;9,984213984000064;48,400109394000026;1
203080;08240501417200760060;08;4;17;057;2024;05;15;4;3;9;1;0;0;1;0;0;0;0;0;482745,063299999572337;5339855,521800000220537;8,767734757000028;48,211692883000069;1
203081;08240501416010782250;08;4;16;041;2024;05;07;4;2;5;3;0;0;1;1;0;0;0;0;505213,587000000290573;5373199,414000000804663;9,070592609000073;48,511888114000044;1
203083;08240501415300727050;08;4;15;073;2024;05;12;4;3;8;1;0;0;1;0;0;0;0;0;518027,975999999791384;5350793,180700000375509;9,243137071000035;48,310074182000051;1
203084;08240501415100742070;08;4;15;078;2024;05;14;4;3;2;6;0;0;1;1;0;0;0;0;528831,679299999959767;5371389,155400000512600;9,390254876000029;48,494962410000028;1
203085;08240501325202803760;08;3;25;049;2024;05;00;4;3;6;4;2;0;0;1;1;0;0;0;472249,091000000014901;5335115,065799999982119;8,626762928000062;48,168672209000079;1
203086;08240501317600733220;08;3;17;129;2024;05;11;4;3;3;6;0;0;1;0;0;0;0;0;429840,346599999815226;5349875,932000000029802;8,053996150000046;48,298188246000052;1
203087;08240501317600727090;08;3;17;041;2024;05;14;4;3;8;1;0;0;1;0;0;0;0;0;438278,729000000283122;5350398,239800000563264;8,167686111000023;48,303766362000033;1
203089;08240501317500728310;08;3;17;096;2024;05;16;4;3;5;2;0;0;1;0;0;0;0;1;422586,020999999716878;5368912,018999999389052;7,952690602000075;48,468573386000060;1
203090;08240501317100743900;08;3;17;001;2024;05;17;4;3;0;1;0;0;1;0;0;0;0;0;432781,823599999770522;5385522,758600000292063;8,087925964000021;48,619162647000053;1
203091;08240501316200728120;08;3;16;009;2024;05;15;4;3;5;3;0;0;1;0;0;0;0;0;416002,705000000074506;5324381,274000000208616;7,872490866000021;48,067174126000054;1
203092;08240501316100738320;08;3;16;011;2024;05;01;4;3;0;1;2;0;1;0;0;0;0;0;413616,915300000458956;5330271,760900000110269;7,839280710000025;48,119841516000065;1
203095;08240501311300740150;08;3;15;014;2024;05;11;4;3;3;6;0;0;1;0;0;0;0;0;408795,154600000008941;5308282,915200000628829;7,779185728000073;47,921377057000029;1
203096;08240501311100728380;08;3;15;015;2024;05;13;4;3;0;7;0;0;1;0;0;0;0;0;393767,107800000347197;5320680,547100000083447;7,575023306000048;48,030572674000041;1
203097;08240501311100728060;08;3;15;059;2024;05;15;4;3;6;6;0;0;0;1;1;0;0;0;400780,832999999634922;5322888,930999999865890;7,668564269000058;48,051564661000043;1
203098;08240501226400727200;08;2;26;084;2024;05;19;4;3;5;3;0;0;1;0;0;0;0;0;469271,904199999757111;5470049,203999999910593;8,576636566000047;49,382366172000047;1
203099;08240501225100742100;08;2;25;058;2024;05;16;4;3;0;6;0;0;1;0;0;0;0;0;510602,099200000055134;5466836,980000000447035;9,145989135000036;49,354155053000056;1
203100;08240501222600742320;08;2;22;000;2024;05;17;4;3;1;5;0;0;1;1;0;0;0;0;463092,381500000134110;5483183,121700000017881;8,490276964000032;49,500157012000045;1
203101;08240501215102747410;08;2;15;109;2024;05;12;4;3;0;7;0;0;1;0;0;0;0;0;460920,863099999725819;5434990,180999999865890;8,464998405000074;49,066536242000041;1
203102;08240501215102728580;08;2;15;109;2024;05;13;4;3;0;7;0;0;1;0;0;0;0;0;461379,294599999673665;5434781,274100000038743;8,471294083000032;49,064686017000042;1
203105;08240501136100727610;08;1;36;033;2024;05;18;4;3;1;5;0;0;1;1;0;0;0;0;580235,509100000374019;5415151,982300000265241;10,094447158000037;48,884124845000031;1
203107;08240501136100727540;08;1;36;088;2024;05;13;4;3;0;7;0;0;1;0;0;0;0;0;580785,177500000223517;5409714,325699999928474;10,100870242000042;48,835146225000074;1
203108;08240501136100727060;08;1;36;088;2024;05;13;4;3;0;7;0;0;1;0;0;0;0;0;577656,713499999605119;5414603,200300000607967;10,059173415000032;48,879517417000045;1
203109;08240501121500727350;08;1;25;005;2024;05;21;4;3;0;7;2;0;1;0;0;0;0;0;517589,992100000381470;5451207,006699999794364;9,241522892000035;49,213400439000054;1
203110;08240501121200743240;08;1;21;000;2024;05;11;4;3;0;7;0;0;1;0;0;1;0;0;516515,920099999755621;5443193,494000000879169;9,226446177000071;49,141346637000026;1
203111;08240501119400772990;08;1;19;079;2024;05;15;4;3;0;7;0;0;1;0;0;0;0;0;524532,382000000216067;5409044,625700000673532;9,334295190000034;48,833893246000059;1
203112;08240501119400742190;08;1;19;091;2024;05;18;4;3;4;6;0;0;1;0;0;0;0;0;526557,783200000412762;5406765,383700000122190;9,361746558000050;48,813306506000060;1
203113;08240501119400742130;08;1;19;041;2024;05;15;4;2;0;1;0;0;1;0;0;0;0;0;527023,535000000149012;5409453,208000000566244;9,368267604000039;48,837465297000051;1
203114;08240501119400740310;08;1;19;091;2024;05;11;4;3;4;6;0;0;1;1;0;0;0;0;527052,620000000111759;5407318,282999999821186;9,368523097000036;48,818258885000034;1
203115;08240501119300733270;08;1;19;086;2024;05;19;4;3;0;7;0;0;1;0;0;0;0;0;535213,123100000433624;5404749,693099999800324;9,479465252000068;48,794743902000050;1
203117;08240501116010733420;08;1;16;079;2024;05;13;4;3;0;1;0;0;1;0;0;0;0;0;533659,750000000000000;5380117,993799999356270;9,456308941000032;48,573247478000042;1
203118;08240501111500727220;08;1;11;000;2024;05;09;4;3;5;3;0;0;1;1;0;0;0;0;513319,521300000138581;5401904,113700000569224;9,181270509000058;48,769999842000061;1
203119;08240501111230733380;08;1;11;000;2024;05;19;4;2;0;7;1;0;1;0;0;0;0;0;511454,877000000327826;5399609,950699999928474;9,155830098000024;48,749398762000055;1
203120;08240501111120727650;08;1;11;000;2024;05;17;4;3;6;6;0;0;0;0;1;0;0;1;513188,143600000068545;5403305,877299999818206;9,179527508000035;48,782612798000059;1
203122;08240430415100718040;08;4;15;050;2024;04;08;3;3;1;5;0;0;1;1;0;0;0;0;520147,619599999859929;5377462,664300000295043;9,273005841000042;48,549939791000043;1
203123;08240430337200718680;08;3;37;126;2024;04;17;3;3;6;7;0;0;0;1;1;0;0;0;441107,313500000163913;5274677,383099999278784;8,216200086000072;47,622821635000037;1
203124;08240430337010715470;08;3;37;066;2024;04;13;3;2;6;7;0;0;1;0;1;0;0;0;429222,619400000199676;5268578,343200000002980;8,059031726000057;47,566761322000048;1
203126;08240430335400720460;08;3;35;079;2024;04;07;3;3;2;6;0;0;1;1;0;0;0;0;501292,619500000029802;5299992,089199999347329;9,017279442000074;47,853269469000054;1
203127;08240430335100724580;08;3;35;043;2024;04;09;3;2;0;5;0;0;1;1;1;0;0;0;513115,090900000184774;5278450,752900000661612;9,174669252000058;47,659318112000051;1
203128;08240430335100720520;08;3;35;043;2024;04;14;3;3;6;2;0;0;0;1;1;0;0;0;511138,241899999789894;5281523,299599999561906;9,148419672000045;47,687000939000029;1
203129;08240430335100701680;08;3;35;043;2024;04;17;3;3;0;1;0;0;1;0;0;0;0;0;512746,571000000461936;5280808,387000000104308;9,169830062000074;47,680538687000080;1
203132;08240430326400719520;08;3;26;074;2024;04;18;3;3;6;4;0;0;0;1;1;0;0;0;459459,051300000399351;5319968,557299999520183;8,456188620000034;48,031717549000064;1
203134;08240430311010697430;08;3;15;073;2024;04;07;3;3;0;1;0;0;1;0;0;0;0;0;412633,968899999745190;5313905,451300000771880;7,829416878000075;47,972488671000065;1
203135;08240430237100726940;08;2;37;028;2024;04;18;3;3;5;3;0;0;1;0;0;0;0;1;456308,497000000439584;5368037,268400000408292;8,408967738000058;48,463951365000071;1
203136;08240430231402733170;08;2;31;000;2024;04;15;3;3;5;2;0;0;1;1;0;0;0;0;479937,740100000053644;5414433,180099999532104;8,726352874000042;48,882527792000076;1
203138;08240430226700723990;08;2;26;095;2024;04;17;3;3;1;5;0;0;1;1;0;0;0;0;473613,399400000460446;5461299,758799999952316;8,637030486000072;49,303869365000025;1
203139;08240430226600724630;08;2;26;096;2024;04;13;3;3;4;6;0;0;1;0;0;0;0;0;474435,670199999585748;5488520,740599999204278;8,646586927000044;49,548751044000028;1
203140;08240430226400712660;08;2;26;084;2024;04;16;3;3;6;4;0;0;1;0;1;0;0;0;468906,145999999716878;5470370,777200000360608;8,571572247000063;49,385240084000031;1
203141;08240430222800719590;08;2;22;000;2024;04;17;3;3;5;3;0;0;1;1;0;0;0;0;462446,247000000439584;5488125,935000000521541;8,480883269000060;49,544575139000074;1
203142;08240430222500696040;08;2;22;000;2024;04;00;3;2;0;7;2;0;1;0;0;0;0;0;461844,853400000371039;5478290,935499999672174;8,473520309000037;49,456077111000070;1
203144;08240430212702721380;08;2;15;017;2024;04;08;3;3;1;5;0;0;1;1;0;0;0;0;456528,803500000387430;5421521,768799999728799;8,406315414000062;48,945091858000069;1
203145;08240430212010704010;08;2;12;000;2024;04;09;3;3;1;5;0;0;1;1;0;0;0;0;454237,335400000214577;5428699,834000000730157;8,374215055000036;49,009494079000035;1
203148;08240430127202717970;08;1;27;014;2024;04;10;3;3;0;7;0;0;1;0;0;0;0;0;575320,456299999728799;5443319,395300000905991;10,032642141000053;49,138083366000046;1
203150;08240430121300709530;08;1;21;000;2024;04;19;3;3;0;7;1;0;1;0;0;0;0;0;514093,112900000065565;5443636,838999999687076;9,193243317000054;49,145395045000043;1
203151;08240430121200724100;08;1;21;000;2024;04;17;3;2;6;4;0;0;0;1;1;0;0;0;514943,277599999681115;5441513,359699999913573;9,204821895000066;49,126273516000026;1
203152;08240430119400710190;08;1;19;079;2024;04;19;3;2;0;7;0;0;1;0;0;0;0;0;525571,248300000093877;5407842,477499999105930;9,348376257000041;48,823037142000032;1
203153;08240430119200701470;08;1;19;020;2024;04;08;3;3;6;4;0;0;0;1;1;0;0;0;519798,777300000190735;5407976,474500000476837;9,269741076000059;48,824453379000033;1
203156;08240430118500698590;08;1;18;049;2024;04;12;3;3;0;7;0;0;1;0;0;0;0;0;517074,291199999861419;5419462,400699999183416;9,233102253000027;48,927858617000027;1
203157;08240430118300700590;08;1;18;046;2024;04;18;3;3;0;7;0;0;1;0;0;0;0;0;513530,663499999791384;5410987,249600000679493;9,184443472000055;48,851705965000065;1
203159;08240430118010719260;08;1;15;045;2024;04;07;3;2;5;2;0;0;1;1;0;0;0;0;500776,642599999904633;5395085,314500000327826;9,010556803000043;48,708799821000071;1
203160;08240430117300699770;08;1;17;026;2024;04;18;3;3;5;3;0;0;1;0;0;0;0;1;548290,873100000433624;5394347,225099999457598;9,656302837000055;48,700291117000063;1
203161;08240430117300698620;08;1;17;026;2024;04;16;3;2;8;1;0;0;1;0;0;0;0;0;548447,001699999906123;5394472,398900000378489;9,658439263000048;48,701405010000030;1
203164;08240430116400698240;08;1;16;033;2024;04;12;3;3;0;1;0;0;1;0;0;0;0;0;532454,906200000084937;5387849,712899999693036;9,440580616000034;48,642865322000034;1
203165;08240430116200721940;08;1;16;077;2024;04;07;3;3;5;3;0;0;1;1;0;0;0;0;516251,485700000077486;5391227,143600000068545;9,220751731000064;48,673880307000047;1
203166;08240430116100721800;08;1;16;019;2024;04;08;3;3;0;7;0;0;1;0;0;0;0;0;521385,463999999687076;5400450,997999999672174;9,290966316000038;48,756702875000030;1