OID_;UIDENTSTLAE;ULAND;UREGBEZ;UKREIS;UGEMEINDE;UJAHR;UMONAT;USTUNDE;UWOCHENTAG;UKATEGORIE;UART;UTYP1;ULICHTVERH;IstStrassenzustand;IstRad;IstPKW;IstFuss;IstKrad;IstGkfz;IstSonstige;LINREFX;LINREFY;XGCSWGS84;YGCSWGS84;PLST
203445;08240422415400707010;08;4;15;061;2024;04;15;2;3;6;7;0;0;0;1;1;0;0;0;515096,944000000134110;5370932,002000000327826;9,204331878000062;48,491329857000039;1
203446;08240422336100675760;08;3;36;050;2024;04;13;2;3;6;7;0;0;0;1;1;0;0;0;399329,877399999648333;5273948,264599999412894;7,660477984000067;47,611117585000045;1
203449;08240422311010714200;08;3;11;000;2024;04;17;2;2;4;7;0;0;1;0;0;0;0;0;415207,069299999624491;5319473,528599999845028;7,862785405000068;48,022922000000051;1
203451;08240422311010672370;08;3;11;000;2024;04;20;2;3;0;7;0;0;1;1;0;0;0;0;417965,560999999754131;5314670,010999999940395;7,900692731000049;47,980072066000048;1
203452;08240422226700714860;08;2;26;098;2024;04;17;2;3;5;3;0;0;1;1;0;0;0;0;476611,904400000348687;5459378,351900000125170;8,678389143000061;49,286708474000079;1
203455;08240422222301695340;08;2;22;000;2024;04;15;2;3;6;4;0;0;0;1;1;0;0;0;465096,748300000093877;5477366,475999999791384;8,518470946000036;49,447957516000031;1
203459;08240422136000678180;08;1;27;025;2024;04;17;2;3;5;2;0;0;1;1;0;0;0;0;555935,419300000183284;5428217,903200000524521;9,764814836000028;49,004320966000080;1
203461;08240422119100676970;08;1;19;075;2024;04;13;2;3;1;7;0;0;1;0;0;0;0;1;537439,687800000421703;5428112,527200000360608;9,511922909000077;49,004772217000038;1
203462;08240422115300705090;08;1;15;041;2024;04;09;2;3;5;3;0;0;1;1;0;0;0;0;494928,537999999709427;5403102,031799999997020;8,930965587000060;48,780898153000066;1
203464;08240422111330672260;08;1;11;000;2024;04;08;2;3;6;4;0;0;0;0;1;0;0;1;512791,404099999926984;5408757,554700000211596;9,174296683000023;48,831663704000050;1
203465;08240422111240688150;08;1;11;000;2024;04;07;2;3;0;7;0;0;1;0;0;0;0;1;518547,433899999596179;5402867,719599999487400;9,252462031000050;48,778534466000053;1
203466;08240422111120672120;08;1;11;000;2024;04;07;2;3;1;7;0;0;1;1;0;0;0;0;513128,560100000351667;5401690,521999999880791;9,178664841000057;48,768082443000026;1
203467;08240421426100672540;08;4;26;021;2024;04;14;1;3;0;7;0;0;1;0;0;0;0;0;558223,839100000448525;5327324,929700000211596;9,781989958000054;48,096529798000063;1
203468;08240421421200698040;08;4;21;000;2024;04;10;1;3;5;3;0;1;1;1;0;0;0;0;572902,187500000000000;5364877,293600000441074;9,985577834000026;48,432819655000060;1
203471;08240421118010703650;08;1;15;003;2024;04;14;1;2;1;5;0;0;1;1;0;0;0;0;502041,532200000248849;5391832,831599999219179;9,027734208000027;48,679537317000040;1
203472;08240420437200669560;08;4;37;104;2024;04;16;7;3;6;7;0;0;0;1;1;0;0;0;515761,726900000125170;5325778,930099999532104;9,211644239000066;48,085086154000066;1
203473;08240420426300668770;08;4;26;090;2024;04;16;7;2;6;4;0;0;0;1;1;0;0;0;548356,519899999722838;5324612,736300000920892;9,649167050000074;48,072954989000038;1
203474;08240420417200685050;08;4;17;002;2024;04;16;7;3;6;4;0;1;0;1;1;0;0;0;489463,624699999578297;5346661,227099999785423;8,858002220000060;48,273069437000061;1
203477;08240420415400667470;08;4;15;061;2024;04;15;7;3;2;6;0;0;1;1;0;0;0;0;515750,082100000232458;5371150,609600000083447;9,213180057000045;48,493280496000068;1
203478;08240420336300714780;08;3;36;103;2024;04;15;7;3;0;7;0;0;1;0;0;0;0;0;414833,723500000312924;5285119,399399999529123;7,864550164000036;47,713835812000070;1
203479;08240420335100668970;08;3;35;043;2024;04;18;7;3;0;7;0;0;1;0;0;0;0;0;512888,821000000461936;5278636,023499999195337;9,171661225000037;47,660989666000035;1
203480;08240420311100682480;08;3;15;013;2024;04;15;7;3;0;7;0;1;1;0;0;0;0;0;404639,425300000235438;5324802,809200000017881;7,719902811000054;48,069367990000046;1
203481;08240420311010697980;08;3;36;091;2024;04;18;7;3;5;3;0;0;1;1;0;0;0;0;394298,502199999988079;5271825,624800000339746;7,594062278000024;47,591223054000068;1
203482;08240420311010674600;08;3;11;000;2024;04;11;7;3;5;2;0;1;1;1;0;0;0;0;411934,460099999792874;5315097,758700000122190;7,819802047000053;47,983117958000037;1
203483;08240420311010665860;08;3;11;000;2024;04;11;7;2;0;1;0;1;1;0;0;0;0;0;416489,185100000351667;5315618,154200000688434;7,880727951000040;47,988410053000052;1
203485;08240420128200693210;08;1;28;139;2024;04;01;7;2;0;1;2;1;1;0;0;0;0;0;550544,803000000305474;5491983,040999999269843;9,699178808000056;49,578321326000037;1
203490;08240419415400690370;08;4;15;061;2024;04;00;6;3;1;5;2;0;1;1;0;0;0;0;514703,264600000344217;5375315,906500000506639;9,199158093000051;48,530778241000064;1
203497;08240419317000672460;08;3;17;057;2024;04;15;6;3;5;3;0;1;1;1;0;0;0;0;413953,554800000041723;5378862,463800000026822;7,833876334000024;48,556951014000049;1
203498;08240419316200686940;08;3;16;039;2024;04;14;6;3;6;4;0;1;0;1;1;0;0;0;418385,304600000381470;5327673,401399999856949;7,903837675000034;48,097097514000041;1
203500;08240419231302680370;08;2;31;000;2024;04;21;6;3;6;4;2;1;0;1;1;0;0;0;478850,981900000013411;5415367,277699999511242;8,711481459000026;48,890894507000041;1
203502;08240419226600690920;08;2;26;096;2024;04;20;6;3;0;7;1;1;1;0;0;0;0;0;474592,767400000244379;5488222,375499999150634;8,648777908000056;49,546073984000031;1
203503;08240419222700719780;08;2;22;000;2024;04;13;6;3;6;4;0;1;0;1;1;0;0;0;462020,735199999995530;5481188,750700000673532;8,475668976000065;49,482152546000066;1
203504;08240419222700719760;08;2;22;000;2024;04;11;6;3;6;4;0;1;0;0;1;0;0;1;463592,264100000262260;5480269,837200000882149;8,497448747000021;49,473983663000070;1
203505;08240419221300674590;08;2;21;000;2024;04;20;6;3;0;7;1;1;1;0;0;0;0;0;476549,392900000326335;5473169,622800000011921;8,676717737000047;49,410757560000036;1
203511;08240419215302665900;08;2;15;007;2024;04;18;6;3;6;7;0;1;0;1;1;0;0;0;479940,835599999874830;5429006,100700000301003;8,725677413000028;49,013619984000059;1
203513;08240419212010674130;08;2;12;000;2024;04;09;6;3;6;4;0;1;0;1;1;0;0;0;457435,040099999867380;5428822,824500000104308;8,417926956000031;49,010829252000065;1
203514;08240419212010662820;08;2;12;000;2024;04;16;6;3;5;3;0;1;1;1;0;0;0;0;455300,604199999943376;5426772,530899999663234;8,388966047000054;48,992235725000057;1
203515;08240419136000678100;08;1;36;028;2024;04;11;6;3;5;3;0;1;1;1;0;0;0;0;568348,735899999737740;5405384,398399999365211;9,930701423000073;48,797693409000033;1
203516;08240419121200694720;08;1;21;000;2024;04;13;6;3;1;5;0;1;1;1;0;0;0;0;516199,938799999654293;5443098,736600000411272;9,222110051000072;49,140502678000075;1
203518;08240419118600693820;08;1;18;073;2024;04;11;6;3;6;4;0;1;0;1;1;0;0;0;496963,326999999582767;5421389,541999999433756;8,958528091000062;48,945422724000082;1
203519;08240419118400720340;08;1;18;048;2024;04;10;6;3;4;2;0;1;1;1;0;0;0;0;513333,767199999652803;5415650,908600000664592;9,181911528000057;48,893663435000065;1
203521;08240419116100677900;08;1;16;019;2024;04;10;6;2;5;3;0;1;1;1;0;0;0;0;521695,006299999542534;5398087,476399999111891;9,295053332000066;48,735430173000054;1
203522;08240419116010698630;08;1;16;049;2024;04;15;6;3;6;2;0;0;0;1;1;0;0;0;525042,211500000208616;5386045,245400000363588;9,339845157000070;48,626973222000061;1
203523;08240419116010691610;08;1;16;020;2024;04;12;6;2;5;3;0;1;1;1;0;0;0;0;526598,059000000357628;5382522,742000000551343;9,360733175000064;48,595220377000032;1
203525;08240419111110678790;08;1;11;000;2024;04;15;6;3;0;7;0;1;1;0;0;0;0;0;512784,911600000225008;5402337,232799999415874;9,174008299000036;48,773907366000060;1
203526;08240418436200659530;08;4;36;064;2024;04;08;5;3;5;3;0;1;1;1;0;0;0;0;546393,600999999791384;5293354,342000000178814;9,619449426000074;47,791876433000027;1
203527;08240418426000659030;08;4;25;031;2024;04;05;5;3;4;6;1;1;1;0;0;0;0;0;571297,333999999798834;5367203,914499999955297;9,964280868000060;48,453931872000055;1
203528;08240418415400691390;08;4;15;060;2024;04;16;5;3;5;3;0;1;1;1;0;0;0;0;515011,972900000400841;5378433,515399999916553;9,203451953000069;48,558817795000039;1
203531;08240418335100679680;08;3;35;043;2024;04;15;5;2;0;1;0;1;1;0;0;0;0;0;513234,228400000371039;5279039,335599999874830;9,176273767000055;47,664611563000051;1
203534;08240418311400674720;08;3;15;006;2024;04;08;5;3;5;3;0;0;1;1;0;0;0;0;402641,590400000102818;5307337,773900000378489;7,697052591000045;47,911970476000079;1
203535;08240418311010696850;08;3;11;000;2024;04;11;5;3;5;3;0;0;1;0;0;0;0;1;412788,642199999652803;5316722,475899999961257;7,830916685000034;47,997849854000037;1
203538;08240425226700684490;08;2;26;076;2024;04;13;5;3;5;3;0;0;1;1;0;0;0;0;474704,859199999831617;5465827,409700000658631;8,651757029000066;49,344641505000027;1
203539;08240418222800674950;08;2;22;000;2024;04;16;5;3;5;3;0;1;1;1;0;0;0;0;462450,278599999845028;5487132,925100000575185;8,481033594000053;49,535643859000061;1
203540;08240418222500719060;08;2;26;009;2024;04;11;5;3;4;2;0;0;1;1;0;0;0;0;466079,936999999918044;5471781,819700000807643;8,532512106000070;49,397781140000063;1
203544;08240418215402695130;08;2;15;009;2024;04;17;5;3;5;3;0;0;1;1;0;0;0;0;470324,339700000360608;5442954,736500000581145;8,593144791000043;49,138704158000053;1
203545;08240418212010694670;08;2;12;000;2024;04;07;5;3;6;4;0;1;0;0;1;0;0;1;456377,150899999774992;5424456,365299999713898;8,403929952000055;48,971478447000038;1
203546;08240418212010662500;08;2;12;000;2024;04;15;5;3;5;2;0;1;1;1;0;0;0;0;461410,956100000068545;5427973,886199999600649;8,472375499000066;49,003454317000035;1
203547;08240501128300727690;08;1;28;131;2024;05;13;4;3;1;5;0;0;1;1;0;0;0;0;537759,614799999631941;5510274,019400000572205;9,524096351000026;49,743767382000044;1
203551;08240430118200711160;08;1;18;019;2024;04;18;3;3;5;3;0;0;1;1;0;0;0;0;504750,795199999585748;5404815,711100000888109;9,064689207000072;48,796316844000046;1
203552;08240418121300676640;08;1;21;000;2024;04;22;5;3;5;2;2;0;1;1;0;0;0;0;514095,049899999983609;5443155,131100000813603;9,193253027000026;49,141061873000069;1
203553;08240418121200691090;08;1;21;000;2024;04;16;5;3;5;3;0;0;1;1;0;0;0;0;515483,406700000166893;5443347,211500000208616;9,212295622000056;49,142756272000042;1
203554;08240418121200688480;08;1;21;000;2024;04;22;5;2;5;3;2;0;1;1;0;0;0;0;515965,028500000014901;5443878,960500000044703;9,218920242000024;49,147527197000045;1
203557;08240418121200658140;08;1;21;000;2024;04;12;5;3;0;7;0;0;1;0;0;0;0;0;515990,525999999605119;5444457,931399999186397;9,219292858000074;49,152734559000066;1
203559;08240418118400690810;08;1;18;048;2024;04;22;5;2;0;5;2;0;1;0;0;0;0;0;512475,654600000008941;5415368,031099999323487;9,170195784000043;48,891136614000061;1
203560;08240418118010698180;08;1;15;021;2024;04;19;5;2;0;5;0;0;1;1;0;0;0;0;490143,039499999955297;5383395,063799999654293;8,866294184000026;48,603555372000073;1
203561;08240418115400706560;08;1;15;029;2024;04;13;5;3;6;4;0;0;0;1;1;0;0;0;497961,010700000450015;5398468,814400000497699;8,972267551000073;48,739235099000041;1
203562;08240418115400695980;08;1;15;045;2024;04;14;5;3;6;7;0;1;0;1;1;0;0;0;500592,794599999673665;5393707,540699999779463;9,008055803000047;48,696405455000047;1
203563;08240418111500705340;08;1;11;000;2024;04;08;5;3;0;7;0;1;1;1;0;0;0;0;511923,119199999608099;5398060,680099999532104;9,162155114000029;48,735452759000054;1
203566;08240418111330706170;08;1;11;000;2024;04;13;5;3;0;1;0;1;1;0;0;0;0;0;511864,340499999932945;5409441,491800000891089;9,161684293000064;48,837834699000041;1
203567;08240418111130660830;08;1;11;000;2024;04;07;5;3;0;1;1;0;1;0;0;0;0;0;510338,000000000000000;5402179,189099999144673;9,140700894000076;48,772531082000057;1
203568;08240422336300672660;08;3;36;081;2024;04;19;2;3;5;3;0;0;1;1;0;0;0;0;413436,103299999609590;5281414,288899999111891;7,846656107000058;47,680319376000057;1
203569;08240418111110691320;08;1;11;000;2024;04;13;5;3;5;7;0;1;1;1;0;0;0;0;512771,380300000309944;5403339,799599999561906;9,173855276000040;48,782926657000075;1
203571;08240417416200653910;08;4;16;041;2024;04;09;4;3;6;6;0;1;1;0;1;0;0;0;504576,553500000387430;5374824,617399999871850;9,061984938000023;48,526514004000035;1
203572;08240417415400700970;08;4;15;061;2024;04;08;4;3;2;6;0;1;1;1;0;0;0;0;515937,297699999995530;5370423,120699999853969;9,215686276000042;48,486731028000065;1
203573;08240417336400657140;08;3;36;091;2024;04;16;4;3;1;5;0;1;1;1;0;0;0;0;396041,208700000308454;5274444,371799999848008;7,616614018000064;47,615060904000075;1
203574;08240417336100656830;08;3;36;050;2024;04;16;4;3;5;3;0;1;1;1;0;0;0;0;399202,654600000008941;5272995,085699999704957;7,659004837000055;47,602523641000062;1
203576;08240417311010681260;08;3;11;000;2024;04;09;4;3;5;3;0;1;1;1;0;0;0;0;410444,746000000275671;5315690,565999999642372;7,799718710000036;47,988243562000036;1
203578;08240417311010676500;08;3;11;000;2024;04;14;4;3;0;6;0;0;1;1;0;0;0;0;414003,692900000140071;5317587,588999999687076;7,847027791000073;48,005796454000063;1
203579;08240417311010670880;08;3;36;050;2024;04;19;4;3;0;1;1;1;1;0;0;0;0;0;398449,038099999539554;5272718,758300000801682;7,649045685000033;47,599920361000045;1
203580;08240417231102705070;08;2;36;038;2024;04;07;4;3;5;2;0;1;1;1;0;0;0;0;484781,173499999567866;5427143,561799999326468;8,791941577000046;48,997003805000077;1
203581;08240417231102688110;08;2;36;040;2024;04;06;4;3;3;6;1;1;1;1;0;0;0;0;488942,969100000336766;5422255,146400000900030;8,848970644000076;48,953118026000027;1
203583;08240417222800689610;08;2;22;000;2024;04;08;4;3;6;4;0;0;0;1;1;0;0;0;462232,937599999830127;5488119,803600000217557;8,477935345000049;49,544506726000066;1
203585;08240417222014686250;08;2;26;032;2024;04;07;4;2;0;7;0;0;1;0;0;0;0;0;467256,222699999809265;5464271,834499999880791;8,549340977000043;49,330294977000051;1
203586;08240417221200704890;08;2;21;000;2024;04;10;4;3;1;7;0;1;1;1;0;0;0;0;477255,557099999859929;5472050,630899999290705;8,686516614000027;49,400719206000076;1
203588;08240417215000681070;08;2;12;000;2024;04;09;4;3;2;7;0;1;1;0;0;0;0;1;456889,605499999597669;5427511,985099999234080;8,410607759000072;48,999000212000055;1
203591;08240417212010677570;08;2;12;000;2024;04;12;4;2;5;3;0;0;1;0;0;0;0;1;455750,353199999779463;5428577,015599999576807;8,394917088000057;49,008499665000045;1
203592;08240417126100675580;08;1;26;046;2024;04;13;4;3;7;7;0;0;1;0;0;0;0;0;549109,461799999698997;5458285,220200000330806;9,675153346000059;49,275350603000049;1
203594;08240417121200676650;08;1;21;000;2024;04;07;4;3;4;6;0;0;1;0;0;0;0;0;515540,767300000414252;5440957,614700000733137;9,212989993000065;49,121259570000063;1
203595;08240417119100656360;08;1;19;003;2024;04;07;4;3;0;1;0;1;1;0;0;0;0;0;534651,194199999794364;5417188,575200000777841;9,472866787000044;48,906669991000058;1
203597;08240417116200671940;08;1;16;078;2024;04;14;4;3;0;1;0;0;1;0;0;0;0;0;509108,557000000029802;5393227,317299999296665;9,123770312000033;48,692019118000076;1
203599;08240417115400659350;08;1;15;045;2024;04;16;4;3;5;3;0;0;1;1;0;0;0;0;500613,049999999813735;5394233,175899999216199;9,008331845000043;48,701134097000079;1
203600;08240417115400657390;08;1;15;029;2024;04;17;4;3;5;3;0;0;1;1;0;0;0;0;497259,393299999646842;5398816,498999999836087;8,962722488000054;48,742360186000042;1
203601;08240417115100689330;08;1;15;003;2024;04;07;4;3;5;2;1;1;1;1;0;0;0;0;500689,332200000062585;5392228,883799999952316;9,009365237000054;48,683103206000055;1
203604;08240416436400682310;08;4;36;009;2024;04;05;3;3;6;3;1;1;0;1;1;0;0;0;556313,290699999779463;5308434,951300000771880;9,753851163000036;47,926759991000040;1
203607;08240416435200687430;08;4;35;059;2024;04;11;3;3;6;7;0;0;0;1;1;0;0;0;512799,769000000320375;5290076,058000000193715;9,170811214000025;47,763924291000080;1
203608;08240416435100689420;08;4;35;016;2024;04;12;3;3;2;6;0;0;1;1;0;0;0;0;536474,684000000357628;5278755,517000000923872;9,485794309000028;47,661164816000053;1
203611;08240416416200716570;08;4;16;041;2024;04;16;3;3;5;3;0;0;1;1;0;0;0;0;504017,445399999618530;5376154,727099999785423;9,054425193000043;48,538483959000075;1
203612;08240416415400717700;08;4;15;061;2024;04;18;3;3;0;3;0;0;1;0;0;1;0;0;515150,600499999709427;5371202,632500000298023;9,205067913000050;48,493763253000054;1
203615;08240416335200652900;08;3;35;063;2024;04;09;3;3;6;4;0;0;0;0;1;0;0;1;497432,594999999739230;5287519,903000000864267;8,965753340000049;47,741047080000044;1
203618;08240416317100685820;08;3;17;001;2024;04;19;3;3;1;7;0;0;1;1;0;0;0;0;432684,124599999748170;5384452,495500000193715;8,086774132000073;48,609525042000030;1
203623;08240416311010655610;08;3;11;000;2024;04;18;3;3;6;4;0;1;0;0;1;1;0;0;413306,229500000365078;5316773,807399999350309;7,837843178000071;47,998381995000045;1
203625;08240416226600684300;08;2;26;031;2024;04;08;3;3;5;2;0;0;1;0;0;0;0;1;473886,938099999912083;5493149,736500000581145;8,638693988000057;49,590363347000050;1
203626;08240416226000677590;08;2;26;076;2024;04;07;3;3;5;3;0;1;1;1;0;0;0;0;474840,067499999888241;5465259,656999999657273;8,653654274000075;49,339540210000052;1
203627;08240416215502687530;08;2;15;106;2024;04;18;3;3;4;6;0;1;1;1;0;0;0;0;465525,703599999658763;5453103,965399999171495;8,526487078000059;49,229746129000034;1
203629;08240416212702669230;08;2;15;017;2024;04;18;3;3;5;3;0;1;1;1;0;0;0;0;455696,424599999561906;5421673,623800000175834;8,394931787000075;48,946398758000043;1
203632;08240416136000682700;08;1;36;065;2024;04;12;3;3;5;3;0;0;1;1;0;0;0;0;557335,377999999560416;5407534,190099999308586;9,781049297000038;48,818144246000031;1
203635;08240416119200655010;08;1;19;020;2024;04;19;3;3;5;3;0;0;1;1;0;0;0;0;519565,057799999602139;5408371,955299999564886;9,266575758000045;48,828018448000080;1
203636;08240416116400714650;08;1;16;033;2024;04;16;3;2;8;1;0;0;1;0;0;0;0;0;533107,430800000205636;5387911,963500000536442;9,449443437000070;48,643391100000031;1
203638;08240416115200687540;08;1;15;021;2024;04;15;3;3;0;7;0;0;1;1;0;0;0;0;491204,658699999563396;5382289,570199999958277;8,880718016000060;48,593625919000033;1
203643;08240415436000654250;08;4;36;049;2024;04;15;2;3;5;3;0;1;1;1;0;0;0;0;578164,614599999971688;5283271,734400000423193;10,041787963000047;47,698099521000074;1
203644;08240415426000687470;08;4;21;000;2024;04;13;2;2;5;3;0;0;1;0;0;0;0;1;570478,014499999582767;5357185,411599999293685;9,951518485000065;48,363904742000045;1
203645;08240419226200678710;08;2;26;032;2024;04;18;6;3;0;7;0;1;1;1;0;0;0;0;466718,795300000347197;5462652,122800000011921;8,542079623000063;49,315696880000075;1
203649;08240415415400646720;08;4;15;061;2024;04;07;2;3;4;6;0;0;1;1;0;0;0;0;516870,809100000187755;5373129,611700000241399;9,228429152000047;48,511055151000051;1
203652;08240415336100724490;08;3;36;050;2024;04;18;2;3;4;6;0;0;1;0;0;0;0;0;400910,157899999991059;5276618,515399999916553;7,680895261000046;47,635381121000080;1
203653;08240415335300665500;08;3;35;022;2024;04;17;2;3;0;7;0;0;1;0;0;0;0;0;482674,301199999637902;5300248,046900000423193;8,768384730000037;47,855340108000064;1
203654;08240415335300665480;08;3;35;075;2024;04;15;2;3;0;7;0;0;1;0;0;0;0;0;487823,784500000067055;5289384,705399999395013;8,837529358000040;47,757715909000069;1
203655;08240415335300651350;08;3;35;075;2024;04;12;2;2;0;1;0;0;1;0;0;0;0;0;488704,224600000306964;5289704,952299999073148;8,849268950000067;47,760613370000044;1
203656;08240415335100684580;08;3;35;043;2024;04;07;2;3;5;3;0;0;1;1;0;0;0;0;513712,658900000154972;5280472,068800000473857;9,182691190000071;47,677492841000060;1
203658;08240415317000725020;08;3;17;073;2024;04;16;2;3;0;3;0;0;1;0;0;0;0;1;411885,062900000251830;5349226,597899999469519;7,812078583000073;48,290101689000039;1
203659;08240415316100686540;08;3;16;011;2024;04;17;2;3;3;6;0;0;1;1;0;0;0;0;415366,677600000053644;5328768,240199999883771;7,863085627000032;48,106552024000052;1
203660;08240415316100683060;08;3;16;011;2024;04;08;2;3;5;3;0;0;1;1;0;0;0;0;414698,226999999955297;5329069,333000000566244;7,854047693000041;48,109171241000070;1
203661;08240415311400681820;08;3;15;076;2024;04;11;2;3;6;4;0;0;0;1;1;0;0;0;392160,493400000035763;5296629,912100000306964;7,559499139000025;47,813981141000056;1
203662;08240415311400647490;08;3;15;074;2024;04;13;2;3;5;7;0;0;1;1;0;0;0;0;397239,766400000080466;5296204,483100000768900;7,627427400000045;47,810985689000063;1
203663;08240415311200666840;08;3;11;000;2024;04;11;2;3;5;2;0;0;1;1;0;0;0;0;413720,975300000049174;5317480,806299999356270;7,843259610000075;48,004797804000077;1
203664;08240415311010680630;08;3;11;000;2024;04;16;2;3;5;2;0;0;1;0;0;0;0;1;411940,689899999648333;5315018,103000000119209;7,819901850000065;47,982402288000060;1
203665;08240415311010647710;08;3;11;000;2024;04;10;2;3;3;3;0;1;1;1;0;0;0;0;414378,600100000388920;5315574,105699999257922;7,852454959000056;47,987734731000046;1
203666;08240415226100702590;08;2;26;013;2024;04;15;2;2;5;3;0;0;1;1;0;0;0;0;498981,282599999569356;5479989,914200000464916;8,985938653000062;49,472556624000049;1
203668;08240415222500682110;08;2;22;000;2024;04;17;2;3;5;3;0;0;1;1;0;0;0;0;462451,626600000075996;5478342,055500000715256;8,481887594000057;49,456574718000070;1
203669;08240415222500677930;08;2;22;000;2024;04;16;2;3;5;3;0;0;1;1;0;0;0;0;463562,534900000318885;5477657,282199999317527;8,497278864000066;49,450483133000034;1
203673;08240415212702682380;08;2;15;017;2024;04;12;2;3;5;3;0;0;1;1;0;0;0;0;456618,464100000448525;5421359,789300000295043;8,407557086000054;48,943641112000080;1
203675;08240415212502669290;08;2;12;000;2024;04;14;2;3;0;4;0;0;0;0;1;0;0;1;454926,821899999864399;5428822,723799999803305;8,383629268000050;49,010650230000067;1
203676;08240415212402652590;08;2;12;000;2024;04;18;2;3;7;7;0;0;1;0;0;0;0;0;457469,960699999704957;5427580,138699999079108;8,418534632000046;48,999653521000027;1
203677;08240415135200669140;08;1;35;019;2024;04;12;2;3;6;7;0;0;0;1;1;0;0;0;584445,819500000216067;5392430,706100000068545;10,147198403000061;48,679207041000041;1
203680;08240415119200688270;08;1;19;020;2024;04;07;2;3;4;6;0;1;1;0;0;0;0;1;518869,103400000371039;5406049,562599999830127;9,256986599000072;48,807148177000045;1
203682;08240415111500665180;08;1;11;000;2024;04;08;2;2;5;2;0;0;1;1;0;0;0;0;518761,733199999667704;5400646,527699999511242;9,255277672000034;48,758546441000078;1
203683;08240415221050650490;08;2;21;000;2024;04;08;2;3;0;7;0;1;1;0;0;0;0;0;475775,288300000131130;5473061,400699999183416;8,666052980000075;49,409753795000029;1
203688;08240414436100648150;08;4;36;055;2024;04;16;1;3;5;3;0;0;1;0;0;0;0;0;576363,743400000035763;5296545,489099999889731;10,020121437000057;47,817727510000054;1
203689;08240414436000676940;08;4;37;100;2024;04;01;1;2;0;7;2;0;1;1;0;0;0;0;536860,785199999809265;5321303,752900000661612;9,494563066000069;48,043953080000051;1
203690;08240414417300675130;08;4;17;051;2024;04;10;1;2;0;1;0;0;1;0;0;0;0;0;491378,965300000272691;5359268,147600000724196;8,883557102000054;48,386518463000073;1
203691;08240414417100652230;08;4;17;079;2024;04;13;1;3;3;6;0;0;1;0;0;0;0;1;501738,583800000138581;5339847,054700000211596;9,023402792000070;48,211848936000081;1
203692;08240417116100656000;08;1;16;019;2024;04;11;4;3;5;3;0;1;1;1;0;0;0;0;524194,574799999594688;5397796,440999999642372;9,329029967000054;48,732719997000061;1
203694;08240414336400645070;08;3;36;014;2024;04;22;1;3;9;1;2;0;1;0;0;0;0;0;390670,116600000299513;5280013,494699999690056;7,543772148000073;47,664270276000082;1
203695;08240414335100646070;08;3;35;043;2024;04;16;1;3;0;7;0;0;1;0;0;0;0;0;511250,094700000248849;5279666,847200000658631;9,149862291000034;47,670295269000064;1
203697;08240414327100698530;08;3;27;050;2024;04;12;1;2;6;7;0;0;0;1;1;0;0;0;486894,824900000356138;5314711,875700000673532;8,824365750000027;47,985575040000072;1
203699;08240414317500678690;08;3;17;034;2024;04;13;1;3;3;6;0;0;1;1;0;0;0;0;429424,361999999731779;5363279,313100000843406;8,046139638000056;48,418710458000078;1
203701;08240414311010662860;08;3;15;089;2024;04;21;1;3;0;7;2;0;1;0;0;0;0;0;406985,663999999873340;5310058,127299999818206;7,754587441000069;47,937085388000071;1
203702;08240414311010654670;08;3;11;000;2024;04;04;1;3;0;7;2;0;1;0;0;0;0;0;413642,089999999850988;5315735,549900000914931;7,842553448000047;47,989087953000080;1
203703;08240414226600660850;08;2;26;107;2024;04;11;1;3;5;3;0;0;1;1;0;0;0;0;474867,415099999867380;5484417,296499999240041;8,652816951000034;49,511860193000075;1
203704;08240414225200675270;08;2;25;001;2024;04;14;1;3;0;7;0;0;1;1;0;0;0;0;528067,535400000400841;5472540,326300000771880;9,386883816000022;49,404901724000069;1
203705;08240414222800675210;08;2;22;000;2024;04;20;1;3;0;7;2;0;1;0;0;0;0;0;462491,023500000126660;5486706,800699999555945;8,481637231000036;49,531813644000067;1
203707;08240414222200711450;08;2;22;000;2024;04;02;1;2;0;7;2;0;1;0;0;0;0;0;460878,759700000286102;5482892,234699999913573;8,459735313000067;49,497401914000079;1
203708;08240414216000677890;08;2;16;043;2024;04;21;1;3;1;7;2;0;1;1;0;0;0;0;442619,310600000433624;5411908,531899999827147;8,217721018000077;48,857487407000065;1
203712;08240414212010678830;08;2;12;000;2024;04;16;1;3;5;3;0;0;1;1;0;0;0;0;455057,308899999596179;5426803,917199999094009;8,385636966000050;48,992500388000053;1
203713;08240414136000683560;08;1;36;028;2024;04;12;1;2;0;1;0;0;1;0;0;0;0;0;569395,520299999974668;5404142,111500000581145;9,944743592000066;48,786403424000071;1
203714;08240414136000675440;08;1;36;024;2024;04;11;1;3;4;6;0;0;1;0;0;0;0;1;565637,817200000397861;5410825,780200000852346;9,894662556000071;48,846929669000076;1
203715;08240415121200662540;08;1;21;000;2024;04;08;2;3;5;3;0;0;1;1;0;0;0;0;517053,267599999904633;5443318,892699999734759;9,233818874000065;49,142459955000049;1
203716;08240414127100663280;08;1;27;063;2024;04;19;1;3;0;1;0;0;1;0;0;0;0;0;566044,497000000439584;5434305,317900000140071;9,904012967000028;49,058074980000072;1
203719;08240424212502726280;08;2;12;000;2024;04;13;4;3;6;4;0;1;1;0;1;0;0;0;453505,741000000387430;5428913,014499999582767;8,364187036000033;49,011356959000068;1