OID_;UIDENTSTLAE;ULAND;UREGBEZ;UKREIS;UGEMEINDE;UJAHR;UMONAT;USTUNDE;UWOCHENTAG;UKATEGORIE;UART;UTYP1;ULICHTVERH;IstStrassenzustand;IstRad;IstPKW;IstFuss;IstKrad;IstGkfz;IstSonstige;LINREFX;LINREFY;XGCSWGS84;YGCSWGS84;PLST
203722;08240414119400644580;08;1;19;090;2024;04;12;1;3;6;7;0;0;1;0;1;0;0;0;530709,334999999962747;5406666,351999999955297;9,418286433000048;48,812224329000060;1
203723;08240414118010678450;08;1;18;081;2024;04;18;1;2;0;7;0;0;1;0;0;0;0;0;518515,139800000004470;5412682,331499999389052;9,252465527000027;48,866825785000060;1
203729;08240414116100647780;08;1;16;019;2024;04;12;1;3;2;6;0;0;1;0;0;0;0;0;521995,852699999697506;5398131,666099999099970;9,299147161000064;48,735817150000059;1
203730;08240414115100666670;08;1;15;003;2024;04;16;1;3;0;3;0;0;1;1;0;0;0;0;496137,935999999754131;5392898,603199999779463;8,947523922000073;48,689116505000072;1
203731;08240414111500658730;08;1;11;000;2024;04;09;1;3;6;4;0;0;0;0;1;0;0;1;509103,788900000043213;5397140,018400000408292;9,123791833000041;48,727218047000065;1
203732;08240414111500646030;08;1;11;000;2024;04;14;1;2;6;4;0;0;0;1;1;0;0;0;516270,784699999727309;5406047,135299999266863;9,221599159000050;48,807199801000081;1
203734;08240414111230678970;08;1;11;000;2024;04;16;1;3;1;1;0;0;1;1;0;0;0;0;506574,200000000186265;5398309,384999999776483;9,089413600000057;48,737769516000071;1
203736;08240413436400675040;08;4;36;082;2024;04;13;7;3;3;3;0;0;1;1;0;0;0;0;547743,383100000210106;5295291,224899999797344;9,637683861000028;47,809203790000026;1
203737;08240413435200643210;08;4;35;036;2024;04;17;7;3;3;6;0;0;1;0;0;0;0;0;521485,910000000149012;5281383,394999999552965;9,286296527000047;47,685480947000030;1
203738;08240413435200643130;08;4;35;018;2024;04;14;7;3;6;6;0;0;1;0;1;0;0;0;523897,304700000211596;5280203,631799999624491;9,318362928000056;47,674781299000074;1
203739;08240413435200641860;08;4;35;053;2024;04;16;7;3;0;1;0;0;1;0;0;0;0;0;506754,400500000454485;5293811,929199999198318;9,090194846000031;47,797629579000045;1
203741;08240413426300645170;08;4;26;008;2024;04;16;7;3;0;7;0;0;1;0;0;0;0;1;529751,902999999932945;5330822,004000000655651;9,399848725000027;48,129958147000082;1
203742;08240413426010658700;08;4;21;000;2024;04;08;7;3;5;3;0;0;1;1;0;0;0;0;572173,617200000211596;5360540,257600000128150;9,974983430000066;48,393890941000052;1
203743;08240413425000679280;08;4;25;071;2024;04;13;7;3;2;6;0;0;1;1;0;0;0;0;550663,435100000351667;5370336,097799999639392;9,685616384000070;48,484108228000025;1
203745;08240413416200691780;08;4;16;025;2024;04;07;7;3;4;6;0;0;1;1;0;0;0;0;502431,604700000025332;5360677,252900000661612;9,032851477000065;48,399249811000061;1
203748;08240413337200711460;08;3;37;002;2024;04;23;7;2;1;7;2;0;1;0;0;0;0;1;434409,548200000077486;5270980,005999999120831;8,127623275000076;47,588913587000036;1
203749;08240417111500672230;08;1;11;000;2024;04;07;4;3;5;3;0;1;1;1;0;0;0;0;507908,579599999822676;5398269,498500000685453;9,107561276000069;48,737395186000072;1
203752;08240413335100705350;08;3;35;043;2024;04;15;7;3;4;6;0;0;1;0;0;0;0;0;513408,809600000269711;5279227,206000000238419;9,178604862000043;47,666298363000067;1
203753;08240413335100695220;08;3;35;043;2024;04;17;7;3;5;3;0;0;1;1;0;0;0;0;511928,959800000302494;5279960,588999999687076;9,158913429000052;47,672926093000058;1
203754;08240413335100641800;08;3;35;043;2024;04;11;7;3;0;7;0;0;1;0;0;0;0;0;513975,910600000061095;5280043,683700000867248;9,186184713000046;47,673632744000031;1
203756;08240413316200674800;08;3;16;014;2024;04;15;7;3;5;2;0;0;1;1;0;0;0;0;425813,615399999544024;5330322,147700000554323;8,003129716000046;48,121833017000029;1
203757;08240413311400658820;08;3;15;006;2024;04;17;7;3;0;7;0;0;1;0;0;0;0;0;400856,887799999676645;5312282,828099999576807;7,672035901000072;47,956177164000053;1
203758;08240413311010681170;08;3;11;000;2024;04;16;7;2;3;2;0;0;1;0;0;0;0;0;414585,161999999545515;5316018,071000000461936;7,855134506000070;47,991756000000066;1
203759;08240413311010644830;08;3;15;028;2024;04;15;7;3;5;3;0;0;1;1;0;0;0;0;409184,293100000359118;5312270,165500000119209;7,783552089000068;47,957298633000050;1
203760;08240413237200642030;08;2;37;054;2024;04;12;7;3;5;3;0;0;1;1;0;0;0;0;468061,968000000342727;5375768,118000000715256;8,567364605000023;48,534205863000068;1
203762;08240413226700676430;08;2;26;060;2024;04;10;7;3;5;3;0;0;1;1;0;0;0;0;477805,358099999837577;5463281,944299999624491;8,694583191000049;49,321865845000048;1
203763;08240413226000654380;08;2;22;000;2024;04;14;7;3;3;6;0;0;1;1;0;0;0;0;466785,335400000214577;5483007,648000000044703;8,541292478000059;49,498792173000027;1
203766;08240413222014641650;08;2;26;096;2024;04;13;7;1;9;1;0;0;1;0;0;0;0;0;475697,590400000102818;5491763,998900000005960;8,663831745000039;49,577974752000046;1
203767;08240413221300663260;08;2;21;000;2024;04;18;7;2;7;7;0;0;1;0;0;0;0;0;480778,629399999976158;5474106,752100000157952;8,734974473000022;49,419335218000072;1
203768;08240413221200654640;08;2;21;000;2024;04;23;7;3;0;7;2;0;1;0;0;0;0;0;477532,707999999634922;5470163,336999999359250;8,690443181000035;49,383753535000039;1
203770;08240413215102659170;08;2;15;109;2024;04;20;7;3;4;6;1;0;1;1;0;0;0;0;461946,813500000163913;5439240,067299999296665;8,478643193000039;49,104828683000051;1
203772;08240413127100640350;08;1;27;076;2024;04;00;7;3;0;1;2;0;1;0;0;0;0;0;554877,087700000032783;5440520,677999999374151;9,752013159000057;49,115076343000055;1
203773;08240413121300671530;08;1;21;000;2024;04;11;7;3;6;7;0;0;0;1;1;0;0;0;513191,658300000242889;5443479,979699999094009;9,180877596000073;49,144004066000036;1
203775;08240413118500671960;08;1;18;060;2024;04;11;7;3;0;7;0;0;1;0;0;0;0;0;523171,348899999633431;5430953,944900000467896;9,316994434000037;49,031032676000052;1
203777;08240413116200690970;08;1;16;078;2024;04;17;7;3;3;7;0;0;1;0;0;0;0;0;509555,430999999865890;5393283,892999999225140;9,129843887000050;48,692521394000039;1
203778;08240413116200690640;08;1;16;015;2024;04;19;7;3;0;7;0;0;1;0;0;0;0;0;523425,730600000359118;5394426,365700000897050;9,318382996000025;48,702432449000071;1
203779;08240413116200669900;08;1;16;077;2024;04;01;7;3;0;7;2;0;1;0;0;0;0;0;514530,054600000381470;5391526,705099999904633;9,197379386000023;48,676617617000034;1
203780;08240413115400678290;08;1;15;045;2024;04;13;7;3;5;3;0;0;1;1;0;0;0;0;500616,634499999694526;5396203,088400000706315;9,008383504000051;48,718855566000059;1
203781;08240413115400677170;08;1;15;054;2024;04;14;7;3;5;3;0;0;1;1;0;0;0;0;493402,762400000356138;5395876,394099999219179;8,910312003000058;48,715882004000036;1
203782;08240413115200644290;08;1;15;016;2024;04;18;7;3;6;4;0;0;0;1;1;0;0;0;488590,471300000324845;5378985,912499999627471;8,845355335000022;48,563863227000070;1
203784;08240413111370654100;08;1;11;000;2024;04;21;7;3;0;7;2;0;1;0;0;0;0;0;510509,693500000052154;5406179,914799999445677;9,143139984000072;48,808518402000061;1
203785;08240413111210644370;08;1;11;000;2024;04;19;7;3;0;7;0;0;1;0;0;0;0;0;507556,174800000153482;5398991,880100000649691;9,102781623000055;48,743898111000078;1
203786;08240413111130673250;08;1;11;000;2024;04;01;7;2;0;1;2;0;1;0;0;0;0;0;511735,029900000430644;5402865,599600000306964;9,159734084000036;48,778681205000055;1
203787;08240412436400664160;08;4;36;082;2024;04;07;6;3;5;3;1;0;1;1;0;0;0;0;547239,212799999862909;5295704,124700000509620;9,630995341000073;47,812955832000057;1
203788;08240419121500694610;08;1;25;065;2024;04;05;6;3;6;7;2;1;0;0;1;0;0;1;516549,279699999839067;5450378,591000000014901;9,227199155000051;49,205977654000037;1
203790;08240412426000668390;08;4;25;137;2024;04;16;6;2;0;1;0;0;1;0;0;0;0;0;574343,520700000226498;5354136,112500000745058;10,003159736000043;48,336032065000040;1
203793;08240412416200671560;08;4;16;041;2024;04;18;6;3;5;3;0;0;1;1;0;0;0;0;504785,572100000455976;5373601,862900000065565;9,064801856000031;48,515512102000059;1
203794;08240412416200655310;08;4;16;023;2024;04;19;6;3;2;6;0;0;1;0;0;0;0;0;508567,516400000080466;5375113,410000000149012;9,116044472000056;48,529070287000081;1
203795;08240412415200640970;08;4;15;053;2024;04;13;6;3;5;3;0;0;1;1;0;0;0;0;536529,318599999882281;5362038,616399999707937;9,493627584000023;48,410443251000061;1
203796;08240412335400671730;08;3;35;079;2024;04;15;6;3;0;1;0;0;1;0;0;0;0;0;496610,791000000201166;5295917,725999999791384;8,954725734000021;47,816602974000034;1
203797;08240412335100725420;08;3;35;043;2024;04;13;6;3;6;6;0;0;0;1;1;0;0;0;513239,211699999868870;5278488,036800000816584;9,176323438000054;47,659651052000072;1
203802;08240412311010674020;08;3;15;047;2024;04;13;6;3;5;2;0;0;1;1;0;0;0;0;415541,114699999801815;5321625,664999999105930;7,866840191000051;48,042325530000028;1
203803;08240412311010654180;08;3;11;000;2024;04;12;6;3;4;2;0;0;1;1;0;0;0;0;411964,913900000043213;5314906,696200000122190;7,820249246000060;47,981403484000055;1
203804;08240412311000673870;08;3;15;130;2024;04;21;6;3;0;6;2;0;1;0;0;0;0;1;407519,976999999955297;5301400,924000000581145;7,763595626000040;47,859289058000059;1
203805;08240412226600672040;08;2;26;096;2024;04;10;6;2;5;3;0;0;1;1;0;0;0;0;474845,738699999637902;5487528,379599999636412;8,652319136000074;49,539842329000066;1
203806;08240412222600944850;08;2;22;000;2024;04;16;6;3;5;7;0;0;1;1;0;0;0;0;463316,128299999982119;5483720,490100000053644;8,493317047000062;49,505003933000069;1
203807;08240412222014685730;08;2;22;000;2024;04;10;6;2;0;7;0;0;1;0;0;0;0;1;464849,450500000268221;5478049,507600000128150;8,514998718000072;49,454086849000078;1
203808;08240412222014671580;08;2;22;000;2024;04;16;6;3;5;2;0;0;1;0;0;0;0;0;465911,442999999970198;5480495,266000000759959;8,529440746000034;49,476145947000077;1
203812;08240412216100725280;08;2;16;043;2024;04;21;6;3;8;6;2;0;1;1;0;0;0;0;436344,606499999761581;5409909,613399999216199;8,132497515000068;48,838895405000073;1
203815;08240412215102671050;08;2;12;000;2024;04;12;6;3;0;7;0;0;1;0;0;0;0;0;455058,997600000351667;5434036,800599999725819;8,384858620000045;49,057560723000051;1
203816;08240412215102639860;08;2;15;109;2024;04;19;6;3;0;7;1;0;1;0;0;0;0;0;464389,514899999834597;5439780,193900000303984;8,512061055000061;49,109833474000027;1
203817;08240412212010661180;08;2;12;000;2024;04;17;6;3;5;4;0;0;1;0;1;0;0;0;458297,359000000171363;5428075,039999999105930;8,429795305000027;49,004161692000025;1
203818;08240412127202668440;08;1;27;046;2024;04;21;6;3;0;7;2;0;1;0;0;0;0;0;571424,684700000099838;5450187,546800000593066;9,980458731000056;49,200321052000049;1
203819;08240412121500839040;08;1;25;005;2024;04;00;6;3;6;7;2;0;0;1;1;0;0;0;515619,442699999548495;5452023,105299999937415;9,214497846000029;49,220794825000041;1
203821;08240412121200659330;08;1;21;000;2024;04;17;6;3;0;7;0;0;1;0;0;0;0;0;515955,384499999694526;5443263,740299999713898;9,218763637000052;49,141993342000035;1
203822;08240412119400642220;08;1;19;091;2024;04;15;6;3;0;7;0;0;1;0;0;0;0;0;528120,313000000081956;5408017,002000000327826;9,383115266000061;48,824496936000060;1
203824;08240412116100709290;08;1;16;056;2024;04;14;6;3;4;6;0;0;1;0;0;0;0;0;530338,708999999798834;5395861,425000000745058;9,412441673000046;48,715044078000062;1
203826;08240412116010638470;08;1;16;080;2024;04;07;6;3;5;2;0;0;1;1;0;0;0;0;518827,072200000286102;5397787,840299999341369;9,256036013000028;48,732827930000042;1
203827;08240412115200829470;08;1;15;021;2024;04;11;6;3;6;7;0;0;1;0;1;0;0;0;490681,030000000260770;5383116,652599999681115;8,873598046000041;48,601058965000050;1
203828;08240412115100639560;08;1;15;013;2024;04;16;6;3;0;7;0;0;1;0;0;0;0;0;496147,473199999891222;5390069,497899999842048;8,947679871000048;48,663665592000029;1
203831;08240411436100636970;08;4;36;055;2024;04;10;5;2;0;1;0;0;1;0;0;0;0;0;576381,688900000415742;5297209,501099999994040;10,020478195000067;47,823698858000057;1
203835;08240411426100640320;08;4;26;128;2024;04;16;5;3;1;5;0;0;1;0;0;0;1;0;559721,991899999789894;5331144,347400000318885;9,802644227000030;48,130751081000028;1
203836;08240411426000657500;08;4;25;072;2024;04;18;5;3;3;2;0;0;1;1;0;0;0;0;582691,884399999864399;5371661,310300000011921;10,119242762000056;48,492630649000034;1
203840;08240411415400685190;08;4;15;061;2024;04;22;5;3;6;7;2;0;0;1;1;0;0;0;514927,340699999593198;5371532,932800000533462;9,202057852000053;48,496740095000064;1
203841;08240411415112715190;08;4;15;061;2024;04;18;5;3;6;3;0;0;0;1;1;0;0;0;514719,485999999567866;5371157,071000000461936;9,199231081000050;48,493363614000032;1
203842;08240411337010646010;08;3;37;126;2024;04;16;5;2;0;7;0;0;1;0;0;0;0;0;441713,484400000423193;5274083,793099999427795;8,224345818000074;47,617535962000034;1
203843;08240411336200669150;08;3;36;105;2024;04;21;5;2;0;1;2;0;1;0;0;0;0;0;399708,161999999545515;5268444,505000000819564;7,666768047000062;47,561667739000029;1
203845;08240411335100652970;08;3;35;043;2024;04;17;5;3;7;7;0;0;1;0;0;0;0;0;513416,820700000040233;5279811,615599999204278;9,178729520000047;47,671556518000045;1
203847;08240411317100672810;08;3;17;001;2024;04;13;5;3;5;3;0;0;1;1;0;0;0;0;430813,148599999956787;5387719,386099999770522;8,060850363000043;48,638706658000046;1
203848;08240411311010670050;08;3;11;000;2024;04;12;5;3;3;6;0;0;1;0;0;0;0;1;413084,039200000464916;5316588,257600000128150;7,834902869000075;47,996682744000054;1
203849;08240415337010678060;08;3;37;096;2024;04;15;2;3;6;4;0;0;0;1;1;0;0;0;420799,651899999938905;5267305,140799999237061;7,947298346000025;47,554333886000052;1
203851;08240411311000650470;08;3;36;084;2024;04;09;5;3;6;7;0;0;0;1;1;0;0;0;405935,628800000064075;5277050,756100000813603;7,747685538000042;47,640019025000072;1
203854;08240411231000643900;08;2;31;000;2024;04;16;5;3;6;2;0;0;0;1;1;0;0;0;478644,473000000230968;5416233,547000000253320;8,708618982000075;48,898680093000053;1
203857;08240411226700637480;08;2;26;098;2024;04;11;5;3;2;3;0;0;1;1;0;0;0;0;477535,194600000046194;5459977,078700000420213;8,691051503000040;49,292128679000029;1
203859;08240411221400707600;08;2;26;018;2024;04;13;5;2;1;5;0;0;1;1;0;0;0;0;473379,275700000114739;5471557,787900000810623;8,633124477000024;49,396128989000033;1
203867;08240411212010640410;08;2;12;000;2024;04;16;5;3;0;3;0;0;1;0;0;0;0;1;460487,373100000433624;5429828,710799999535084;8,459567449000076;49,020080396000026;1
203868;08240411212010638820;08;2;12;000;2024;04;08;5;3;5;3;0;0;1;1;0;0;0;0;459844,158699999563396;5427101,690700000151992;8,451040061000072;48,995508793000056;1
203870;08240411136100653000;08;1;36;088;2024;04;15;5;3;6;4;0;0;0;1;1;0;0;0;579134,604399999603629;5409991,908099999651313;10,078435470000045;48,837855447000038;1
203871;08240411136050650170;08;1;27;008;2024;04;19;5;3;5;3;0;0;1;1;0;0;0;0;570624,314799999818206;5461494,402799999341369;9,971467157000063;49,302106872000081;1
203872;08240411136000638660;08;1;19;001;2024;04;09;5;3;6;5;0;0;0;1;1;0;0;1;550538,316599999554455;5410007,439099999144673;9,688768884000069;48,840981836000026;1
203873;08240411135010658340;08;4;21;000;2024;04;15;5;3;6;7;0;0;0;1;1;0;0;0;573958,322100000455976;5361186,896199999377131;9,999202901000046;48,399500769000042;1
203874;08240411127100640420;08;1;27;076;2024;04;17;5;3;5;3;0;0;1;1;0;0;0;0;554085,825600000098348;5439680,976700000464916;9,741058476000035;49,107593609000048;1
203875;08240411127100638190;08;1;27;089;2024;04;16;5;3;6;4;0;0;0;1;1;0;0;0;564534,145399999804795;5437997,310799999162555;9,883931018000055;49,091442414000028;1
203876;08240411126100639730;08;1;26;039;2024;04;18;5;3;4;6;0;0;1;1;0;0;0;0;553054,114299999549985;5462525,975400000810623;9,729942739000023;49,313164172000029;1
203878;08240411121500669980;08;1;25;005;2024;04;16;5;3;6;4;0;0;0;1;1;0;0;0;515504,601099999621511;5452787,262199999764562;9,212950303000071;49,227671489000045;1
203880;08240411119300665800;08;1;19;061;2024;04;22;5;2;0;7;2;0;1;0;0;0;0;0;536219,025899999774992;5413449,361600000411272;9,493929926000021;48,872944358000041;1
203881;08240411119200685550;08;1;19;020;2024;04;15;5;3;6;7;0;0;0;1;1;0;0;0;520630,947800000198185;5406997,341399999335408;9,281029288000070;48,815618218000054;1
203883;08240411118400669670;08;1;18;048;2024;04;09;5;2;0;5;0;0;1;0;0;0;0;1;513603,845800000242889;5415703,312400000169873;9,185597913000038;48,894128974000068;1
203885;08240411118010673390;08;1;15;028;2024;04;14;5;3;0;7;0;0;1;0;0;0;0;0;500218,531499999575317;5404967,464600000530481;9,002975716000037;48,797700123000027;1
203888;08240411116400638760;08;1;16;033;2024;04;18;5;3;5;3;0;0;1;1;0;0;0;0;533454,519999999552965;5388485,846000000834465;9,454201483000077;48,648535202000062;1
203889;08240411111330640670;08;1;11;000;2024;04;17;5;3;2;6;0;0;1;1;0;0;0;0;515185,331799999810755;5409803,744500000029802;9,206955090000065;48,841021103000060;1
203890;08240411111250667050;08;1;11;000;2024;04;07;5;3;5;3;0;0;1;1;0;0;0;0;514496,387000000104308;5403677,710000000894070;9,197349368000062;48,785928654000031;1
203891;08240430212010713780;08;2;15;101;2024;04;17;3;3;5;2;0;0;1;0;0;0;0;0;467549,695500000379980;5423621,156999999657273;8,556654511000033;48,964653179000038;1
203893;08240410421200636910;08;4;21;000;2024;04;08;4;3;6;6;0;0;0;0;1;0;0;1;574363,581100000068545;5361489,570800000801682;10,004730840000036;48,402175705000047;1
203895;08240410416200637250;08;4;16;041;2024;04;18;4;3;1;7;0;0;1;1;0;0;0;0;503159,695399999618530;5374539,272600000724196;9,042792826000039;48,523955672000056;1
203899;08240410415400645980;08;4;15;061;2024;04;11;4;3;0;1;0;0;1;0;0;0;0;0;514855,534099999815226;5371088,678400000557303;9,201070073000039;48,492745127000035;1
203900;08240411212010647600;08;2;12;000;2024;04;07;5;3;6;2;0;0;0;1;1;0;0;0;452912,416500000283122;5427995,397700000554323;8,356180232000042;49,003057971000032;1
203904;08240410317000634030;08;3;17;065;2024;04;16;4;3;5;3;0;0;1;1;0;0;0;0;413661,012199999764562;5353290,202700000256300;7,835184242000025;48,326897962000032;1
203906;08240410311010667750;08;3;11;000;2024;04;07;4;3;0;7;0;0;1;1;0;0;0;0;412528,722199999727309;5317408,747400000691414;7,827293246000067;48,003987562000077;1
203910;08240410222700669570;08;2;22;000;2024;04;16;4;3;0;7;0;0;1;0;0;0;0;0;462102,171000000089407;5481537,457000000402331;8,476759784000024;49,485294070000066;1
203913;08240410222500651940;08;2;22;000;2024;04;15;4;3;5;3;0;0;1;0;0;0;0;1;462079,463700000196695;5479025,046900000423193;8,476687104000064;49,462694782000028;1
203914;08240424421200710620;08;4;21;000;2024;04;13;4;3;6;6;0;0;0;0;1;0;0;1;572754,523900000378489;5360761,593200000002980;9,982867972000065;48,395815147000064;1
203915;08240410222301701820;08;2;22;000;2024;04;17;4;3;1;5;0;0;1;1;0;0;0;0;466201,102099999785423;5481403,255799999460578;8,533361468000066;49,484329117000073;1
203917;08240410221400687030;08;2;21;000;2024;04;13;4;3;1;5;0;0;1;1;0;0;0;0;477189,669800000265241;5469747,063300000503659;8,685740715000065;49,379996450000078;1
203919;08240410221011671330;08;2;21;000;2024;04;10;4;2;6;7;0;0;0;1;1;0;0;0;477344,713499999605119;5475116,067600000649691;8,687570461000064;49,428295625000032;1
203921;08240410215102665940;08;2;15;090;2024;04;10;4;2;5;2;0;0;1;1;0;0;0;0;465481,871000000275671;5433491,630200000479817;8,527564971000061;49,053328988000032;1
203922;08240410212102647000;08;2;12;000;2024;04;17;4;3;0;4;0;0;1;0;1;0;0;0;458450,495699999853969;5428522,496700000017881;8,431843261000040;49,008196967000060;1
203923;08240410212010681400;08;2;12;000;2024;04;16;4;3;5;3;0;0;1;1;0;0;0;0;457080,276200000196695;5428234,608300000429153;8,413138036000021;49,005513596000071;1
203924;08240410212010636090;08;2;12;000;2024;04;17;4;3;5;3;0;0;1;1;0;0;0;0;453433,230700000189245;5429958,372099999338388;8,363075555000023;49,020754520000025;1
203926;08240410136000668680;08;1;36;042;2024;04;15;4;2;0;7;0;0;1;0;0;0;0;0;550868,445700000040233;5405363,097899999469519;9,692691820000050;48,799177907000058;1
203927;08240410136000635360;08;1;36;065;2024;04;17;4;3;1;6;0;0;1;1;0;0;0;0;558939,127799999900162;5405535,578800000250340;9,802607126000055;48,800016590000041;1
203929;08240410127100669500;08;1;27;076;2024;04;12;4;3;1;6;0;0;1;1;0;0;0;0;554674,578900000080466;5438722,592100000008941;9,748994826000057;49,098921180000048;1
203932;08240410118400634550;08;1;18;048;2024;04;09;4;3;6;2;0;0;0;1;1;0;0;0;512324,835699999704957;5416020,610899999737740;9,168157974000053;48,897010072000057;1
203933;08240410118300652640;08;1;18;046;2024;04;18;4;3;5;3;0;0;1;1;0;0;0;0;514284,384200000204146;5412277,436899999156594;9,194762790000027;48,863295323000045;1
203934;08240410118100666130;08;1;18;079;2024;04;08;4;3;5;3;0;0;1;1;0;0;0;0;508764,911799999885261;5421129,301999999210238;9,119696871000031;48,943027033000078;1
203937;08240410116200686600;08;1;16;077;2024;04;18;4;3;0;7;0;0;1;0;0;0;0;0;516389,394399999640882;5389121,863500000908971;9,222541597000031;48,654937444000041;1
203938;08240410116200662580;08;1;16;078;2024;04;08;4;3;5;3;0;0;1;1;0;0;0;0;510500,241899999789894;5394065,320399999618530;9,142702269000040;48,699535982000043;1
203939;08240410116100686980;08;1;16;007;2024;04;16;4;3;5;3;0;0;1;1;0;0;0;0;533382,254900000058115;5400919,493200000375509;9,454225841000039;48,760389640000028;1
203940;08240410115300679180;08;1;15;028;2024;04;23;4;3;4;6;2;0;1;1;0;0;0;0;499850,212399999611080;5403623,549100000411272;8,997960851000073;48,785610355000074;1
203941;08240410115300661990;08;1;15;028;2024;04;05;4;3;5;3;2;0;1;1;0;0;0;0;501052,765100000426173;5407129,615100000053644;9,014340916000037;48,817149799000049;1
203942;08240410115000670600;08;1;15;048;2024;04;19;4;2;0;7;0;0;1;0;1;0;0;0;509589,658999999985099;5387284,308100000023842;9,130169920000071;48,638547896000034;1
203944;08240410335100650430;08;3;35;043;2024;04;12;4;2;0;1;0;0;1;0;0;0;0;0;511234,288200000301003;5281744,654899999499321;9,149705206000021;47,688990953000030;1
203946;08240409415400727550;08;4;15;061;2024;04;13;3;3;4;6;0;0;1;0;0;0;0;1;516751,786799999885261;5370820,827500000596046;9,226724967000052;48,490287754000065;1
203948;08240409415300663490;08;4;15;019;2024;04;08;3;3;0;1;0;0;1;0;0;0;0;0;518939,701799999922514;5370612,345699999481440;9,256327285000054;48,488350048000029;1
203950;08240409336300665090;08;3;36;081;2024;04;16;3;3;6;4;0;1;0;1;1;0;0;0;411969,423299999907613;5278000,588700000196695;7,827806619000057;47,649412246000054;1
203951;08240409336100693110;08;3;36;050;2024;04;07;3;3;7;7;1;0;1;0;0;0;0;0;399005,894199999980628;5273408,387900000438094;7,656292680000035;47,606210804000057;1
203954;08240409317600644180;08;3;17;146;2024;04;10;3;3;5;3;0;0;1;1;0;0;0;0;431925,863300000317395;5355817,772199999541044;8,081152951000036;48,351866028000074;1
203955;08240409316100632420;08;3;16;017;2024;04;11;3;2;5;3;0;1;1;0;0;0;0;1;408279,030500000342727;5341592,309499999508262;7,765130294000073;48,220921257000043;1
203956;08240409311300648550;08;3;11;000;2024;04;14;3;3;5;2;0;1;1;1;0;0;0;0;413774,894199999980628;5315868,250800000503659;7,844306380000035;47,990299566000033;1
203957;08240501136100744820;08;1;36;088;2024;05;15;4;3;1;7;0;0;1;1;0;0;0;0;578885,563000000081956;5409974,836899999529123;10,075038907000021;48,837733598000057;1
203958;08240409311010631050;08;3;11;000;2024;04;06;3;3;3;2;1;0;1;1;0;0;0;0;414566,147900000214577;5317328,106200000271201;7,854618872000060;48,003537739000080;1
203959;08240409226500644660;08;2;26;091;2024;04;07;3;2;0;1;0;0;1;0;0;0;0;0;494359,844100000336766;5460125,314099999144673;8,922430792000057;49,293849038000076;1
203961;08240409222014702730;08;2;22;000;2024;04;11;3;3;5;5;0;0;1;1;0;0;0;0;463015,096300000324845;5480236,122899999842048;8,489485340000044;49,473645533000081;1
203963;08240409221200645500;08;2;21;000;2024;04;18;3;3;5;3;0;0;1;1;0;0;0;1;477818,159900000318885;5472734,162000000476837;8,694232595000074;49,406888233000075;1
203966;08240409136100662280;08;1;36;088;2024;04;13;3;3;5;3;0;0;1;1;0;0;0;0;580319,671000000089407;5410445,178999999538064;10,094671182000070;48,841780079000046;1
203967;08240409136100631620;08;1;36;050;2024;04;15;3;3;2;6;0;0;1;1;0;0;0;0;581133,609400000423193;5404797,263299999758601;10,104645319000042;48,790875581000080;1
203968;08240409136000661930;08;1;36;065;2024;04;15;3;3;0;7;0;0;1;1;0;0;0;0;557986,101499999873340;5405725,535399999469519;9,789657355000031;48,801814893000028;1
203969;08240409127202647210;08;1;27;014;2024;04;12;3;3;6;7;0;0;0;0;1;0;0;1;578424,963000000454485;5443114,266100000590086;10,075157261000072;49,135849999000072;1
203970;08240409121200717920;08;1;21;000;2024;04;09;3;3;5;3;0;0;1;1;0;0;0;0;515192,101800000295043;5441454,618899999186397;9,208230199000070;49,125739020000026;1
203971;08240409119500634700;08;1;19;085;2024;04;17;3;3;5;3;0;0;1;1;0;0;0;0;529276,423799999989569;5412898,598999999463558;9,399214810000046;48,868356600000027;1
203973;08240409118400632680;08;1;18;048;2024;04;13;3;3;5;3;0;0;1;1;0;0;0;0;514749,916500000283122;5415930,912799999117851;9,201241931000027;48,896150181000053;1
203978;08240409111230634490;08;1;11;000;2024;04;11;3;3;1;7;0;0;1;1;0;0;0;0;508011,225100000388920;5398085,444900000467896;9,108953733000021;48,735738126000058;1
203979;08240408436300644570;08;4;36;049;2024;04;17;2;2;0;1;0;0;1;0;0;0;0;0;577825,115799999795854;5283386,544600000604987;10,037284335000038;47,699173363000057;1
203981;08240408435200632140;08;4;35;059;2024;04;17;2;3;0;1;0;0;1;0;0;0;0;0;514235,794099999591708;5289192,178899999707937;9,189945725000030;47,755941456000073;1
203982;08240420212010667690;08;2;12;000;2024;04;18;7;3;6;4;0;1;0;1;1;0;0;0;455995,640999999828637;5428278,460999999195337;8,398303392000059;49,005831674000035;1
203984;08240408426000671510;08;4;26;014;2024;04;19;2;3;4;2;1;0;1;0;0;0;0;0;548500,056800000369549;5317034,466900000348687;9,650235333000069;48,004765844000076;1
203985;08240408421200660180;08;4;21;000;2024;04;11;2;3;6;6;0;0;0;0;1;0;0;1;573183,994900000281632;5361048,110899999737740;9,988718903000063;48,398342733000050;1
203986;08240408416200660950;08;4;16;041;2024;04;16;2;2;0;7;0;0;1;0;0;0;0;0;503725,355000000447035;5371871,567999999970198;9,050429921000045;48,499952889000042;1