OID_;UIDENTSTLAE;ULAND;UREGBEZ;UKREIS;UGEMEINDE;UJAHR;UMONAT;USTUNDE;UWOCHENTAG;UKATEGORIE;UART;UTYP1;ULICHTVERH;IstStrassenzustand;IstRad;IstPKW;IstFuss;IstKrad;IstGkfz;IstSonstige;LINREFX;LINREFY;XGCSWGS84;YGCSWGS84;PLST
203987;08240408416200641600;08;4;16;041;2024;04;17;2;3;0;7;0;0;1;0;0;0;0;0;504440,895200000144541;5373877,647900000214577;9,060137494000060;48,517995699000039;1
203988;08240408416200641130;08;4;16;041;2024;04;09;2;3;5;3;0;0;1;0;0;0;0;1;504084,441599999554455;5374253,343800000846386;9,055314171000020;48,521378017000075;1
203989;08240408416010654390;08;4;16;025;2024;04;18;2;3;0;1;0;0;1;0;0;0;0;0;504404,676699999719858;5361504,823799999430776;9,059516757000040;48,406684394000081;1
203990;08240408415400660800;08;4;15;061;2024;04;19;2;3;6;7;0;0;0;1;1;0;0;0;514980,971400000154972;5370715,865700000897050;9,202754488000039;48,489388192000035;1
203992;08240412325102726070;08;3;25;045;2024;04;07;6;3;6;4;1;0;0;1;1;0;0;0;468164,832000000402331;5348778,847999999299645;8,570806306000065;48,291407949000074;1
203999;08240408335100663550;08;3;35;043;2024;04;07;2;3;6;7;0;0;1;0;1;0;0;0;513132,277599999681115;5278566,706100000068545;9,174901631000068;47,660361073000047;1
204000;08240408335100630750;08;3;35;043;2024;04;17;2;3;9;1;0;0;1;0;0;0;0;0;510936,038099999539554;5281258,538899999111891;9,145718634000048;47,684622167000043;1
204002;08240408317000640010;08;3;17;057;2024;04;19;2;3;5;3;0;0;1;1;0;0;0;0;412531,209999999962747;5380584,198100000619888;7,814242619000026;48,572240111000042;1
204003;08240408317000630880;08;3;17;026;2024;04;16;2;3;0;7;0;0;1;0;0;0;0;0;411965,549200000241399;5345953,627499999478459;7,813845141000058;48,260673103000045;1
204006;08240408311010638940;08;3;11;000;2024;04;15;2;3;6;4;0;0;0;1;1;0;0;0;411634,382000000216067;5314561,885900000110269;7,815891732000068;47,978256240000064;1
204007;08240408237200661260;08;2;37;040;2024;04;13;2;2;0;1;0;0;1;0;0;0;0;0;475450,567999999970198;5371198,543800000101328;8,667718131000072;48,493429536000065;1
204008;08240427436400690630;08;4;36;009;2024;04;12;7;3;0;7;0;0;1;0;1;0;0;0;559983,030000000260770;5308207,234999999403954;9,802940446000036;47,924378399000034;1
204009;08240408237100700360;08;2;37;004;2024;04;19;2;3;5;3;0;0;1;1;0;0;0;0;450766,218399999663234;5373994,786199999973178;8,333297909000066;48,517134636000037;1
204011;08240408226700654060;08;2;26;098;2024;04;09;2;3;5;3;0;0;1;1;0;0;0;0;476679,875900000333786;5459909,607200000435114;8,679292811000039;49,291489725000076;1
204012;08240408226700630600;08;2;26;103;2024;04;15;2;2;5;3;0;0;1;0;0;1;0;0;473765,309299999848008;5456116,014799999073148;8,639460165000060;49,257248139000069;1
204017;08240408215102659120;08;2;12;000;2024;04;06;2;3;0;3;1;0;1;1;0;0;0;0;455406,820100000128150;5432616,055900000035763;8,389775675000067;49,044806364000067;1
204021;08240408136100162810;08;1;36;050;2024;04;08;2;3;6;3;0;0;0;1;1;0;0;0;581074,966300000436604;5405256,409900000318885;10,103937650000034;48,795012918000054;1
204022;08240408136000657080;08;1;36;065;2024;04;22;2;3;0;7;2;1;1;0;0;0;0;0;558981,280799999833107;5404860,273099999874830;9,803084113000068;48,793938184000069;1
204023;08240408127100658320;08;1;27;076;2024;04;18;2;3;0;1;0;0;1;0;0;0;0;0;553500,496000000275671;5440798,013000000268221;9,733187317000045;49,117692219000048;1
204024;08240408127100629870;08;1;27;076;2024;04;05;2;3;5;3;2;0;1;0;0;0;0;0;553493,701000000350177;5440289,234999999403954;9,733026766000023;49,113116505000050;1
204026;08240408121200663310;08;1;21;000;2024;04;14;2;2;3;7;0;0;0;0;1;0;0;1;516135,582700000144541;5445693,362500000745058;9,221331652000060;49,163843839000037;1
204027;08240408121200645090;08;1;21;000;2024;04;14;2;3;5;3;0;0;1;1;0;0;0;0;515321,465400000102818;5441769,987999999895692;9,210015287000033;49,128572666000082;1
204029;08240408118400713330;08;1;18;048;2024;04;08;2;3;5;3;0;0;1;0;0;0;0;0;513764,499400000087917;5416062,351099999621511;9,187801804000060;48,897355242000060;1
204031;08240408118300629720;08;1;18;046;2024;04;07;2;3;5;2;0;0;1;1;0;0;0;0;513536,050900000147521;5410993,262000000104308;9,184517109000069;48,851759934000029;1
204033;08240408116400642930;08;1;16;016;2024;04;17;2;3;5;3;0;0;1;0;0;0;0;1;533436,728000000119209;5385317,682000000029802;9,453704311000024;48,620035643000051;1
204034;08240408116010644750;08;1;16;080;2024;04;16;2;3;3;6;0;0;1;0;0;0;0;0;517598,046000000089407;5395552,142899999395013;9,239226806000033;48,712751582000067;1
204035;08240416221400716590;08;2;21;000;2024;04;18;3;3;1;5;0;1;1;1;0;0;0;0;475800,324599999934435;5470621,473699999973178;8,666546735000054;49,387808039000049;1
204036;08240408115400644690;08;1;15;029;2024;04;15;2;3;8;7;0;0;1;0;0;0;0;0;497306,967899999581277;5398403,281999999657273;8,963372295000056;48,738643084000046;1
204040;08240408111120630240;08;1;11;000;2024;04;08;2;3;0;1;0;0;1;0;0;0;0;0;513960,415300000458956;5403411,896900000050664;9,190043827000068;48,783549686000072;1
204042;08240407436400654260;08;4;36;008;2024;04;12;1;3;1;7;0;0;1;1;0;0;0;0;544968,633600000292063;5311872,959200000390410;9,602352248000045;47,958587441000077;1
204044;08240407436200630360;08;4;36;064;2024;04;16;1;3;5;3;0;0;1;1;0;0;0;0;545782,647400000132620;5293217,864000000059605;9,611278029000061;47,790692270000079;1
204045;08240407421200655190;08;4;25;072;2024;04;11;1;3;3;6;0;0;1;0;0;0;0;0;579796,632699999958277;5371535,219900000840425;10,080038538000053;48,491870832000075;1
204047;08240407336300628020;08;3;36;081;2024;04;11;1;3;0;7;0;0;1;0;0;0;0;0;412282,424999999813735;5277970,895999999716878;7,831979533000037;47,649187637000068;1
204048;08240407336200656440;08;3;36;069;2024;04;07;1;3;5;3;0;0;1;1;0;0;0;0;404755,045199999585748;5267832,924499999731779;7,733974142000022;47,556926318000080;1
204049;08240407335300630070;08;3;35;075;2024;04;17;1;3;0;1;0;0;1;0;0;0;0;0;486748,524000000208616;5289978,872999999672174;8,823163809000050;47,763040738000029;1
204050;08240407335300628820;08;3;35;022;2024;04;18;1;3;0;1;0;0;1;0;0;0;0;0;482694,618300000205636;5297792,847599999979138;8,768754535000028;47,833250346000057;1
204052;08240407317000656780;08;3;17;026;2024;04;12;1;3;6;4;0;0;0;1;1;0;0;0;412551,240100000053644;5343453,327999999746680;7,822251450000067;48,238264305000030;1
204053;08240407316100657430;08;3;16;011;2024;04;16;1;3;0;1;0;0;1;0;0;0;0;0;415030,354000000283122;5327625,264399999752641;7,858796193000046;48,096225901000025;1
204055;08240407231102660420;08;2;36;061;2024;04;13;1;3;6;7;0;0;0;1;1;0;0;0;489567,692900000140071;5430026,744100000709295;8,857304305000071;49,023039123000046;1
204057;08240415118200665240;08;1;18;027;2024;04;16;2;3;6;4;0;0;0;1;1;0;0;0;502855,795599999837577;5412622,858500000089407;9,038940339000021;48,866560589000073;1
204058;08240407222400676290;08;2;26;038;2024;04;16;1;3;5;3;0;0;1;0;0;0;0;0;471319,347099999897182;5480374,319800000637770;8,604098300000032;49,475337661000026;1
204061;08240407216100653530;08;2;16;005;2024;04;20;1;3;1;5;2;0;1;1;0;0;0;0;444865,138500000350177;5417333,246099999174476;8,247604274000025;48,906486507000068;1
204062;08240407216100628850;08;2;16;043;2024;04;14;1;3;5;3;0;0;1;1;0;0;0;0;441018,604000000283122;5411033,143999999389052;8,196026675000041;48,849463210000067;1
204063;08240407212102627910;08;2;12;000;2024;04;12;1;3;0;7;0;0;1;0;0;0;0;0;461247,021599999628961;5427504,770300000905991;8,470178902000043;48,999224240000046;1
204065;08240407127100630370;08;1;27;052;2024;04;12;1;3;0;7;0;0;1;0;0;0;0;0;543695,495900000445545;5433863,123999999836087;9,598075438000023;49,056088097000043;1
204066;08240407126100642100;08;1;26;046;2024;04;15;1;3;6;7;0;0;0;0;1;0;0;1;550136,637000000104308;5458727,066999999806285;9,689329200000032;49,279241434000028;1
204067;08240407121500670370;08;1;25;005;2024;04;19;1;3;1;7;0;0;1;1;0;0;0;0;516578,014000000432134;5456798,258999999612570;9,227859097000021;49,263722931000075;1
204068;08240407121200629990;08;1;21;000;2024;04;17;1;3;5;3;0;0;1;1;0;0;0;0;516807,008399999700487;5442131,347300000488758;9,230392905000031;49,131784382000035;1
204069;08240407118300629710;08;1;18;046;2024;04;16;1;3;2;6;0;0;1;0;0;0;0;0;513487,076000000350177;5410869,697000000625849;9,183845440000027;48,850649434000047;1
204071;08240407116500633660;08;1;16;042;2024;04;01;1;3;0;1;2;0;1;0;0;0;0;0;516950,363599999807775;5381706,782700000330806;9,229855507000025;48,588215390000073;1
204072;08240407116400650760;08;1;16;033;2024;04;19;1;3;0;1;0;0;1;0;0;0;0;0;533491,809899999760091;5388299,064500000327826;9,454692633000036;48,646852940000031;1
204073;08240407116200654890;08;1;16;078;2024;04;11;1;2;8;1;0;1;1;0;0;0;0;0;508301,194600000046194;5392983,050799999386072;9,112794699000062;48,689832940000031;1
204074;08240407116100628480;08;1;16;019;2024;04;11;1;3;5;3;0;0;1;0;0;0;0;0;520741,800999999977648;5398893,380999999120831;9,282130423000069;48,742712487000063;1
204077;08240407111240628360;08;1;11;000;2024;04;19;1;3;5;3;0;0;1;1;0;0;0;0;517731,769600000232458;5402469,437999999150634;9,241342386000042;48,774975354000048;1
204078;08240406435100647200;08;4;35;030;2024;04;19;7;3;1;5;0;0;1;1;0;0;0;0;540668,649199999868870;5271788,825600000098348;9,541002641000034;47,598232832000065;1
204082;08240528335100819340;08;3;35;043;2024;05;11;3;2;6;4;0;0;1;0;1;0;0;0;513326,080500000156462;5279015,359099999070168;9,177496457000075;47,664393944000039;1
204084;08240528311500797390;08;3;15;113;2024;05;10;3;3;6;7;0;0;0;1;1;0;0;0;441070,850200000219047;5306634,271900000050664;8,211380618000021;47,910325057000080;1
204085;08240528311400810590;08;3;15;074;2024;05;09;3;3;2;6;0;0;1;1;0;0;0;0;396994,323200000450015;5295976,270800000056624;7,624204207000048;47,808893704000070;1
204087;08240528311010826510;08;3;36;050;2024;05;16;3;3;3;5;0;0;1;1;0;0;0;0;399225,385499999858439;5274691,633300000801682;7,658917013000064;47,617788187000031;1
204088;08240528311010811530;08;3;11;000;2024;05;09;3;3;3;6;0;0;1;1;0;0;0;0;412125,109400000423193;5316309,614900000393391;7,822108394000054;47,994045190000065;1
204093;08240528215402796880;08;2;15;009;2024;05;09;3;3;1;5;0;0;1;1;0;0;0;0;471016,350200000219047;5441788,288699999451637;8,602715913000054;49,128244778000067;1
204094;08240528212302805850;08;2;12;000;2024;05;18;3;3;0;3;0;0;1;1;0;0;0;0;456113,049800000153482;5428525,769500000402331;8,399881963000041;49,008064602000047;1
204095;08240528211000820720;08;3;17;001;2024;05;20;3;2;1;2;0;0;1;1;0;0;0;0;432099,017900000326335;5386756,367699999362230;8,078460299000028;48,630185271000073;1
204096;08240528136000813740;08;1;36;028;2024;05;15;3;3;5;2;0;0;1;1;0;0;0;0;568669,530299999751151;5404818,449599999934435;9,934974448000048;48,792567496000061;1
204097;08240528127100821850;08;1;27;076;2024;05;12;3;2;0;7;0;0;1;0;0;0;0;0;557114,322999999858439;5440178,370999999344349;9,782619938000039;49,111793667000029;1
204098;08240528135200798020;08;1;35;019;2024;05;19;3;3;0;1;0;0;1;0;0;0;0;0;585147,492300000041723;5393762,628200000151992;10,157003042000042;48,691091406000055;1
204099;08240528121200813710;08;1;21;000;2024;05;15;3;3;3;6;0;0;1;1;0;0;0;0;516432,530399999581277;5443377,199300000444055;9,225310339000032;49,143001363000053;1
204100;08240528121100795550;08;1;25;006;2024;05;10;3;2;0;7;0;0;1;0;0;0;0;0;506653,535799999721348;5453882,833300000056624;9,091402450000032;49,237686548000056;1
204103;08240528116500826670;08;1;16;071;2024;05;13;3;3;6;1;0;0;0;0;1;0;0;1;528357,427299999631941;5391397,589400000870228;9,385201186000074;48,674981162000051;1
204104;08240528116100810570;08;1;16;019;2024;05;11;3;3;6;4;0;0;0;0;1;0;0;1;523160,276800000108778;5399909,064999999478459;9,315083208000033;48,751764223000066;1
204109;08240527415400830230;08;4;15;061;2024;05;13;2;3;0;1;0;0;1;0;0;0;0;0;516362,683699999935925;5371909,279100000858307;9,221501391000061;48,500090089000025;1
204110;08240527335100792130;08;3;35;043;2024;05;08;2;3;5;3;0;1;1;1;0;0;0;0;513889,798999999649823;5279933,562999999150634;9,185034052000049;47,672643772000072;1
204112;08240527316100811820;08;3;16;049;2024;05;14;2;3;0;7;0;1;1;0;0;0;0;0;402043,154199999757111;5340088,355399999767542;7,681544367000072;48,206461733000026;1
204113;08240527231000812690;08;2;37;004;2024;05;13;2;3;6;7;0;0;0;1;1;0;0;0;455749,348899999633431;5375106,869200000539422;8,400655175000054;48,527509807000058;1
204116;08240527225100809820;08;2;25;058;2024;05;08;2;2;0;7;0;0;1;0;0;0;0;0;509552,449000000022352;5466336,362999999895692;9,131523663000053;49,349669332000076;1
204117;08240527222400820000;08;2;22;000;2024;05;10;2;3;4;6;0;0;1;1;0;0;0;0;467876,553000000305474;5478798,661000000312924;8,556704010000033;49,460992807000082;1
204119;08240527221300824510;08;2;21;000;2024;05;10;2;3;5;3;0;0;1;1;0;0;0;0;477066,813599999994040;5473724,419500000774860;8,683818559000031;49,415767586000072;1
204122;08240527136100819120;08;1;36;088;2024;05;13;2;3;0;7;0;1;0;0;1;0;0;1;580369,769000000320375;5409675,676000000908971;10,095202921000066;48,834852512000055;1
204123;08240527136100806590;08;1;36;088;2024;05;11;2;3;3;6;0;0;1;1;0;0;0;0;580901,451600000262260;5412781,367000000551343;10,103060249000066;48,862716623000040;1
204126;08240527118500821300;08;1;18;021;2024;05;13;2;3;0;6;0;0;1;0;0;0;0;1;521562,072700000368059;5427713,609799999743700;9,294806948000030;49,001942709000048;1
204128;08240527111110819170;08;1;11;000;2024;05;08;2;3;5;2;0;0;1;0;0;0;1;0;513526,348500000312924;5402233,960300000384450;9,184096133000025;48,772962657000051;1
204130;08240526436400789410;08;4;36;009;2024;05;14;1;3;0;1;0;0;1;0;0;0;0;0;556604,668300000019372;5307646,726600000634789;9,757647843000029;47,919643042000075;1
204131;08240526436300813330;08;4;36;049;2024;05;08;1;2;5;3;0;0;1;0;0;0;0;0;577535,274000000208616;5283532,502000000327826;10,033447809000052;47,700521277000064;1
204132;08240526435200826690;08;4;35;052;2024;05;18;1;2;5;3;0;0;1;1;0;0;0;0;524470,387600000016391;5293869,672900000587106;9,326765895000051;47,797719472000040;1
204133;08240526435100789540;08;4;35;016;2024;05;13;1;3;1;7;0;0;1;1;0;0;0;0;535939,486600000411272;5278007,164499999955297;9,478604912000037;47,654461539000067;1
204134;08240526426200789470;08;4;26;108;2024;05;15;1;2;0;1;0;0;1;0;0;0;0;0;575603,864699999801815;5342469,267899999395013;10,018075603000057;48,230935546000069;1
204136;08240526416200829770;08;4;16;041;2024;05;16;1;3;3;6;0;0;1;0;0;1;0;0;504022,298200000077486;5376186,187400000169873;9,054491238000026;48,538766955000028;1
204139;08240526416010829710;08;4;15;073;2024;05;14;1;2;5;3;0;0;1;1;0;0;0;0;523592,309799999929965;5346395,565400000661612;9,317934570000034;48,270327514000030;1
204140;08240526335100816700;08;3;35;043;2024;05;11;1;3;0;7;0;0;1;0;0;0;0;0;514430,633100000210106;5279524,184000000357628;9,192225249000046;47,668948476000025;1
204141;08240526317600808610;08;3;17;088;2024;05;17;1;2;0;1;0;1;1;0;0;0;0;0;436894,176799999549985;5355481,953500000759959;8,148256299000025;48,349361198000054;1
204150;08240526215502817210;08;2;15;111;2024;05;13;1;3;4;6;0;0;1;0;0;0;0;0;457757,766300000250340;5446184,051300000399351;8,420525409000049;49,167015977000062;1
204151;08240526215202815890;08;2;15;039;2024;05;01;1;3;0;7;2;0;1;0;0;0;0;0;472794,666899999603629;5452523,019999999552965;8,626364952000074;49,224886584000046;1
204152;08240526136200816270;08;1;36;019;2024;05;02;1;2;8;7;2;0;1;0;0;0;0;0;579885,385200000368059;5421476,254300000146031;10,090910102000066;48,941051348000030;1
204153;08240526136010791820;08;1;36;020;2024;05;16;1;2;0;7;0;0;1;0;1;0;0;0;564749,766499999910593;5416534,304899999871850;9,883463360000064;48,898369689000049;1
204154;08240526121500808070;08;1;25;065;2024;05;16;1;3;5;3;0;0;1;0;0;0;0;1;516191,815700000151992;5448920,418199999257922;9,222232921000057;49,192870594000055;1
204156;08240526119100819960;08;1;19;087;2024;05;16;1;2;0;1;0;0;1;0;0;0;0;0;526943,967500000260770;5428269,756500000134110;9,368426252000063;49,006734016000053;1
204157;08240526118300791420;08;1;18;081;2024;05;15;1;2;0;1;0;0;1;0;0;0;0;0;521598,450000000186265;5417061,990000000223517;9,294739303000028;48,906124054000031;1
204158;08240526116500819810;08;1;16;036;2024;05;14;1;3;0;1;0;0;1;0;0;0;0;0;524457,436800000257790;5378249,768100000917912;9,331450380000035;48,556867426000053;1
204160;08240526116200793610;08;1;16;047;2024;05;18;1;3;6;7;0;0;0;1;1;0;0;0;518356,262000000104308;5393314,968000000342727;9,249434381000071;48,692604101000029;1
204161;08240525435100801530;08;4;35;042;2024;05;17;7;3;0;5;0;1;1;0;0;0;0;1;551180,904000000096858;5280122,250199999660254;9,681809486000077;47,672464972000057;1
204162;08240525435100790450;08;4;35;016;2024;05;14;7;3;6;6;0;0;0;1;1;0;0;0;532257,662399999797344;5279882,126199999824166;9,429714113000045;47,671525490000079;1
204163;08240527311010810760;08;3;11;000;2024;05;13;2;3;5;2;0;0;1;1;0;0;0;0;414329,723000000230968;5319388,074999999254942;7,851038250000045;48,022036248000063;1
204164;08240525435100788430;08;4;35;016;2024;05;19;7;3;1;5;0;0;1;0;0;0;0;1;537450,241100000217557;5278979,780099999159575;9,498806153000032;47,663126849000037;1
204168;08240525337010814810;08;3;37;060;2024;05;10;7;3;6;4;0;0;0;1;1;0;0;0;470176,177400000393391;5278170,016599999740720;8,602823839000052;47,656237625000074;1
204169;08240527311010806160;08;3;36;069;2024;05;15;2;3;0;7;0;0;1;0;0;0;0;0;407192,561099999584258;5267655,826799999922514;7,766403926000066;47,555686211000079;1
204175;08240525311010805680;08;3;36;050;2024;05;12;7;3;4;6;0;0;1;0;0;0;0;0;400987,691999999806285;5275892,890000000596046;7,682091275000062;47,628865704000077;1
204176;08240525311010795410;08;3;36;091;2024;05;16;7;3;5;3;0;0;1;1;0;0;0;0;397018,050099999643862;5272504,603000000119209;7,630064812000057;47,597768235000046;1
204178;08240525237100788750;08;2;37;004;2024;05;15;7;3;0;7;0;0;1;0;0;0;0;0;455268,806599999777973;5374975,373900000005960;8,394161045000033;48,526292827000077;1
204179;08240525231000829240;08;2;31;000;2024;05;16;7;3;5;1;0;0;1;0;0;0;0;1;477922,755800000391901;5415454,167400000616908;8,698813924000035;48,891643761000068;1
204184;08240525212402812790;08;2;12;000;2024;05;14;7;3;2;6;0;0;1;0;0;0;0;0;456345,202999999746680;5427796,647600000724196;8,403134676000036;49,001522529000056;1
204185;08240525212010817790;08;2;12;000;2024;05;00;7;3;4;6;2;0;1;0;0;0;0;1;456435,671000000089407;5428222,491800000891089;8,404325835000066;49,005359442000042;1
204188;08240525121500814690;08;1;25;063;2024;05;21;7;3;0;1;0;0;1;0;0;0;0;0;523752,037200000137091;5460118,268699999898672;9,326659323000058;49,293350000000032;1
204189;08240525121400803110;08;1;25;013;2024;05;14;7;3;0;1;0;0;1;0;0;0;0;0;505430,721400000154972;5438656,980299999937415;9,074398641000073;49,100736834000031;1
204191;08240525118500817920;08;1;18;006;2024;05;13;7;3;0;7;0;0;1;0;0;0;0;0;517408,152599999681115;5421220,551999999210238;9,237735258000043;48,943665011000064;1
204192;08240525118400827390;08;1;18;048;2024;05;19;7;3;6;4;0;1;0;1;1;0;0;0;513529,709300000220537;5416317,835300000384450;9,184606826000049;48,899658681000062;1
204193;08240525118400800320;08;1;18;048;2024;05;19;7;3;5;3;0;0;1;0;0;0;0;1;513348,024000000208616;5416051,206000000238419;9,182119111000077;48,897264097000061;1
204195;08240525118100805500;08;1;18;071;2024;05;17;7;3;5;3;0;0;1;0;0;0;0;1;510935,745000000111759;5419345,103000000119209;9,149294607000058;48,926942364000070;1
204196;08240525118010816780;08;1;15;029;2024;05;12;7;2;5;3;0;0;1;1;0;0;0;0;497452,240799999795854;5398762,847699999809265;8,965345916000047;48,741878356000029;1
204198;08240525116200790570;08;1;16;078;2024;05;13;7;2;5;3;0;0;1;0;0;0;0;0;510558,366100000217557;5390360,223899999633431;9,143397545000028;48,666203635000045;1
204204;08240525111250788860;08;1;11;000;2024;05;15;7;3;0;7;0;0;1;0;0;0;0;0;519344,392400000244379;5399793,377699999138713;9,263165330000049;48,750853751000079;1
204206;08240524436000784200;08;4;36;005;2024;05;17;6;3;8;7;0;0;1;0;0;0;0;0;539999,493200000375509;5309776,980499999597669;9,535599218000073;47,940059964000056;1
204207;08240524436000783690;08;4;36;049;2024;05;12;6;3;6;3;0;0;0;1;1;0;0;0;578654,547600000165403;5283424,366299999877810;10,048344256000064;47,699413156000048;1
204208;08240524435100785220;08;4;35;016;2024;05;11;6;3;3;6;0;0;1;1;0;0;0;0;536014,332100000232458;5279875,651200000196695;9,479755600000033;47,671268904000044;1
204211;08240524317000817240;08;3;17;114;2024;05;15;6;2;8;1;0;1;1;0;0;0;0;0;405128,663599999621511;5347071,446200000122190;7,721498793000023;48,269740366000065;1
204213;08240524311010786910;08;3;11;000;2024;05;15;6;2;5;3;0;1;1;0;0;0;0;0;413080,776999999769032;5316821,057000000029802;7,834811992000027;47,998776407000037;1
204215;08240524226200787090;08;2;26;032;2024;05;17;6;3;5;3;0;0;1;1;0;0;0;0;466301,541799999773502;5464563,301799999549985;8,536177331000033;49,332864690000065;1
204217;08240524222301830320;08;2;22;000;2024;05;14;6;3;5;3;0;0;1;1;0;0;0;0;465447,967799999751151;5484405,136199999600649;8,522701306000044;49,511287195000079;1
204218;08240524222014814670;08;2;22;000;2024;05;11;6;2;0;2;0;0;1;0;0;0;0;0;462081,978699999861419;5482843,967100000008941;8,476355668000053;49,497044177000078;1
204222;08240526121200808300;08;1;21;000;2024;05;17;1;3;0;3;0;1;1;1;0;0;0;0;517068,803899999707937;5443047,665699999779463;9,234020404000034;49,140019750000079;1
204226;08240524118300813450;08;1;18;051;2024;05;13;6;3;5;3;0;0;1;1;0;0;0;0;510555,849499999545515;5415256,670399999246001;9,144002573000023;48,890170518000048;1
204227;08240524116400800560;08;1;16;053;2024;05;08;6;3;5;3;0;1;1;1;0;0;0;0;538752,173000000417233;5387974,494999999180436;9,526075255000023;48,643629138000051;1
204228;08240524116100815760;08;1;16;019;2024;05;14;6;3;5;3;0;1;1;1;0;0;0;0;523056,409699999727309;5398239,048499999567866;9,313576696000041;48,736744805000058;1
204229;08240524116010808370;08;1;16;033;2024;05;16;6;2;4;6;0;0;1;0;0;0;0;0;534449,504200000315905;5388063,953600000590086;9,467674512000031;48,644685855000034;1
204230;08240524111340787550;08;1;11;000;2024;05;16;6;3;0;7;0;0;1;0;0;0;0;0;511911,264399999752641;5405320,672399999573827;9,162204103000022;48,800763470000049;1
204232;08240524111240068320;08;1;11;000;2024;05;13;6;3;2;7;0;0;1;1;0;0;0;0;515327,456500000320375;5402921,311499999836087;9,208635011000069;48,779104243000063;1
204237;08240523415400798420;08;4;15;061;2024;05;14;5;3;5;3;0;1;1;1;0;0;0;0;515473,574400000274181;5370853,112999999895692;9,209426482000026;48,490610981000032;1
204238;08240523327100826900;08;3;27;050;2024;05;11;5;2;6;4;0;1;0;1;1;0;0;0;485815,877799999900162;5314494,626399999484420;8,809913064000057;47,983597394000071;1
204239;08240523327100791850;08;3;27;016;2024;05;18;5;3;1;5;0;0;1;1;0;0;0;0;493855,171199999749660;5318098,680500000715256;8,917598949000023;48,016151472000047;1
204240;08240523326200828260;08;3;26;074;2024;05;12;5;3;1;1;0;1;1;1;0;0;0;0;464748,671799999661744;5322779,869999999180436;8,526908699000046;48,057324332000064;1
204241;08240523317000937580;08;3;17;065;2024;05;11;5;3;1;7;0;0;1;1;0;0;0;0;415095,923899999819696;5354511,420099999755621;7,854292764000036;48,338077040000030;1
204243;08240523311010812990;08;3;11;000;2024;05;16;5;2;1;3;0;0;1;1;0;0;0;0;414327,379999999888241;5319384,153000000864267;7,851007618000040;48,022000654000067;1
204244;08240523311010795110;08;3;11;000;2024;05;20;5;3;0;1;0;0;1;0;0;0;0;0;411921,969999999739230;5314494,452999999746680;7,819758419000038;47,977689318000046;1
204245;08240523231402799230;08;2;31;000;2024;05;16;5;3;0;7;0;1;1;0;0;0;0;1;478625,996399999596179;5415074,481200000271201;8,708427525000047;48,888252886000032;1
204247;08240523226400798840;08;2;26;084;2024;05;18;5;3;5;3;0;0;1;1;0;0;0;0;469260,546199999749660;5470134,110999999567866;8,576473519000047;49,383129318000044;1
204248;08240523226400784580;08;2;26;084;2024;05;15;5;3;5;3;0;0;1;1;0;0;0;0;469198,667999999597669;5470737,549100000411272;8,575574238000058;49,388553976000026;1
204249;08240523225100782700;08;2;25;116;2024;05;16;5;3;0;1;0;0;1;0;0;0;0;0;498602,868999999947846;5468998,049000000581145;8,980754122000064;49,373684553000032;1
204250;08240523222800792660;08;2;22;000;2024;05;13;5;3;6;3;0;0;0;1;1;0;0;0;460203,803999999538064;5487593,401000000536442;8,449940545000061;49,539642135000065;1
204251;08240523222600944930;08;2;22;000;2024;05;16;5;3;5;2;0;1;1;1;0;0;0;0;462142,164699999615550;5481604,867000000551343;8,477305482000077;49,485902884000041;1
204252;08240523221011806810;08;2;26;098;2024;05;11;5;2;0;7;0;0;1;0;0;0;0;0;478456,440499999560416;5460577,731799999251962;8,703688422000027;49,297564752000028;1
204253;08240523212302782590;08;2;12;000;2024;05;14;5;3;6;7;0;1;1;0;1;0;0;0;456833,451100000180304;5428499,080600000917912;8,409735146000060;49,007875344000070;1
204255;08240523135100782810;08;1;35;020;2024;05;11;5;3;5;3;0;0;1;1;0;0;0;0;586051,147400000132620;5386414,652200000360608;10,167751762000023;48,624877696000055;1
204256;08240523127100814230;08;1;27;076;2024;05;13;5;2;1;3;0;0;1;1;0;0;0;0;552469,033499999903142;5440229,076600000262260;9,718979048000051;49,112663692000069;1
204257;08240523119200783300;08;1;19;020;2024;05;17;5;3;6;4;0;1;0;1;1;0;0;0;520081,281499999575317;5407055,137700000777841;9,273544799000035;48,816156152000076;1
204258;08240523119100812880;08;1;19;008;2024;05;16;5;3;0;7;0;0;1;1;0;0;0;0;531867,305499999783933;5421584,451300000771880;9,435221218000038;48,946362478000026;1
204261;08240528326000799910;08;3;26;074;2024;05;15;3;3;0;2;0;0;1;1;0;0;0;0;465130,326200000010431;5322148,654600000008941;8,532081979000054;48,051666387000068;1
204262;08240523111250784860;08;1;11;000;2024;05;17;5;3;5;3;0;1;1;1;0;0;0;0;519468,644899999722838;5401635,198300000280142;9,264942792000056;48,767418709000026;1
204268;08240522415400810210;08;4;15;061;2024;05;17;4;3;5;3;0;1;1;1;0;0;0;0;512566,516699999570847;5371380,562599999830127;9,170097097000053;48,495420975000059;1
204270;08240522317600777090;08;3;17;146;2024;05;15;4;3;8;1;0;1;1;0;0;0;0;0;431833,776700000278652;5355561,492200000211596;8,079951661000052;48,349550734000047;1