OID_;UIDENTSTLAE;ULAND;UREGBEZ;UKREIS;UGEMEINDE;UJAHR;UMONAT;USTUNDE;UWOCHENTAG;UKATEGORIE;UART;UTYP1;ULICHTVERH;IstStrassenzustand;IstRad;IstPKW;IstFuss;IstKrad;IstGkfz;IstSonstige;LINREFX;LINREFY;XGCSWGS84;YGCSWGS84;PLST
204272;08240522311010829000;08;3;11;000;2024;05;16;4;3;5;3;0;0;1;1;0;0;0;0;410943,974499999545515;5322131,988800000399351;7,805069914000057;48,046255181000049;1
204273;08240522311010809250;08;3;11;000;2024;05;08;4;3;1;5;0;0;1;1;0;0;0;0;409285,847799999639392;5315538,923900000751019;7,784221995000053;47,986716181000077;1
204274;08240522311010783940;08;3;36;050;2024;05;13;4;3;5;3;0;0;1;1;0;0;0;0;399175,305599999614060;5272849,220899999141693;7,658674637000047;47,601207283000065;1
204276;08240522311010777940;08;3;11;000;2024;05;09;4;2;5;3;0;0;1;1;0;0;0;0;412019,013799999840558;5317271,296900000423193;7,820489393000059;48,002681200000040;1
204277;08240522231000813360;08;2;31;000;2024;05;17;4;3;6;4;0;0;0;1;1;0;0;0;478044,494500000029802;5411412,644200000911951;8,700691662000054;48,855291789000034;1
204278;08240522226500796920;08;2;26;091;2024;05;16;4;3;6;4;0;0;0;0;1;1;0;0;494186,989900000393391;5460693,309699999168515;8,920045262000031;49,298956619000080;1
204279;08240522222700797740;08;2;22;000;2024;05;16;4;3;3;5;0;0;1;0;0;0;0;1;461342,597699999809265;5482094,465600000694394;8,466218664000053;49,490256154000065;1
204280;08240522222200827850;08;2;22;000;2024;05;22;4;3;5;3;2;0;1;1;0;0;0;0;462393,790799999609590;5481152,174399999901652;8,480822531000058;49,481846790000077;1
204282;08240522212702811700;08;2;15;017;2024;05;16;4;3;6;7;0;0;1;0;1;0;0;0;455433,919499999843538;5422176,580000000074506;8,391291850000073;48,950904083000069;1
204283;08240522212010806570;08;2;12;000;2024;05;18;4;3;4;6;0;0;1;1;0;0;0;0;456118,987999999895692;5433505,777899999171495;8,399424209000074;49,052860571000053;1
204284;08240522212010806080;08;2;12;000;2024;05;13;4;3;3;6;0;0;1;1;0;0;0;0;452271,208100000396371;5430941,398199999704957;8,347067193000044;49,029508014000044;1
204286;08240522136000792700;08;1;36;065;2024;05;16;4;2;0;7;0;1;1;0;0;0;0;0;558631,404000000096858;5406512,334000000730157;9,798556594000047;48,808831651000048;1
204287;08240522128300807200;08;1;28;131;2024;05;03;4;2;0;1;2;1;1;0;0;0;0;0;536734,803799999877810;5511781,016300000250340;9,510014875000024;49,757384913000067;1
204288;08240522128200780940;08;1;28;014;2024;05;15;4;3;0;7;0;0;1;0;0;0;0;0;547920,344999999739230;5482195,038599999621511;9,661688112000036;49,490499891000070;1
204291;08240522126100789220;08;1;26;047;2024;05;06;4;3;0;7;0;1;1;0;0;0;0;0;546627,101800000295043;5454703,329099999740720;9,640611190000072;49,243327121000050;1
204292;08240522121400794120;08;1;25;086;2024;05;07;4;3;3;6;0;0;1;1;0;0;0;0;503981,446499999612570;5443319,260800000280142;9,054590197000039;49,142687102000082;1
204294;08240522118600806280;08;1;18;076;2024;05;08;4;3;5;3;0;0;1;1;0;0;0;0;505534,383999999612570;5422722,501000000163913;9,075601293000034;48,957396295000080;1
204296;08240522118400797430;08;1;18;048;2024;05;12;4;3;0;1;0;0;1;0;0;0;0;0;512441,188199999742210;5415567,116100000217557;9,169731649000028;48,892928225000048;1
204300;08240522117300776870;08;1;17;026;2024;05;13;4;3;5;3;0;0;1;1;0;0;0;0;548436,634399999864399;5394411,139399999752641;9,658291185000053;48,700854756000069;1
204303;08240522111120803360;08;1;11;000;2024;05;07;4;3;0;7;0;0;1;0;0;0;0;0;513819,441300000064075;5404244,903100000694394;9,188152765000041;48,791046476000076;1
204304;08240522111120777080;08;1;11;000;2024;05;12;4;3;0;7;0;0;1;0;0;0;0;0;511680,962500000372529;5404129,453800000250340;9,159034056000053;48,790051754000046;1
204305;08240521435100777840;08;4;35;016;2024;05;14;3;3;5;3;0;1;1;1;0;0;0;0;535832,733000000007451;5278258,175400000065565;9,477203906000057;47,656725910000034;1
204306;08240521435100777580;08;4;35;016;2024;05;16;3;3;3;6;0;1;1;1;0;0;0;0;535253,852500000037253;5277760,889100000262260;9,469454806000044;47,652283417000035;1
204308;08240521415400827060;08;4;15;061;2024;05;16;3;3;6;4;0;1;0;1;1;0;0;0;514855,440600000321865;5372180,755799999460578;9,201107664000062;48,502569839000046;1
204309;08240521415400773610;08;4;15;061;2024;05;09;3;3;8;1;0;1;1;0;0;0;0;0;512210,657599999569356;5371284,859400000423193;9,165277503000027;48,494567011000072;1
204310;08240521337010779120;08;3;37;060;2024;05;19;3;3;0;1;0;1;1;0;0;0;0;0;470107,419300000183284;5277365,387900000438094;8,601963199000068;47,648994791000064;1
204313;08240521316100797250;08;3;16;011;2024;05;18;3;3;6;1;0;0;1;0;1;0;0;0;414284,491000000387430;5330465,849799999967217;7,848209927000028;48,121677617000046;1
204314;08240521311400773730;08;3;15;074;2024;05;19;3;3;5;3;0;0;1;1;0;0;0;0;399186,800999999977648;5297425,802999999374151;7,653142395000032;47,822279420000029;1
204315;08240521311010803160;08;3;11;000;2024;05;21;3;3;0;7;2;1;1;0;0;0;0;0;414046,485799999907613;5319259,870400000363588;7,847266141000034;48,020844956000076;1
204317;08240521231000783450;08;2;31;000;2024;05;08;3;3;5;3;0;1;1;1;0;0;0;0;476466,877999999560416;5416511,915999999269843;8,678891668000063;48,901105301000030;1
204319;08240521212302825420;08;2;12;000;2024;05;14;3;3;1;5;0;1;1;1;0;0;0;0;455396,122200000099838;5428772,158500000834465;8,390052071000071;49,010229492000065;1
204322;08240521119500790150;08;1;19;085;2024;05;08;3;3;6;2;0;1;0;1;1;0;0;0;529092,267900000326335;5413619,202099999412894;9,396754966000060;48,874847525000064;1
204323;08240521116500806220;08;1;16;049;2024;05;13;3;3;3;3;0;1;1;1;0;0;0;0;522999,979000000283122;5385033,991800000891089;9,312074599000027;48,617954350000048;1
204325;08240521111130778430;08;1;11;000;2024;05;17;3;3;2;7;0;0;1;1;0;0;0;0;508738,134899999946356;5403171,328600000590086;9,118947758000047;48,781480841000075;1
204329;08240520421200773950;08;4;21;000;2024;05;14;2;3;4;2;0;0;1;1;0;0;0;0;572726,613800000399351;5360567,742499999701977;9,982457407000027;48,394074634000049;1
204332;08240520336400809050;08;3;36;091;2024;05;17;2;3;5;3;0;0;1;1;0;0;0;0;395506,792999999597669;5271864,512000000104308;7,610119611000073;47,591768684000044;1
204333;08240520335400790010;08;3;35;021;2024;05;09;2;3;0;1;0;0;1;0;0;0;0;0;492815,724999999627471;5300813,040999999269843;8,903948678000063;47,860617035000075;1
204334;08240520335100784110;08;3;35;043;2024;05;20;2;3;0;1;0;0;1;0;0;0;0;0;513511,144299999810755;5280025,534299999475479;9,179992645000027;47,673479322000048;1
204335;08240520325069826400;08;3;26;074;2024;05;19;2;2;5;3;0;0;1;1;0;0;0;0;465661,472000000067055;5323960,303999999538064;8,539063736000060;48,067994243000044;1
204336;08240520317600771300;08;3;17;029;2024;05;15;2;3;8;1;0;0;1;0;0;0;0;0;435392,209699999541044;5348034,746700000017881;8,129127493000055;48,282216865000066;1
204337;08240520311010780240;08;3;36;078;2024;05;18;2;2;8;1;0;0;1;0;0;0;0;0;394460,937199999578297;5287375,277400000020862;7,592466886000068;47,731118785000035;1
204340;08240520225100799520;08;2;25;115;2024;05;20;2;3;0;1;0;0;1;0;0;0;0;0;519221,397499999962747;5470953,980799999088049;9,264873303000059;49,390976399000067;1
204342;08240520216100774210;08;2;16;023;2024;05;13;2;3;0;1;0;0;1;0;0;0;0;0;435367,239599999971688;5409081,976800000295043;8,119309998000062;48,831349982000063;1
204343;08240520215102774660;08;2;12;000;2024;05;12;2;3;1;5;0;0;1;1;0;0;0;0;455310,613699999637902;5433564,946200000122190;8,388354550000031;49,053334689000053;1
204344;08240520212302802980;08;2;12;000;2024;05;14;2;3;6;4;0;0;1;0;1;0;0;0;455065,232900000177324;5428793,607300000265241;8,385525132000055;49,010398419000069;1
204346;08240520212010807710;08;2;12;000;2024;05;11;2;1;4;6;0;0;1;0;0;0;0;0;456952,724600000306964;5430154,935499999672174;8,411190367000074;49,022778284000026;1
204348;08240520135200798940;08;1;35;019;2024;05;10;2;3;1;1;0;0;1;0;0;0;0;1;585505,441100000403821;5391163,518600000068545;10,161328311000034;48,667665372000044;1
204349;08240520127202802770;08;1;27;014;2024;05;11;2;3;2;6;0;0;1;0;0;0;0;0;579520,898900000378489;5438281,621099999174476;10,089226894000035;49,092245240000068;1
204350;08240520126100782170;08;1;26;028;2024;05;01;2;3;6;7;2;0;0;1;1;0;0;0;541366,570600000210106;5462468,632200000807643;9,569143746000066;49,313552129000072;1
204351;08240520121500774230;08;1;25;065;2024;05;15;2;2;9;7;0;0;1;0;0;0;0;0;516151,813900000415742;5448550,537499999627471;9,221669034000058;49,189544480000052;1
204352;08240520119300772490;08;1;19;067;2024;05;14;2;2;0;7;0;0;1;0;0;0;0;0;538515,506299999542534;5405696,171299999579787;9,524517698000068;48,803062192000027;1
204353;08240520116500802510;08;1;16;041;2024;05;18;2;3;6;7;0;0;1;0;1;0;0;0;519460,715400000102818;5384231,778500000014901;9,264015144000041;48,610857650000071;1
204354;08240520115300805610;08;1;15;028;2024;05;15;2;3;3;6;0;0;1;0;0;0;0;0;500556,686999999918044;5406543,458599999547005;9,007582474000060;48,811877432000074;1
204358;08240519436400799590;08;4;36;014;2024;05;15;1;2;0;1;0;0;1;0;0;0;0;0;556792,861999999731779;5299398,052799999713898;9,759081590000051;47,845416539000041;1
204359;08240519436300793180;08;4;36;081;2024;05;15;1;3;2;6;0;0;1;0;0;0;0;0;561974,754999999888241;5280100,417999999597669;9,825583259000041;47,671324073000051;1
204360;08240519416200787530;08;4;16;025;2024;05;16;1;3;0;7;0;0;1;1;0;0;0;0;503905,456100000068545;5361289,052899999544024;9,052769197000032;48,404746493000061;1
204361;08240519416200780420;08;4;16;041;2024;05;21;1;2;0;7;1;0;1;0;0;0;0;0;504539,320000000298023;5376119,297000000253320;9,061494750000065;48,538161659000082;1
204362;08240519416200768930;08;4;16;041;2024;05;16;1;3;2;6;0;0;1;1;0;0;0;0;504564,009999999776483;5373667,475999999791384;9,061802383000042;48,516104032000044;1
204364;08240519335100803870;08;3;35;043;2024;05;17;1;3;4;7;0;0;1;0;0;0;0;0;513805,969800000078976;5280239,376199999824166;9,183926989000042;47,675397169000064;1
204365;08240519335100783060;08;3;35;043;2024;05;22;1;2;0;7;2;0;1;0;0;0;0;0;511348,069099999964237;5287642,492799999192357;9,151375032000033;47,742055375000064;1
204366;08240519335100770740;08;3;35;043;2024;05;15;1;2;4;1;0;0;1;0;0;0;0;0;509774,071200000122190;5281731,011900000274181;9,130246484000054;47,688891935000072;1
204368;08240519317100784960;08;3;17;089;2024;05;23;1;3;0;1;2;1;1;0;0;0;0;0;427904,536500000394881;5375329,146800000220537;8,023523821000026;48,526928285000054;1
204369;08240519317000802280;08;3;17;065;2024;05;09;1;2;0;1;0;0;1;0;0;0;0;0;414446,251400000415742;5353781,676799999549985;7,845676032000028;48,331425477000039;1
204370;08240519317000788560;08;3;17;057;2024;05;23;1;3;1;5;2;0;1;1;0;0;0;0;413407,567999999970198;5379867,316600000485778;7,826269474000071;48,565913906000048;1
204372;08240519221400765820;08;2;26;098;2024;05;00;1;3;6;7;2;0;0;1;1;0;0;0;477799,463100000284612;5460054,919999999925494;8,694681491000040;49,292838523000057;1
204375;08240519215402771510;08;2;15;009;2024;05;19;1;3;1;5;0;0;1;1;0;0;0;0;470170,649799999780953;5440594,813799999654293;8,591212303000077;49,117468769000027;1
204378;08240518437200810620;08;4;37;107;2024;05;10;7;3;0;1;0;0;1;0;0;0;0;0;505311,792000000365078;5329938,055999999865890;9,071377329000029;48,122678644000075;1
204379;08240518435200825470;08;4;35;067;2024;05;16;7;3;0;2;0;0;1;1;0;0;0;0;529206,076000000350177;5292108,031999999657273;9,389884066000036;47,781672012000058;1
204380;08240518435100767850;08;4;35;057;2024;05;13;7;3;5;3;0;0;1;1;0;0;0;0;544435,871000000275671;5279249,994999999180436;9,591871712000057;47,665115831000037;1
204381;08240518426300781750;08;4;26;097;2024;05;06;7;3;0;1;0;0;1;0;0;0;0;0;536199,161500000394881;5332823,137000000104308;9,486663402000033;48,147627531000069;1
204382;08240518426100765580;08;4;26;021;2024;05;05;7;3;5;3;1;0;1;1;0;0;0;0;558730,835400000214577;5326213,609999999403954;9,788645744000064;48,086485619000030;1
204383;08240518426000791470;08;4;26;014;2024;05;19;7;3;5;3;0;0;1;1;0;0;0;0;548177,900000000372529;5317484,292999999597669;9,645967027000040;48,008837117000041;1
204385;08240518421200765150;08;4;21;000;2024;05;21;7;3;6;4;2;1;0;1;1;0;0;0;572858,104199999943376;5361179,826799999922514;9,984339643000055;48,399565295000059;1
204388;08240518415400766670;08;4;15;080;2024;05;15;7;3;5;3;0;0;1;1;0;0;0;0;511126,654500000178814;5373334,939500000327826;9,150659673000064;48,513030410000056;1
204390;08240518335400797230;08;3;35;079;2024;05;18;7;3;0;1;0;0;1;0;0;0;0;0;500725,765899999998510;5299825,585599999874830;9,009701594000035;47,851772256000061;1
204392;08240518325202792300;08;3;25;049;2024;05;19;7;3;0;1;1;0;1;0;0;0;0;0;472175,273099999874830;5334800,527400000020862;8,625790719000065;48,165839164000033;1
204393;08240518317600766200;08;3;17;040;2024;05;14;7;3;8;1;0;0;1;0;0;0;0;0;432660,940000000409782;5347891,474199999123812;8,092339227000025;48,280643374000078;1
204396;08240518415400792890;08;4;15;061;2024;05;12;7;3;6;3;0;0;0;1;1;0;0;0;514874,553299999795854;5369264,262000000104308;9,201262548000045;48,476331553000080;1
204397;08240518311100781570;08;3;15;013;2024;05;09;7;2;6;2;0;0;0;1;1;0;0;0;404665,745699999853969;5324896,617100000381470;7,720235115000037;48,070215711000060;1
204398;08240518311010797540;08;3;11;000;2024;05;10;7;3;2;6;0;0;1;0;0;0;0;0;414160,868999999947846;5316740,846999999135733;7,849304074000031;47,998200827000062;1
204401;08240518212702846460;08;2;15;096;2024;05;13;7;3;6;4;0;0;0;1;1;0;0;0;463667,097199999727309;5413174,929999999701977;8,504541537000023;48,870469052000033;1
204402;08240518212010782230;08;2;12;000;2024;05;14;7;3;2;6;0;0;1;1;0;0;0;0;454198,859000000171363;5428639,854800000786781;8,373695707000024;49,008951708000041;1
204404;08240518136100811170;08;1;36;088;2024;05;17;7;2;6;4;0;0;0;1;1;0;0;0;580399,179999999701977;5409914,054400000721216;10,095650390000060;48,836992734000034;1
204405;08240518136100779010;08;1;36;038;2024;05;19;7;3;1;5;0;0;1;1;0;0;0;0;591337,829800000414252;5413942,464700000360608;10,245582309000042;48,871710260000043;1
204408;08240518118400778840;08;1;18;048;2024;05;10;7;3;0;5;0;0;1;1;0;0;0;0;514104,581399999558926;5416054,641300000250340;9,192441564000035;48,897278237000080;1
204410;08240518117100766560;08;1;17;015;2024;05;17;7;3;1;5;0;0;1;1;0;0;0;0;558811,658999999985099;5392849,292600000277162;9,799060343000065;48,685913721000077;1
204411;08240518116500800080;08;1;16;022;2024;05;19;7;3;6;4;0;1;1;0;1;0;0;0;522823,122000000439584;5382077,899900000542402;9,309512417000064;48,591367514000069;1
204412;08240518116500766030;08;1;16;018;2024;05;15;7;3;5;3;0;0;1;1;0;0;0;0;531975,588000000454485;5378018,914899999275804;9,433316932000025;48,554452285000082;1
204414;08240518111500765460;08;1;11;000;2024;05;19;7;3;0;5;1;1;1;1;0;0;0;0;514755,153500000014901;5408984,339099999517202;9,201062890000060;48,833660257000076;1
204416;08240518111320768090;08;1;11;000;2024;05;13;7;3;5;3;0;0;1;1;0;0;0;0;515493,313699999824166;5406060,568900000303984;9,211011015000054;48,807340517000057;1
204417;08240518111320764930;08;1;11;000;2024;05;21;7;2;0;1;1;1;1;0;0;0;0;0;516222,548999999649823;5404931,683700000867248;9,220898150000039;48,797166616000027;1
204419;08240517436000786190;08;4;36;064;2024;05;08;6;2;0;1;0;1;1;0;0;0;0;0;546061,892900000326335;5292033,108100000768900;9,614880494000033;47,780013099000030;1
204420;08240517336200765870;08;3;36;069;2024;05;17;6;3;5;6;0;0;1;1;0;0;0;0;408238,214999999850988;5268818,518999999389052;7,780056664000028;47,566294232000075;1
204421;08240517335100792280;08;3;35;043;2024;05;13;6;3;4;6;0;0;1;0;0;0;0;1;512676,171000000089407;5280430,923000000417233;9,168881126000031;47,677143781000041;1
204422;08240517326000782890;08;3;27;049;2024;05;17;6;3;6;4;0;0;0;1;1;0;0;0;472633,139299999922514;5324943,546800000593066;8,632581281000057;48,077177658000039;1
204427;08240517225200763620;08;2;25;109;2024;05;15;6;3;0;1;0;1;1;0;0;0;0;0;526439,043600000441074;5491665,652000000700355;9,365716480000060;49,577000553000062;1
204430;08240517215302765290;08;2;15;007;2024;05;12;6;2;5;3;0;1;1;1;0;0;0;0;478253,490000000223517;5431245,609999999403954;8,702482071000077;49,033708231000048;1
204433;08240517136000779610;08;1;36;020;2024;05;07;6;2;8;1;0;1;1;0;0;0;0;0;562671,709499999880791;5418339,689600000157952;9,855390292000038;48,914822402000027;1
204436;08240517118100780860;08;1;18;079;2024;05;22;6;3;6;2;2;1;0;1;1;0;0;0;509734,088999999687076;5423172,851099999621511;9,132981126000061;48,961395627000059;1
204444;08240517111500761140;08;1;11;000;2024;05;08;6;3;0;1;0;1;1;0;0;0;0;0;514152,814000000245869;5402863,120999999344349;9,192644051000059;48,778608600000041;1
204445;08240516437000771850;08;4;37;105;2024;05;16;5;3;5;3;0;0;1;0;0;0;0;1;519571,360000000335276;5323686,712999999523163;9,262702628000056;48,066156931000080;1
204446;08240516436400789670;08;4;36;082;2024;05;13;5;3;6;4;0;0;0;1;1;0;0;0;546669,034400000236928;5294301,566299999132752;9,623228705000031;47,800378682000030;1
204447;08240516436300791100;08;4;36;049;2024;05;19;5;3;5;3;0;0;1;1;0;0;0;0;578167,114099999889731;5282894,267200000584126;10,041753623000034;47,694703457000060;1
204449;08240516435100787880;08;4;35;057;2024;05;09;5;3;5;2;0;0;1;1;0;0;0;0;544096,731100000441074;5279675,559399999678135;9,587397680000038;47,668967948000045;1
204451;08240516426000796300;08;4;25;072;2024;05;13;5;3;6;4;0;0;0;1;1;0;0;0;583256,664699999615550;5372676,720000000670552;10,127088046000040;48,501689339000052;1
204452;08240516426000774970;08;4;21;000;2024;05;18;5;2;6;7;1;1;0;1;1;0;0;0;572082,652200000360608;5355803,984999999403954;9,972942705000037;48,351297148000072;1
204454;08240516417100771500;08;4;17;079;2024;05;06;5;3;3;2;0;0;1;1;0;0;0;0;499993,503600000403821;5346884,084400000050664;8,999912445000064;48,275162096000031;1
204456;08240516415400762350;08;4;15;061;2024;05;10;5;3;4;3;0;1;1;1;0;0;0;0;516279,334200000390410;5370803,922800000756979;9,220330007000030;48,490148091000037;1
204458;08240516337010821600;08;3;37;076;2024;05;15;5;2;6;6;0;0;0;0;1;0;1;0;425753,333100000396371;5267261,113199999555945;8,013137876000030;47,554523175000043;1
204459;08240517221200793950;08;2;21;000;2024;05;06;6;3;0;7;1;1;1;0;0;0;0;0;477138,920500000007451;5472197,865299999713898;8,684900581000022;49,402039188000060;1
204460;08240516335100778140;08;3;35;066;2024;05;14;5;3;1;3;0;0;1;0;0;0;1;0;504422,360700000077486;5282523,048800000920892;9,058939209000073;47,696077206000041;1
204462;08240516317500803090;08;3;17;096;2024;05;07;5;3;8;1;0;0;1;0;0;0;0;0;422739,801699999719858;5369362,194599999114871;7,954687517000025;48,472641603000056;1
204463;08240516316100775720;08;3;16;017;2024;05;08;5;3;5;2;0;0;1;1;0;0;0;0;408988,129999999888241;5341543,672000000253320;7,774685301000034;48,220585904000075;1
204465;08240516226600819840;08;2;26;031;2024;05;17;5;3;0;7;0;0;1;0;0;0;0;0;474302,857900000177324;5493787,981699999421835;8,644406895000031;49,596121873000072;1
204466;08240516226300783120;08;2;26;097;2024;05;16;5;3;4;6;0;0;1;0;0;0;0;0;485254,925300000235438;5467580,592499999329448;8,796935572000052;49,360757725000042;1
204467;08240516225200789290;08;2;25;109;2024;05;15;5;2;0;1;0;0;1;0;0;0;0;0;526436,228000000119209;5491657,417999999597669;9,365676981000036;49,576926615000048;1
204469;08240516212702805870;08;2;15;110;2024;05;18;5;3;5;3;0;0;1;1;0;0;0;0;461548,388000000268221;5418840,835000000894070;8,475117372000057;48,921308386000078;1
204470;08240516212102777550;08;2;12;000;2024;05;17;5;3;5;3;0;0;1;1;0;0;0;0;459758,509700000286102;5427033,634899999946356;8,449875973000076;48,994891040000027;1
204473;08240516212010761860;08;2;12;000;2024;05;17;5;3;5;3;0;0;1;1;0;0;0;0;455053,985100000165403;5429567,945499999448657;8,385285574000022;49,017362831000071;1
204475;08240516211100758900;08;2;11;000;2024;05;08;5;3;0;7;0;0;1;0;0;0;0;0;440868,679100000299513;5404256,934000000357628;8,194959997000069;48,788496864000081;1
204476;08240516136000815200;08;1;27;025;2024;05;17;5;3;1;5;0;0;1;1;0;0;0;0;556059,183000000193715;5427758,802999999374151;9,766443546000062;49,000180220000061;1
204477;08240516136000762950;08;1;36;065;2024;05;17;5;3;6;4;0;0;0;0;1;0;0;1;559983,954400000162423;5405726,254799999296665;9,816861470000049;48,801631782000072;1
204478;08240516121600788580;08;1;25;102;2024;05;07;5;3;6;4;0;0;0;1;1;0;0;0;520512,405700000002980;5443944,850199999287724;9,281278746000055;49,147984836000035;1
204480;08240516121300758840;08;1;21;000;2024;05;20;5;3;5;2;1;0;1;1;0;0;0;0;513569,897499999962747;5445709,932299999520183;9,186138942000071;49,164054980000060;1
204481;08240516121200762550;08;1;21;000;2024;05;15;5;3;3;6;0;0;1;0;0;0;0;0;514261,574000000022352;5441123,242000000551343;9,195464305000030;49,122780461000048;1
204482;08240516121200758380;08;1;21;000;2024;05;09;5;3;0;3;0;0;1;1;0;0;0;0;516085,844999999739230;5444845,407999999821186;9,220615523000049;49,156217541000046;1
204483;08240516119500756870;08;1;19;085;2024;05;07;5;3;5;3;0;0;1;1;0;0;0;0;528396,144299999810755;5412637,796900000423193;9,387193463000074;48,866051456000037;1
204485;08240516118400063730;08;1;18;048;2024;05;18;5;3;0;7;0;0;1;1;0;0;0;0;516165,481100000441074;5415908,678400000557303;9,220554303000029;48,895914847000029;1
204486;08240516118300803150;08;1;18;003;2024;05;07;5;3;4;2;0;0;1;1;0;0;0;0;510780,230600000359118;5417149,033399999141693;9,147113511000043;48,907189872000060;1
204487;08240516116100816640;08;1;16;037;2024;05;12;5;3;0;1;0;0;1;0;0;0;0;0;535017,635099999606609;5397893,444900000467896;9,476220071000057;48,733078360000036;1
204490;08240516115400794090;08;1;15;045;2024;05;18;5;3;5;3;0;0;1;1;0;0;0;0;499853,927799999713898;5394631,957699999213219;8,998014620000049;48,704721855000059;1
204491;08240516115100807750;08;1;15;024;2024;05;08;5;3;5;3;0;0;1;1;0;0;0;0;500709,148599999956787;5387393,477099999785423;9,009626175000051;48,639603152000063;1
204492;08240516111210793590;08;1;11;000;2024;05;17;5;2;0;7;0;0;1;0;0;0;0;1;511645,840499999932945;5398958,336899999529123;9,158409496000047;48,743533315000036;1
204494;08240515436200770010;08;4;36;064;2024;05;20;4;3;8;1;0;1;1;0;0;0;0;0;546295,911899999715388;5291714,639799999073148;9,617970273000026;47,777131059000055;1
204495;08240515435100802860;08;4;35;016;2024;05;19;4;3;1;4;0;1;1;0;1;0;0;0;537087,250599999912083;5280187,281199999153614;9,494074131000048;47,674012104000042;1
204496;08240515435100754540;08;4;35;016;2024;05;12;4;3;0;1;0;0;1;0;0;0;0;0;535782,694400000385940;5277827,777599999681115;9,476502307000032;47,652856210000039;1
204497;08240515426200759210;08;4;26;073;2024;05;15;4;3;5;7;0;0;1;1;0;0;0;0;564535,345399999991059;5335915,414000000804663;9,868050359000051;48,173201247000065;1
204498;08240515416200756640;08;4;16;041;2024;05;18;4;3;0;1;0;1;1;0;0;0;0;0;503444,644600000232458;5371870,324899999424815;9,046629952000046;48,499943307000080;1
204499;08240515416010780760;08;4;16;041;2024;05;19;4;2;5;3;0;0;1;0;0;0;0;0;506176,583499999716878;5375122,076300000771880;9,083660165000026;48,529176340000049;1
204503;08240515335100788510;08;3;35;043;2024;05;16;4;3;0;1;0;0;1;0;0;0;0;0;512783,677799999713898;5285368,790999999269843;9,170458159000077;47,721570728000074;1
204505;08240515317600757130;08;3;17;040;2024;05;19;4;3;1;5;0;0;1;1;0;0;0;0;431944,877799999900162;5347665,294500000774860;8,082725157000027;48,278532176000056;1
204506;08240515317100754670;08;3;17;001;2024;05;12;4;2;0;7;0;0;1;0;0;0;0;0;431111,215099999681115;5388627,167799999937415;8,064744816000029;48,646905050000044;1
204507;08240515317010758080;08;3;17;057;2024;05;12;4;2;1;5;0;0;1;1;0;0;0;0;413012,973100000061095;5380605,896199999377131;7,820767582000030;48,572502334000035;1
204508;08240515317000754460;08;3;17;122;2024;05;15;4;3;5;3;0;0;1;1;0;0;0;0;417191,898199999704957;5367838,079600000753999;7,879941841000061;48,458226464000063;1
204510;08240515311010783760;08;3;11;000;2024;05;19;4;3;5;3;0;0;1;1;0;0;0;0;411785,342100000008941;5316492,593100000172853;7,817517480000049;47,995644344000027;1
204513;08240515226700820090;08;2;26;098;2024;05;06;4;2;0;7;1;0;1;0;0;0;0;0;476622,069699999876320;5459977,137399999424815;8,678493901000024;49,292094951000081;1
204515;08240515225200803340;08;2;25;091;2024;05;20;4;3;0;1;2;1;1;0;0;0;0;0;525759,912100000306964;5476474,336899999529123;9,355331559000035;49,440389342000060;1
204516;08240515221200783400;08;2;21;000;2024;05;13;4;3;0;7;0;1;1;0;0;0;0;0;476841,621399999596179;5472490,637099999934435;8,680785836000041;49,404661386000043;1
204518;08240515212502756450;08;2;12;000;2024;05;15;4;3;6;6;0;0;0;1;1;0;0;0;451942,708899999968708;5431747,435499999672174;8,342478066000069;49,036732784000037;1
204519;08240515212402759730;08;2;12;000;2024;05;10;4;3;5;7;0;0;1;1;0;0;0;0;456764,019899999722838;5427185,514299999922514;8,408925635000060;48,996054778000030;1
204520;08240515212402759550;08;2;12;000;2024;05;18;4;3;0;7;0;0;1;0;0;0;0;0;456737,570799999870360;5427521,345499999821186;8,408528306000051;48,999073774000067;1
204522;08240515212010757420;08;2;12;000;2024;05;12;4;3;5;3;0;1;1;1;0;0;0;0;452003,940000000409782;5431207,015499999746680;8,343379758000026;49,031876491000048;1
204523;08240515212010753710;08;2;12;000;2024;05;10;4;3;0;7;0;1;1;0;0;0;0;0;455932,150000000372529;5428731,232999999076128;8,397386146000031;49,009899876000077;1
204524;08240515121600784030;08;1;25;102;2024;05;19;4;3;6;4;0;0;0;1;1;0;0;0;520871,747800000011921;5444064,617399999871850;9,286212407000050;49,149050066000029;1
204525;08240527436400827530;08;4;36;082;2024;05;10;2;3;1;5;0;0;1;1;0;0;0;0;547902,732400000095367;5295165,561799999326468;9,639798185000075;47,808061366000061;1
204528;08240515119300766970;08;1;19;061;2024;05;11;4;3;8;7;0;0;1;0;0;0;0;0;538889,710699999704957;5414809,982599999755621;9,530478710000068;48,885021959000028;1
204530;08240515118400790360;08;1;18;048;2024;05;13;4;3;2;6;0;0;1;0;0;0;0;0;513973,223299999721348;5415597,769799999892712;9,190633710000043;48,893171321000068;1
204533;08240515116100755280;08;1;16;019;2024;05;07;4;3;0;1;0;0;1;0;0;0;0;0;523497,602199999615550;5398694,549599999561906;9,319602976000056;48,740825957000027;1