OID_;UIDENTSTLAE;ULAND;UREGBEZ;UKREIS;UGEMEINDE;UJAHR;UMONAT;USTUNDE;UWOCHENTAG;UKATEGORIE;UART;UTYP1;ULICHTVERH;IstStrassenzustand;IstRad;IstPKW;IstFuss;IstKrad;IstGkfz;IstSonstige;LINREFX;LINREFY;XGCSWGS84;YGCSWGS84;PLST
204535;08240515115400799640;08;1;15;045;2024;05;07;4;3;5;3;0;0;1;1;0;0;0;0;497746,406399999745190;5396193,977600000798702;8,969361138000068;48,718769837000082;1
204541;08240514437100752260;08;4;37;100;2024;05;08;3;3;5;3;0;0;1;1;0;0;0;0;537278,964300000108778;5317359,546000000089407;9,499830365000037;48,008443539000041;1
204542;08240514435200752720;08;4;35;059;2024;05;16;3;3;8;2;0;0;1;0;0;0;0;0;513817,174899999983609;5291613,203700000420213;9,184437184000046;47,777733753000064;1
204543;08240514435100752780;08;4;35;016;2024;05;17;3;3;1;5;0;0;1;1;0;0;0;0;536537,801699999719858;5277991,617300000041723;9,486571061000063;47,654288142000041;1
204547;08240514417100818490;08;4;17;079;2024;05;14;3;3;6;7;0;0;0;1;1;0;0;0;501354,653599999845028;5345488,421199999749660;9,018252815000039;48,262604195000051;1
204548;08240514416200779810;08;4;16;041;2024;05;07;3;3;5;2;0;0;1;1;0;0;0;0;503930,173499999567866;5375646,406899999827147;9,053238107000027;48,533911490000037;1
204549;08240514415400782560;08;4;15;061;2024;05;07;3;3;3;2;0;0;1;1;0;0;0;0;515924,010300000198185;5370424,886600000783801;9,215506520000076;48,486747251000054;1
204550;08240514415400766650;08;4;15;061;2024;05;09;3;3;3;2;0;0;1;1;0;0;0;0;515146,341000000014901;5371595,499700000509620;9,205024510000044;48,497297727000046;1
204551;08240514415112815350;08;4;15;061;2024;05;07;3;3;5;3;0;0;1;0;1;0;0;0;515123,876000000163913;5372903,428999999538064;9,204767812000057;48,509064843000033;1
204552;08240514415100783490;08;4;15;062;2024;05;18;3;3;5;3;0;0;1;0;0;0;0;0;519915,771399999968708;5378610,677500000223517;9,269919202000040;48,560274971000069;1
204554;08240514335400751780;08;3;35;079;2024;05;21;3;3;0;1;1;0;1;0;0;0;0;0;500571,161999999545515;5301624,879000000655651;9,007637321000061;47,867961389000072;1
204556;08240514335100772160;08;3;35;043;2024;05;19;3;2;5;3;0;0;1;1;0;0;0;0;512944,853699999861419;5279104,906700000166893;9,172421391000057;47,665207407000025;1
204557;08240514335100764240;08;3;35;043;2024;05;07;3;3;0;7;0;0;1;0;0;0;0;0;513384,162600000388920;5280328,795499999076128;9,178310326000030;47,676210603000072;1
204559;08240514326000750410;08;3;35;098;2024;05;12;3;3;8;1;0;0;1;0;0;0;0;0;504039,882699999958277;5295814,772199999541044;9,053965235000021;47,815672893000055;1
204560;08240516121500821680;08;1;25;005;2024;05;14;5;3;0;6;0;0;1;0;0;0;0;1;514767,095099999569356;5452877,663100000470877;9,202824311000029;49,228502892000051;1
204562;08240514325202776090;08;3;25;049;2024;05;00;3;3;0;1;2;0;1;0;0;0;0;0;472099,586600000038743;5334981,077199999243021;8,624761000000035;48,167460204000065;1
204563;08240514325000780010;08;3;26;003;2024;05;11;3;2;5;3;0;0;1;1;0;0;0;0;466520,484199999831617;5319282,798100000247359;8,550960093000072;48,025957163000044;1
204564;08240514325000768840;08;3;25;049;2024;05;10;3;2;6;2;0;0;0;1;1;0;0;0;472659,175999999977648;5334354,714299999177456;8,632327160000045;48,161849299000039;1
204565;08240514317500751720;08;3;17;096;2024;05;09;3;3;5;3;0;0;1;1;0;0;0;0;422395,855399999767542;5369469,278300000354648;7,950014940000074;48,473562459000050;1
204567;08240514311400783660;08;3;15;006;2024;05;13;3;3;5;3;0;0;0;0;1;1;0;0;403386,053500000387430;5308555,500000000000000;7,706740120000063;47,923036549000074;1
204568;08240514311010776470;08;3;11;000;2024;05;00;3;2;3;6;2;0;1;0;0;0;0;0;413139,923700000159442;5316694,299100000411272;7,835630368000068;47,997644217000072;1
204569;08240514311010776010;08;3;11;000;2024;05;13;3;3;3;6;0;0;1;1;0;0;0;0;413046,860999999567866;5316640,108999999240041;7,834394100000054;47,997144109000033;1
204570;08240514311010775840;08;3;11;000;2024;05;13;3;3;5;3;0;0;1;0;0;0;0;0;412197,903199999593198;5317681,994799999520183;7,822803067000052;48,006400140000039;1
204571;08240514311010755470;08;3;11;000;2024;05;18;3;3;0;7;0;0;1;0;0;0;0;0;413557,537399999797344;5315305,893899999558926;7,841506943000070;47,985211617000061;1
204573;08240514237200755740;08;2;37;019;2024;05;14;3;3;0;6;0;0;1;1;0;0;0;0;463054,975700000301003;5368823,847300000488758;8,500156595000021;48,471459981000066;1
204574;08240514231202768650;08;2;36;004;2024;05;14;3;3;5;3;0;0;1;1;0;0;0;0;472427,843000000342727;5414223,797000000253320;8,623934778000034;48,880355693000070;1
204576;08240514222600754770;08;2;22;000;2024;05;15;3;3;4;2;0;0;1;1;0;0;0;0;463806,943799999542534;5483321,130300000309944;8,500132583000038;49,501441387000057;1
204577;08240514222500752220;08;2;22;000;2024;05;09;3;3;1;5;0;0;1;1;0;0;0;0;461594,633299999870360;5480087,940099999308586;8,469893478000074;49,472224510000046;1
204578;08240514222014753030;08;2;22;000;2024;05;09;3;3;5;3;0;0;1;1;0;0;0;0;463023,871799999848008;5486366,818700000643730;8,489032600000030;49,528788454000050;1
204579;08240514221011818480;08;2;21;000;2024;05;17;3;3;5;2;0;0;1;1;0;0;0;0;477383,482300000265241;5473440,529600000008941;8,688200600000073;49,413225898000064;1
204580;08240514216200755160;08;2;11;000;2024;05;18;3;2;0;7;0;0;1;0;0;0;0;0;438122,550599999725819;5396751,589099999517202;8,158705174000033;48,720718892000036;1
204582;08240514215302818500;08;2;15;059;2024;05;11;3;3;6;4;0;0;0;1;1;0;0;0;485433,610999999567866;5434548,183700000867248;8,800595061000024;49,063627928000074;1
204585;08240514212010787130;08;2;12;000;2024;05;17;3;3;5;3;0;0;1;1;0;0;0;0;456029,732699999585748;5426963,690099999308586;8,398911857000030;48,994007581000062;1
204586;08240514212010784020;08;2;12;000;2024;05;17;3;3;3;2;0;0;1;1;0;0;0;0;455216,705000000074506;5429806,368000000715256;8,387484601000040;49,019519293000030;1
204587;08240514211100752120;08;2;11;000;2024;05;19;3;3;0;1;0;0;1;0;0;0;0;0;444163,175499999895692;5401099,348400000482798;8,240237218000061;48,760398351000049;1
204588;08240514211000775340;08;2;16;043;2024;05;14;3;2;0;1;0;0;1;0;0;0;0;0;440500,362499999813735;5413167,177400000393391;8,188653079000062;48,868609229000072;1
204589;08240514136100780000;08;1;36;088;2024;05;22;3;2;0;1;2;0;1;0;0;0;0;0;583020,095999999903142;5407625,485099999234080;10,130896782000036;48,816064098000027;1
204590;08240514136000789890;08;1;36;065;2024;05;16;3;3;0;1;0;0;1;0;0;0;0;0;557887,294999999925494;5405720,400000000372529;9,788311213000043;48,801777909000066;1
204591;08240514136000753690;08;1;36;042;2024;05;15;3;3;5;3;0;0;1;1;0;0;0;0;551229,143400000408292;5405149,925899999216199;9,697576586000025;48,797230748000061;1
204593;08240514121600065510;08;1;25;046;2024;05;11;3;2;0;1;0;0;1;0;0;0;0;0;520272,402999999932945;5433904,332000000402331;9,277483704000076;49,057674835000057;1
204594;08240514121500837340;08;1;25;027;2024;05;08;3;3;0;7;0;0;1;1;0;0;0;0;517690,872600000351667;5447429,289100000634789;9,242741692000038;49,179416103000051;1
204595;08240514121500770780;08;1;25;005;2024;05;14;3;3;7;1;0;0;1;0;0;0;0;0;515268,496899999678135;5452796,367699999362230;9,209707863000062;49,227759327000058;1
204597;08240515128200783530;08;1;28;139;2024;05;11;4;3;5;3;0;0;1;1;0;0;0;0;551103,127000000327826;5490822,302999999374151;9,706750643000021;49,567834698000070;1
204598;08240514121200751140;08;1;21;000;2024;05;19;3;3;5;3;0;0;1;1;0;0;0;0;514560,831299999728799;5440392,088899999856949;9,199539412000036;49,116196448000039;1
204599;08240514119500751520;08;1;19;085;2024;05;07;3;3;6;4;0;0;0;1;1;0;0;0;528792,412499999627471;5414090,380699999630451;9,392698871000050;48,879100056000027;1
204601;08240514119100753400;08;1;19;008;2024;05;08;3;3;5;3;0;0;1;1;0;0;0;0;531390,737399999983609;5420330,253799999132752;9,428616160000047;48,935104771000056;1
204603;08240515212010772360;08;2;12;000;2024;05;12;4;3;5;3;0;0;1;1;0;0;0;0;455127,961900000460446;5427760,139699999243021;8,386497103000067;49,001106849000053;1
204605;08240514118010783850;08;1;15;028;2024;05;17;3;3;5;3;0;0;1;1;0;0;0;0;501162,087199999950826;5404765,263399999588728;9,015823424000075;48,795880086000068;1
204607;08240514111340771210;08;1;11;000;2024;05;18;3;3;0;7;0;0;1;0;0;0;0;0;510253,301699999719858;5409836,005999999120831;9,139739401000043;48,841412385000069;1
204608;08240516212702822840;08;2;15;096;2024;05;11;5;3;6;7;0;0;0;1;1;0;0;0;463509,314600000157952;5418731,449799999594688;8,501893643000074;48,920443129000034;1
204611;08240514111110770250;08;1;11;000;2024;05;19;3;3;4;6;0;0;1;0;0;0;0;0;513073,191999999806285;5402269,742399999871850;9,177929757000072;48,773294237000073;1
204612;08240513436200752030;08;4;36;064;2024;05;12;2;3;4;6;0;0;1;0;0;0;0;0;545105,801500000059605;5292301,056399999186397;9,602146199000060;47,782491497000080;1
204613;08240513436000757690;08;4;35;057;2024;05;13;2;3;6;4;0;0;1;0;1;0;0;0;543900,689699999988079;5280956,197599999606609;9,584915172000024;47,680503483000052;1
204616;08240513421200768440;08;4;21;000;2024;05;14;2;2;6;4;0;0;0;0;1;0;1;0;572858,081899999640882;5361180,380699999630451;9,984339438000063;48,399570280000034;1
204618;08240513416100931780;08;4;16;036;2024;05;20;2;3;6;3;0;0;1;0;1;0;0;0;494932,955000000074506;5369154,858999999240041;8,931440660000021;48,475502860000063;1
204619;08240513415400794490;08;4;15;061;2024;05;07;2;3;5;3;0;0;1;1;0;0;0;0;512244,209099999628961;5371320,485899999737740;9,165732683000044;48,494886867000048;1
204622;08240513337200763440;08;3;37;123;2024;05;20;2;3;0;7;0;0;1;0;0;0;0;0;451798,734000000171363;5277887,735999999567866;8,358127787000058;47,652589699000032;1
204623;08240513336300784470;08;3;36;081;2024;05;15;2;3;0;1;0;0;1;0;0;0;0;0;412510,416400000452995;5279270,250000000000000;7,834754698000040;47,660907318000056;1
204624;08240513335200816540;08;3;35;063;2024;05;09;2;3;0;1;0;0;1;0;0;0;0;0;495338,060600000433624;5288943,892100000753999;8,937799058000053;47,753847798000038;1
204627;08240513326400801420;08;3;26;074;2024;05;14;2;3;0;1;0;0;1;0;0;0;0;0;459478,956199999898672;5324144,640900000929832;8,456060095000055;48,069289793000053;1
204628;08240513317000756780;08;3;17;073;2024;05;10;2;3;5;3;0;0;1;0;0;0;0;1;410013,805300000123680;5348463,476999999955297;7,787019612000051;48,282974314000057;1
204629;08240513316100777660;08;3;16;024;2024;05;17;2;3;4;6;0;0;1;1;0;0;0;0;409073,658400000073016;5334813,225999999791384;7,777277738000066;48,160058923000065;1
204630;08240513311100780210;08;3;15;132;2024;05;17;2;3;1;5;0;0;1;1;0;0;0;0;409549,218500000424683;5323341,012499999254942;7,786104167000076;48,056934313000056;1
204631;08240513311010764720;08;3;11;000;2024;05;17;2;3;6;4;0;0;0;0;1;1;0;0;414678,322100000455976;5315208,885700000450015;7,856543743000032;47,984489482000072;1
204633;08240513311000776100;08;3;15;006;2024;05;09;2;3;0;1;0;0;1;0;0;0;0;0;403357,746399999596179;5307793,426999999210238;7,706532212000070;47,916177421000043;1
204634;08240513231000784040;08;2;31;000;2024;05;16;2;3;5;3;0;0;1;1;0;0;0;0;475739,941300000064075;5416365,108400000259280;8,668981543000029;48,899756631000059;1
204636;08240513222700811680;08;2;22;000;2024;05;19;2;3;3;6;0;0;1;0;0;0;0;0;464963,213399999774992;5480937,694099999964237;8,516312655000036;49,480071401000032;1
204637;08240513222014761800;08;2;26;040;2024;05;16;2;3;5;3;0;0;1;0;0;1;0;0;474091,725100000388920;5495485,209400000050664;8,641373377000036;49,611378568000077;1
204639;08240513221300781550;08;2;21;000;2024;05;07;2;3;4;6;0;0;1;0;0;0;0;0;477658,937500000000000;5473452,817500000819564;8,691997374000039;49,413346603000036;1
204640;08240513216100749190;08;2;16;043;2024;05;17;2;3;5;3;0;0;1;0;0;1;0;0;440683,127199999988079;5412913,431900000199676;8,191181817000029;48,866344315000049;1
204641;08240513212302751580;08;2;12;000;2024;05;17;2;3;0;7;0;0;1;0;0;0;0;0;457004,623800000175834;5428299,252100000157952;8,412096816000030;49,006089810000049;1
204642;08240513212102933570;08;2;12;000;2024;05;15;2;3;0;3;0;0;1;1;0;0;0;0;457842,696000000461936;5428886,859999999403954;8,423494676000075;49,011433246000081;1
204645;08240513212010746790;08;2;12;000;2024;05;09;2;3;6;2;0;0;0;1;1;0;0;0;460874,950400000438094;5427480,417799999937415;8,465094614000066;48,998981714000081;1
204647;08240513127202772430;08;1;27;014;2024;05;15;2;3;5;3;0;0;1;1;0;0;0;0;579084,612200000323355;5443663,684100000187755;10,084306746000038;49,140706790000081;1
204650;08240513121400765900;08;1;25;056;2024;05;17;2;3;1;5;0;0;1;1;0;0;0;0;510744,065200000070035;5435937,692900000140071;9,147116781000022;49,076205765000054;1
204653;08240513119300776270;08;1;19;067;2024;05;11;2;3;6;7;0;0;0;0;1;0;0;1;538050,436900000087917;5405554,325899999588728;9,518171347000020;48,801814858000057;1
204654;08240513119300749220;08;1;19;067;2024;05;19;2;3;5;3;0;0;1;1;0;0;0;0;538180,684100000187755;5405935,099300000816584;9,519980389000068;48,805232139000054;1
204655;08240513118500749290;08;1;18;021;2024;05;18;2;3;0;3;0;0;1;0;0;0;0;0;522771,798000000417233;5428591,483999999240041;9,311395877000052;49,009796159000075;1
204657;08240513117010781410;08;1;17;026;2024;05;07;2;2;6;4;0;0;0;1;1;0;0;0;547335,161199999973178;5395810,242699999362230;9,643482762000076;48,713524957000061;1
204664;08240513115100784680;08;1;15;003;2024;05;16;2;3;5;3;0;0;1;0;0;0;0;1;501242,434100000187755;5392539,787100000306964;9,016880589000039;48,685899271000039;1
204665;08240516128100778110;08;1;28;007;2024;05;19;5;3;5;3;0;0;1;0;0;0;0;1;555588,211000000126660;5481608,400000000372529;9,767474844000049;49,484569613000076;1
204669;08240512435100746320;08;4;35;016;2024;05;15;1;3;1;5;0;0;1;1;0;0;0;0;535805,494900000281632;5279872,693499999120831;9,476973487000066;47,671253891000049;1
204670;08240512426100745620;08;4;26;021;2024;05;11;1;2;2;1;0;0;1;0;0;0;0;0;552830,406299999915063;5326951,668299999088049;9,709511950000035;48,093641887000047;1
204671;08240512421300744510;08;4;25;137;2024;05;16;1;3;0;1;0;0;1;0;0;0;0;0;574862,839900000020862;5352369,263599999248981;10,009852220000028;48,320077458000071;1
204673;08240512335100781210;08;3;35;043;2024;05;17;1;3;0;1;0;0;1;0;0;0;0;0;515609,770999999716878;5280262,480200000107288;9,207958405000056;47,675564014000031;1
204675;08240512235200747710;08;2;35;046;2024;05;14;1;3;0;1;0;0;1;0;0;0;0;0;479817,454699999652803;5378263,344599999487400;8,726482089000058;48,557141760000036;1
204676;08240512226700830490;08;2;26;098;2024;05;01;1;3;2;6;2;0;1;0;0;0;0;0;475521,316300000064075;5459980,123600000515580;8,663355823000074;49,292078703000072;1
204682;08240512221300763960;08;2;21;000;2024;05;17;1;3;0;7;0;0;1;0;0;0;0;0;477673,193099999800324;5473510,133700000122190;8,692190681000056;49,413862676000065;1
204684;08240512212010780810;08;2;12;000;2024;05;16;1;3;0;7;0;0;1;0;0;0;0;1;455999,053999999538064;5429209,594000000506639;8,398249126000053;49,014207556000031;1
204687;08240512136000775750;08;1;36;065;2024;05;10;1;3;4;6;0;0;1;1;0;0;0;0;561399,342199999839067;5404470,241100000217557;9,835946353000054;48,790195771000072;1
204688;08240512136000765670;08;1;36;065;2024;05;18;1;2;0;7;0;0;1;0;0;0;0;0;558582,348000000230968;5405779,601500000804663;9,797783962000040;48,802245313000071;1
204693;08240512121300743200;08;1;21;000;2024;05;00;1;3;1;5;2;0;1;1;0;0;0;0;513468,655899999663234;5442534,847200000658631;9,184644046000074;49,135496255000078;1
204695;08240512119200760150;08;1;19;020;2024;05;10;1;2;5;3;0;0;1;1;0;0;0;0;520703,104000000283122;5406874,505699999630451;9,282005971000046;48,814510813000027;1
204696;08240512119200745770;08;1;19;020;2024;05;19;1;3;5;3;0;0;1;1;0;0;0;0;521040,612599999643862;5406195,250600000843406;9,286568437000028;48,808389032000036;1
204697;08240512119010756120;08;1;19;006;2024;05;00;1;2;6;7;2;0;0;0;1;0;0;1;538721,229600000195205;5420351,114800000563264;9,528706287000034;48,934877068000048;1
204698;08240512118600763400;08;1;18;012;2024;05;14;1;3;8;5;0;0;1;1;0;0;0;0;499953,221599999815226;5415132,489099999889731;8,999361864000036;48,889143317000048;1
204704;08240512111240745410;08;1;11;000;2024;05;21;1;3;6;4;1;0;0;1;1;0;0;0;516394,302899999544024;5403270,148099999874830;9,223170563000053;48,782215139000073;1
204705;08240511435200775110;08;4;35;067;2024;05;16;7;3;0;1;0;0;1;0;0;0;0;0;528508,935999999754131;5294758,689999999478459;9,380752046000055;47,805552046000059;1
204708;08240511336400778750;08;3;36;073;2024;05;21;7;3;0;7;0;0;1;0;0;0;0;0;397737,924800000153482;5277409,366800000891089;7,638493099000073;47,642001735000065;1
204709;08240511336100778510;08;3;36;050;2024;05;08;7;3;0;7;0;0;1;0;0;0;0;0;399608,662100000306964;5274427,134199999272823;7,664076744000056;47,615468434000036;1
204710;08240511336100763340;08;3;36;050;2024;05;15;7;3;0;6;0;0;1;0;0;0;0;0;399439,122100000269711;5276085,646999999880791;7,661440428000049;47,630361000000050;1
204711;08240511326300742360;08;3;26;060;2024;05;18;7;3;8;1;0;0;1;0;0;0;0;0;446179,425200000405312;5331985,914200000464916;8,276555640000026;48,138848538000047;1
204712;08240511317500777930;08;3;17;096;2024;05;18;7;3;8;1;0;0;1;0;0;0;0;0;423472,232200000435114;5368658,817999999970198;7,964724156000045;48,466404313000055;1
204714;08240511317000745480;08;3;17;127;2024;05;16;7;3;8;1;0;0;1;0;0;0;0;0;421326,797000000253320;5351106,849899999797344;7,938992826000060;48,308259141000065;1
204715;08240511316200756900;08;3;16;056;2024;05;10;7;3;5;3;0;0;1;1;0;0;0;0;422197,105499999597669;5327207,601299999281764;7,955109621000076;48,093384298000046;1
204716;08240511311500747660;08;3;15;070;2024;05;17;7;3;5;3;0;0;1;1;0;0;0;0;451070,231100000441074;5303667,854599999263883;8,345523816000025;47,884477886000070;1
204717;08240511311010780510;08;3;16;020;2024;05;15;7;2;5;3;0;0;1;0;0;1;0;0;408251,264700000174344;5336181,581599999219179;7,765926063000052;48,172248900000056;1
204718;08240511237200795790;08;2;37;019;2024;05;21;7;3;3;6;2;0;1;0;0;0;0;0;462590,337799999862909;5370135,240100000053644;8,493753217000062;48,483229911000080;1
204719;08240511226400769670;08;2;26;084;2024;05;18;7;3;5;3;0;0;1;1;0;0;0;0;467568,527300000190735;5472671,757999999448657;8,552954594000028;49,405867007000040;1
204720;08240511222600769200;08;2;22;000;2024;05;20;7;3;6;2;0;0;0;1;1;0;0;0;462594,516300000250340;5482451,074799999594688;8,483470651000061;49,493542137000077;1
204722;08240511222200757230;08;2;22;000;2024;05;15;7;3;1;5;0;0;1;1;0;0;0;0;461443,153599999845028;5481638,725700000301003;8,467651528000033;49,486163416000068;1
204723;08240511221400794430;08;2;21;000;2024;05;13;7;3;5;3;0;0;1;1;0;0;0;0;476818,399199999868870;5471281,190099999308586;8,680536322000023;49,393781706000027;1
204724;08240511221400774800;08;2;21;000;2024;05;10;7;3;5;2;0;0;1;1;0;0;0;0;477087,016200000420213;5471244,865100000053644;8,684240145000047;49,393465136000032;1
204725;08240511221300745630;08;2;26;012;2024;05;13;7;3;5;3;0;0;1;1;0;0;0;0;476156,063900000415742;5477929,925799999386072;8,671009290000029;49,453560208000056;1
204726;08240511221200812340;08;2;21;000;2024;05;17;7;3;5;3;0;0;1;1;0;0;0;0;477085,369800000451505;5472840,293400000780821;8,684125423000069;49,407815716000073;1
204728;08240511215202771080;08;2;15;084;2024;05;00;7;3;0;7;2;0;1;0;0;0;0;0;472434,893500000238419;5447379,800400000065565;8,621776960000034;49,178606701000035;1
204730;08240511212010777380;08;2;12;000;2024;05;11;7;3;0;3;0;0;1;1;0;0;0;0;457877,900999999605119;5427933,164999999105930;8,424075029000051;49,002857020000079;1
204731;08240511212010742580;08;2;12;000;2024;05;08;7;3;6;2;0;0;0;1;1;0;0;0;459281,610100000165403;5428268,787200000137091;8,443232973000022;49,005970203000061;1
204733;08240511128100761080;08;1;28;082;2024;05;13;7;3;0;7;0;0;1;1;0;0;0;0;566684,433500000275671;5472415,799399999901652;9,919108302000041;49,400775773000078;1
204734;08240511127010746680;08;1;27;014;2024;05;15;7;2;2;2;0;0;1;0;0;0;0;0;578213,485999999567866;5438522,767999999225140;10,071368766000035;49,094581666000067;1
204735;08240511121100778440;08;1;25;026;2024;05;15;7;3;3;6;0;0;1;1;0;0;0;0;493721,319699999876320;5441634,912799999117851;8,913938357000063;49,127516539000055;1
204736;08240511121100744910;08;1;25;034;2024;05;18;7;3;0;7;0;0;1;0;0;0;0;0;500402,075799999758601;5444420,366699999198318;9,005514021000067;49,152604747000055;1
204737;08240511118300745610;08;1;18;003;2024;05;18;7;3;0;7;0;0;1;0;0;0;0;0;509394,806800000369549;5416498,455499999225140;9,128192268000021;48,901360007000051;1
204738;08240511118100745390;08;1;18;079;2024;05;16;7;3;6;4;0;0;1;0;1;0;0;0;509595,152900000102818;5421950,634999999776483;9,131054267000025;48,950403157000039;1
204739;08240519211100769020;08;2;11;000;2024;05;17;1;3;8;1;0;0;1;0;0;0;0;0;443919,091000000014901;5401620,811000000685453;8,236845239000047;48,765067064000050;1
204740;08240511115400806410;08;1;15;029;2024;05;15;7;3;0;7;0;0;1;0;0;0;0;0;497627,549899999983609;5399061,267500000074506;8,967728714000032;48,744563639000035;1
204742;08240511111330743150;08;1;11;000;2024;05;19;7;3;5;3;0;0;1;1;0;0;0;0;513200,894199999980628;5408984,673299999907613;9,179883713000038;48,833698255000058;1
204743;08240510436400755620;08;4;36;082;2024;05;21;6;3;5;3;2;0;1;1;0;0;0;0;547897,138600000180304;5295036,672599999234080;9,639709238000023;47,806902175000062;1
204744;08240510436200757250;08;4;36;064;2024;05;15;6;3;5;3;0;0;1;1;0;0;0;0;546634,501000000163913;5291162,527000000700355;9,622430292000047;47,772139273000050;1
204745;08240510425000742510;08;4;25;004;2024;05;12;6;3;0;1;0;0;1;0;0;0;0;0;557264,661299999803305;5353181,697399999946356;9,772600207000039;48,329225173000054;1
204746;08240510421200831320;08;4;21;000;2024;05;09;6;3;6;6;0;0;1;0;1;0;0;0;572921,031999999657273;5360792,323999999091029;9,985122384000022;48,396072342000082;1
204747;08240510421200758860;08;4;21;000;2024;05;17;6;2;4;2;0;0;1;1;0;0;0;0;573074,440100000239909;5360890,245600000023842;9,987211565000052;48,396935407000058;1
204749;08240510416010746950;08;4;15;092;2024;05;18;6;3;0;1;0;0;1;0;0;0;0;0;518125,609299999661744;5363428,521600000560284;9,244998423000027;48,423745590000067;1
204750;08240510415100758510;08;4;15;078;2024;05;13;6;3;2;7;0;0;1;1;0;0;0;0;527677,694699999876320;5372133,005300000309944;9,374684636000040;48,501706137000042;1
204752;08240510335010742390;08;3;35;035;2024;05;15;6;3;0;1;0;0;1;0;0;0;0;0;479443,429499999620020;5293288,771299999207258;8,725524201000042;47,792629740000052;1
204753;08240510335000773350;08;3;35;022;2024;05;11;6;2;8;1;0;0;1;0;0;0;0;0;482354,580500000156462;5301073,991200000047684;8,764076931000034;47,862762702000055;1
204754;08240510326400754990;08;3;26;074;2024;05;10;6;2;6;2;0;0;0;1;1;0;0;0;459143,985700000077486;5322606,180500000715256;8,451710790000050;48,055427389000045;1
204755;08240511111130760320;08;1;11;000;2024;05;18;7;3;0;7;0;0;1;0;0;0;0;0;513236,032100000418723;5402737,038599999621511;9,180161086000055;48,777494555000033;1
204756;08240510317100774500;08;3;17;116;2024;05;10;6;3;0;1;0;0;1;0;0;0;0;1;433055,606800000183284;5387106,283299999311566;8,091384717000039;48,633435921000057;1
204757;08240510317000770840;08;3;17;057;2024;05;22;6;3;1;5;2;0;1;1;0;0;0;0;413318,027200000360608;5380009,896400000900030;7,825026334000029;48,567183949000025;1
204758;08240510317000753310;08;3;17;065;2024;05;11;6;3;5;3;0;0;1;1;0;0;0;0;413906,220599999651313;5353318,692299999296665;7,838485868000021;48,327187671000047;1
204759;08240510316100741720;08;3;16;011;2024;05;16;6;3;0;5;0;0;1;1;0;0;0;0;413872,836900000460446;5330764,618799999356270;7,842619172000070;48,124309526000047;1
204760;08240510311500758420;08;3;15;113;2024;05;16;6;3;0;7;0;0;1;0;0;0;0;0;436773,926400000229478;5305415,404200000688434;8,154061994000074;47,898950419000073;1
204762;08240510311010774050;08;3;11;000;2024;05;14;6;2;6;4;0;0;0;1;1;0;0;0;414327,051099999807775;5316644,694399999454618;7,851550522000025;47,997358190000057;1
204763;08240510311010758470;08;3;11;000;2024;05;17;6;3;6;4;0;0;0;1;1;0;0;0;411577,621299999766052;5315996,510500000789762;7,814835883000057;47,991153254000039;1
204765;08240510311010742840;08;3;16;037;2024;05;11;6;1;5;3;0;0;1;1;0;0;0;0;405455,431900000199676;5333568,321699999272823;7,728910848000055;48,148333540000067;1
204769;08240510311000782710;08;3;37;097;2024;05;11;6;3;6;6;0;0;0;1;1;0;0;0;434502,464599999599159;5290520,708599999547005;8,125927615000023;47,764723868000033;1
204770;08240510235100752830;08;2;35;047;2024;05;08;6;3;5;3;0;0;1;1;0;0;0;0;477452,722000000067055;5389925,628900000825524;8,693801541000028;48,661976256000059;1
204771;08240510235100740570;08;2;35;079;2024;05;17;6;3;6;7;0;0;0;1;1;0;0;0;466943,043499999679625;5399637,065600000321865;8,550303265000025;48,748870636000049;1
204773;08240510226600944920;08;2;26;096;2024;05;14;6;3;0;7;0;0;1;0;0;0;0;0;476400,463999999687076;5488593,614000000059605;8,673744293000027;49,549486276000039;1
204774;08240510226500741880;08;2;26;085;2024;05;11;6;2;6;4;0;0;0;1;1;0;0;0;490939,226800000295043;5455362,472799999639392;8,875494918000072;49,250965323000059;1
204775;08240510226500741260;08;2;26;085;2024;05;19;6;3;5;2;0;0;1;1;0;0;0;0;490675,402200000360608;5455138,949400000274181;8,871874888000036;49,248950721000028;1
204776;08240510226400773780;08;2;26;062;2024;05;16;6;2;0;3;0;0;1;0;0;0;0;1;469341,002700000070035;5468990,278000000864267;8,577670184000056;49,372844847000067;1
204777;08240510221200754970;08;2;21;000;2024;05;11;6;3;5;3;0;0;1;1;0;0;0;0;477828,822399999946356;5472733,690199999138713;8,694379597000022;49,406884378000029;1
204778;08240528311010798880;08;3;36;091;2024;05;11;3;3;4;2;0;0;1;1;0;0;0;0;397112,081199999898672;5272009,184900000691414;7,631431535000047;47,593326753000042;1
204780;08240510215102770310;08;2;12;000;2024;05;10;6;3;1;5;0;0;1;1;0;0;0;0;455369,639600000344217;5432313,857899999246001;8,389300205000040;49,042085391000057;1
204782;08240510212702770380;08;2;15;017;2024;05;11;6;2;5;3;0;0;1;1;0;0;0;0;457039,909799999557436;5421967,570100000128150;8,413248173000056;48,949137655000072;1
204783;08240511336400750680;08;3;36;014;2024;05;20;7;3;0;7;0;0;1;0;0;0;0;0;393241,093100000172853;5280414,764699999243021;7,577907400000072;47,668309138000041;1