OID_;UIDENTSTLAE;ULAND;UREGBEZ;UKREIS;UGEMEINDE;UJAHR;UMONAT;USTUNDE;UWOCHENTAG;UKATEGORIE;UART;UTYP1;ULICHTVERH;IstStrassenzustand;IstRad;IstPKW;IstFuss;IstKrad;IstGkfz;IstSonstige;LINREFX;LINREFY;XGCSWGS84;YGCSWGS84;PLST
204785;08240510212010756380;08;2;12;000;2024;05;17;6;3;0;6;0;0;1;0;0;0;0;1;463600,670500000007451;5422121,413300000131130;8,502837890000023;48,950942513000030;1
204786;08240510212010749710;08;2;12;000;2024;05;10;6;3;5;2;0;0;1;1;0;0;0;0;455242,663999999873340;5429265,721999999135733;8,387899263000065;49,014658025000074;1
204789;08240510128100770330;08;1;28;007;2024;05;08;6;3;5;3;0;0;1;1;0;0;0;0;555133,951700000092387;5483143,854900000616908;9,761417917000074;49,498421013000041;1
204790;08240510121400771800;08;1;25;056;2024;05;14;6;3;5;3;0;0;1;1;0;0;0;0;510712,472199999727309;5436028,784600000828505;9,146686598000031;49,077025728000081;1
204791;08240510121200759060;08;1;21;000;2024;05;19;6;3;1;5;0;0;1;1;0;0;0;0;515593,590800000354648;5443080,554400000721216;9,213796046000027;49,140354816000070;1
204793;08240510119100740460;08;1;19;075;2024;05;12;6;3;0;7;0;0;1;0;0;0;0;0;536241,650100000202656;5428318,062400000169873;9,495560816000022;49,006692574000056;1
204794;08240510118600810400;08;1;18;073;2024;05;15;6;3;1;5;0;0;1;1;0;0;0;0;498944,626500000245869;5418102,280700000002980;8,985595249000028;48,915857980000055;1
204795;08240510118400774410;08;1;18;048;2024;05;16;6;2;6;3;0;0;0;1;1;0;0;0;515619,291699999943376;5416133,820900000631809;9,213111013000059;48,897954176000042;1
204796;08240510118400752610;08;1;18;048;2024;05;20;6;3;5;3;0;0;1;1;0;0;0;0;515982,907100000418723;5415756,668299999088049;9,218057419000047;48,894552145000034;1
204797;08240510118300773560;08;1;18;046;2024;05;15;6;3;0;3;0;0;1;0;0;0;0;1;513477,024400000460446;5413008,632500000298023;9,183778856000060;48,869891065000047;1
204799;08240510117100756190;08;1;17;019;2024;05;16;6;3;5;3;0;0;1;0;0;0;0;1;552218,911899999715388;5394396,548699999228120;9,709689438000055;48,700418351000053;1
204801;08240510116100776820;08;1;16;019;2024;05;15;6;2;6;4;0;0;0;1;1;0;0;0;522147,069799999706447;5398793,520099999383092;9,301239283000029;48,741765767000061;1
204802;08240510115300741910;08;1;15;028;2024;05;17;6;3;1;7;0;0;0;1;1;0;0;0;500099,144999999552965;5404037,125399999320507;9,001349821000076;48,789330877000054;1
204803;08240510111500769400;08;1;11;000;2024;05;16;6;3;2;3;0;0;1;1;0;0;0;1;516404,939600000157952;5406723,601900000125170;9,223453300000074;48,813281663000055;1
204804;08240510111500769380;08;1;11;000;2024;05;15;6;3;1;5;0;0;1;1;0;0;0;0;511755,386800000444055;5409658,803700000047684;9,160205740000038;48,839791673000036;1
204807;08240509437200739030;08;4;37;107;2024;05;20;5;3;0;1;1;0;1;0;0;0;0;0;509298,571600000374019;5331471,339800000190735;9,124983136000026;48,136427783000045;1
204808;08240512111120775540;08;1;11;000;2024;05;19;1;3;0;7;0;0;1;0;0;0;0;0;514008,369500000029802;5402840,508799999952316;9,190677155000060;48,778408452000065;1
204810;08240509435100739510;08;4;35;057;2024;05;14;5;2;9;1;0;0;1;0;0;0;0;0;549569,479600000195205;5278558,970599999651313;9,660166920000052;47,658525511000050;1
204813;08240509417300738920;08;4;17;031;2024;05;21;5;3;9;7;1;0;1;0;0;0;0;0;495794,305200000293553;5358114,663799999281764;8,943205871000032;48,376185951000082;1
204814;08240509415100770820;08;4;15;088;2024;05;15;5;2;2;6;0;0;1;0;0;0;0;0;538126,531000000424683;5372111,651000000536442;9,516127836000067;48,500966723000033;1
204816;08240509336400766120;08;3;36;091;2024;05;11;5;3;0;7;0;0;1;0;0;0;0;1;396653,639299999922514;5273023,945399999618530;7,625096199000041;47,602381848000050;1
204817;08240509335400769690;08;3;35;098;2024;05;13;5;3;0;7;0;0;1;0;0;0;0;0;503998,765999999828637;5295827,371200000867248;9,053416109000068;47,815786509000077;1
204818;08240509335100767540;08;3;35;043;2024;05;06;5;3;8;1;0;0;1;0;0;0;0;0;513028,077999999746680;5279342,774000000208616;9,173537002000046;47,667345987000033;1
204819;08240513121600751970;08;1;25;110;2024;05;16;2;3;8;1;0;1;1;0;0;0;0;0;530325,621799999848008;5443510,223899999633431;9,415807781000069;49,143669112000055;1
204821;08240509317500759670;08;3;17;096;2024;05;20;5;3;3;6;1;0;1;0;0;0;0;1;421819,639000000432134;5373738,433000000193715;7,941420969000035;48,511891597000044;1
204823;08240509311400739550;08;3;15;048;2024;05;18;5;3;0;7;0;0;1;0;0;0;0;0;397330,020899999886751;5308090,616599999368191;7,625809152000045;47,917913665000071;1
204824;08240509311200738570;08;3;11;000;2024;05;13;5;2;0;1;0;0;1;0;0;0;0;0;410910,506799999624491;5320056,397399999201298;7,805052810000063;48,027580215000057;1
204825;08240509311010770040;08;3;11;000;2024;05;13;5;3;5;2;0;0;1;0;0;1;0;0;414434,021999999880791;5316723,380000000819564;7,852968483000041;47,998080323000067;1
204828;08240509226700749170;08;2;26;076;2024;05;19;5;3;0;7;0;0;1;0;0;0;0;0;474492,069099999964237;5465915,115499999374151;8,648821950000070;49,345421548000047;1
204829;08240509226600764420;08;2;26;082;2024;05;18;5;3;0;7;0;0;1;0;0;0;0;0;475694,899000000208616;5480457,098999999463558;8,664491223000027;49,476273186000071;1
204830;08240509225100741400;08;2;25;074;2024;05;14;5;3;0;7;0;0;1;0;0;0;0;0;504068,822499999776483;5467810,058100000023842;9,056037032000063;49,362986548000038;1
204831;08240509222800804320;08;2;22;000;2024;05;14;5;3;5;2;0;0;1;1;0;0;0;0;462246,686700000427663;5488386,288699999451637;8,478099863000068;49,546904453000082;1
204832;08240509221400808170;08;2;26;018;2024;05;17;5;3;4;6;0;0;1;1;0;0;0;0;472976,175499999895692;5472032,870699999853969;8,627536928000040;49,400384505000034;1
204833;08240509216100738470;08;2;16;043;2024;05;13;5;3;5;3;0;0;1;0;0;0;0;1;442822,331000000238419;5411730,431299999356270;8,220513430000040;48,855904135000060;1
204838;08240509126100751860;08;1;26;072;2024;05;19;5;3;8;7;0;0;1;0;0;0;0;0;535902,089200000278652;5468742,811599999666214;9,494528819000038;49,370332566000059;1
204839;08240509119500750740;08;1;19;085;2024;05;16;5;3;7;7;0;0;0;0;1;1;0;0;531891,309999999590218;5412767,266000000759959;9,434860264000065;48,867046224000035;1
204841;08240509119400751770;08;1;19;091;2024;05;20;5;3;4;6;1;0;1;1;0;0;0;0;529440,036799999885261;5408281,956599999219179;9,401113948000045;48,826819226000055;1
204843;08240510117010742690;08;1;17;033;2024;05;16;6;2;5;3;0;0;1;1;0;0;0;0;559315,976300000213087;5387153,388199999928474;9,805095259000041;48,634629858000039;1
204846;08240509118010772870;08;1;15;045;2024;05;17;5;2;4;6;0;0;1;0;0;0;0;0;500529,877199999988079;5394477,180900000035763;9,007201772000030;48,703329262000068;1
204847;08240509117300768500;08;1;17;026;2024;05;17;5;3;0;1;0;0;1;0;0;0;0;0;552724,590400000102818;5398940,332800000905991;9,717142228000057;48,741248741000049;1
204849;08240509117300750530;08;1;17;026;2024;05;14;5;3;0;7;0;0;1;0;0;0;0;0;546543,704199999570847;5392515,943499999120831;9,632352940000033;48,683950540000069;1
204850;08240509116200752770;08;1;16;080;2024;05;15;5;3;0;7;0;0;1;0;0;0;0;0;519416,899899999611080;5396501,879399999976158;9,263996640000073;48,721241390000046;1
204852;08240509115100751150;08;1;15;051;2024;05;20;5;3;1;5;0;0;1;0;0;0;0;1;503282,841199999675155;5386531,108899999409914;9,044555334000052;48,631836910000061;1
204853;08240509111340754890;08;1;11;000;2024;05;19;5;3;6;7;0;0;0;1;1;0;0;0;509110,087100000120699;5406496,767200000584126;9,124084700000026;48,811390866000067;1
204855;08240509111210784990;08;1;11;000;2024;05;19;5;3;5;3;0;0;1;1;0;0;0;0;510959,570299999788404;5396423,763299999758601;9,149007327000049;48,720744729000046;1
204856;08240508436000746910;08;4;35;034;2024;05;15;4;3;2;2;0;0;1;1;0;0;0;0;529184,969499999657273;5285450,874800000339746;9,389155506000066;47,721776061000071;1
204857;08240508421300780070;08;4;21;000;2024;05;16;4;2;0;1;0;0;1;0;0;0;0;0;572229,503700000233948;5361942,568299999460578;9,975979571000039;48,406498679000038;1
204858;08240513221011772670;08;2;26;091;2024;05;16;2;3;6;4;0;0;0;1;1;0;0;0;494177,953800000250340;5460752,844100000336766;8,919920108000042;49,299492054000041;1
204861;08240508336400746800;08;3;36;014;2024;05;15;4;3;5;3;0;0;1;0;0;0;0;1;390683,132000000216067;5280817,444000000134110;7,543744274000062;47,671503839000081;1
204862;08240508335200796320;08;3;35;063;2024;05;18;4;3;5;3;0;0;1;0;0;0;0;0;498443,842100000008941;5287984,447899999096990;8,979240719000074;47,745230098000036;1
204863;08240508335100767400;08;3;35;043;2024;05;16;4;3;1;5;0;0;1;1;0;0;0;0;512540,598600000143051;5279035,841499999165535;9,167034882000053;47,664593946000025;1
204864;08240513111500835780;08;1;11;000;2024;05;16;2;3;6;4;0;0;0;1;1;0;0;0;512213,961799999698997;5401315,369599999859929;9,166207112000052;48,764726216000042;1
204866;08240508317000757060;08;3;17;089;2024;05;07;4;3;5;2;0;0;1;1;0;0;0;0;432389,430999999865890;5376306,773499999195337;8,084101228000065;48,536221411000042;1
204867;08240508316100776700;08;3;16;017;2024;05;21;4;2;4;6;2;0;1;1;0;0;0;0;408765,496899999678135;5341508,392500000074506;7,771696245000044;48,220236593000038;1
204870;08240508311010761500;08;3;11;000;2024;05;07;4;3;5;3;0;0;1;1;0;0;0;0;412721,662700000219047;5317414,197100000455976;7,829878286000053;48,004062958000077;1
204872;08240508311010739530;08;3;36;050;2024;05;18;4;3;5;3;0;0;1;1;0;0;0;0;399621,838000000454485;5273845,285000000149012;7,664385327000048;47,610236539000027;1
204873;08240508231000740240;08;2;31;000;2024;05;18;4;2;6;4;0;0;0;0;1;0;0;1;478234,179499999620020;5415587,092800000682473;8,703055341000038;48,892850531000079;1
204875;08240508222500784510;08;2;22;000;2024;05;16;4;3;0;7;0;0;1;1;0;0;0;0;465623,706799999810755;5476219,852499999105930;8,525840119000065;49,437674118000075;1
204876;08240508222000793210;08;2;26;096;2024;05;16;4;3;5;3;0;0;1;1;0;0;0;0;475133,825100000016391;5487976,132899999618530;8,656272725000065;49,543881589000080;1
204880;08240508215102751450;08;2;15;109;2024;05;17;4;3;1;5;0;0;1;1;0;0;0;0;461276,594800000078976;5439218,185599999502301;8,469463209000025;49,104590023000071;1
204881;08240508212302738930;08;2;12;000;2024;05;14;4;3;0;7;0;0;1;0;0;0;0;0;455410,479500000365078;5428771,108899999409914;8,390248508000070;49,010221088000037;1
204882;08240508212010740420;08;2;12;000;2024;05;11;4;3;1;5;0;0;1;1;0;0;0;0;454845,042600000277162;5429186,043800000101328;8,382470593000050;49,013912341000037;1
204883;08240508212010736690;08;2;12;000;2024;05;13;4;3;1;5;0;0;1;1;0;0;0;0;456437,972000000067055;5424451,711999999359250;8,404761473000065;48,971440881000035;1
204887;08240508119200752490;08;1;19;093;2024;05;15;4;2;6;4;0;0;0;0;1;0;0;1;524728,416100000031292;5403642,981100000441074;9,336640992000071;48,785293574000036;1
204890;08240508118200757540;08;1;18;011;2024;05;01;4;2;1;1;2;0;1;1;0;0;0;0;505404,206000000238419;5408351,884400000795722;9,073632937000070;48,828122582000049;1
204891;08240508118010760460;08;1;18;068;2024;05;15;4;2;5;3;0;0;1;1;0;0;0;0;500988,970999999903142;5422738,460999999195337;9,013509676000069;48,957563849000053;1
204892;08240508116400944990;08;1;16;070;2024;05;15;4;3;1;7;0;0;1;1;0;0;0;0;539611,339100000448525;5385253,356699999421835;9,537478170000043;48,619096468000066;1
204893;08240508116200800540;08;1;16;077;2024;05;15;4;3;5;3;0;0;1;1;0;0;0;0;514773,549399999901652;5389742,690400000661612;9,200623331000031;48,660562762000040;1
204895;08240508115200766390;08;1;15;021;2024;05;17;4;3;6;7;0;0;1;0;1;0;0;0;489951,971199999563396;5382307,813500000163913;8,863728736000041;48,593771190000041;1
204896;08240508115200761560;08;1;15;053;2024;05;19;4;3;5;3;0;0;1;1;0;0;0;0;483272,152999999932945;5379286,209000000730157;8,773259309000025;48,566445386000055;1
204898;08240508111140738160;08;1;11;000;2024;05;14;4;2;0;7;0;0;1;0;0;0;0;0;509773,747999999672174;5402746,564999999478459;9,133034893000058;48,777644284000075;1
204900;08240507435100757170;08;4;35;016;2024;05;08;3;3;0;1;0;1;1;0;0;0;0;0;538131,331600000150502;5280778,527699999511242;9,508034395000038;47,679271017000076;1
204902;08240510311010741820;08;3;11;000;2024;05;12;6;3;0;7;0;0;1;0;0;0;0;0;415226,776399999856949;5319513,747700000181794;7,863041699000064;48,023286402000053;1
204904;08240507416100734450;08;4;16;036;2024;05;13;3;3;8;1;0;0;1;0;0;0;0;0;495099,748100000433624;5369646,419399999082088;8,933691679000049;48,479926471000056;1
204907;08240507336100762990;08;3;36;050;2024;05;11;3;2;4;6;0;0;1;0;0;0;0;0;399528,443599999882281;5273932,201500000432134;7,663123057000064;47,611003909000033;1
204908;08240525212402790520;08;2;12;000;2024;05;14;7;3;0;1;0;0;1;0;0;0;0;0;456429,804999999701977;5427165,202700000256300;8,404359056000033;48,995848576000071;1
204910;08240507335100744150;08;3;35;043;2024;05;17;3;2;0;1;0;1;1;0;0;0;0;0;513377,825600000098348;5278320,895300000905991;9,178164410000022;47,658144315000072;1
204911;08240507327100784000;08;3;27;050;2024;05;17;3;3;0;4;0;1;0;0;1;0;0;1;485791,571499999612570;5314389,410599999129772;8,809590809000042;47,982650210000031;1
204912;08240507326300761910;08;3;26;055;2024;05;17;3;3;6;4;0;1;0;1;1;0;0;0;441047,020399999804795;5332658,343299999833107;8,207480415000020;48,144442863000052;1
204913;08240516231202775060;08;2;36;043;2024;05;15;5;2;1;5;0;0;1;0;0;0;0;1;469118,417500000447035;5410987,959000000730157;8,579041922000044;48,851091403000055;1
204915;08240507326000756680;08;3;35;043;2024;05;18;3;3;5;3;0;0;1;0;0;0;0;0;510964,391999999992549;5281317,600700000301003;9,146097921000035;47,685153105000040;1
204918;08240507317000735910;08;3;17;065;2024;05;07;3;3;5;3;0;0;1;0;0;0;0;1;415073,559299999848008;5353956,399100000038743;7,854102927000042;48,333081699000047;1
204919;08240507311400735680;08;3;15;076;2024;05;15;3;3;2;6;0;1;1;1;0;0;0;0;392652,056900000199676;5296470,725199999287724;7,566102652000041;47,812631506000059;1
204921;08240507311010761440;08;3;11;000;2024;05;16;3;3;4;6;0;0;1;0;0;0;0;0;411582,558799999766052;5321540,708499999716878;7,813758500000063;48,041025289000061;1
204922;08240507311010735620;08;3;36;050;2024;05;15;3;3;5;3;0;1;1;1;0;0;0;0;399311,613599999807775;5272946,740299999713898;7,660465108000039;47,602105691000077;1
204924;08240507231000769320;08;2;31;000;2024;05;16;3;3;0;1;0;1;1;0;0;0;0;0;476310,355000000447035;5413929,188999999314547;8,676905683000030;48,877866036000057;1
204925;08240507231000747100;08;2;31;000;2024;05;07;3;2;0;1;0;1;1;0;0;0;0;0;480194,538499999791384;5410477,386299999430776;8,730047003000038;48,846950804000073;1
204926;08240513336300785390;08;3;36;081;2024;05;12;2;3;5;3;0;0;1;1;0;0;0;0;410377,235999999567866;5277743,936799999326468;7,806662747000075;47,646884911000029;1
204927;08240507225100759950;08;2;25;058;2024;05;11;3;3;0;1;0;1;1;0;0;0;0;0;508918,736399999819696;5465580,626800000667572;9,122781446000033;49,342881043000034;1
204928;08240507222800802060;08;2;22;000;2024;05;15;3;3;6;7;0;0;0;0;1;0;1;0;460683,046500000171363;5487597,101900000125170;8,456563907000032;49,539706720000027;1
204931;08240507222500761530;08;2;22;000;2024;05;14;3;3;5;3;0;0;1;1;0;0;0;0;461925,785000000149012;5480132,959000000730157;8,474459806000027;49,472650289000057;1
204932;08240507222500735040;08;2;22;000;2024;05;11;3;3;5;3;0;0;1;1;0;0;0;0;462595,220599999651313;5479815,109600000083447;8,483729706000076;49,469833000000051;1
204933;08240507222400757160;08;2;26;038;2024;05;07;3;3;0;7;0;1;1;0;0;0;0;0;472372,488400000147521;5479913,458100000396371;8,618667478000020;49,471241200000065;1
204934;08240507222200802160;08;2;22;000;2024;05;16;3;3;3;5;0;0;1;1;0;0;0;0;461695,062599999830127;5481216,874900000169873;8,471170308000069;49,482385042000033;1
204935;08240507221400802090;08;2;21;000;2024;05;15;3;3;5;3;0;0;1;1;0;0;0;0;474368,361499999649823;5473960,301400000229478;8,646600283000055;49,417781585000057;1
204936;08240507221400745110;08;2;26;018;2024;05;07;3;3;2;6;0;0;1;1;0;0;0;0;473455,479000000283122;5472076,653100000694394;8,634139988000072;49,400799410000047;1
204937;08240507216100734400;08;2;16;022;2024;05;14;3;3;5;3;0;0;1;1;0;0;0;0;434764,841000000014901;5405650,441999999806285;8,111648291000051;48,800420944000052;1
204938;08240521212502773680;08;2;12;000;2024;05;09;3;3;0;7;0;1;1;0;0;0;0;0;454617,402700000442564;5428555,212300000712276;8,379428161000021;49,008221265000032;1
204939;08240507212702776660;08;2;15;046;2024;05;13;3;3;5;3;0;1;1;1;0;0;0;0;450475,866999999620020;5415318,331000000238419;8,324409280000054;48,888836128000037;1
204940;08240507212402797530;08;2;12;000;2024;05;17;3;3;0;7;0;0;1;1;0;0;0;0;455975,594700000248849;5428070,699699999764562;8,398051829000053;49,003961408000066;1
204942;08240507212010754300;08;2;12;000;2024;05;09;3;3;5;3;0;0;1;1;0;0;0;0;452410,207999999634922;5427384,261199999600649;8,349385699000038;48,997522259000050;1
204946;08240507121200745060;08;1;21;000;2024;05;07;3;3;5;3;0;0;1;1;0;0;0;0;516928,992899999953806;5443706,444800000637770;9,232131231000039;49,145949547000043;1
204948;08240507118100743700;08;1;18;079;2024;05;07;3;2;2;6;0;0;1;0;0;0;0;0;509447,359799999743700;5420984,326099999248981;9,129013248000035;48,941712828000050;1
204951;08240507116010739920;08;1;16;019;2024;05;06;3;3;5;3;0;0;1;0;0;0;0;1;523708,129999999888241;5399544,573999999091029;9,322515351000050;48,748464692000027;1
204954;08240525111130796360;08;1;11;000;2024;05;10;7;2;0;1;0;0;1;0;0;0;0;0;509217,157399999909103;5402985,550000000745058;9,125464265000062;48,779802674000052;1
204955;08240507111330737010;08;1;11;000;2024;05;19;3;3;6;7;0;0;0;1;1;0;0;0;512383,443900000303984;5408501,999299999326468;9,168730091000043;48,829373038000028;1
204956;08240507111240763250;08;1;11;000;2024;05;06;3;3;0;7;0;1;1;0;0;0;0;0;518969,477800000458956;5402589,498900000005960;9,258193868000035;48,776018901000043;1
204957;08240506436400756430;08;4;36;082;2024;05;07;2;3;0;1;0;0;1;0;0;0;0;0;548581,442200000397861;5295024,443800000473857;9,648846755000022;47,806740860000048;1
204958;08240506417200735350;08;4;17;002;2024;05;16;2;3;5;3;0;0;1;1;0;0;0;0;489612,014299999922514;5344403,974999999627471;8,860057491000020;48,252763963000064;1
204959;08240506416200733320;08;4;16;041;2024;05;11;2;3;2;6;0;0;1;1;0;0;0;0;503539,548799999989569;5374854,504599999636412;9,047939984000038;48,526789585000074;1
204960;08240508136100757500;08;1;36;088;2024;05;00;4;3;0;7;2;1;1;0;0;0;0;0;578771,658200000412762;5409313,258799999952316;10,073359775000029;48,831797632000075;1
204963;08240506335200754640;08;3;35;063;2024;05;06;2;2;5;3;1;0;1;1;0;0;0;0;497498,907499999739230;5287716,830199999734759;8,966636751000067;47,742819212000029;1
204964;08240506311010759890;08;3;11;000;2024;05;14;2;3;5;3;0;1;1;1;0;0;0;0;410719,438099999912083;5316255,504799999296665;7,803281990000073;47,993363727000030;1
204965;08240516325202786480;08;3;25;049;2024;05;12;5;3;2;4;0;0;0;1;1;1;0;0;471675,421000000089407;5334188,500600000843406;8,619109227000024;48,160310842000058;1
204967;08240506311010741510;08;3;11;000;2024;05;11;2;3;5;3;0;1;1;1;0;0;0;0;414656,542799999937415;5317757,706800000742078;7,855745033000062;48,007414236000045;1
204968;08240506237200487920;08;2;37;040;2024;05;09;2;3;6;7;0;0;0;1;1;0;0;0;477084,889000000432134;5365781,248999999836087;8,690135524000027;48,444755562000068;1
204970;08240506226200757600;08;2;26;032;2024;05;16;2;3;5;3;0;1;1;1;0;0;0;0;467945,357599999755621;5463284,877100000157952;8,558904689000030;49,321454045000053;1
204972;08240506216200734670;08;2;16;007;2024;05;16;2;3;8;1;0;1;1;0;0;0;0;0;436839,528900000266731;5394026,427200000733137;8,141680075000068;48,696077212000034;1
204973;08240506216100733010;08;2;16;043;2024;05;08;2;3;5;3;0;1;1;1;0;0;0;0;441551,670900000259280;5412118,081599999219179;8,203137274000028;48,859272633000046;1
204974;08240506215502758650;08;2;15;007;2024;05;10;2;3;1;5;0;0;1;1;0;0;0;0;478148,785699999891222;5431710,365000000223517;8,701024559000075;49,037885204000077;1
204975;08240506212102772910;08;2;12;000;2024;05;17;2;3;6;7;0;0;0;1;1;0;0;0;463536,482900000177324;5428147,372400000691414;8,501420870000061;49,005144103000077;1
204976;08240506212010732520;08;2;12;000;2024;05;08;2;3;0;2;0;0;1;1;0;0;0;0;456868,883500000461936;5428483,808800000697374;8,410221248000028;49,007740449000039;1
204978;08240506121200733090;08;1;21;000;2024;05;20;2;3;6;6;0;1;1;0;1;0;0;0;515231,042399999685585;5441008,554899999871850;9,208747091000021;49,121725549000075;1
204980;08240506118200760580;08;1;18;019;2024;05;12;2;3;6;4;0;0;0;1;1;0;0;0;506037,219700000248849;5405342,436499999836087;9,082213534000061;48,801044064000052;1
204982;08240506116500802030;08;1;16;046;2024;05;15;2;3;0;1;0;1;1;0;0;0;0;0;527148,824300000444055;5378943,623800000175834;9,367968941000072;48,562998664000077;1
204986;08240526426000819830;08;4;26;021;2024;05;16;1;2;3;2;0;0;1;1;0;0;0;0;557094,498499999754131;5327830,092100000008941;9,766891076000036;48,101176561000045;1
204987;08240506111500733980;08;1;11;000;2024;05;20;2;3;5;3;2;1;1;1;0;0;0;0;512778,547799999825656;5407595,414200000464916;9,174085286000036;48,821209531000079;1
204989;08240505436100754380;08;4;36;055;2024;05;12;1;3;1;5;0;0;1;1;0;0;0;0;571215,088800000026822;5292951,687000000849366;9,950762025000074;47,785987293000062;1
204990;08240505337100738090;08;3;37;096;2024;05;02;1;3;8;1;2;1;1;0;0;0;0;0;419683,009800000116229;5267068,619200000539422;7,932502208000074;47,552068887000075;1
204993;08240505311010731350;08;3;15;064;2024;05;11;1;2;5;3;0;0;1;0;0;0;0;0;421551,807900000363588;5312019,216099999845028;7,949225735000027;47,956676099000049;1
204996;08240505226400794690;08;2;26;062;2024;05;19;1;2;0;7;0;0;1;0;1;0;0;0;469202,470499999821186;5468690,799799999222159;8,575785129000053;49,370144118000042;1
204998;08240505216300769920;08;2;16;033;2024;05;16;1;3;0;1;0;1;1;0;0;0;0;0;448038,156999999657273;5413923,959000000730157;8,291334737000057;48,876093989000026;1
204999;08240505215302769270;08;2;15;059;2024;05;14;1;2;0;7;0;0;1;0;0;0;0;0;483337,432900000363588;5437321,030200000852346;8,771785653000052;49,088517722000063;1
205000;08240505215202738300;08;2;15;009;2024;05;20;1;3;0;7;2;0;1;0;0;0;0;0;469957,645700000226498;5441352,436699999496341;8,588236912000070;49,124273362000054;1
205002;08240505135100731810;08;1;35;020;2024;05;08;1;2;1;5;0;1;1;1;0;0;0;0;586718,928700000047684;5385505,266100000590086;10,176621716000056;48,616606166000054;1
205004;08240513415400765600;08;4;15;061;2024;05;20;2;3;0;7;0;0;1;0;0;0;0;0;513884,498700000345707;5373660,581700000911951;9,188012716000060;48,515905067000062;1
205005;08240505116100794620;08;1;16;019;2024;05;14;1;2;5;2;0;0;1;1;0;0;0;0;520480,859000000171363;5398484,895999999716878;9,278560821000042;48,739046425000026;1
205007;08240505111120733680;08;1;11;000;2024;05;14;1;3;5;3;0;0;1;0;0;0;0;0;514151,739500000141561;5403869,753399999812245;9,192664084000057;48,787664195000048;1
205008;08240504426000746390;08;4;21;000;2024;05;00;7;2;5;3;2;0;1;1;0;0;0;0;572930,175300000235438;5360859,179199999198318;9,985257499000056;48,396672663000061;1
205010;08240504415400740960;08;4;15;061;2024;05;14;7;3;6;4;0;0;0;0;1;0;0;1;515510,704699999652803;5370902,745100000873208;9,209930860000043;48,491056574000027;1
205013;08240514136100751810;08;1;36;088;2024;05;08;3;3;0;7;0;0;1;0;0;0;0;0;580720,568699999712408;5410178,581199999898672;10,100081419000048;48,839330241000027;1
205014;08240504337200757260;08;3;37;126;2024;05;12;7;3;5;3;0;0;1;1;0;0;0;0;446735,336699999868870;5276032,944000000134110;8,290932001000044;47,635505012000067;1
205015;08240504335300731020;08;3;35;026;2024;05;13;7;3;5;3;0;0;1;1;0;0;0;0;480907,444799999706447;5282684,035800000652671;8,745537300000024;47,697258710000028;1
205016;08240504335100731050;08;3;35;043;2024;05;19;7;3;0;1;0;0;1;0;0;0;0;0;512970,882399999536574;5278103,956900000572205;9,172738373000072;47,656200659000035;1
205017;08240504335100068300;08;3;35;043;2024;05;14;7;3;6;7;0;0;0;1;1;0;0;0;512791,536899999715388;5278375,818900000303984;9,170357926000065;47,658650359000035;1
205019;08240504335010741090;08;3;35;081;2024;05;16;7;3;5;2;0;0;1;1;0;0;0;0;489861,716000000014901;5296031,543999999761581;8,864566687000035;47,817556088000060;1
205021;08240509117400761810;08;1;17;018;2024;05;20;5;3;6;4;0;0;0;1;1;0;0;0;538081,965099999681115;5395891,775100000202656;9,517706674000067;48,714892223000049;1
205022;08240504326400737990;08;3;26;074;2024;05;11;7;2;2;6;0;0;1;0;0;0;0;1;459139,331100000068545;5322598,384400000795722;8,451649073000056;48,055356952000068;1
205023;08240516231102786610;08;2;36;040;2024;05;10;5;2;6;4;0;0;0;1;1;0;0;0;489239,389299999922514;5422241,885600000619888;8,853019820000043;48,953003966000040;1
205024;08240504326400731070;08;3;26;074;2024;05;18;7;3;0;1;0;0;1;0;0;0;0;0;457999,179999999701977;5322546,049000000581145;8,436354120000033;48,054812069000036;1
205025;08240504326200750330;08;3;26;074;2024;05;18;7;3;2;6;0;0;1;1;0;0;0;0;465242,879599999636412;5323462,989900000393391;8,533485472000052;48,063497338000047;1
205028;08240504317010733950;08;3;17;034;2024;05;18;7;3;9;1;0;0;1;0;0;0;0;0;428882,163399999961257;5366066,303799999877810;8,038339686000029;48,443719136000027;1
205029;08240504317000750160;08;3;17;153;2024;05;15;7;3;1;5;0;0;1;1;0;0;0;0;422754,639499999582767;5390097,348400000482798;7,951037841000073;48,659151854000072;1
205031;08240504311010753170;08;3;11;000;2024;05;17;7;3;5;3;0;0;1;1;0;0;0;0;414030,609500000253320;5315677,720300000160933;7,847771224000041;47,988620100000048;1
205032;08240504311010732120;08;3;36;069;2024;05;17;7;2;0;1;0;0;1;0;0;0;0;0;407938,962600000202656;5267890,901300000026822;7,776273506000052;47,557907169000032;1
205033;08240518212010795590;08;2;12;000;2024;05;12;7;3;4;3;0;0;1;0;0;0;0;0;456081,231399999931455;5430288,404100000858307;8,399256129000037;49,023917407000056;1
205034;08240504235100067760;08;2;35;079;2024;05;22;7;3;6;1;2;0;0;0;1;0;0;1;466768,956899999640882;5399215,021700000390410;8,547969174000059;48,745064776000049;1
205035;08240506311200762830;08;3;11;000;2024;05;14;2;3;5;3;0;1;1;1;0;0;0;0;414066,285000000149012;5316694,677999999374151;7,848045662000061;47,997772814000029;1