OID_;UIDENTSTLAE;ULAND;UREGBEZ;UKREIS;UGEMEINDE;UJAHR;UMONAT;USTUNDE;UWOCHENTAG;UKATEGORIE;UART;UTYP1;ULICHTVERH;IstStrassenzustand;IstRad;IstPKW;IstFuss;IstKrad;IstGkfz;IstSonstige;LINREFX;LINREFY;XGCSWGS84;YGCSWGS84;PLST
205292;08240618415300933300;08;4;15;059;2024;06;07;3;2;0;1;0;0;1;0;0;0;0;0;517369,300999999977648;5367621,982999999076128;9,234949648000054;48,461493022000070;1
205293;08240618415100872310;08;4;15;062;2024;06;14;3;3;4;6;0;0;1;1;0;0;0;0;518975,090499999932945;5378494,279400000348687;9,257164948000025;48,559257009000078;1
205295;08240618337200887220;08;3;37;065;2024;06;20;3;2;0;1;0;0;1;0;0;0;0;0;447415,638700000010431;5275518,825099999085069;8,300049365000064;47,630935050000062;1
205296;08240618337010893890;08;3;37;126;2024;06;18;3;3;3;2;0;0;1;1;0;0;0;0;442241,014100000262260;5273191,438100000843406;8,231482968000023;47,609554706000040;1
205297;08240618335200874630;08;3;35;063;2024;06;17;3;3;3;6;0;0;1;0;0;0;0;1;498525,435100000351667;5287824,869400000199676;8,980329718000064;47,743794468000033;1
205298;08240618335100886850;08;3;35;043;2024;06;18;3;3;0;1;0;0;1;0;0;0;0;0;513367,731999999843538;5278263,633999999612570;9,178028234000067;47,657629304000068;1
205301;08240618317500874300;08;3;17;096;2024;06;17;3;3;6;7;0;0;1;0;1;0;0;0;422252,071999999694526;5368706,800799999386072;7,948211652000055;48,466686265000078;1
205302;08240618317000868960;08;3;17;151;2024;06;07;3;3;0;7;0;0;1;0;0;0;0;0;411984,148599999956787;5365369,240199999883771;7,810036398000022;48,435313373000042;1
205303;08240618316200874320;08;3;16;014;2024;06;15;3;1;6;4;0;0;0;1;1;0;0;0;425824,276800000108778;5330325,283700000494719;8,003272409000033;48,121862470000053;1
205304;08240618316100920890;08;3;16;054;2024;06;16;3;3;3;6;0;0;1;0;0;0;0;1;416431,480000000447035;5337279,514000000432134;7,875715735000028;48,183253473000036;1
205305;08240618316100871370;08;3;16;043;2024;06;21;3;2;5;3;1;0;1;0;0;0;0;0;412583,546500000171363;5330831,447000000625849;7,825283668000054;48,124734889000081;1
205308;08240618311100884120;08;3;15;043;2024;06;20;3;3;3;6;0;0;1;0;0;0;0;0;404910,940700000151992;5322313,646199999377131;7,724100046000046;48,047018857000069;1
205309;08240618311010930950;08;3;11;000;2024;06;08;3;2;5;3;0;0;1;0;0;0;0;1;410220,663099999539554;5315783,055199999362230;7,796696739000026;47,989044104000072;1
205310;08240618311010905860;08;3;11;000;2024;06;20;3;3;5;3;0;0;1;0;0;0;0;0;410744,392300000414252;5315346,226500000804663;7,803805451000073;47,985188034000032;1
205312;08240618311010884030;08;3;36;069;2024;06;15;3;3;6;7;0;0;1;0;1;0;0;0;408547,683899999596179;5267989,279100000858307;7,784342611000056;47,558878198000059;1
205313;08240618231202909660;08;2;36;070;2024;06;18;3;3;9;7;0;0;1;0;0;0;0;0;471030,369099999777973;5415587,484200000762939;8,604777998000031;48,892559116000029;1
205314;08240618222200909460;08;2;22;000;2024;06;16;3;3;6;4;0;0;1;0;1;0;0;0;461223,331600000150502;5482428,711600000038743;8,464539120000040;49,493254904000025;1
205315;08240618222200887670;08;2;22;000;2024;06;21;3;3;0;4;0;1;0;0;1;1;0;0;461528,378800000064075;5482264,370100000873208;8,468767275000062;49,491796161000082;1
205316;08240618222014890030;08;2;22;000;2024;06;10;3;3;0;7;0;0;1;0;0;0;0;0;464332,444799999706447;5480433,730399999767542;8,507650594000040;49,475501744000042;1
205318;08240618221200921680;08;2;21;000;2024;06;12;3;3;1;5;0;0;1;1;0;0;0;0;476776,058000000193715;5472952,620200000703335;8,679855109000073;49,408814351000046;1
205321;08240618212702906320;08;2;15;017;2024;06;08;3;2;5;3;0;0;1;1;0;0;0;0;454620,548000000417233;5419976,156999999657273;8,380428100000074;48,931051721000074;1
205322;08240618212302869200;08;2;12;000;2024;06;08;3;3;5;2;0;0;1;1;0;0;0;0;455091,369900000281632;5429276,382999999448657;8,385829112000067;49,014742928000032;1
205323;08240618212010877490;08;2;12;000;2024;06;09;3;3;1;5;0;0;1;1;0;0;0;0;453907,928100000135601;5429470,511099999770522;8,369623313000034;49,016401843000040;1
205324;08240618212010873780;08;2;12;000;2024;06;19;3;3;5;3;0;0;1;1;0;0;0;0;455384,273699999786913;5428840,666099999099970;8,389882526000065;49,010844867000060;1
205325;08240618212010869710;08;2;12;000;2024;06;09;3;3;1;5;0;0;1;1;0;0;0;0;456346,233199999667704;5427209,879300000146031;8,403211824000039;48,996244545000081;1
205327;08240618135200869430;08;1;35;019;2024;06;07;3;3;0;1;0;0;1;0;0;0;0;0;586562,849100000225008;5392055,537799999117851;10,175873508000052;48,675542738000047;1
205328;08240618128100906270;08;1;28;126;2024;06;07;3;2;0;5;0;0;1;1;0;0;0;0;565565,366799999959767;5480873,061100000515580;9,905085138000061;49,476960327000029;1
205330;08240618121500871820;08;1;25;005;2024;06;10;3;3;5;3;0;0;1;1;0;0;0;0;515351,482800000347197;5452863,257799999788404;9,210850200000039;49,228358942000057;1
205331;08240618119200902160;08;1;19;020;2024;06;13;3;3;6;4;0;0;0;1;1;0;0;0;521104,987300000153482;5406920,557499999180436;9,287482495000063;48,814911563000067;1
205332;08240618119200901480;08;1;19;020;2024;06;07;3;3;6;4;0;0;0;0;1;0;0;1;520264,716400000266731;5406281,955099999904633;9,276005316000067;48,809194795000053;1
205333;08240618119200875260;08;1;19;020;2024;06;17;3;3;5;3;0;0;1;1;0;0;0;0;519492,126799999736249;5408505,522399999201298;9,265588427000068;48,829222283000036;1
205334;08240618119100907090;08;1;19;044;2024;06;20;3;3;6;7;0;0;0;0;1;0;0;1;542501,510700000450015;5425226,097899999469519;9,580829161000054;48,978480487000070;1
205336;08240618118010905240;08;1;15;028;2024;06;18;3;2;6;4;0;0;0;1;1;0;0;0;500893,161700000055134;5405247,835400000214577;9,012162681000063;48,800221716000067;1
205338;08240618116500933780;08;1;16;049;2024;06;08;3;3;2;2;0;0;1;0;0;0;0;0;524840,590800000354648;5385461,345300000160933;9,337074053000038;48,621728468000072;1
205339;08240618116200883630;08;1;16;077;2024;06;07;3;3;5;3;0;0;1;1;0;0;0;0;516273,360000000335276;5388832,269999999552965;9,220954664000033;48,652335267000069;1
205341;08240618116100901300;08;1;16;019;2024;06;09;3;3;0;7;0;0;1;0;0;0;0;0;523147,171000000089407;5398490,587999999523163;9,314825197000062;48,739004261000048;1
205342;08240618116100886110;08;1;16;056;2024;06;07;3;3;5;3;0;0;1;1;0;0;0;0;530492,509600000455976;5395084,426200000569224;9,414475054000036;48,708046823000075;1
205343;08240618115400901320;08;1;15;045;2024;06;11;3;3;5;3;0;0;1;1;0;0;0;0;500374,662399999797344;5394891,066299999132752;9,005092562000073;48,707052720000036;1
205344;08240618111500891050;08;1;11;000;2024;06;15;3;3;5;2;0;0;1;1;0;0;0;0;515313,346499999985099;5406752,426999999210238;9,208585785000025;48,813568832000044;1
205345;08240619335200890150;08;3;35;063;2024;06;13;4;3;8;1;0;0;1;0;0;0;0;0;497865,957600000314415;5288413,951500000432134;8,971529584000052;47,749092940000025;1
205346;08240618111320871260;08;1;11;000;2024;06;20;3;2;0;1;0;0;1;0;0;0;0;0;516422,112900000065565;5406466,205000000074506;9,223676917000034;48,810965707000037;1
205349;08240618111120890740;08;1;11;000;2024;06;17;3;3;2;6;0;0;1;0;0;0;0;1;513770,623999999836087;5402631,540400000289083;9,187434064000058;48,776533898000025;1
205351;08240617421300884270;08;4;21;000;2024;06;15;2;3;0;1;0;0;1;0;0;0;0;0;570614,383000000379980;5357747,336999999359250;9,953453675000048;48,368944224000074;1
205352;08240617421200894820;08;4;21;000;2024;06;15;2;3;6;7;0;0;1;0;1;0;0;0;573111,849899999797344;5360923,310200000181794;9,987722638000037;48,397228494000046;1
205353;08240617415400868780;08;4;15;061;2024;06;12;2;3;6;4;0;0;0;0;1;0;0;1;513286,451500000432134;5371972,089800000190735;9,179860722000058;48,500727755000071;1
205354;08240617336300897930;08;3;36;057;2024;06;22;2;3;5;3;2;0;1;1;0;0;0;0;408196,640399999916553;5277683,526399999856949;7,777647286000047;47,646035835000077;1
205355;08240617335300885320;08;3;35;075;2024;06;07;2;3;4;6;0;0;1;0;0;0;0;1;485851,534199999645352;5288010,827700000256300;8,811257911000041;47,745314134000068;1
205356;08240617335100871460;08;3;35;043;2024;06;16;2;3;7;1;0;0;1;0;0;0;0;0;513420,080299999564886;5279814,297299999743700;9,178773024000066;47,671580580000068;1
205357;08240617326201866170;08;3;26;074;2024;06;12;2;3;7;1;0;0;1;0;0;0;0;0;464666,266499999910593;5323009,926100000739098;8,525783809000075;48,059389539000051;1
205358;08240617326100902920;08;3;26;012;2024;06;07;2;3;5;1;0;0;1;1;0;0;0;0;463054,836600000038743;5311122,757999999448657;8,505181519000075;47,952351280000073;1
205359;08240617326000868750;08;3;35;066;2024;06;15;2;3;7;1;0;0;1;0;0;0;0;0;503344,879599999636412;5282663,204500000923872;9,044580112000062;47,697344757000053;1
205360;08240617317500867790;08;3;17;096;2024;06;11;2;3;0;7;0;0;1;0;0;0;0;0;424176,955799999646842;5369433,444299999624491;7,974115681000058;48,473457435000057;1
205362;08240617311010904900;08;3;11;000;2024;06;12;2;3;0;3;0;0;1;1;0;0;0;0;414197,739900000393391;5319745,589600000530481;7,849196947000053;48,025234496000053;1
205363;08240617311010902580;08;3;11;000;2024;06;08;2;3;0;1;0;0;1;0;0;0;0;0;412835,059299999848008;5316122,163899999111891;7,831660708000072;47,992456184000048;1
205366;08240617311010865960;08;3;11;000;2024;06;12;2;3;5;3;0;1;1;1;0;0;0;0;408965,700000000186265;5315235,168999999761581;7,779996684000025;47,983938365000029;1
205367;08240617231000873790;08;2;36;030;2024;06;13;2;3;5;3;0;0;1;1;0;0;0;0;475056,556499999947846;5418829,581599999219179;8,659506598000064;48,921898899000041;1
205368;08240617226600902250;08;2;26;031;2024;06;16;2;3;5;3;0;0;1;1;0;0;0;0;474978,464700000360608;5492732,277400000020862;8,653822863000073;49,586654654000029;1
205369;08240617226500869320;08;2;26;085;2024;06;15;2;3;5;3;0;0;1;1;0;0;0;0;490258,384200000204146;5455275,574300000444055;8,866141525000046;49,250173193000080;1
205371;08240617222500903250;08;2;26;009;2024;06;21;2;3;4;6;0;0;1;0;0;1;0;0;465399,502700000070035;5472982,060000000521541;8,523030108000057;49,408538614000065;1
205373;08240617222500869130;08;2;22;000;2024;06;13;2;3;5;3;0;0;1;1;0;0;0;0;464512,380800000391901;5477221,647299999371171;8,510422228000039;49,446620996000036;1
205375;08240619116200938760;08;1;16;077;2024;06;15;4;3;6;4;0;0;0;1;1;0;0;0;515693,361999999731779;5392407,952999999746680;9,213215352000077;48,684517214000039;1
205376;08240617221200904540;08;2;21;000;2024;06;17;2;3;6;4;0;0;0;1;1;0;0;0;476632,043499999679625;5472488,528100000694394;8,677897194000025;49,404634405000081;1
205377;08240617216100868450;08;2;16;043;2024;06;15;2;2;0;7;0;0;1;0;0;0;0;0;442342,853500000201166;5411581,670700000599027;8,213998443000037;48,854521660000046;1
205378;08240617215502878520;08;2;15;066;2024;06;22;2;3;5;2;1;1;1;0;0;0;0;1;460218,216699999757111;5453890,349500000476837;8,453512667000041;49,236497722000081;1
205380;08240617212010868630;08;2;12;000;2024;06;09;2;3;5;3;0;1;1;1;0;0;0;0;457346,958899999968708;5428571,220399999991059;8,416748954000070;49,008559957000045;1
205381;08240617126100871380;08;1;26;028;2024;06;18;2;3;0;7;0;0;1;0;0;0;0;0;540874,099100000225008;5459813,472699999809265;9,562096693000058;49,289702906000059;1
205393;08240617111320900720;08;1;11;000;2024;06;14;2;2;6;7;0;0;1;0;1;0;0;0;512582,544599999673665;5402592,514200000092387;9,171261818000062;48,776207985000042;1
205394;08240617111130867250;08;1;11;000;2024;06;07;2;3;6;7;0;0;0;1;1;0;0;0;509463,169099999591708;5398283,055500000715256;9,128704856000070;48,737495470000056;1
205395;08240616436200893710;08;4;36;064;2024;06;23;1;3;0;1;2;0;1;0;0;0;0;0;545857,998700000345707;5291941,649599999189377;9,612149210000041;47,779204792000030;1
205396;08240616435200864730;08;4;35;052;2024;06;16;1;3;0;1;0;0;1;0;0;0;0;0;517905,505900000222027;5293652,349999999627471;9,239093556000057;47,795980197000063;1
205398;08240616416010905340;08;4;16;041;2024;06;02;1;2;0;7;2;0;1;0;0;0;0;0;504820,160600000061095;5373806,013199999928474;9,065272580000055;48,517348449000053;1
205399;08240616337010888930;08;3;37;116;2024;06;13;1;3;0;7;0;0;1;1;0;0;0;0;418175,324500000104308;5270236,057399999350309;7,911877119000053;47,580375699000058;1
205400;08240616335010899270;08;3;35;066;2024;06;23;1;2;6;4;2;0;0;1;1;0;0;0;508541,184000000357628;5282613,088999999687076;9,113834688000054;47,696846031000064;1
205403;08240616311200864630;08;3;15;047;2024;06;17;1;3;0;7;0;0;1;0;0;0;0;0;415840,397699999623001;5320987,638900000602007;7,870980195000072;48,036625774000072;1
205404;08240616311010901010;08;3;11;000;2024;06;15;1;3;0;6;0;0;1;1;0;0;0;0;410473,115699999965727;5314549,732599999755621;7,800336688000073;47,977985465000074;1
205406;08240616311010865340;08;3;15;098;2024;06;14;1;3;3;6;0;0;1;0;0;0;0;0;405377,451999999582767;5312771,981100000441074;7,732462878000035;47,961261176000050;1
205407;08240616311010864560;08;3;11;000;2024;06;18;1;3;5;2;0;0;1;1;0;0;0;0;415435,337799999862909;5315794,194299999624491;7,866571698000030;47,989855128000045;1
205409;08240616136200885500;08;1;36;089;2024;06;14;1;3;0;7;0;0;1;0;0;0;0;0;582982,271700000390410;5417867,796399999409914;10,132458350000036;48,908189284000059;1
205410;08240616135200865070;08;1;35;019;2024;06;15;1;3;0;7;0;0;1;0;0;0;0;0;585065,458499999716878;5395595,834899999201298;10,156266214000027;48,707590921000076;1
205411;08240616128200934210;08;1;28;139;2024;06;20;1;2;8;1;0;1;1;0;0;0;0;0;551342,667399999685585;5490329,287699999287724;9,709998884000072;49,563380222000035;1
205413;08240616119300894140;08;1;19;001;2024;06;11;1;3;0;1;0;0;1;0;0;0;0;0;551524,053000000305474;5415757,325400000438094;9,702926172000048;48,892621878000057;1
205414;08240616116400897640;08;1;16;033;2024;06;15;1;2;0;1;0;0;1;0;0;0;0;0;533398,619099999777973;5387588,223699999973178;9,453370176000021;48,640463279000073;1
205415;08240616116010877550;08;1;16;049;2024;06;09;1;3;5;3;0;0;1;1;0;0;0;0;525577,194099999964237;5386278,315400000661612;9,347119591000023;48,629048277000038;1
205418;08240615436400886410;08;4;36;024;2024;06;02;7;3;0;7;2;0;1;0;0;0;0;0;538176,756099999882281;5305548,768300000578165;9,510818883000070;47,902130162000049;1
205419;08240615426000909330;08;4;26;066;2024;06;17;7;3;0;3;0;0;1;0;0;0;0;1;583970,345900000073016;5323223,436300000175834;10,126920091000045;48,056762523000032;1
205421;08240615415400928850;08;4;15;060;2024;06;12;7;3;2;6;0;0;1;1;0;0;0;0;515411,978000000119209;5378888,280999999493361;9,208889888000044;48,562899271000049;1
205425;08240615336100861070;08;3;36;050;2024;06;21;7;3;1;1;0;0;1;1;0;0;0;0;398557,081000000238419;5273955,728099999949336;7,650196318000042;47,611064203000069;1
205426;08240615335100863790;08;3;35;043;2024;06;16;7;3;5;2;0;0;1;1;0;0;0;0;512887,509999999776483;5279275,133300000801682;9,171662617000038;47,666740195000045;1
205428;08240615317000881910;08;3;17;059;2024;06;20;7;2;0;1;0;0;1;0;0;0;0;0;414847,076500000432134;5348402,177699999883771;7,852168694000056;48,283091590000026;1
205429;08240619111330876250;08;1;11;000;2024;06;14;4;3;3;6;0;0;1;1;0;0;0;0;511655,645800000056624;5408930,415999999269843;9,158825731000036;48,833241096000052;1
205431;08240618231000870100;08;2;37;004;2024;06;15;3;3;4;6;0;0;1;1;0;0;0;0;454834,837399999611080;5381673,671700000762939;8,387556810000035;48,586518284000078;1
205432;08240615311500887450;08;3;15;113;2024;06;18;7;3;0;1;0;0;1;0;0;0;0;0;441417,105000000447035;5306689,591000000014901;8,216006406000076;47,910854461000042;1
205433;08240615311200860240;08;3;11;000;2024;06;14;7;3;6;4;0;0;0;1;1;0;0;0;414389,529000000096858;5316503,903000000864267;7,852415955000026;47,996100086000069;1
205434;08240615311200858860;08;3;11;000;2024;06;02;7;3;0;1;2;1;1;0;0;0;0;0;415114,013700000010431;5315947,114000000059605;7,862235598000041;47,991188135000073;1
205435;08240615311010893590;08;3;11;000;2024;06;16;7;3;0;7;0;0;1;0;0;0;0;0;414116,666199999861419;5316214,115599999204278;7,848817062000023;47,993456744000071;1
205436;08240615311010892880;08;3;11;000;2024;06;11;7;3;5;3;0;0;1;1;0;0;0;0;413744,059999999590218;5318369,039899999275804;7,843390383000042;48,012790882000047;1
205440;08240615221400916100;08;2;21;000;2024;06;14;7;3;0;7;0;0;1;0;0;0;0;0;476543,113400000147521;5470782,014599999412894;8,676772156000027;49,389281148000066;1
205441;08240615221200895070;08;2;21;000;2024;06;21;7;3;6;7;1;0;1;0;1;0;0;0;475953,662200000137091;5472461,221200000494719;8,668548234000070;49,404362358000071;1
205442;08240616115200890440;08;1;15;021;2024;06;00;1;3;0;7;2;0;1;0;0;0;0;0;490415,479000000283122;5382570,278000000864267;8,870008749000021;48,596139648000076;1
205444;08240615212010881790;08;2;12;000;2024;06;14;7;3;1;5;0;0;1;1;0;0;0;0;457732,661100000143051;5429495,923800000920892;8,421926585000051;49,016904330000045;1
205446;08240615136000863910;08;1;36;065;2024;06;17;7;3;6;4;0;0;0;1;1;0;0;0;555467,374599999748170;5407497,464900000020862;9,755599868000047;48,817983493000042;1
205448;08240615118300912900;08;1;18;046;2024;06;11;7;3;6;6;0;0;0;1;1;0;0;0;513217,020100000314415;5414257,066800000146031;9,180273686000021;48,881127286000037;1
205449;08240615118300860180;08;1;18;003;2024;06;14;7;3;6;4;0;0;0;1;1;0;0;0;510723,629999999888241;5417274,316999999806285;9,146344399000043;48,908317872000055;1
205451;08240615115400878000;08;1;15;045;2024;06;19;7;3;5;3;0;0;1;0;0;1;0;0;500589,589999999850988;5396158,523000000044703;9,008015755000031;48,718454680000036;1
205452;08240615115200863420;08;1;15;015;2024;06;18;7;3;5;3;0;0;1;1;0;0;0;0;493218,394000000320375;5387829,239399999380112;8,907937576000052;48,643486959000029;1
205453;08240615111500865370;08;1;11;000;2024;06;06;7;3;5;3;0;1;1;1;0;0;0;0;512109,881000000052154;5405667,908800000324845;9,164919035000025;48,803883333000044;1
205454;08240615111340896190;08;1;11;000;2024;06;15;7;3;6;4;0;0;0;1;1;0;0;0;511961,780000000260770;5406152,544600000604987;9,162916244000030;48,808245928000076;1
205455;08240615111140893090;08;1;11;000;2024;06;11;7;3;1;5;0;0;1;1;0;0;0;0;512486,975499999709427;5401556,244100000709295;9,169929566000064;48,766887692000068;1
205456;08240615111120892310;08;1;11;000;2024;06;21;7;3;0;7;0;0;1;0;0;0;0;0;514246,931699999608099;5405375,165699999779463;9,194012250000071;48,801204541000061;1
205458;08240614435200890590;08;4;35;053;2024;06;14;6;3;0;1;0;0;1;0;0;0;0;0;507502,731200000271201;5293699,181700000539422;9,100185711000051;47,796606848000067;1
205459;08240614426000894340;08;4;26;014;2024;06;14;6;3;4;1;0;0;1;1;0;0;0;0;549090,470800000242889;5316904,132999999448657;9,658135499000025;48,003548208000041;1
205464;08240614336400857960;08;3;36;091;2024;06;11;6;3;0;7;0;0;1;0;0;0;0;0;396577,254999999888241;5272374,694000000134110;7,624233436000054;47,596529505000035;1
205466;08240614335200894750;08;3;35;063;2024;06;17;6;3;0;1;0;0;1;0;0;0;0;0;497095,040599999949336;5287643,145800000056624;8,961249874000032;47,742154537000033;1
205467;08240619212702890210;08;2;15;017;2024;06;12;4;3;4;6;0;0;1;0;0;0;0;0;455283,141800000332296;5419698,002499999478459;8,389504549000037;48,928597899000067;1
205468;08240614327100891060;08;3;27;050;2024;06;07;6;3;5;3;0;0;1;1;0;0;0;0;485980,005300000309944;5314341,563599999994040;8,812117586000056;47,982223881000039;1
205470;08240614317500856820;08;3;17;096;2024;06;08;6;3;0;7;0;1;1;0;0;0;0;0;422276,205900000408292;5371542,055099999532104;7,948010839000062;48,492192122000063;1
205473;08240614311400890110;08;3;15;006;2024;06;18;6;3;4;2;0;0;1;1;0;0;0;0;403338,837500000372529;5307788,614299999549985;7,706280280000044;47,916131280000059;1
205475;08240614311010886050;08;3;36;050;2024;06;09;6;2;1;6;0;1;1;1;0;0;0;0;399206,300900000147521;5272999,004000000655651;7,659052432000067;47,602559454000072;1
205476;08240614311010884040;08;3;36;050;2024;06;17;6;2;2;6;0;0;1;1;0;0;0;0;398583,710900000296533;5274406,579500000923872;7,650446198000054;47,615123914000037;1
205477;08240614311010877820;08;3;11;000;2024;06;17;6;3;5;3;0;0;1;0;0;0;0;0;413716,751600000075996;5316380,453099999576807;7,843424281000068;47,994899170000053;1
205480;08240614226500872210;08;2;26;102;2024;06;07;6;3;4;6;0;0;1;1;0;0;0;0;484341,390999999828637;5452962,130300000309944;8,784927640000035;49,229240543000060;1
205481;08240614222014930140;08;2;22;000;2024;06;21;6;3;5;3;1;0;1;1;0;0;0;0;461365,061900000087917;5482125,195299999788404;8,466525832000059;49,490533982000045;1
205482;08240618226600925010;08;2;26;096;2024;06;15;3;3;0;7;0;0;1;0;0;0;0;0;475383,484100000001490;5488371,750800000503659;8,659699004000061;49,547450214000037;1
205485;08240614212010888110;08;2;12;000;2024;06;12;6;3;6;4;0;0;0;1;1;0;0;0;455767,542299999855459;5428694,045299999415874;8,395139371000027;49,009553592000032;1
205487;08240614127202890760;08;1;27;014;2024;06;19;6;2;1;5;0;0;1;1;0;0;0;0;578917,462199999950826;5442915,744500000029802;10,081868998000061;49,134001471000033;1
205488;08240614119200857680;08;1;19;020;2024;06;14;6;3;0;7;0;0;1;0;0;0;0;0;519179,120000000111759;5409089,396999999880791;9,261350942000036;48,834484441000029;1
205490;08240614117010877510;08;1;17;037;2024;06;06;6;3;0;1;0;0;1;0;0;0;0;0;555012,473699999973178;5397850,727900000289083;9,748113084000067;48,731249606000063;1
205494;08240614111500857900;08;1;11;000;2024;06;08;6;3;5;2;0;0;1;1;0;0;0;0;512722,151999999769032;5403630,145700000226498;9,173194127000045;48,785539594000056;1
205496;08240614111000865650;08;1;11;000;2024;06;14;6;3;5;3;0;0;1;0;0;0;0;0;518714,463999999687076;5402824,206000000238419;9,254733590000058;48,778138020000029;1
205497;08240613436000890560;08;4;35;030;2024;06;17;5;3;6;6;0;0;0;1;1;0;0;0;541398,530899999663234;5272263,310599999502301;9,550756380000053;47,602455762000034;1
205498;08240613416010888870;08;4;16;048;2024;06;13;5;3;6;7;0;0;0;0;1;0;0;1;497385,864000000059605;5375400,805999999865890;8,964590465000072;48,531708843000047;1
205499;08240613416010883600;08;4;16;036;2024;06;13;5;3;5;3;0;0;1;1;0;0;0;0;495298,847000000067055;5369534,213099999353290;8,936387069000034;48,478918536000037;1
205500;08240613416010856890;08;4;16;036;2024;06;18;5;3;5;3;0;0;0;0;1;1;0;0;494510,254999999888241;5367619,683000000193715;8,925741502000051;48,461688188000039;1
205501;08240613335400868740;08;3;35;098;2024;06;19;5;2;0;1;0;0;1;0;0;0;0;0;502198,756799999624491;5294543,039799999445677;9,029364809000072;47,804239426000038;1
205503;08240613317000869500;08;3;17;034;2024;06;11;5;3;0;7;0;0;1;0;0;0;0;0;427037,284300000406802;5360006,856300000101328;8,014451048000069;48,389002051000034;1
205505;08240613316200886640;08;3;16;009;2024;06;15;5;3;0;1;0;0;1;0;0;0;0;0;418126,147699999623001;5324505,341800000518560;7,900964909000038;48,068566303000068;1
205508;08240613311300884590;08;3;11;000;2024;06;19;5;3;1;5;0;0;1;1;0;0;0;0;411469,586000000126660;5316981,634899999946356;7,813184935000038;47,999999758000058;1
205509;08240613311010874350;08;3;15;064;2024;06;15;5;2;0;7;0;0;1;0;0;0;0;0;424041,697999999858439;5313842,618000000715256;7,982248823000020;47,973379349000027;1
205510;08240613311010858830;08;3;11;000;2024;06;15;5;3;3;2;0;0;1;0;0;0;1;0;412894,720800000242889;5318055,071599999442697;7,832067777000020;48,009851427000058;1
205511;08240613235200856030;08;2;35;046;2024;06;14;5;2;5;3;0;0;1;1;0;0;0;0;479116,426699999719858;5376479,470300000160933;8,717071213000054;48,541070684000033;1
205512;08240613226400894470;08;2;26;084;2024;06;15;5;3;5;5;0;0;1;0;0;0;0;1;470124,221300000324845;5469855,611899999901652;8,588393783000072;49,380667257000027;1
205516;08240613216100855390;08;2;16;043;2024;06;10;5;3;0;7;0;0;1;0;0;0;0;0;441652,735000000335276;5411670,818399999290705;8,204578754000067;48,855259026000056;1
205517;08240613212502871170;08;2;12;000;2024;06;22;5;3;0;7;2;0;1;0;0;0;0;0;453299,604700000025332;5428762,031099999323487;8,361385658000074;49,009983291000026;1
205519;08240613212010854290;08;2;12;000;2024;06;11;5;3;1;5;0;0;1;1;0;0;0;0;454651,123399999924004;5429072,929600000381470;8,379831398000022;49,012880648000078;1
205522;08240613127100874650;08;1;27;076;2024;06;18;5;3;4;6;0;0;1;1;0;0;0;0;553414,563099999912083;5440568,508999999612570;9,731979389000060;49,115635372000042;1
205524;08240613119500858670;08;1;19;008;2024;06;17;5;2;6;4;0;0;0;1;1;0;0;0;532273,751099999994040;5420633,101800000295043;9,440696640000056;48,937783593000063;1
205526;08240613119200872810;08;1;19;020;2024;06;14;5;3;8;1;0;0;1;0;0;0;0;0;519884,578300000168383;5407560,128399999812245;9,270889841000042;48,820705274000034;1
205527;08240613119010865730;08;1;19;083;2024;06;16;5;2;5;3;0;0;1;1;0;0;0;0;534424,582899999804795;5419764,413599999621511;9,469991791000041;48,929853433000062;1
205528;08240613118300865530;08;1;18;046;2024;06;20;5;3;5;3;0;0;1;1;0;0;0;0;512763,870400000363588;5411411,959400000050664;9,174004211000067;48,855542818000060;1
205530;08240619316200924390;08;3;16;056;2024;06;17;4;2;1;6;0;0;1;0;0;0;0;1;421739,726400000043213;5326794,209400000050664;7,949043885000037;48,089609607000057;1
205531;08240613116100920070;08;1;16;056;2024;06;10;5;3;6;2;0;0;1;0;1;0;0;0;531145,119099999777973;5395364,920299999415874;9,423366686000065;48,710537848000058;1
205532;08240613115400870750;08;1;15;045;2024;06;11;5;3;0;7;0;0;1;1;0;0;0;0;499663,984000000171363;5394909,975600000470877;8,995432720000053;48,707222852000029;1
205533;08240613115300887610;08;1;15;028;2024;06;20;5;3;5;2;1;0;1;1;0;0;0;0;500339,149600000120699;5404956,675000000745058;9,004618149000066;48,797603006000031;1
205534;08240613115100886340;08;1;15;003;2024;06;16;5;2;6;7;0;0;0;1;1;0;0;0;500644,577399999834597;5392166,257799999788404;9,008757102000061;48,682539863000045;1
205535;08240613111340856310;08;1;11;000;2024;06;14;5;3;0;5;0;0;1;1;0;0;0;0;508330,270700000226498;5406683,568900000303984;9,113466961000029;48,813082258000065;1
205537;08240613111250886990;08;1;11;000;2024;06;19;5;3;5;3;0;0;1;1;0;0;0;0;518366,233199999667704;5403997,788499999791384;9,250046104000035;48,788705795000055;1
205538;08240613111140855730;08;1;11;000;2024;06;11;5;3;5;3;0;0;1;1;0;0;0;0;511849,834900000132620;5403159,560599999502301;9,161305246000040;48,781323481000072;1
205539;08240613111110886890;08;1;11;000;2024;06;23;5;3;0;1;2;0;1;0;0;0;0;0;513328,466000000014901;5402337,815300000831485;9,181406295000045;48,773901199000079;1