OID_;UIDENTSTLAE;ULAND;UREGBEZ;UKREIS;UGEMEINDE;UJAHR;UMONAT;USTUNDE;UWOCHENTAG;UKATEGORIE;UART;UTYP1;ULICHTVERH;IstStrassenzustand;IstRad;IstPKW;IstFuss;IstKrad;IstGkfz;IstSonstige;LINREFX;LINREFY;XGCSWGS84;YGCSWGS84;PLST
205774;08240608435100841460;08;4;35;016;2024;06;12;7;3;5;2;0;0;1;1;0;0;0;0;535676,785699999891222;5278354,171000000089407;9,475134981000053;47,657598242000063;1
205775;08240608425000871690;08;4;25;033;2024;06;11;7;3;5;3;0;0;1;1;0;0;0;0;553276,391800000332296;5348336,238800000399351;9,718184175000033;48,285984274000043;1
205778;08240608335400887420;08;3;35;079;2024;06;17;7;3;0;7;0;1;1;0;0;0;0;0;501233,857400000095367;5299958,516499999910593;9,016493828000023;47,852967517000081;1
205780;08240608335300841440;08;3;35;028;2024;06;14;7;3;0;7;0;1;1;0;0;0;0;0;483189,932699999772012;5286835,892500000074506;8,775797505000071;47,734678740000049;1
205782;08240608316100841230;08;3;16;043;2024;06;09;7;3;6;3;0;0;0;1;1;0;0;0;411235,051400000229478;5332660,073000000789762;7,806785349000052;48,140996795000035;1
205783;08240608311010874400;08;3;11;000;2024;06;13;7;3;4;3;0;1;1;1;0;0;0;0;413717,125000000000000;5316382,548000000417233;7,843428864000032;47,994918065000036;1
205784;08240608311010841840;08;3;11;000;2024;06;11;7;3;1;5;0;0;1;1;0;0;0;0;413268,304999999701977;5316526,587700000032783;7,837384865000047;47,996153026000059;1
205785;08240608300700859310;08;3;15;131;2024;06;08;7;3;2;6;0;0;1;1;0;0;0;0;405368,823099999688566;5308263,405500000342727;7,733338548000063;47,920704916000034;1
205788;08240608226500858700;08;2;26;085;2024;06;17;7;2;0;7;0;0;1;0;0;0;0;0;490397,837600000202656;5455401,079500000923872;8,868054724000046;49,251304341000036;1
205789;08240608222200904310;08;2;22;000;2024;06;19;7;3;0;7;0;0;0;0;1;0;0;1;461492,133999999612570;5482067,923499999567866;8,468285953000077;49,490026930000056;1
205790;08240608222000840760;08;2;22;000;2024;06;01;7;3;2;7;2;0;1;1;0;0;0;0;462402,687199999578297;5490046,988900000229478;8,480097783000076;49,561851125000032;1
205791;08240608215302858380;08;2;15;007;2024;06;15;7;3;1;5;0;0;1;1;0;0;0;0;478605,032599999569356;5432145,999099999666214;8,707243993000077;49,041819926000073;1
205792;08240608212502840410;08;2;12;000;2024;06;00;7;3;0;7;2;0;1;0;0;0;0;0;455748,230000000447035;5428556,821299999952316;8,394890257000043;49,008317863000059;1
205793;08240608212302869580;08;2;12;000;2024;06;15;7;3;6;6;0;0;0;1;1;0;0;0;456499,832600000314415;5428612,539300000295043;8,405161303000057;49,008872492000080;1
205794;08240612121100897410;08;1;25;026;2024;06;08;4;3;8;1;0;0;1;0;0;0;0;1;497737,478400000371039;5438121,816199999302626;8,969007374000057;49,095942599000068;1
205797;08240608121200862810;08;1;21;000;2024;06;02;7;3;0;1;2;0;1;0;0;0;0;0;515661,928199999965727;5443317,124299999326468;9,214742174000037;49,142481102000033;1
205800;08240608119100858030;08;1;19;008;2024;06;17;7;2;0;7;0;1;1;0;0;0;0;0;532620,673200000077486;5420540,962500000372529;9,445426322000060;48,936936563000074;1
205801;08240608118300843810;08;1;18;046;2024;06;14;7;3;5;3;0;0;1;1;0;0;0;0;512691,594999999739230;5412586,317999999970198;9,173055334000026;48,866108589000078;1
205803;08240608117200870810;08;1;17;024;2024;06;09;7;3;4;2;0;0;1;1;0;0;0;0;561891,573400000110269;5385753,580900000408292;9,839840996000021;48,621788618000039;1
205804;08240608116200891800;08;1;16;078;2024;06;16;7;3;6;1;0;0;1;0;1;0;0;0;511323,826000000350177;5393023,573000000789762;9,153866488000062;48,690149950000034;1
205805;08240608116010847900;08;1;16;019;2024;06;18;7;2;0;7;0;1;1;1;0;1;0;0;520765,469899999909103;5398872,512900000438094;9,282451311000045;48,742523970000036;1
205807;08240608115200860620;08;1;15;021;2024;06;13;7;3;5;3;0;0;1;1;0;0;0;0;488124,657399999909103;5384430,992699999362230;8,838886080000066;48,612839750000035;1
205810;08240608111310843820;08;1;11;000;2024;06;13;7;3;3;3;0;0;1;1;0;0;0;0;519466,171400000341237;5401637,420499999076128;9,264909237000040;48,767438777000052;1
205811;08240608111240874250;08;1;11;000;2024;06;19;7;2;0;1;0;1;1;0;0;0;0;0;516114,191300000064075;5405419,060100000351667;9,219441807000067;48,801553806000072;1
205812;08240608111210871470;08;1;11;000;2024;06;10;7;3;5;3;0;0;1;1;0;0;0;0;509005,902999999932945;5396797,657999999821186;9,122453322000069;48,724139586000035;1
205815;08240607436000839910;08;4;37;088;2024;06;14;6;3;0;7;0;0;1;0;0;0;0;0;518552,384600000455976;5307837,843900000676513;9,248340076000034;47,923593361000030;1
205817;08240607426000862230;08;4;26;117;2024;06;07;6;3;0;7;0;0;1;0;0;0;0;0;581707,973299999721348;5316291,982499999925494;10,095241958000031;47,994704393000063;1
205818;08240607425000866340;08;4;25;071;2024;06;17;6;3;0;1;0;0;1;0;0;0;0;0;550346,535000000149012;5370485,789999999105930;9,681346203000032;48,485480292000034;1
205819;08240607417300868070;08;4;17;031;2024;06;18;6;3;3;2;0;0;1;1;0;0;0;0;497575,767699999734759;5358733,706599999219179;8,967259344000070;48,381764586000031;1
205825;08240607415400840100;08;4;15;061;2024;06;13;6;3;6;7;0;0;0;1;1;0;0;0;512758,839700000360608;5371853,488700000569224;9,172714770000027;48,499671715000034;1
205827;08240607337010865690;08;3;37;002;2024;06;15;6;3;2;6;0;0;1;1;0;0;0;0;433645,626699999906123;5270742,189200000837445;8,117500046000032;47,586696287000052;1
205829;08240607336100870300;08;3;36;050;2024;06;16;6;3;0;1;0;0;1;0;0;0;0;0;399389,995900000445545;5274337,722100000828505;7,661188270000025;47,614630223000063;1
205830;08240607335100861190;08;3;35;043;2024;06;23;6;2;8;1;2;0;1;0;0;0;0;0;513194,594999999739230;5284841,775000000372529;9,175921358000039;47,716820587000029;1
205831;08240607325202852010;08;3;25;049;2024;06;11;6;3;5;3;0;0;1;1;0;0;0;0;472783,646399999968708;5334089,278699999675155;8,634017959000062;48,159466583000039;1
205832;08240607317000935990;08;3;17;065;2024;06;10;6;3;9;1;0;0;1;0;0;0;0;0;416123,056300000287592;5354618,170900000259280;7,868128942000055;48,339174455000034;1
205833;08240607317000866010;08;3;17;113;2024;06;14;6;2;8;1;0;0;1;0;0;0;0;0;408932,519399999640882;5344673,381500000134110;7,773263937000024;48,248728892000031;1
205834;08240607317000865120;08;3;17;146;2024;06;14;6;2;0;1;0;0;1;0;0;0;0;0;430858,749499999918044;5355224,173299999907613;8,066848797000034;48,346410401000071;1
205836;08240607311010868850;08;3;36;082;2024;06;13;6;3;1;3;0;0;0;1;1;0;0;0;415040,915000000037253;5271556,633600000292063;7,869947541000045;47,591852772000038;1
205838;08240607231000862770;08;2;37;004;2024;06;11;6;2;0;1;0;0;1;0;0;0;0;0;454782,237099999561906;5383125,567999999970198;8,386685526000065;48,599575369000036;1
205840;08240607226400883720;08;2;26;084;2024;06;16;6;3;0;7;0;0;1;0;0;0;0;0;469235,957799999974668;5469828,105399999767542;8,576158425000074;49,380375626000045;1
205845;08240607215102842010;08;2;15;105;2024;06;15;6;3;5;3;0;0;1;0;0;0;1;0;457617,894000000320375;5441973,880000000819564;8,419049702000052;49,129136174000053;1
205846;08240607212702883880;08;2;15;017;2024;06;13;6;3;1;5;0;0;1;1;0;0;0;0;457531,420300000347197;5419889,736999999731779;8,420177439000042;48,930480978000048;1
205848;08240607212010865410;08;2;12;000;2024;06;16;6;3;6;4;0;0;0;1;1;0;0;0;453169,427099999971688;5428820,723500000312924;8,359598862000041;49,010501366000028;1
205851;08240607127202866130;08;1;27;014;2024;06;17;6;3;0;1;0;0;1;0;0;0;0;0;576887,169999999925494;5443016,786000000312924;10,054060267000068;49,135167649000039;1
205856;08240607121100867260;08;1;25;026;2024;06;07;6;3;6;4;0;0;1;0;1;0;0;0;493735,942699999548495;5441990,979699999094009;8,914133263000053;49,130719654000075;1
205858;08240609116201145000;08;1;16;047;2024;06;14;1;3;9;1;0;0;1;0;0;0;0;0;520713,174200000241399;5392294,151900000870228;9,281409769000049;48,683347052000045;1
205859;08240607118010364800;08;1;18;048;2024;06;08;6;3;5;3;0;0;1;0;0;0;0;1;511690,069000000134110;5414840,219000000506639;9,159463588000051;48,886403864000044;1
205860;08240607116500869260;08;1;16;035;2024;06;16;6;3;3;6;0;0;1;1;0;0;0;0;527024,063699999824166;5392216,943099999800324;9,367143021000061;48,682411153000032;1
205862;08240607116100841810;08;1;16;019;2024;06;17;6;3;5;3;0;0;1;1;0;0;0;0;522001,451000000350177;5398618,823000000789762;9,299249309000061;48,740199370000028;1
205863;08240607116010862330;08;1;16;056;2024;06;14;6;3;0;1;0;0;1;0;0;0;0;0;529683,777099999599159;5396559,208200000226498;9,403588602000070;48,721352746000036;1
205864;08240607115300865020;08;1;15;028;2024;06;20;6;3;0;7;0;0;1;0;0;0;0;0;500582,757199999876320;5405151,453900000080466;9,007935593000070;48,799355043000048;1
205868;08240607111370919710;08;1;11;000;2024;06;16;6;3;6;4;0;0;0;1;1;0;0;0;511862,524000000208616;5406328,471000000834465;9,161569494000048;48,809830444000056;1
205875;08240606417100855890;08;4;17;079;2024;06;19;5;3;6;4;0;0;0;0;1;0;0;1;500965,104600000195205;5345360,876900000497699;9,013003680000054;48,261457421000046;1
205876;08240606416200864030;08;4;16;041;2024;06;20;5;3;0;1;0;0;1;0;0;0;0;0;503581,367200000211596;5376142,591700000688434;9,048517446000062;48,538377426000068;1
205879;08240606335300866790;08;3;35;077;2024;06;18;5;3;5;3;0;1;1;0;0;0;0;1;494390,729000000283122;5293860,130999999120831;8,925095995000049;47,798074271000075;1
205880;08240606335100838090;08;3;35;043;2024;06;16;5;3;5;2;0;0;1;0;0;0;0;0;512840,442999999970198;5280156,305999999865890;9,171061590000022;47,674669629000050;1
205883;08240606325202852150;08;3;25;049;2024;06;18;5;3;6;4;0;0;0;1;1;0;0;0;472801,876899999566376;5334087,167099999263883;8,634263237000027;48,159448365000060;1
205885;08240606317500848110;08;3;17;100;2024;06;10;5;3;0;1;0;0;1;0;0;0;0;0;423341,955000000074506;5367137,181500000879169;7,963240832000054;48,452701343000058;1
205886;08240606316200847680;08;3;16;056;2024;06;14;5;3;0;1;0;0;1;1;0;0;0;0;423091,816499999724329;5327466,578299999237061;7,967076861000066;48,095822565000049;1
205889;08240606311100845010;08;3;15;015;2024;06;07;5;3;5;3;0;0;1;1;0;0;0;0;394348,855700000189245;5320857,114000000059605;7,582780668000055;48,032257294000033;1
205890;08240606311010852790;08;3;36;050;2024;06;14;5;3;0;7;0;0;1;0;0;0;0;0;398874,189899999648333;5275781,820599999278784;7,653992970000047;47,627540020000026;1
205891;08240606311010847320;08;3;11;000;2024;06;08;5;3;5;3;0;0;1;1;0;0;0;0;410971,945399999618530;5315080,075799999758601;7,806909588000053;47,982825654000067;1
205892;08240606311010837970;08;3;11;000;2024;06;12;5;3;0;7;0;0;1;1;0;0;0;0;411999,778500000014901;5318448,367000000551343;7,819990042000029;48,013266609000027;1
205894;08240606231102922970;08;2;36;040;2024;06;18;5;3;6;4;0;0;0;1;1;0;0;0;488478,256699999794364;5422072,635800000280142;8,842628268000055;48,951467738000076;1
205896;08240606226600840510;08;2;26;096;2024;06;11;5;3;6;2;0;0;0;1;1;0;0;0;475240,911999999545515;5486405,310000000521541;8,657851621000077;49,529757028000063;1
205898;08240606222600857100;08;2;22;000;2024;06;10;5;2;6;2;0;0;0;1;1;0;0;0;463181,269000000320375;5482822,121799999848008;8,491538161000051;49,496915407000074;1
205901;08240606212010839380;08;2;12;000;2024;06;08;5;3;5;3;0;0;1;1;0;0;0;0;458763,807500000111759;5430025,483999999240041;8,435974612000052;49,021737589000054;1
205902;08240606136100861600;08;1;36;088;2024;06;09;5;3;5;3;0;0;1;1;0;0;0;0;578669,034500000067055;5409306,433499999344349;10,071960348000061;48,831749253000055;1
205903;08240606136100839360;08;1;36;088;2024;06;16;5;3;5;3;0;0;1;0;1;0;0;0;580222,693699999712408;5409860,835799999535084;10,093235341000025;48,836536903000081;1
205907;08240606127202861700;08;1;27;014;2024;06;22;5;3;0;1;2;0;1;0;0;0;0;0;576211,426500000059605;5442257,243699999526143;10,044654438000066;49,128420585000072;1
205909;08240606126200880760;08;1;26;011;2024;06;16;5;3;5;3;0;0;1;1;0;0;0;0;531484,769000000320375;5447013,756599999964237;9,431974885000045;49,175125451000042;1
205910;08240606121300839100;08;1;21;000;2024;06;18;5;3;0;7;0;0;1;0;0;0;0;0;513489,751600000075996;5443748,233200000599027;9,184973865000075;49,146410623000065;1
205917;08240606118300840110;08;1;18;046;2024;06;18;5;3;5;3;0;0;1;0;0;0;0;0;513400,097599999979138;5411369,821299999952316;9,182676191000041;48,855150337000055;1
205918;08240606118010857610;08;1;18;081;2024;06;07;5;2;5;3;0;0;1;0;0;0;0;1;518267,165599999949336;5412089,308800000697374;9,249057804000074;48,861498458000028;1
205921;08240606116200860190;08;1;16;077;2024;06;12;5;3;1;5;0;0;1;1;0;0;0;0;516118,471699999645352;5388747,792500000447035;9,218848366000032;48,651579314000060;1
205922;08240606115400839120;08;1;15;045;2024;06;16;5;3;8;7;0;0;1;0;0;0;0;0;500310,013100000098348;5395323,536499999463558;9,004214147000027;48,710943289000056;1
205924;08240606111500838380;08;1;11;000;2024;06;08;5;3;5;2;0;0;1;1;0;0;0;0;513120,588000000454485;5407052,478000000119209;9,178727595000055;48,816318224000042;1
205925;08240606111500838330;08;1;11;000;2024;06;08;5;3;6;7;0;0;0;0;1;0;0;1;512670,137400000356138;5408467,759099999442697;9,172635345000060;48,829059235000045;1
205926;08240606111210943970;08;1;11;000;2024;06;18;5;3;6;4;0;0;1;0;1;0;0;0;515589,477800000458956;5396381,990000000223517;9,211954014000071;48,720270340000070;1
205927;08240606111120838960;08;1;11;000;2024;06;12;5;3;1;6;0;0;1;1;0;0;0;0;512571,427799999713898;5403793,355200000107288;9,171147232000067;48,787010878000046;1
205928;08240605436300837290;08;4;36;081;2024;06;16;4;3;0;1;0;0;1;0;0;0;0;0;559998,776600000448525;5280284,739299999549985;9,799288700000034;47,673168751000048;1
205929;08240605436300835990;08;4;36;081;2024;06;07;4;3;0;1;0;0;1;0;0;0;0;0;562329,260599999688566;5282604,346899999305606;9,830662777000043;47,693817198000033;1
205930;08240605436200878430;08;4;36;064;2024;06;12;4;3;0;7;0;0;1;0;0;0;0;0;545664,101599999703467;5292174,593399999663234;9,609585569000046;47,781314367000050;1
205933;08240605421200836040;08;4;21;000;2024;06;05;4;3;0;7;1;0;1;0;0;0;0;0;575158,843600000254810;5362787,334000000730157;10,015706390000048;48,413754934000053;1
205934;08240605417200861860;08;4;17;002;2024;06;13;4;2;0;7;0;0;1;0;0;0;0;0;489797,260300000198185;5346389,001900000497699;8,862505154000075;48,270625763000055;1
205935;08240605415300861550;08;4;15;092;2024;06;19;4;3;5;7;0;0;1;1;0;0;0;0;518873,109600000083447;5364644,502599999308586;9,255156817000056;48,434663114000045;1
205936;08240605335200859700;08;3;35;063;2024;06;10;4;2;0;1;0;0;1;0;0;0;0;0;497769,832499999552965;5287587,499700000509620;8,970251409000070;47,741656542000044;1
205937;08240605335200857320;08;3;35;063;2024;06;11;4;3;0;1;0;0;1;0;0;0;0;0;497904,215499999932945;5287483,935499999672174;8,972044466000057;47,740725164000025;1
205938;08240613135200045760;08;1;35;019;2024;06;16;5;2;6;4;0;0;0;1;1;0;0;0;586147,587199999950826;5392141,161599999293685;10,170251643000029;48,676370294000037;1
205939;08240605326400876940;08;3;26;074;2024;06;17;4;2;5;2;0;0;1;1;0;0;0;0;458255,215599999763072;5322909,488399999216199;8,439754444000073;48,058098616000052;1
205940;08240605317100838900;08;3;17;001;2024;06;16;4;3;5;3;0;0;1;1;0;0;0;0;430719,043600000441074;5386773,130200000479817;8,059731342000021;48,630184687000053;1
205941;08240605311500859060;08;3;15;113;2024;06;06;4;3;0;1;0;0;1;0;0;0;0;0;441317,524899999611080;5307050,233699999749660;8,214624797000056;47,914089870000055;1
205943;08240611222301848750;08;2;22;000;2024;06;10;3;3;9;1;0;0;1;0;0;0;0;0;466738,497200000099838;5485278,063100000843406;8,540454389000047;49,519210924000049;1
205945;08240605311010857630;08;3;11;000;2024;06;11;4;2;3;3;0;0;1;0;0;0;1;0;411796,202200000174344;5321037,111999999731779;7,816727934000028;48,036524891000056;1
205946;08240605311000837590;08;3;16;009;2024;06;13;4;3;5;3;0;0;1;1;0;0;0;0;416276,210400000214577;5324814,613399999216199;7,876076559000069;48,071108127000059;1
205947;08240605226700904010;08;2;26;095;2024;06;10;4;3;5;3;0;0;1;1;0;0;0;0;474408,449199999682605;5461255,822399999946356;8,647969648000071;49,303507990000071;1
205948;08240605225100838550;08;2;25;058;2024;06;18;4;3;6;4;0;0;1;0;1;0;0;0;508661,547399999573827;5465691,523800000548363;9,119243224000058;49,343882275000055;1
205949;08240605222600903920;08;2;22;000;2024;06;15;4;3;3;6;0;0;1;0;0;0;0;0;462629,091799999587238;5482859,586500000208616;8,483909446000041;49,497218617000044;1
205950;08240605221400861320;08;2;21;000;2024;06;10;4;3;0;7;0;0;1;0;0;0;0;0;474946,004999999888241;5472667,429999999701977;8,654646062000040;49,406176521000077;1
205951;08240605212102846010;08;2;12;000;2024;06;08;4;3;4;6;0;0;1;1;0;0;0;0;463267,122000000439584;5428313,203800000250340;8,497722943000042;49,006619827000065;1
205954;08240610127202859420;08;1;27;091;2024;06;09;2;3;0;7;0;0;1;0;0;0;0;0;577867,462000000290573;5451429,839900000020862;10,069125223000071;49,210709348000080;1
205956;08240605136100838280;08;1;36;021;2024;06;17;4;3;2;7;0;0;1;1;0;0;0;0;575541,731100000441074;5406572,273299999535084;10,028850916000067;48,807545323000056;1
205958;08240607311010842330;08;3;11;000;2024;06;12;6;2;0;7;0;0;1;0;0;0;0;0;412742,869099999777973;5314121,564300000667572;7,830831785000044;47,974447543000053;1
205959;08240605127202844680;08;1;27;008;2024;06;10;4;2;2;6;0;0;1;0;0;0;0;0;581064,276899999938905;5463941,829800000414252;10,115543463000051;49,322821310000052;1
205960;08240605127100845340;08;1;27;076;2024;06;16;4;3;5;3;0;0;0;1;1;0;0;0;554878,716099999845028;5440356,011099999770522;9,752013081000030;49,113595075000035;1
205962;08240605121400861910;08;1;25;058;2024;06;12;4;3;5;3;0;0;1;1;0;0;0;0;508094,106599999591708;5443664,497800000011921;9,110986336000053;49,145752209000079;1
205963;08240605121200860120;08;1;21;000;2024;06;18;4;3;0;1;0;0;1;0;0;0;0;0;515081,922000000253320;5441098,681800000369549;9,206706724000071;49,122539950000032;1
205964;08240612115200851280;08;1;15;004;2024;06;16;4;3;0;7;0;0;0;1;1;0;0;0;487383,643699999898672;5374670,946900000795722;8,829128796000020;48,525021409000033;1
205965;08240605121200859410;08;1;21;000;2024;06;09;4;3;1;5;0;0;1;1;0;0;0;0;515875,024100000038743;5442929,341900000348687;9,217648654000072;49,138987400000076;1
205966;08240605121100837560;08;1;25;026;2024;06;16;4;3;6;4;0;0;0;1;1;0;0;0;493737,471499999985099;5441993,518200000748038;8,914154180000025;49,130742505000057;1
205967;08240605118500861640;08;1;18;049;2024;06;16;4;3;5;7;0;0;1;1;0;0;0;0;519659,917200000025332;5421560,226500000804663;9,268502647000048;48,946653111000046;1
205968;08240605116010859980;08;1;16;072;2024;06;17;4;3;4;6;0;0;0;1;1;1;0;0;530221,268000000156462;5393343,326700000092387;9,410660819000043;48,692397348000043;1
205969;08240605116010838000;08;1;16;033;2024;06;18;4;3;4;6;0;0;1;0;0;0;0;0;531818,348199999891222;5389012,280099999159575;9,432028826000021;48,653356403000032;1
205971;08240604436400835980;08;4;36;082;2024;06;17;3;2;0;1;0;0;1;0;0;0;0;0;547294,792399999685585;5296579,387299999594688;9,631833229000051;47,820826424000074;1
205972;08240604436100846050;08;4;36;055;2024;06;16;3;3;1;5;0;0;1;0;0;0;0;1;575898,854700000025332;5297514,923800000920892;10,014081979000025;47,826503614000046;1
205974;08240604435200861290;08;4;35;034;2024;06;18;3;3;5;3;0;0;1;1;0;0;0;0;529121,749200000427663;5285193,854000000283122;9,388295356000071;47,719466392000072;1
205975;08240604435100835460;08;4;35;016;2024;06;09;3;3;0;1;0;1;1;0;0;0;0;0;530943,120299999602139;5280862,004499999806285;9,412272619000021;47,680406155000071;1
205977;08240608311010841550;08;3;11;000;2024;06;10;7;3;0;7;0;0;1;0;0;0;0;0;412042,787100000306964;5316689,693199999630451;7,820927271000073;47,997452784000075;1
205978;08240604425000836860;08;4;25;081;2024;06;18;3;2;0;1;0;0;1;0;0;0;0;0;548731,020999999716878;5341467,983699999749660;9,656124319000071;48,224562423000066;1
205979;08240604421300835750;08;4;21;000;2024;06;16;3;3;0;1;0;0;1;0;0;0;0;0;570897,648299999535084;5362091,183599999174476;9,958011025000076;48,407986746000063;1
205980;08240607111500841020;08;1;11;000;2024;06;17;6;3;6;6;0;0;1;1;1;0;0;0;508662,616399999707937;5406800,275900000706315;9,117996309000034;48,814127597000038;1
205982;08240604417100849990;08;4;17;079;2024;06;16;3;3;0;1;0;0;1;0;0;0;0;0;495736,141499999910593;5340058,639100000262260;8,942602784000030;48,213740584000050;1
205984;08240619118010939110;08;1;15;045;2024;06;14;4;3;3;6;0;0;1;0;0;0;0;1;498857,915599999949336;5397022,480000000447035;8,984470430000044;48,726226114000042;1
205985;08240604415300860510;08;4;15;059;2024;06;21;3;3;1;5;2;0;1;1;0;0;0;0;516844,118400000035763;5368999,681099999696016;9,227901199000030;48,473901601000080;1
205987;08240604337200859850;08;3;37;065;2024;06;18;3;3;0;7;0;0;1;0;0;0;0;0;447808,455400000326335;5274938,632600000128150;8,305346924000048;47,625746775000039;1
205988;08240604337100845800;08;3;37;090;2024;06;17;3;2;8;1;0;0;1;0;0;0;0;0;424814,779699999839067;5274566,233200000599027;7,999413033000053;47,620135425000058;1
205989;08240604337010853200;08;3;37;096;2024;06;16;3;3;6;4;0;0;0;1;1;0;0;0;419770,787100000306964;5267202,465099999681115;7,933644223000044;47,553283860000079;1
205990;08240604317600841450;08;3;17;146;2024;06;12;3;3;5;3;0;0;1;1;0;0;0;0;433587,757000000216067;5356863,741000000387430;8,103416781000021;48,361452041000064;1
205991;08240617226700884720;08;2;26;098;2024;06;08;2;3;5;3;0;1;1;1;0;0;0;0;476711,995099999941885;5460403,608200000599027;8,679705730000023;49,295934497000076;1
205992;08240604317200850310;08;3;17;057;2024;06;21;3;3;6;1;1;0;0;1;1;0;0;0;412312,920900000259280;5379433,873999999836087;7,811526572000048;48,561863176000031;1
205993;08240604311400854030;08;3;15;108;2024;06;20;3;2;3;6;0;0;1;0;0;0;0;0;403975,678199999965727;5302411,406500000506639;7,715997995000066;47,867858492000039;1
205994;08240604311200836870;08;3;15;132;2024;06;07;3;3;5;3;0;0;1;1;0;0;0;0;409276,336299999617040;5323414,321100000292063;7,782427254000027;48,057554983000045;1
205995;08240604311010856360;08;3;11;000;2024;06;19;3;3;5;3;0;0;1;1;0;0;0;0;412849,808199999853969;5317338,950999999418855;7,831611222000049;48,003403581000043;1
205997;08240604235200834760;08;2;35;006;2024;06;07;3;3;5;3;0;0;1;1;0;0;0;0;469965,886099999770522;5378626,626700000837445;8,592948367000076;48,560015319000058;1
205999;08240604231000860000;08;2;31;000;2024;06;07;3;2;0;1;0;0;1;0;0;0;0;0;479084,687900000251830;5415180,591600000858307;8,714679231000048;48,889223072000050;1
206000;08240604226700903840;08;2;26;010;2024;06;12;3;3;6;4;0;0;0;1;1;0;0;0;480656,262000000104308;5458887,843000000342727;8,734026341000060;49,282437711000057;1
206001;08240604226700900230;08;2;26;041;2024;06;21;3;3;1;5;0;0;1;1;0;0;0;0;482318,675499999895692;5465241,481499999761581;8,756602660000055;49,339639348000048;1
206003;08240604226400872720;08;2;26;063;2024;06;09;3;3;3;7;0;0;1;1;0;0;0;0;470794,967400000430644;5470967,905999999493361;8,597552872000051;49,390704639000035;1
206005;08240604222500835730;08;2;22;000;2024;06;09;3;3;5;3;0;0;1;1;0;0;0;0;462395,790300000458956;5478370,735700000077486;8,481114445000060;49,456829229000050;1
206006;08240604222200849430;08;2;22;000;2024;06;12;3;3;7;7;0;0;1;0;0;0;0;0;460641,341000000014901;5482551,334000000730157;8,456490669000061;49,494320347000041;1
206007;08240604216100861280;08;2;16;043;2024;06;16;3;3;5;3;0;0;1;1;0;0;0;0;441324,579699999652803;5411717,210400000214577;8,200098970000056;48,855645373000073;1
206008;08240604216100837050;08;2;16;043;2024;06;16;3;3;5;3;0;0;1;1;0;0;0;0;441018,402900000102818;5414047,927799999713898;8,195589427000073;48,876581003000069;1
206011;08240605335100903990;08;3;35;043;2024;06;16;4;3;5;3;0;0;1;1;0;0;0;0;511852,761099999770522;5279816,336100000888109;9,157894425000052;47,671629555000038;1
206012;08240604211000923730;08;3;17;001;2024;06;10;3;2;6;2;0;0;0;0;1;0;0;1;431505,219399999827147;5386659,158800000324845;8,070418538000069;48,629246118000026;1
206013;08240604136000844160;08;1;36;079;2024;06;18;3;3;4;7;0;0;1;1;0;0;0;0;560090,775700000114739;5401824,883199999108911;9,817745632000026;48,766528482000069;1
206014;08240604121500856730;08;1;25;005;2024;06;12;3;3;6;4;0;0;1;0;1;0;0;0;515453,758799999952316;5453056,591299999505281;9,212262385000031;49,230095442000049;1
206015;08240604121400836460;08;1;25;056;2024;06;12;3;3;0;7;0;1;1;0;0;0;0;0;511224,239699999801815;5436065,981100000441074;9,153695271000061;49,077351210000074;1
206016;08240604121200845680;08;1;21;000;2024;06;14;3;2;5;3;0;0;1;1;0;0;0;0;516661,456100000068545;5443351,180400000885129;9,228448092000065;49,142761147000044;1
206021;08240604116000839660;08;4;16;025;2024;06;07;3;3;5;3;0;0;1;1;0;0;0;0;502943,309000000357628;5361714,828199999406934;9,039771982000048;48,408582227000068;1
206022;08240604115100848210;08;1;15;051;2024;06;13;3;3;6;4;0;0;1;0;1;0;0;0;503724,861899999901652;5385333,316299999132752;9,050543758000060;48,621058852000033;1
206023;08240604115000835910;08;1;15;013;2024;06;12;3;3;0;6;0;0;1;0;0;0;1;0;495943,694400000385940;5389269,629799999296665;8,944920247000027;48,656468572000051;1
206027;08240618128100904770;08;1;28;058;2024;06;14;3;3;0;7;0;0;1;0;1;0;0;0;558651,103099999949336;5482765,527699999511242;9,809929815000032;49,494688492000080;1
206028;08240603435100833740;08;4;35;024;2024;06;15;2;3;0;1;0;1;1;0;0;0;0;0;526328,690999999642372;5279165,533099999651313;9,350690991000022;47,665346523000039;1
206031;08240603415400835420;08;4;15;061;2024;06;18;2;3;5;3;0;0;1;1;0;0;0;0;515373,127199999988079;5370782,683100000023842;9,208064400000069;48,489979834000053;1
206034;08240603335100855680;08;3;35;043;2024;06;08;2;3;5;2;0;1;1;1;0;0;0;0;511621,237999999895692;5280525,369799999520183;9,154829114000052;47,678013406000048;1
206035;08240603316200855820;08;3;16;009;2024;06;09;2;2;6;4;0;1;0;1;1;0;0;0;417398,829699999652803;5324749,449899999424815;7,891156454000054;48,070668362000049;1
206036;08240603226700834600;08;2;26;098;2024;06;16;2;3;5;3;0;0;1;1;0;0;0;0;477933,094899999909103;5459861,787100000306964;8,696529933000022;49,291106127000035;1