OID_;UIDENTSTLAE;ULAND;UREGBEZ;UKREIS;UGEMEINDE;UJAHR;UMONAT;USTUNDE;UWOCHENTAG;UKATEGORIE;UART;UTYP1;ULICHTVERH;IstStrassenzustand;IstRad;IstPKW;IstFuss;IstKrad;IstGkfz;IstSonstige;LINREFX;LINREFY;XGCSWGS84;YGCSWGS84;PLST
206038;08240603226000836060;08;2;22;000;2024;06;10;2;3;6;7;0;0;0;1;1;0;0;0;466711,249400000087917;5484247,138800000771880;8,540164884000035;49,509936758000038;1
206039;08240603221011850040;08;2;26;103;2024;06;09;2;2;6;7;0;0;0;1;1;0;0;0;472057,936099999584258;5457382,434299999848008;8,615908098000034;49,268563982000046;1
206040;08240603216300855930;08;2;16;017;2024;06;14;2;3;0;7;0;0;1;1;0;0;0;0;452041,901300000026822;5398753,561699999496341;8,347707132000039;48,739953868000043;1
206041;08240603215102841240;08;2;12;000;2024;06;15;2;3;5;3;0;0;1;1;0;0;0;0;458961,718500000424683;5431257,187500000000000;8,438556846000040;49,032830135000040;1
206042;08240603212702835530;08;2;15;108;2024;06;10;2;3;0;7;0;0;1;0;0;0;0;0;448207,477400000207126;5423557,125900000333786;8,292420812000046;48,962759045000041;1
206043;08240603212302870370;08;2;12;000;2024;06;17;2;3;5;2;0;0;1;1;0;0;0;0;455218,802799999713898;5429805,303200000897050;8,387513409000064;49,019509867000068;1
206048;08240603126100835670;08;1;26;046;2024;06;17;2;3;5;3;0;0;1;1;0;0;0;0;549710,839300000108778;5456076,340500000864267;9,683146074000035;49,255434098000080;1
206049;08240603126100835560;08;1;26;086;2024;06;14;2;3;0;7;0;0;1;0;0;0;0;0;543117,212700000032783;5460687,916300000622869;9,593036437000023;49,297414081000056;1
206052;08240603118300835350;08;1;18;046;2024;06;17;2;3;5;3;0;0;1;1;0;0;0;0;513627,682000000029802;5412245,653200000524521;9,185807868000040;48,863024180000082;1
206053;08240603118100856120;08;1;18;079;2024;06;17;2;2;0;7;0;0;1;0;0;0;0;0;509596,021599999628961;5422931,498199999332428;9,131089249000070;48,959226659000080;1
206054;08240603118010854540;08;1;15;045;2024;06;18;2;2;0;3;0;0;1;1;0;0;0;0;500648,803100000135601;5396569,906199999153614;9,008821432000047;48,722155447000034;1
206055;08240603117300900090;08;1;17;030;2024;06;17;2;3;0;1;0;1;1;0;0;0;0;0;547196,226499999873340;5389499,386099999770522;9,640873449000026;48,656765887000063;1
206058;08240603115100857920;08;1;15;003;2024;06;15;2;3;0;7;0;0;0;0;1;0;0;1;500340,724000000394881;5392679,750299999490380;9,004629433000048;48,687159539000049;1
206060;08240603111140834090;08;1;11;000;2024;06;19;2;3;0;3;0;0;1;0;0;1;0;0;510995,677699999883771;5400515,185300000011921;9,149607432000039;48,757550505000040;1
206061;08240602436200833970;08;4;36;064;2024;06;13;1;3;5;3;0;0;1;1;0;0;0;0;545782,396999999880791;5293219,315999999642372;9,611274839000032;47,790705352000032;1
206063;08240602416200866440;08;4;16;025;2024;06;16;1;3;0;7;0;1;1;0;0;0;0;0;507488,782599999569356;5362425,509400000795722;9,101206113000046;48,414938266000036;1
206064;08240602335100883250;08;3;35;043;2024;06;20;1;3;5;3;0;1;1;0;0;0;0;1;512945,040500000119209;5279104,859200000762939;9,172423878000075;47,665206976000036;1
206065;08240619311100878250;08;3;15;015;2024;06;14;4;3;6;7;0;0;1;0;1;0;0;0;394200,735299999825656;5322129,640300000086427;7,580479956000033;48,043678334000049;1
206068;08240602225100834150;08;2;25;074;2024;06;13;1;3;6;4;0;0;0;1;1;0;0;0;507040,702700000256300;5465393,281400000676513;9,096923879000030;49,341220430000078;1
206070;08240602221011892390;08;2;26;098;2024;06;18;1;2;0;1;0;0;1;0;0;0;0;0;479752,450600000098348;5460790,705800000578165;8,721502810000061;49,299524793000046;1
206072;08240602136100837920;08;1;36;088;2024;06;20;1;2;0;1;0;1;1;0;0;0;0;0;580358,200799999758601;5410361,724500000476837;10,095179834000021;48,841024484000059;1
206075;08240602111330839370;08;1;11;000;2024;06;21;1;3;0;7;2;1;1;0;0;0;0;0;511641,334699999541044;5409258,390799999237061;9,158640037000055;48,836191774000042;1
206080;08240601327100848770;08;3;27;050;2024;06;19;7;3;6;4;0;1;0;1;1;0;0;0;486193,630800000391901;5314614,639399999752641;8,814971592000063;47,984685436000063;1
206081;08240601317500832910;08;3;17;096;2024;06;16;7;3;6;4;0;1;1;0;1;0;0;0;422047,412499999627471;5369100,114099999889731;7,945370156000024;48,470198756000059;1
206082;08240601311400888400;08;3;15;006;2024;06;23;7;2;0;7;2;0;1;0;0;0;0;0;400245,341400000266731;5306753,776399999856949;7,665127604000077;47,906349194000029;1
206083;08240601311010847240;08;3;11;000;2024;06;15;7;3;5;3;0;0;1;1;0;0;0;0;411195,788599999621511;5319204,700600000098348;7,809054917000026;48,019958761000055;1
206084;08240607128300864860;08;1;28;131;2024;06;19;6;3;4;6;0;0;1;0;0;1;0;0;536693,077499999664724;5510697,553899999707937;9,509333522000077;49,747642711000026;1
206086;08240601311010840270;08;3;11;000;2024;06;18;7;3;5;3;0;1;1;1;0;0;0;0;414094,270999999716878;5318047,469000000506639;7,848149819000071;48,009945418000029;1
206087;08240601311010836920;08;3;15;073;2024;06;02;7;2;9;1;2;1;1;0;0;0;0;0;412177,247899999842048;5313029,544399999082088;7,823477771000057;47,964547072000073;1
206088;08240601311010832660;08;3;11;000;2024;06;23;7;3;6;4;2;1;0;0;1;0;0;1;413850,191999999806285;5316452,197799999266863;7,845198192000055;47,995562534000044;1
206090;08240601226500852170;08;2;26;085;2024;06;12;7;3;9;7;0;1;1;0;0;0;0;0;492989,323800000362098;5454148,412499999627471;8,903686722000032;49,240071508000028;1
206091;08240601226200888270;08;2;26;032;2024;06;08;7;3;5;5;0;0;1;0;0;0;0;0;467256,484299999661744;5463053,623099999502301;8,549444570000048;49,319337387000076;1
206095;08240612222500925680;08;2;22;000;2024;06;14;4;2;5;3;0;0;1;1;0;0;0;0;461826,358000000007451;5479539,668999999761581;8,473144705000038;49,467307699000060;1
206096;08240601222500844290;08;2;22;000;2024;06;02;7;3;0;7;2;1;1;0;0;0;0;0;462630,574900000356138;5479958,789100000634789;8,484204085000044;49,471127504000037;1
206097;08240614111140895530;08;1;11;000;2024;06;13;6;3;0;7;0;0;1;0;0;0;0;0;512086,902400000020862;5402752,901599999517202;9,164520345000028;48,777660645000026;1
206100;08240616416100862960;08;4;16;036;2024;06;11;1;3;0;1;0;0;1;0;0;0;0;0;495109,816999999806285;5364874,473699999973178;8,933883699000035;48,436995929000034;1
206102;08240601215402836110;08;2;15;009;2024;06;10;7;3;5;3;0;0;1;1;0;0;0;0;468565,751899999566376;5442779,516200000420213;8,569048799000029;49,137040554000066;1
206105;08240601121600837600;08;1;21;000;2024;06;23;7;3;6;7;2;0;0;0;1;0;0;1;515823,890800000168383;5443449,624600000679493;9,216968045000044;49,143668834000039;1
206110;08240531426100824300;08;4;26;021;2024;05;10;6;3;6;4;0;1;0;1;1;0;0;0;558883,311800000257790;5327353,433100000023842;9,790850236000040;48,096725609000032;1
206111;08240531421300806910;08;4;21;000;2024;05;10;6;3;0;1;0;1;1;0;0;0;0;0;572235,448400000110269;5361311,641499999910593;9,975951294000026;48,400822656000059;1
206113;08240618121300924910;08;1;21;000;2024;06;14;3;3;0;7;0;0;1;0;0;0;0;1;508903,821999999694526;5447447,635999999940395;9,122172809000062;49,179771622000032;1
206115;08240618317100874640;08;3;17;001;2024;06;17;3;3;2;6;0;0;1;0;0;0;0;0;431713,338899999856949;5386061,866200000047684;8,073341037000034;48,623896217000038;1
206117;08240531317500807130;08;3;17;096;2024;05;11;6;3;0;1;0;1;1;0;0;0;0;0;423426,320000000298023;5369253,553999999538064;7,963994258000071;48,471748362000028;1
206118;08240531311400824640;08;3;15;130;2024;05;13;6;2;0;1;0;1;1;0;0;0;0;0;408504,835699999704957;5301019,499299999326468;7,776840211000035;47,855999029000031;1
206120;08240531311010824380;08;3;11;000;2024;05;22;6;3;4;2;2;1;1;1;0;0;0;0;414453,134899999946356;5316052,937300000339746;7,853358286000059;47,992051987000082;1
206121;08240531311010809470;08;3;11;000;2024;05;15;6;2;3;6;0;1;1;0;0;0;0;0;413778,434200000017881;5316764,222100000828505;7,844173817000069;47,998359631000028;1
206125;08240610416200873710;08;4;16;041;2024;06;08;2;3;3;7;0;0;1;1;0;0;0;0;503901,908599999733269;5375738,998500000685453;9,052856098000063;48,534744653000075;1
206133;08240622121600918440;08;1;25;098;2024;06;10;7;3;2;6;0;0;1;1;0;0;0;0;520743,234699999913573;5437088,851999999955297;9,284091543000045;49,086305170000060;1
206137;08240531111130810070;08;1;11;000;2024;05;12;6;3;6;2;0;1;0;1;1;0;0;0;510345,732699999585748;5402152,236800000071526;9,140805459000035;48,772288492000030;1
206138;08240530426000155460;08;4;26;013;2024;05;11;5;3;6;6;0;0;1;0;1;0;0;0;545388,241999999620020;5323555,370799999684095;9,609209231000023;48,063660532000029;1
206141;08240530311010830450;08;3;11;000;2024;05;14;5;3;0;7;0;1;1;1;0;0;0;0;418513,986100000329316;5312900,406999999657273;7,908376133000047;47,964223519000029;1
206143;08240530311010819090;08;3;36;084;2024;05;23;5;2;0;1;2;1;1;0;0;0;0;0;405626,853299999609590;5276828,070399999618530;7,743623743000057;47,637970894000034;1
206144;08240530311010806870;08;3;11;000;2024;05;16;5;3;5;3;0;0;1;1;0;0;0;0;414949,957000000402331;5317335,314999999478459;7,859761976000073;48,003653770000028;1
206145;08240530237200830950;08;2;37;024;2024;05;15;5;3;0;7;0;0;0;1;1;0;0;0;481391,133399999700487;5360686,374500000849366;8,748591239000064;48,399061899000060;1
206146;08240530226600830890;08;2;26;082;2024;05;13;5;2;5;3;0;0;1;1;0;0;0;0;475621,495900000445545;5480185,337600000202656;8,663494729000035;49,473825825000063;1
206147;08240615116500889840;08;1;16;042;2024;06;19;7;2;2;2;0;0;1;0;0;0;0;0;516862,744900000281632;5381363,622300000861287;9,228653436000059;48,585130618000051;1
206148;08240613212502928180;08;2;12;000;2024;06;06;5;3;0;7;0;0;1;0;0;0;0;0;454284,941200000233948;5430390,637800000607967;8,374675513000057;49,024706479000031;1
206149;08240530226500814000;08;2;26;091;2024;05;02;5;3;0;6;2;1;0;0;1;0;0;1;494092,949900000356138;5459876,090299999341369;8,918763877000060;49,291604710000058;1
206155;08240530121600821910;08;1;25;001;2024;05;17;5;3;5;3;0;0;1;1;0;0;0;0;521783,992899999953806;5435388,015000000596046;9,298253556000077;49,070969550000029;1
206158;08240610116100873980;08;1;16;019;2024;06;09;2;3;0;1;0;0;1;0;0;0;0;0;523048,752199999988079;5397941,486700000241399;9,313455910000073;48,734068253000032;1
206160;08240529436500801130;08;4;36;049;2024;05;19;4;3;0;1;0;1;1;0;0;0;0;0;577772,729000000283122;5283358,300200000405312;10,036581184000056;47,698925580000036;1
206161;08240529435200822100;08;4;35;059;2024;05;16;4;3;0;3;0;1;1;1;0;0;0;0;510908,875000000000000;5290626,982000000774860;9,145591408000030;47,768916023000031;1
206163;08240529421200803820;08;4;21;000;2024;05;18;4;3;0;1;0;1;1;0;0;0;0;0;573529,906999999657273;5360928,841199999675155;9,993370573000050;48,397229627000058;1
206165;08240529336400830620;08;3;36;091;2024;05;16;4;3;6;4;0;1;0;1;1;0;0;0;394667,267300000414252;5271728,892200000584126;7,598988942000062;47,590412937000053;1
206166;08240529336400828460;08;3;36;091;2024;05;16;4;3;5;2;0;1;1;1;0;0;0;0;395898,265200000256300;5274455,166200000792742;7,614709868000034;47,615135050000049;1
206167;08240529336200822410;08;3;36;069;2024;05;12;4;3;0;7;0;1;1;0;0;0;0;0;408741,813400000333786;5267998,348699999973178;7,786920656000063;47,558987106000075;1
206168;08240529336100825020;08;3;36;050;2024;05;12;4;2;0;1;0;1;1;0;0;0;0;0;399140,400000000372529;5274060,508999999612570;7,657931664000046;47,612097796000057;1
206170;08240529317000800900;08;3;17;057;2024;05;21;4;3;0;1;0;1;1;0;0;0;0;0;415243,612800000235438;5379997,565799999982119;7,851124617000039;48,567336407000028;1
206173;08240529311300824040;08;3;11;000;2024;05;14;4;3;1;1;0;1;1;1;0;0;0;0;414672,595399999991059;5315254,659199999645352;7,856457916000068;47,984900470000071;1
206175;08240529311010814720;08;3;15;064;2024;05;10;4;2;6;4;0;0;0;1;1;0;0;0;422020,040000000037253;5312956,671000000089407;7,955326362000051;47,965166413000077;1
206176;08240529311010803400;08;3;11;000;2024;05;18;4;3;5;3;0;1;1;1;0;0;0;0;414480,391300000250340;5317808,846300000324845;7,853373548000036;48,007850708000035;1
206180;08240529226400814610;08;2;26;063;2024;05;18;4;3;5;3;0;0;1;1;0;0;0;0;470387,459699999541044;5471537,408500000834465;8,591895102000024;49,395807502000082;1
206181;08240529212302814740;08;2;12;000;2024;05;17;4;3;0;1;0;1;1;0;0;0;0;0;455749,767699999734759;5428583,408399999141693;8,394908385000065;49,008557127000074;1
206182;08240529212302803720;08;2;12;000;2024;05;16;4;3;0;1;0;0;1;0;0;0;0;0;457395,037399999797344;5428629,966700000688434;8,417400193000049;49,009091709000074;1
206183;08240529212010822280;08;2;12;000;2024;05;22;4;2;5;3;2;1;1;1;0;0;0;0;455880,431499999947846;5427615,183199999853969;8,396800220000046;48,999857190000057;1
206184;08240529212010820860;08;2;12;000;2024;05;18;4;3;5;2;0;1;1;1;0;0;0;0;455511,775000000372529;5428632,910399999469519;8,391648765000070;49,008985291000045;1
206185;08240529212010819130;08;2;12;000;2024;05;17;4;3;5;2;0;0;1;1;0;0;0;0;456866,428999999538064;5428116,136399999260902;8,410226747000024;49,004433017000053;1
206187;08240529126100924490;08;1;26;046;2024;05;11;4;3;6;7;0;0;0;1;1;0;0;0;550137,337399999611080;5458685,518999999389052;9,689333620000070;49,278867672000047;1
206188;08240529116100826630;08;1;16;019;2024;05;23;4;3;0;1;2;1;1;0;0;0;0;0;522525,490699999965727;5398330,197399999946356;9,306361069000047;48,737584194000078;1
206189;08240529116100811450;08;1;16;019;2024;05;09;4;3;5;3;0;0;1;1;0;0;0;0;524547,468000000342727;5397412,981499999761581;9,333806158000073;48,729256637000049;1
206193;08240601215102838830;08;2;12;000;2024;06;10;7;3;0;7;0;0;1;0;0;0;0;0;460175,807500000111759;5430508,430999999865890;8,455239489000064;49,026174561000062;1
206194;08240528437100801120;08;4;37;086;2024;05;17;3;3;0;7;0;0;1;0;0;0;0;0;530527,369800000451505;5314507,630499999970198;9,409105841000041;47,983143152000025;1
206199;08240528421200797800;08;4;21;000;2024;05;09;3;3;8;1;0;0;1;0;0;0;0;0;574760,276999999769032;5361521,367000000551343;10,010095422000063;48,402414793000048;1
206200;08240528416200820490;08;4;16;041;2024;05;20;3;3;6;7;0;0;0;1;1;0;0;0;499348,379999999888241;5374520,951099999248981;8,991174917000023;48,523798461000069;1
206202;08240713111330158430;08;1;11;000;2024;07;16;7;3;4;6;0;0;1;0;0;0;0;1;516539,122100000269711;5410405,935300000011921;9,225429550000058;48,846403691000035;1
206204;08240713111140001750;08;1;11;000;2024;07;20;7;3;6;4;0;0;0;0;1;0;0;1;511766,480399999767542;5402994,466099999845028;9,160165867000046;48,779839885000058;1
206205;08240712436400981600;08;4;36;082;2024;07;07;6;2;0;7;0;0;1;0;0;0;0;0;547857,906499999575317;5294431,258099999278784;9,639118472000064;47,801458219000040;1
206207;08240712436000975160;08;4;35;013;2024;07;10;6;3;0;1;0;0;1;0;0;0;0;0;539521,665699999779463;5275609,665999999269843;9,526090057000033;47,632681455000068;1
206208;08240712435100969050;08;4;35;024;2024;07;18;6;3;4;2;0;1;1;1;0;0;0;0;526937,497000000439584;5279158,575300000607967;9,358799529000066;47,665258848000065;1
206209;08240712421300005650;08;4;21;000;2024;07;18;6;3;3;2;0;1;1;1;0;0;0;0;571577,288700000382960;5362184,689899999648333;9,967209325000056;48,408751036000069;1
206210;08240712415400046450;08;4;15;061;2024;07;18;6;3;0;6;0;1;1;1;0;0;0;0;516729,808500000275671;5370839,157899999991059;9,226428241000065;48,490453247000062;1
206213;08240712335100066370;08;3;35;066;2024;07;10;6;3;4;6;0;0;1;0;0;0;0;0;509467,468899999745190;5281794,507600000128150;9,126162178000072;47,689467812000032;1
206214;08240712326400991310;08;3;26;074;2024;07;14;6;3;4;2;0;0;1;1;0;0;0;0;458879,725499999709427;5324058,734600000083447;8,448024887000031;48,068478564000031;1
206215;08240712325202998090;08;3;25;049;2024;07;09;6;2;0;1;0;0;1;0;0;0;0;0;471593,849399999715388;5335334,526699999347329;8,617935763000048;48,170617686000071;1
206216;08240712311300970630;08;3;11;000;2024;07;12;6;3;0;7;0;0;1;1;0;0;0;0;410207,528900000266731;5314459,073100000619888;7,796797578000053;47,977132740000059;1
206218;08240712311010969180;08;3;11;000;2024;07;15;6;3;5;3;0;1;1;0;0;0;0;1;413793,660699999891222;5315892,202500000596046;7,844553049000069;47,990517551000039;1
206219;08240712311010966190;08;3;36;050;2024;07;07;6;3;5;3;0;0;1;1;0;0;0;0;399127,042000000365078;5273685,317099999636412;7,657840335000060;47,608720742000060;1
206220;08240712311010001760;08;3;36;091;2024;07;17;6;3;5;3;0;1;1;0;0;0;0;0;395238,815100000239909;5274903,247300000861287;7,605830024000056;47,619059304000075;1
206221;08240712231000984740;08;2;36;074;2024;07;17;6;2;0;1;0;1;1;0;0;0;0;0;472127,502700000070035;5421946,979399999603629;8,619310901000063;48,949816543000054;1
206222;08240712225100001910;08;2;25;058;2024;07;15;6;3;3;3;0;0;1;1;0;0;0;0;509729,586799999698997;5466066,855200000107288;9,133956011000066;49,347242296000047;1
206223;08240712222400000380;08;2;26;038;2024;07;19;6;2;0;7;0;0;1;0;0;0;0;0;471604,892500000074506;5480937,669600000604987;8,607999368000037;49,480418223000072;1
206224;08240712222200987690;08;2;22;000;2024;07;11;6;3;5;3;0;0;1;1;0;0;0;0;461931,899799999780953;5481554,033900000154972;8,474407426000027;49,485432513000035;1
206225;08240712222200049120;08;2;22;000;2024;07;12;6;3;5;3;0;0;1;1;0;0;0;0;461084,008799999952316;5482073,335500000044703;8,462650314000030;49,490049570000053;1
206227;08240712221400046440;08;2;21;000;2024;07;14;6;3;0;3;0;0;1;0;0;0;0;1;475652,781999999657273;5469678,683299999684095;8,664571476000049;49,379321888000050;1
206228;08240712212702001400;08;2;15;108;2024;07;18;6;2;0;7;0;0;1;0;0;0;0;0;448854,132199999876320;5423834,539599999785423;8,301219725000067;48,965308229000073;1
206230;08240712211100025070;08;2;11;000;2024;07;16;6;3;5;3;0;0;1;0;0;0;0;0;443925,475700000301003;5401472,509199999272823;8,236952326000051;48,763733637000030;1
206232;08240712136000985190;08;1;36;040;2024;07;16;6;3;1;7;0;1;1;1;0;0;0;0;564068,272199999541044;5411359,736800000071526;9,873355362000041;48,851896520000025;1
206237;08240712119100986770;08;1;19;008;2024;07;13;6;3;0;7;0;0;1;0;0;0;0;0;531483,657899999991059;5420911,441299999132752;9,429929778000030;48,940328099000055;1
206239;08240712117300004210;08;1;17;026;2024;07;17;6;2;6;4;0;1;0;1;1;0;0;0;548581,662600000388920;5395170,658500000834465;9,660351474000038;48,707675718000075;1
206241;08240712116200987080;08;1;16;078;2024;07;16;6;3;2;1;0;1;1;1;0;0;0;0;512269,345999999903142;5392670,106000000610948;9,166703524000070;48,686952263000080;1
206245;08240712111110997590;08;1;11;000;2024;07;08;6;3;5;3;0;0;1;0;0;0;0;1;512794,642799999564886;5402091,776799999177456;9,174133108000035;48,771699061000049;1
206246;08240712111110984070;08;1;11;000;2024;07;11;6;3;5;3;0;0;1;1;0;0;0;0;512796,188900000415742;5402089,889399999752641;9,174154091000048;48,771682050000038;1
206247;08240711437200068370;08;4;37;104;2024;07;10;5;3;5;3;0;0;1;1;0;0;0;0;514757,486999999731779;5325068,453999999910593;9,198135113000035;48,078718042000048;1
206249;08240711436000966010;08;4;36;049;2024;07;14;5;3;0;7;0;0;1;0;0;0;0;0;578230,572700000368059;5283078,990900000557303;10,042632339000022;47,696357583000065;1
206251;08240711426000966280;08;4;26;014;2024;07;17;5;3;5;3;0;0;1;1;0;0;0;0;551722,923799999989569;5319745,253399999812245;9,693767914000034;48,028900748000069;1
206254;08240711421300964350;08;4;21;000;2024;07;07;5;3;0;1;0;1;1;0;0;0;0;0;571404,516999999992549;5361050,938999999314547;9,964682151000034;48,398572234000028;1
206255;08240711417100046410;08;4;17;079;2024;07;16;5;3;5;3;0;0;1;0;0;0;0;0;502005,753299999982119;5340195,231200000271201;9,027000763000046;48,214980639000032;1
206256;08240711416200962800;08;4;16;041;2024;07;09;5;3;0;1;0;1;1;0;0;0;0;0;504988,976800000295043;5373796,616599999368191;9,067558504000033;48,517262595000034;1
206257;08240711416200044150;08;4;16;041;2024;07;18;5;3;5;2;0;0;1;0;0;0;0;1;504026,717799999751151;5372191,672499999403954;9,054512539000029;48,502830816000028;1
206259;08240711415400997730;08;4;15;061;2024;07;16;5;3;4;2;0;0;1;1;0;0;0;0;516006,367200000211596;5371677,607300000265241;9,216669095000043;48,498015071000054;1
206261;08240711335100968330;08;3;35;043;2024;07;17;5;2;7;1;0;0;1;0;0;0;0;0;515832,899000000208616;5279839,333499999716878;9,210915626000030;47,671751266000058;1
206262;08240711335100044190;08;3;35;043;2024;07;00;5;3;0;1;2;1;1;0;0;0;0;0;514934,232499999925494;5280281,778000000864267;9,198959381000066;47,675753606000058;1
206263;08240711326400967530;08;3;26;074;2024;07;19;5;3;0;7;0;0;1;0;0;0;0;0;459235,981999999843538;5320057,056099999696016;8,453188113000067;48,032499547000043;1
206264;08240711326400963710;08;3;26;074;2024;07;14;5;3;6;7;0;0;0;1;1;0;0;0;460854,187800000421703;5323505,973699999973178;8,474578376000068;48,063629797000033;1
206265;08240711325302982820;08;3;25;053;2024;07;20;5;2;5;3;0;0;1;1;0;0;0;0;454511,963899999856949;5341819,896099999547005;8,387499427000023;48,227969215000030;1
206266;08240711325302965780;08;3;25;053;2024;07;18;5;3;5;3;0;0;1;1;0;0;0;0;453811,779699999839067;5342681,218000000342727;8,377978049000035;48,235667309000064;1
206268;08240711317500965490;08;3;17;096;2024;07;13;5;3;0;1;0;0;1;0;0;0;0;0;420642,383999999612570;5369138,282999999821186;7,926357559000053;48,470366344000070;1
206271;08240711317000020570;08;3;17;065;2024;07;12;5;3;4;6;0;0;1;0;0;1;0;0;417135,957999999634922;5355484,315999999642372;7,881624301000045;48,347099043000071;1
206273;08240711311010966660;08;3;36;050;2024;07;14;5;3;6;4;0;0;0;1;1;0;0;0;399212,328700000420213;5273969,623500000685453;7,658909404000042;47,611291443000027;1
206274;08240711311010015630;08;3;11;000;2024;07;09;5;3;1;7;0;0;1;1;0;0;0;0;413368,452999999746680;5316656,605000000447035;7,838700788000040;47,997336154000038;1
206275;08240711237100046050;08;2;37;028;2024;07;15;5;2;8;1;0;0;1;0;0;0;0;0;456668,269299999810755;5368697,299300000071526;8,413765870000077;48,469913879000046;1
206276;08240711237100040580;08;2;37;028;2024;07;18;5;3;5;3;0;0;1;1;0;0;0;0;456374,184999999590218;5368864,017000000923872;8,409770035000065;48,471393333000037;1
206278;08240711231302992420;08;2;31;000;2024;07;20;5;3;0;1;0;0;1;0;0;0;0;0;481573,601700000464916;5417456,234600000083447;8,748529251000036;48,909773052000048;1
206279;08240711231000972070;08;2;36;076;2024;07;18;5;3;1;5;0;0;1;1;0;0;0;0;471444,759100000374019;5423706,163799999281764;8,609862657000065;48,965610090000041;1
206281;08240711226300030300;08;2;26;056;2024;07;16;5;3;0;7;0;0;1;0;0;0;0;0;485091,093100000172853;5471504,764799999073148;8,794532243000049;49,396051537000062;1
206283;08240711221400044090;08;2;21;000;2024;07;15;5;3;5;3;0;0;1;1;0;0;0;0;477348,497800000011921;5467501,562999999150634;8,688056691000043;49,359804318000045;1
206285;08240711221011043960;08;2;26;060;2024;07;07;5;3;5;3;0;0;1;1;0;0;0;0;478083,764499999582767;5463349,635500000789762;8,698410521000028;49,322484786000075;1
206287;08240711212402000100;08;2;12;000;2024;07;16;5;3;5;2;0;0;1;1;0;0;0;0;453263,870699999853969;5427261,652499999850988;8,361069717000021;48,996484603000056;1
206288;08240711212010001380;08;2;12;000;2024;07;12;5;3;6;4;0;0;0;1;1;0;0;0;454409,100200000219047;5428844,984699999913573;8,376547417000040;49,010812434000059;1
206290;08240711136000978450;08;1;36;065;2024;07;17;5;3;0;7;0;0;1;0;0;0;0;0;555437,605700000189245;5404271,128200000151992;9,754758753000033;48,788964791000069;1
206293;08240711121100044050;08;1;25;006;2024;07;13;5;3;5;3;0;0;1;1;0;0;0;0;507514,347199999727309;5454172,076600000262260;9,103233186000068;49,240278396000065;1
206295;08240711119300980230;08;1;19;067;2024;07;20;5;3;0;1;0;0;1;0;0;0;0;0;537556,479000000283122;5405372,689999999478459;9,511428291000072;48,800210981000077;1
206296;08240711119200995090;08;1;19;093;2024;07;17;5;3;2;6;0;0;1;1;0;0;0;0;523607,803399999625981;5405774,245699999853969;9,321508246000064;48,804509542000062;1
206297;08240711118600964650;08;1;18;073;2024;07;19;5;3;0;7;0;0;1;0;1;0;0;0;496579,934899999760091;5419011,519799999892712;8,953312051000069;48,924028711000062;1
206298;08240711117400994860;08;1;17;051;2024;07;15;5;3;6;6;0;0;0;1;1;0;0;0;541176,757000000216067;5396192,459000000730157;9,559806929000047;48,717400355000052;1
206299;08240711116200021460;08;1;16;078;2024;07;18;5;3;0;1;0;0;1;0;0;0;0;0;512985,765800000168383;5392710,445599999278784;9,176438736000023;48,687300665000066;1
206301;08240711111130962810;08;1;11;000;2024;07;09;5;3;1;1;0;1;1;1;0;0;0;0;512502,319500000216067;5400526,064200000837445;9,170107075000033;48,757619937000072;1
206302;08240711426000963470;08;4;25;020;2024;07;12;5;3;0;1;0;0;1;0;0;0;0;0;559137,306099999696016;5360891,016599999740720;9,798946880000074;48,398403742000028;1
206303;08240710436400961010;08;4;36;082;2024;07;21;4;3;8;1;1;0;1;0;0;0;0;0;548569,677500000223517;5296430,931700000539422;9,648847257000057;47,819395785000040;1
206304;08240710436000988570;08;4;36;009;2024;07;12;4;3;5;3;0;0;1;1;0;0;0;0;556661,366999999620020;5308350,053999999538064;9,758499180000058;47,925965531000031;1
206306;08240710436000959920;08;4;35;024;2024;07;10;4;3;1;7;0;0;1;0;0;0;0;1;527550,911500000394881;5279207,532800000160933;9,366972946000033;47,665673504000040;1
206307;08240710426200965230;08;4;26;070;2024;07;15;4;3;4;6;0;0;1;0;0;0;0;0;565938,871700000017881;5339552,447200000286102;9,887491330000046;48,205775203000030;1
206309;08240710335300036670;08;3;35;022;2024;07;19;4;3;1;5;0;0;1;1;0;0;0;0;482477,188799999654293;5300639,231699999421835;8,765733840000053;47,858854384000040;1
206310;08240710335100994480;08;3;35;043;2024;07;17;4;3;0;1;0;0;1;0;0;0;0;0;511954,177000000141561;5279949,707000000402331;9,159249064000051;47,672827715000039;1
206311;08240710327100989180;08;3;27;050;2024;07;08;4;3;5;3;0;0;1;1;0;0;0;0;484005,198599999770522;5312484,622300000861287;8,785722448000058;47,965470338000046;1
206312;08240710326400961120;08;3;26;074;2024;07;08;4;3;6;2;0;0;0;1;1;0;0;0;459852,028099999763072;5323715,399199999868870;8,461108163000063;48,065451638000070;1
206314;08240710317500000210;08;3;17;096;2024;07;15;4;3;6;7;0;0;0;1;1;0;0;0;421884,980399999767542;5369272,068399999290705;7,943140859000039;48,471725314000025;1
206318;08240710311200997090;08;3;11;000;2024;07;16;4;3;3;2;0;0;1;1;0;0;0;0;414033,726999999955297;5317938,925000000745058;7,847359956000048;48,008960885000079;1