OID_;UIDENTSTLAE;ULAND;UREGBEZ;UKREIS;UGEMEINDE;UJAHR;UMONAT;USTUNDE;UWOCHENTAG;UKATEGORIE;UART;UTYP1;ULICHTVERH;IstStrassenzustand;IstRad;IstPKW;IstFuss;IstKrad;IstGkfz;IstSonstige;LINREFX;LINREFY;XGCSWGS84;YGCSWGS84;PLST
206560;08240705119400964480;08;1;19;091;2024;07;11;6;3;6;4;0;0;1;0;1;0;0;0;527229,340499999932945;5406278,467900000512600;9,370861412000068;48,808897279000064;1
206561;08240705119300974640;08;1;19;076;2024;07;21;6;3;0;1;1;0;1;0;0;0;0;0;542520,730600000359118;5407840,501800000667572;9,579281661000039;48,822090319000040;1
206563;08240705119100952010;08;1;19;008;2024;07;13;6;3;1;5;0;0;1;0;0;0;0;1;532894,049100000411272;5425046,578900000080466;9,449523123000063;48,977451940000037;1
206564;08240705118400974150;08;1;18;048;2024;07;22;6;3;0;2;2;0;1;1;0;0;0;0;513816,171199999749660;5415705,535700000822544;9,188494738000031;48,894144276000077;1
206565;08240705118010974350;08;1;15;003;2024;07;08;6;3;6;7;0;0;0;0;1;0;0;1;500098,853000000119209;5391989,586600000038743;9,001342955000041;48,680950834000043;1
206566;08240705116010979360;08;1;16;080;2024;07;17;6;3;5;3;0;0;1;0;0;0;0;1;517290,573099999688566;5396249,362900000065565;9,235076296000045;48,719032365000032;1
206568;08240705115200975260;08;1;15;021;2024;07;12;6;3;6;2;0;0;0;1;1;0;0;0;490994,645200000144541;5380189,515100000426173;8,877915341000062;48,574730317000046;1
206569;08240705115100958730;08;1;15;003;2024;07;12;6;2;0;7;0;0;1;0;0;0;0;0;500429,683199999853969;5390010,628699999302626;9,005835352000076;48,663147730000048;1
206570;08240705111500975520;08;1;11;000;2024;07;17;6;3;1;6;0;0;1;1;0;0;0;0;512805,037700000219047;5408649,214600000530481;9,174479070000075;48,830688813000052;1
206572;08240705111320972340;08;1;11;000;2024;07;20;6;3;1;5;0;0;1;1;0;0;0;0;516214,698400000110269;5406509,096899999305606;9,220853550000072;48,811357003000069;1
206573;08240705111130960450;08;1;11;000;2024;07;14;6;3;0;7;0;0;1;0;0;0;0;0;507613,241200000047684;5396155,907999999821186;9,103505479000034;48,718384945000025;1
206575;08240711317500011690;08;3;17;096;2024;07;18;5;3;0;6;0;0;1;1;0;0;0;0;420204,056499999947846;5369335,512299999594688;7,920390808000036;48,472084925000047;1
206577;08240704421300972160;08;4;21;000;2024;07;17;5;3;0;1;0;1;1;0;0;0;0;0;572141,820899999700487;5361920,830000000074506;9,974791225000047;48,406313181000030;1
206578;08240704421300971960;08;4;21;000;2024;07;18;5;3;6;2;0;0;0;1;1;0;0;0;570109,203999999910593;5360802,415899999439716;9,947143352000069;48,396482069000058;1
206579;08240704416200021820;08;4;16;041;2024;07;17;5;3;4;6;0;0;1;1;0;0;0;0;504782,460199999623001;5373618,802999999374151;9,064759911000067;48,515664525000034;1
206580;08240704416010021790;08;4;15;061;2024;07;17;5;3;6;7;0;0;0;0;1;0;0;1;515838,324300000444055;5370779,568099999800324;9,214360351000039;48,489940258000047;1
206581;08240704415400974760;08;4;15;061;2024;07;18;5;3;0;1;0;1;1;0;0;0;0;0;515724,991700000129640;5371032,643300000578165;9,212836014000061;48,492219858000055;1
206582;08240704337010977190;08;3;37;126;2024;07;15;5;2;6;3;0;0;0;1;1;0;0;0;439111,858900000341237;5274392,140599999576807;8,189685031000067;47,620070830000031;1
206583;08240704335300954500;08;3;35;075;2024;07;21;5;3;0;1;1;0;1;0;0;0;0;0;488040,591500000096858;5289529,872500000521541;8,840418269000054;47,759026113000061;1
206585;08240704326400957050;08;3;26;074;2024;07;17;5;3;1;5;0;0;1;1;0;0;0;0;458270,159900000318885;5323877,277599999681115;8,439860543000066;48,066806462000045;1
206588;08240704325202088690;08;3;25;060;2024;07;12;5;3;6;3;0;0;0;1;1;0;0;0;469416,509399999864399;5339584,116100000217557;8,588345095000022;48,208748718000038;1
206589;08240704317100989830;08;3;17;001;2024;07;14;5;3;0;1;0;1;1;0;0;0;0;0;431684,082499999552965;5386708,000199999660254;8,072837609000032;48,629705012000045;1
206590;08240704317000966900;08;3;17;089;2024;07;15;5;3;1;5;0;1;1;0;0;0;0;1;431616,855100000277162;5375514,556600000709295;8,073766802000023;48,529011552000043;1
206592;08240704316200951030;08;3;16;011;2024;07;19;5;3;0;1;0;1;1;0;0;0;0;0;415018,302799999713898;5329743,977499999105930;7,858212288000061;48,115282611000055;1
206593;08240704311010971720;08;3;11;000;2024;07;19;5;3;5;3;0;0;1;1;0;0;0;0;404518,542600000277162;5319899,168500000610948;7,719374610000045;48,025242337000066;1
206594;08240704311010971200;08;3;11;000;2024;07;11;5;3;4;3;0;1;1;1;0;0;0;0;414465,893799999728799;5315642,475800000131130;7,853611053000066;47,988361428000076;1
206595;08240704311010011190;08;3;11;000;2024;07;17;5;3;0;7;0;0;1;0;0;0;0;0;414519,403199999593198;5316705,638100000098348;7,854116335000072;47,997932149000064;1
206605;08240704222200958620;08;2;22;000;2024;07;21;5;3;2;6;0;0;1;1;0;0;0;0;460788,906899999827147;5482478,222999999299645;8,458535586000039;49,493672310000079;1
206606;08240704221011954070;08;2;26;085;2024;07;15;5;2;5;3;0;0;1;1;0;0;0;0;491255,100800000131130;5455010,064799999818206;8,879843061000031;49,247799936000035;1
206607;08240704215502965220;08;2;15;009;2024;07;09;5;3;0;1;0;0;1;0;0;0;0;0;470309,078399999998510;5440914,834599999710917;8,593085758000029;49,120354123000027;1
206608;08240704215302972350;08;2;15;007;2024;07;12;5;3;5;3;0;1;1;0;0;0;0;1;478484,271999999880791;5432011,653500000014901;8,705598733000045;49,040607225000031;1
206609;08240704212102950590;08;2;12;000;2024;07;17;5;3;6;6;0;0;1;0;1;0;0;0;460737,474499999545515;5426106,685200000181794;8,463347918000068;48,986615941000082;1
206610;08240704212010974430;08;2;12;000;2024;07;14;5;2;5;3;0;1;1;0;0;0;0;1;456586,487999999895692;5428233,940199999138713;8,406386682000061;49,005473049000045;1
206611;08240704212010965440;08;2;12;000;2024;07;12;5;3;3;7;0;0;1;1;0;0;0;0;453058,496199999935925;5429023,607400000095367;8,358058535000055;49,012317884000026;1
206612;08240704211100958290;08;2;11;000;2024;07;19;5;2;6;4;0;0;0;1;1;0;0;0;443696,962000000290573;5401813,155799999833107;8,233796445000053;48,766777186000070;1
206613;08240704136000950050;08;1;27;025;2024;07;13;5;3;6;4;0;1;0;0;1;0;0;1;556286,258799999952316;5427493,231699999421835;9,769511042000033;48,997770794000076;1
206615;08240704121500973340;08;1;25;065;2024;07;19;5;3;5;3;0;0;1;1;0;0;0;0;516692,879499999806285;5448253,095799999311566;9,229082256000027;49,186854427000071;1
206616;08240704119300976540;08;1;19;079;2024;07;18;5;3;0;6;0;0;1;0;0;0;0;1;522101,052199999801815;5407425,776300000026822;9,301077461000034;48,819421766000062;1
206618;08240704118400969590;08;1;18;048;2024;07;19;5;3;6;7;0;0;1;0;1;0;0;0;515265,703999999910593;5414294,587999999523163;9,208217953000030;48,881417748000047;1
206619;08240711119500163720;08;1;19;085;2024;07;07;5;3;1;5;0;0;1;1;0;0;0;0;529433,903400000184774;5412968,575799999758601;9,401367189000041;48,868978628000036;1
206620;08240704118400949230;08;1;18;048;2024;07;09;5;3;5;3;0;0;1;1;0;0;0;0;512331,992600000463426;5415569,006599999964237;9,168241988000034;48,892947414000048;1
206621;08240704118200949890;08;1;18;011;2024;07;17;5;3;5;3;0;0;1;0;0;0;0;0;505829,468000000342727;5408152,117300000041723;9,079424335000056;48,826321655000072;1
206622;08240704118010978360;08;1;18;049;2024;07;15;5;2;5;3;0;0;1;1;0;0;0;0;520178,788999999873340;5420393,001000000163913;9,275531179000041;48,936136500000032;1
206623;08240704116400972300;08;1;16;033;2024;07;15;5;3;3;2;0;0;1;1;0;0;0;0;534780,321000000461936;5387248,641699999570847;9,472096956000030;48,637333090000027;1
206624;08240704116100067250;08;1;16;019;2024;07;07;5;3;0;7;0;1;1;1;0;0;0;0;522113,938199999742210;5400776,153400000184774;9,300895119000074;48,759602482000048;1
206625;08240704115300976820;08;1;15;041;2024;07;16;5;3;6;3;0;0;0;1;1;0;0;0;495259,961699999868870;5401648,928799999877810;8,935493782000037;48,767828703000077;1
206627;08240711335100966420;08;3;35;043;2024;07;15;5;3;3;6;0;0;1;0;0;0;0;0;513336,297299999743700;5279093,633199999108911;9,177634928000032;47,665098018000037;1
206630;08240703436300954810;08;4;36;081;2024;07;06;4;3;4;2;0;1;1;1;0;0;0;0;562635,328399999998510;5282944,694599999114871;9,834790175000023;47,696849609000026;1
206631;08240703436000947170;08;4;35;057;2024;07;09;4;3;0;1;0;0;1;0;0;0;0;0;545456,745000000111759;5278320,191999999806285;9,605371935000051;47,656679243000042;1
206632;08240703435100948960;08;4;35;016;2024;07;18;4;3;6;6;0;1;1;0;1;0;0;0;534415,375599999912083;5278450,945000000298023;9,458344006000061;47,658537297000066;1
206633;08240703421300957620;08;4;21;000;2024;07;08;4;3;0;1;0;1;1;0;0;0;0;0;572251,167999999597669;5361312,953999999910593;9,976163870000050;48,400832661000038;1
206634;08240703421200990910;08;4;21;000;2024;07;13;4;3;5;3;0;1;1;1;0;0;0;0;572868,712100000120699;5360986,778599999845028;9,984449429000051;48,397827556000038;1
206636;08240703416200949400;08;4;16;041;2024;07;07;4;3;0;6;0;0;1;0;0;0;0;1;503804,748399999924004;5374749,549799999222159;9,051530913000022;48,525843823000059;1
206637;08240703326400958080;08;3;26;074;2024;07;13;4;3;5;3;0;1;1;1;0;0;0;0;460290,842600000090897;5322442,978800000622869;8,467116102000034;48,054031522000059;1
206638;08240703326200988040;08;3;26;003;2024;07;16;4;3;5;3;0;1;1;1;0;0;0;0;464925,148799999617040;5319340,366599999368191;8,529558869000027;48,026389474000041;1
206639;08240703317500954180;08;3;17;096;2024;07;22;4;3;1;2;2;1;1;0;0;0;0;1;420639,214200000278652;5367808,636800000444055;7,926566942000022;48,458405942000070;1
206640;08240703317000948550;08;3;17;114;2024;07;09;4;3;0;7;0;0;1;0;0;0;0;1;405571,140800000168383;5346828,695800000801682;7,727514370000051;48,267623069000081;1
206641;08240703316100955150;08;3;16;011;2024;07;19;4;3;5;2;0;1;1;1;0;0;0;0;415009,650000000372529;5329029,548000000417233;7,858238445000040;48,108855004000077;1
206644;08240703311010971070;08;3;15;004;2024;07;20;4;2;6;4;0;0;0;1;1;0;0;0;394459,116700000129640;5294122,042899999767542;7,590804363000075;47,791804571000057;1
206645;08240703311010958630;08;3;11;000;2024;07;13;4;3;5;3;0;1;1;1;0;0;0;0;419076,620600000023842;5314161,948899999260902;7,915674483000032;47,975643254000033;1
206646;08240703311010955910;08;3;36;087;2024;07;12;4;2;5;3;0;1;1;1;0;0;0;0;421461,353000000119209;5300938,312200000509620;7,950032550000060;47,856983211000056;1
206647;08240703311010948830;08;3;36;050;2024;07;11;4;3;6;4;0;0;0;1;1;0;0;0;399274,800300000235438;5272759,817399999126792;7,660018435000040;47,600418535000074;1
206648;08240703311010947670;08;3;11;000;2024;07;09;4;3;1;6;0;0;1;1;0;0;0;0;410246,768000000156462;5317023,096999999135733;7,796787209000058;48,000202204000061;1
206650;08240703311010947410;08;3;11;000;2024;07;14;4;2;0;7;0;1;1;0;0;0;0;0;414373,008999999612570;5318195,470499999821186;7,851856889000032;48,011314155000036;1
206652;08240703226700014560;08;2;26;098;2024;07;14;4;3;5;3;0;1;1;1;0;0;0;0;475739,030000000260770;5459869,075600000098348;8,666356628000074;49,291088510000066;1
206653;08240703222014948050;08;2;22;000;2024;07;11;4;2;1;7;0;0;1;0;0;0;0;0;461779,643299999646842;5482371,651599999517202;8,472226313000021;49,492776981000077;1
206654;08240703221400955560;08;2;26;018;2024;07;20;4;3;0;7;0;1;1;0;0;0;0;0;472900,158999999985099;5472896,524499999359250;8,626430303000063;49,408149512000080;1
206655;08240703221011965420;08;2;26;095;2024;07;15;4;2;5;3;0;1;1;1;0;0;0;0;475051,157200000248849;5460140,917600000277162;8,656880022000053;49,293506028000081;1
206657;08240703121500952600;08;1;25;111;2024;07;07;4;3;0;1;0;1;1;0;0;0;0;0;529247,519700000062585;5454458,269799999892712;9,401822688000038;49,242200092000076;1
206658;08240703121200955680;08;1;21;000;2024;07;11;4;3;3;6;0;0;1;0;0;0;0;0;516062,939500000327826;5443703,981699999421835;9,220255858000030;49,145950653000057;1
206659;08240703119400949060;08;1;19;091;2024;07;16;4;3;6;7;0;1;0;1;1;0;0;0;526828,507500000298023;5406944,206100000068545;9,365445738000062;48,814903513000047;1
206661;08240703118500970280;08;1;18;078;2024;07;09;4;3;2;7;0;1;1;0;0;0;0;1;514096,195500000379980;5420154,901699999347329;9,192468797000060;48,934163132000037;1
206662;08240703116500003620;08;1;16;049;2024;07;12;4;3;5;3;0;0;1;1;0;0;0;0;524849,765899999998510;5386333,799599999561906;9,337250843000049;48,629576744000076;1
206663;08240703116400014440;08;1;16;048;2024;07;16;4;3;6;7;0;1;0;1;1;0;0;0;534441,175200000405312;5391445,099600000306964;9,467842843000028;48,675102596000045;1
206664;08240703116200948840;08;1;16;077;2024;07;08;4;3;6;4;0;0;0;1;1;0;0;0;517496,312199999578297;5390995,367000000551343;9,237650854000037;48,671761590000074;1
206665;08240703115300982200;08;1;15;042;2024;07;10;4;3;5;3;0;0;1;1;0;0;0;0;496229,171699999831617;5406461,259400000795722;8,948639393000065;48,811126783000077;1
206671;08240702436400945850;08;4;36;011;2024;07;08;3;3;0;7;0;0;1;0;0;0;0;0;548308,504300000146031;5297742,994999999180436;9,645504792000054;47,831219942000075;1
206673;08240702436000948400;08;4;36;096;2024;07;16;3;3;0;3;0;0;1;1;0;0;0;0;539504,830500000156462;5301065,956299999728799;9,528178090000040;47,861717926000040;1
206674;08240712116200967910;08;1;16;078;2024;07;20;6;2;6;4;0;0;0;1;1;0;0;0;512474,667299999855459;5392814,278999999165535;9,169497563000050;48,688245183000049;1
206677;08240702426000953080;08;4;21;000;2024;07;22;3;2;2;6;2;1;1;0;0;0;0;1;573306,535000000149012;5360919,909499999135733;9,990351783000051;48,397175297000047;1
206679;08240702421200968850;08;4;21;000;2024;07;16;3;3;3;6;0;0;1;1;0;0;0;0;574502,812300000339746;5361813,653899999335408;10,006669229000067;48,405074444000036;1
206680;08240702416200984210;08;4;16;041;2024;07;19;3;2;4;1;0;1;1;1;0;0;0;0;504819,500199999660254;5375518,891100000590086;9,065283439000041;48,532758114000046;1
206684;08240702415300014330;08;4;15;059;2024;07;15;3;3;3;6;0;1;1;0;0;0;0;0;517088,217699999921024;5368795,843000000342727;9,231195508000042;48,472061211000039;1
206685;08240702335200982470;08;3;35;063;2024;07;14;3;3;5;3;0;0;1;1;0;0;0;0;497897,000000000000000;5287943,699999999254942;8,971945997000034;47,744861914000069;1
206686;08240702325302955050;08;3;25;014;2024;07;17;3;3;2;6;0;1;1;1;0;0;0;0;463282,480200000107288;5340039,006200000643730;8,505744380000067;48,212515881000058;1
206687;08240702311400952660;08;3;15;006;2024;07;17;3;3;6;2;0;1;1;0;1;0;0;0;402969,704599999822676;5308271,883899999782443;7,701232282000035;47,920422533000078;1
206688;08240702311010957600;08;3;11;000;2024;07;16;3;3;5;2;0;0;1;1;0;0;0;0;412278,819699999876320;5318651,725800000131130;7,823689324000043;48,015134245000070;1
206690;08240702311010947370;08;3;36;091;2024;07;09;3;3;3;6;0;0;1;1;0;0;0;0;396052,959900000132620;5271944,269899999722838;7,617363175000037;47,592573905000052;1
206691;08240702226100984640;08;2;26;013;2024;07;18;3;2;6;4;0;1;0;1;1;0;0;0;498835,365299999713898;5479164,584400000050664;8,983926986000029;49,465132617000052;1
206692;08240702222800952870;08;2;22;000;2024;07;08;3;3;0;7;0;0;1;0;0;0;0;0;462792,995299999602139;5486015,569299999624491;8,485875420000070;49,525615033000065;1
206693;08240702221400946420;08;2;26;018;2024;07;10;3;3;8;6;0;0;1;0;0;0;0;0;473476,216199999675155;5472087,292400000616908;8,634425090000036;49,400896013000079;1
206694;08240702221300998710;08;2;26;012;2024;07;11;3;3;5;3;0;0;1;1;0;0;0;0;476156,422399999573827;5477928,457699999213219;8,671014325000044;49,453547017000062;1
206695;08240702221300954970;08;2;21;000;2024;07;11;3;3;1;5;0;0;1;1;0;0;0;0;475496,453300000168383;5474043,679300000891089;8,662148564000063;49,418578041000046;1
206697;08240702216100947870;08;2;16;005;2024;07;18;3;3;0;1;0;1;1;0;0;0;0;0;445474,824500000104308;5417536,047299999743700;8,255896505000067;48,908364682000069;1
206699;08240709415100995180;08;4;15;062;2024;07;12;3;3;0;1;0;1;1;0;0;0;0;0;520055,725999999791384;5378580,531999999657273;9,271814537000068;48,559999313000048;1
206701;08240702136000000870;08;1;36;065;2024;07;20;3;3;1;5;0;0;1;1;0;0;0;0;560139,187199999578297;5405514,687999999150634;9,818944221000038;48,799713738000037;1
206703;08240702121500965600;08;1;25;065;2024;07;11;3;3;5;2;0;0;1;1;0;0;0;0;516324,249599999748170;5449028,519700000062585;9,224054956000032;49,193839482000044;1
206705;08240702118500985040;08;1;18;063;2024;07;17;3;3;5;3;0;1;1;1;0;0;0;0;514641,621600000187755;5423037,617499999701977;9,200019592000046;48,960082351000040;1
206709;08240702117010963650;08;1;17;026;2024;07;23;3;3;6;4;2;1;0;1;1;0;0;0;548795,591300000436604;5394107,412599999457598;9,663133455000036;48,698094610000055;1
206710;08240702116400946990;08;1;16;033;2024;07;16;3;3;0;1;0;0;1;0;0;0;0;0;533403,414099999703467;5388390,668500000610948;9,453499979000071;48,647681730000045;1
206711;08240702116200999480;08;1;16;077;2024;07;12;3;2;5;3;0;0;1;1;0;0;0;0;516010,487099999561906;5389019,334200000390410;9,217392719000031;48,654024906000075;1
206713;08240702111500947910;08;1;11;000;2024;07;19;3;3;5;2;0;1;1;1;0;0;0;0;512615,228000000119209;5400094,689400000497699;9,171630086000050;48,753737029000035;1
206714;08240701435200945090;08;4;35;066;2024;07;15;2;3;0;1;0;0;1;0;0;0;0;0;517234,702100000344217;5285489,187999999150634;9,229812660000050;47,722550505000072;1
206718;08240701421300945270;08;4;21;000;2024;07;07;2;3;0;1;0;0;1;0;0;0;0;0;571859,939199999906123;5359880,688899999484420;9,970633778000035;48,387993764000043;1
206719;08240701336300945400;08;3;36;081;2024;07;21;2;3;0;1;2;0;1;0;0;0;0;0;411682,041100000031292;5278223,370699999853969;7,823935741000071;47,651377200000070;1
206720;08240701335100995600;08;3;35;043;2024;07;17;2;3;5;3;0;0;1;0;0;0;0;0;512449,246000000275671;5278943,745999999344349;9,165815489000067;47,663767065000059;1
206721;08240701335100946280;08;3;35;043;2024;07;15;2;3;8;1;0;0;1;0;0;0;0;0;513995,194500000216067;5280467,502199999988079;9,186455193000029;47,677445698000042;1
206722;08240701317000952680;08;3;17;031;2024;07;06;2;3;1;2;0;0;1;1;0;0;0;0;417214,067400000058115;5358338,263299999758601;7,882116699000051;48,372780278000050;1
206723;08240701311010951860;08;3;11;000;2024;07;09;2;1;5;3;0;0;1;0;0;0;0;1;417321,661199999973178;5315264,707000000402331;7,891951285000061;47,985338776000049;1
206724;08240701311010946550;08;3;15;047;2024;07;17;2;3;6;4;0;1;1;0;1;0;0;0;415831,599000000394881;5320957,435000000521541;7,870868120000068;48,036352919000080;1
206725;08240701311010945080;08;3;11;000;2024;07;08;2;3;3;6;0;0;1;1;0;0;0;0;414448,460199999623001;5317617,267400000244379;7,852983728000027;48,006123111000079;1
206726;08240701231102005810;08;2;36;040;2024;07;15;2;3;5;3;0;1;1;1;0;0;0;0;488237,993200000375509;5421776,003000000491738;8,839355167000065;48,948794806000080;1
206727;08240701226700963010;08;2;26;098;2024;07;17;2;3;5;3;0;0;1;1;0;0;0;0;476403,860999999567866;5460904,608999999240041;8,675438252000049;49,300429178000059;1
206729;08240701226200945450;08;2;26;068;2024;07;22;2;3;8;7;2;0;1;0;0;0;0;0;468457,183000000193715;5460420,130799999460578;8,566173884000023;49,295712675000061;1
206733;08240701222800965340;08;2;22;000;2024;07;11;2;3;6;4;0;0;0;1;1;0;0;0;460137,186999999918044;5487889,893999999389052;8,448989829000027;49,542304518000037;1
206734;08240701222700005890;08;2;22;000;2024;07;10;2;3;6;7;0;0;0;1;1;0;0;0;462088,402700000442564;5481715,035900000482798;8,476552671000036;49,486890440000082;1
206735;08240701221400962290;08;2;21;000;2024;07;10;2;3;1;5;0;0;1;1;0;0;0;0;477589,106499999761581;5470012,134999999776483;8,691228755000054;49,382395568000049;1
206736;08240701216100945830;08;2;16;022;2024;07;17;2;3;5;3;0;0;1;1;0;0;0;0;434680,992600000463426;5404030,910599999129772;8,110764115000052;48,785844688000054;1
206737;08240701216100945500;08;2;16;043;2024;07;20;2;3;6;4;1;0;0;1;1;0;0;0;442154,877899999730289;5411637,514900000765920;8,211428260000048;48,855006482000078;1
206738;08240701215402965740;08;2;15;009;2024;07;13;2;3;5;2;0;0;1;1;0;0;0;0;467421,951600000262260;5442358,501299999654293;8,553402261000031;49,133193878000043;1
206740;08240701212402965820;08;2;12;000;2024;07;13;2;3;5;3;0;0;1;1;0;0;0;0;457805,275500000454485;5427751,167099999263883;8,423101001000020;49,001214960000027;1
206741;08240701212102953210;08;2;12;000;2024;07;16;2;3;0;1;0;0;1;0;0;0;0;0;464459,858000000007451;5422331,739000000059605;8,514554344000032;48,952884450000056;1
206742;08240701212010959290;08;2;12;000;2024;07;13;2;3;5;2;0;1;1;1;0;0;0;0;455467,295599999837577;5428651,964900000020862;8,391038480000077;49,009153480000066;1
206744;08240701135100964990;08;1;35;020;2024;07;06;2;3;8;6;0;0;1;1;0;0;0;0;586313,345999999903142;5386322,062000000849366;10,171289865000062;48,624008782000033;1
206747;08240701121200945320;08;1;21;000;2024;07;11;2;3;6;7;0;0;0;1;1;0;0;0;516461,394700000062585;5443196,971200000494719;9,225698739000052;49,141379380000046;1
206748;08240701118400960400;08;1;18;048;2024;07;19;2;3;1;5;0;0;0;1;1;0;0;0;513793,740299999713898;5416470,001700000837445;9,188214531000028;48,901021705000062;1
206749;08240705416200022090;08;4;16;041;2024;07;17;6;3;0;1;0;0;1;0;0;0;0;0;506064,304100000299513;5375144,471200000494719;9,082139698000049;48,529378907000080;1
206754;08240630436400932840;08;4;36;082;2024;06;02;1;3;0;7;2;1;1;0;0;0;0;0;547549,399299999698997;5295673,295600000768900;9,635134997000023;47,812655617000075;1
206755;08240712316100981080;08;3;16;011;2024;07;22;6;2;1;5;2;1;1;1;0;0;0;0;414891,436999999918044;5328956,399700000882149;7,856665294000038;48,108181231000060;1
206757;08240630436300913570;08;4;36;049;2024;06;18;1;3;0;1;0;0;1;0;0;0;0;0;574851,309299999848008;5289782,773199999704957;9,998754156000075;47,757066842000029;1
206758;08240630426200911470;08;4;26;070;2024;06;13;1;3;4;7;0;0;1;1;0;0;0;0;565678,345999999903142;5343403,842700000852346;9,884582067000053;48,240448459000049;1
206759;08240630426100928520;08;4;26;062;2024;06;15;1;2;8;1;0;0;1;0;0;0;0;0;554629,031999999657273;5317044,478000000119209;9,732400592000033;48,004361435000078;1
206760;08240630421300936680;08;4;25;141;2024;06;14;1;3;8;1;0;1;1;0;0;0;0;0;567190,264600000344217;5363467,338400000706315;9,908141831000023;48,420771984000055;1
206762;08240630416100911760;08;4;16;036;2024;06;15;1;3;0;1;0;1;1;0;0;0;0;0;495292,800999999977648;5369551,130999999120831;8,936305068000024;48,479070691000061;1
206764;08240630415400940790;08;4;15;061;2024;06;23;1;3;0;1;2;0;1;0;0;0;0;0;514081,108000000007451;5370817,254000000655651;9,190579105000040;48,490321127000072;1
206766;08240708415400969700;08;4;15;061;2024;07;17;2;3;2;6;0;0;1;1;0;0;0;0;515765,420300000347197;5371135,278799999505281;9,213387081000064;48,493142190000071;1
206767;08240708311010954190;08;3;11;000;2024;07;07;2;3;1;5;0;0;1;1;0;0;0;0;415178,759100000374019;5317936,109300000593066;7,862710006000043;48,009088560000066;1
206768;08240630415400068440;08;4;15;061;2024;06;18;1;3;6;4;0;0;0;1;1;0;0;0;515623,500400000251830;5371647,370799999684095;9,211485350000032;48,497752692000063;1
206770;08240630336100930390;08;3;36;050;2024;06;18;1;2;0;2;0;0;1;0;0;0;0;0;399345,311400000005960;5272529,454500000923872;7,661009086000035;47,598357290000081;1
206771;08240630336100924470;08;3;36;050;2024;06;00;1;3;0;1;2;1;1;0;0;0;0;0;400933,542999999597669;5275894,299000000581145;7,681370400000048;47,628870098000050;1
206772;08240630335200913130;08;3;35;063;2024;06;12;1;3;0;1;0;0;1;0;0;0;0;0;498323,714300000108778;5287501,470100000500679;8,977640065000060;47,740884160000064;1
206776;08240630136000936570;08;1;36;079;2024;06;08;1;3;0;7;0;0;1;0;0;0;0;0;560595,523799999617040;5398737,430199999362230;9,824159373000043;48,738707680000061;1
206777;08240630135200924190;08;1;35;019;2024;06;22;1;2;4;2;2;0;1;1;0;0;0;0;583196,486700000241399;5392663,537299999967217;10,130276519000063;48,681468956000060;1
206778;08240630135200923380;08;1;35;032;2024;06;01;1;3;0;1;2;1;1;0;0;0;0;0;574134,760900000110269;5393475,190799999982119;10,007333955000036;48,689911534000032;1
206779;08240630121500936790;08;1;25;005;2024;06;12;1;3;6;6;0;0;0;1;1;0;0;0;515467,880599999800324;5453721,770400000736117;9,212482013000056;49,236078498000040;1
206781;08240630121400943900;08;1;21;000;2024;06;15;1;3;5;3;0;0;1;1;0;0;0;0;515483,757000000216067;5443356,100999999791384;9,212300767000045;49,142836228000078;1
206785;08240704237200951480;08;2;37;024;2024;07;11;5;2;0;1;0;1;1;0;0;0;0;0;481323,719999999739230;5359749,105599999427795;8,747722172000067;48,390627785000049;1
206786;08240630116400941350;08;1;16;054;2024;06;18;1;3;5;3;0;0;1;0;0;0;0;1;533203,125699999742210;5381707,180600000545382;9,450245859000063;48,587568161000036;1
206787;08240630115100937200;08;1;15;003;2024;06;10;1;2;0;3;0;0;1;1;0;0;0;0;501295,375000000000000;5391361,612999999895692;9,017596189000074;48,675300171000060;1
206788;08240630111240911770;08;1;11;000;2024;06;15;1;3;0;7;0;1;1;0;0;0;0;0;515030,207399999722838;5404597,214299999177456;9,204650224000034;48,794187740000041;1
206791;08240629435200926580;08;4;35;034;2024;06;14;7;3;6;7;0;0;0;1;1;0;0;0;529143,046000000089407;5284939,031400000676513;9,388562263000040;47,717172684000047;1
206793;08240629435200910070;08;4;35;018;2024;06;19;7;3;0;1;0;1;1;0;0;0;0;0;524665,183400000445545;5279823,289999999105930;9,328571053000076;47,671330314000045;1
206797;08240629417300908220;08;4;17;013;2024;06;07;7;3;0;1;0;0;1;0;0;0;0;0;504400,337500000372529;5351097,850400000810623;9,059349268000062;48,313056877000065;1
206798;08240629417200935140;08;4;17;022;2024;06;19;7;3;1;5;0;0;1;1;0;0;0;0;486367,224700000137091;5348232,934299999848008;8,816221802000030;48,287150518000033;1
206803;08240629317000916200;08;3;17;057;2024;06;10;7;3;5;3;0;0;1;1;0;0;0;0;412460,319400000385940;5379657,357599999755621;7,813476880000053;48,563893872000051;1
206809;08240709116400990400;08;1;16;016;2024;07;12;3;3;5;3;0;0;1;1;0;0;0;0;533450,320299999788404;5385791,535900000482798;9,453926962000025;48,624297672000068;1
206810;08240629222014915210;08;2;26;012;2024;06;12;7;2;5;3;0;0;1;1;0;0;0;0;476156,183899999596179;5477929,434599999338388;8,671010976000048;49,453555794000067;1
206811;08240629221200943030;08;2;21;000;2024;06;15;7;3;5;3;0;0;1;1;0;0;0;0;476724,916899999603629;5472673,168600000441074;8,679166514000030;49,406298776000028;1