OID_;UIDENTSTLAE;ULAND;UREGBEZ;UKREIS;UGEMEINDE;UJAHR;UMONAT;USTUNDE;UWOCHENTAG;UKATEGORIE;UART;UTYP1;ULICHTVERH;IstStrassenzustand;IstRad;IstPKW;IstFuss;IstKrad;IstGkfz;IstSonstige;LINREFX;LINREFY;XGCSWGS84;YGCSWGS84;PLST
206812;08240629216200911860;08;2;16;008;2024;06;15;7;3;0;1;0;0;1;0;0;0;0;0;442798,367700000293553;5391543,842000000178814;8,222993231000032;48,674320454000053;1
206813;08240629215502937490;08;2;15;099;2024;06;13;7;3;4;6;0;0;1;1;0;0;0;0;464630,577499999664724;5447566,927799999713898;8,514680442000042;49,179889580000065;1
206814;08240629215402935820;08;2;15;009;2024;06;10;7;2;0;1;0;0;1;0;0;0;0;0;471034,934700000099838;5439273,122600000351667;8,603151183000023;49,105621189000033;1
206818;08240629136000929630;08;1;36;042;2024;06;14;7;3;5;3;0;0;1;1;0;0;0;0;550228,501000000163913;5405246,194000000134110;9,683963844000061;48,798178359000076;1
206819;08240629136000926040;08;1;36;065;2024;06;14;7;3;0;7;0;0;1;0;0;0;0;0;559019,601099999621511;5405528,694700000807643;9,803701874000069;48,799947032000034;1
206820;08240629135100937050;08;1;35;015;2024;06;17;7;3;5;3;0;0;1;1;0;0;0;0;575169,745299999602139;5386332,864000000059605;10,020097717000056;48,625544463000040;1
206828;08240629119300937440;08;1;19;067;2024;06;15;7;3;1;6;0;0;1;1;0;0;0;0;536844,237200000323355;5405051,030700000002980;9,501700818000074;48,797360091000030;1
206833;08240629116100061910;08;1;16;019;2024;06;03;7;3;0;1;2;0;1;0;0;0;0;0;522134,281600000336766;5398504,046700000762939;9,301049792000072;48,739162148000048;1
206835;08240629111330910960;08;1;11;000;2024;06;15;7;3;0;1;0;0;1;0;0;0;0;0;511773,621500000357628;5409518,926999999210238;9,160450227000069;48,838533020000057;1
206836;08240629111230937070;08;1;11;000;2024;06;14;7;3;1;5;0;0;1;1;0;0;0;0;517189,382199999876320;5399278,796499999240041;9,233826893000071;48,746287830000028;1
206837;08240629212010912010;08;2;12;000;2024;06;13;7;1;0;1;0;0;1;0;0;0;0;0;457216,239799999631941;5428479,384999999776483;8,414971235000053;49,007724836000079;1
206839;08240629111120924060;08;1;11;000;2024;06;16;7;3;3;2;0;0;1;1;0;0;0;0;511386,354000000283122;5403930,921000000089407;9,155017532000045;48,788271235000082;1
206840;08240701317100945150;08;3;17;001;2024;07;07;2;3;5;3;0;0;1;1;0;0;0;0;431278,531399999745190;5387009,307700000703335;8,067284399000073;48,632370838000043;1
206841;08240629111110921250;08;1;11;000;2024;06;21;7;3;0;7;1;0;0;0;1;0;0;1;512823,363099999725819;5402401,044600000604987;9,174533628000063;48,774480621000066;1
206843;08240628436200929890;08;4;36;064;2024;06;04;6;3;1;1;1;1;1;1;0;0;0;0;545801,705799999646842;5291704,128200000151992;9,611372758000073;47,777071812000031;1
206844;08240628436200920080;08;4;36;064;2024;06;12;6;3;4;6;0;0;1;1;0;0;0;0;545381,304600000381470;5286882,770800000056624;9,605258193000054;47,733723477000069;1
206845;08240628436100906450;08;4;36;055;2024;06;07;6;3;0;7;0;1;1;0;0;0;0;0;576600,293999999761581;5298092,305999999865890;10,023554480000030;47,831614593000040;1
206846;08240628436000917850;08;4;36;082;2024;06;07;6;3;6;3;0;0;0;1;1;0;0;0;546901,970999999903142;5294619,401799999177456;9,626373575000059;47,803221305000079;1
206847;08240708311400954560;08;3;15;074;2024;07;13;2;3;5;3;0;0;1;1;0;0;0;0;394426,255499999970198;5296052,986400000751019;7,589895722000051;47,809167584000079;1
206849;08240628426100905940;08;4;26;021;2024;06;07;6;3;0;1;0;0;1;0;0;0;0;0;559434,182400000281632;5327926,834400000050664;9,798327994000033;48,101832865000063;1
206850;08240628426000943460;08;4;21;000;2024;06;10;6;2;6;4;0;0;1;0;1;0;0;0;571997,116299999877810;5361967,650599999353290;9,972844281000050;48,406750890000069;1
206851;08240628416200943280;08;4;16;025;2024;06;21;6;2;0;1;0;0;1;0;0;0;0;0;502339,885700000450015;5361142,306600000709295;9,031614927000021;48,403434039000047;1
206853;08240628415400932360;08;4;15;061;2024;06;19;6;3;6;4;0;0;0;1;1;0;0;0;515557,859100000001490;5371366,175400000065565;9,210586335000073;48,495224590000078;1
206854;08240706118300960530;08;1;18;003;2024;07;10;7;3;1;5;0;0;1;1;0;0;0;0;510801,457499999552965;5417284,325099999085069;9,147406765000028;48,908406550000052;1
206855;08240628415400932280;08;4;15;061;2024;06;15;6;3;1;5;0;0;1;1;0;0;0;0;512862,171000000089407;5371506,747999999672174;9,174102864000076;48,496550202000037;1
206856;08240628415400906020;08;4;15;061;2024;06;06;6;3;5;3;0;0;1;1;0;0;0;0;516083,796400000341237;5373007,476500000804663;9,217768449000062;48,509977036000066;1
206857;08240628415200920480;08;4;15;053;2024;06;12;6;2;0;1;0;1;1;0;0;0;0;0;537022,997000000439584;5361965,983999999240041;9,500292081000055;48,409761024000034;1
206858;08240628415100909530;08;4;15;078;2024;06;14;6;3;6;2;0;0;0;0;1;0;1;0;528123,602500000037253;5371739,166799999773502;9,380694410000046;48,498143280000079;1
206862;08240628325202932640;08;3;25;049;2024;06;13;6;3;6;4;0;0;0;1;1;0;0;0;472260,523500000126660;5334209,895800000056624;8,626975740000034;48,160529131000033;1
206863;08240628325102933610;08;3;25;061;2024;06;19;6;3;4;1;0;0;1;1;0;0;0;0;475063,086900000460446;5354359,971899999305606;8,663474887000064;48,341928177000057;1
206865;08240628317000936260;08;3;17;057;2024;06;14;6;3;5;3;0;0;1;1;0;0;0;0;417012,769600000232458;5379843,515399999916553;7,875131456000076;48,566187550000052;1
206866;08240703421300949180;08;4;21;000;2024;07;13;4;3;4;2;0;1;1;1;0;0;0;0;570974,641699999570847;5359448,949500000104308;9,958604609000076;48,384210384000028;1
206867;08240628317000920370;08;3;17;065;2024;06;10;6;3;5;3;0;0;1;1;0;0;0;0;417929,453700000420213;5354630,127499999478459;7,892498119000038;48,339519259000042;1
206868;08240628317000911070;08;3;17;005;2024;06;17;6;3;8;1;0;0;1;0;0;0;0;0;425033,765899999998510;5378766,572100000455976;7,984029072000055;48,557511310000052;1
206869;08240707221400964060;08;2;26;018;2024;07;01;1;3;5;3;2;0;1;1;0;0;0;0;473476,451500000432134;5472088,476600000634789;8,634428254000056;49,400906675000044;1
206870;08240628316200907580;08;3;16;056;2024;06;18;6;3;3;6;0;0;1;0;0;0;0;1;422401,832000000402331;5327444,716199999675155;7,957815512000025;48,095542241000032;1
206872;08240628311010940490;08;3;15;115;2024;06;19;6;3;3;6;0;0;1;0;0;0;0;0;409514,288800000213087;5319841,846200000494719;7,786375131000057;48,025454008000054;1
206874;08240628311010931990;08;3;11;000;2024;06;08;6;3;3;6;0;0;1;0;0;0;0;0;412197,334099999628961;5317068,572100000455976;7,822920999000075;48,000882153000077;1
206875;08240628311010905620;08;3;36;050;2024;06;13;6;3;5;3;0;0;1;1;0;0;0;0;399265,209999999962747;5273468,736999999731779;7,659727983000039;47,606794022000031;1
206876;08240701212010981860;08;2;15;101;2024;07;19;2;3;1;5;0;0;1;1;0;0;0;0;466199,185800000093877;5426323,209200000390410;8,537979487000030;48,988886729000058;1
206877;08240628231302907860;08;2;31;000;2024;06;15;6;3;0;2;0;0;0;0;1;0;0;1;477946,877000000327826;5415440,004000000655651;8,699143754000033;48,891517211000064;1
206879;08240628226400921990;08;2;26;037;2024;06;11;6;3;5;7;0;0;1;1;0;0;0;0;466738,553500000387430;5468431,268300000578165;8,541869151000071;49,367680180000036;1
206881;08240628222400934330;08;2;26;105;2024;06;14;6;3;1;7;0;0;1;1;0;0;0;0;470153,365600000135601;5478077,079500000923872;8,588176989000033;49,454618570000036;1
206884;08240628216100905830;08;2;16;043;2024;06;10;6;3;6;7;0;0;0;1;1;0;0;0;441610,094800000078976;5410899,078600000590086;8,204107562000047;48,848313231000077;1
206885;08240628215102935470;08;2;15;109;2024;06;18;6;3;5;3;0;0;1;1;0;0;0;0;461462,527900000102818;5439137,414499999955297;8,472018212000023;49,103875160000030;1
206886;08240628212010943120;08;2;12;000;2024;06;09;6;3;1;5;0;0;1;1;0;0;0;0;455811,502999999560416;5428224,339600000530481;8,395791605000056;49,005331690000048;1
206888;08240628212010926010;08;2;12;000;2024;06;14;6;3;1;5;0;0;1;1;0;0;0;0;453203,646900000050664;5429245,321499999612570;8,360017827000036;49,014323236000052;1
206889;08240628212010917000;08;2;12;000;2024;06;07;6;3;5;3;0;0;1;0;0;0;0;1;455993,956000000238419;5428253,073000000789762;8,398283105000075;49,005603186000030;1
206890;08240628212010905100;08;2;12;000;2024;06;08;6;3;5;2;0;0;1;0;0;0;0;1;453585,694299999624491;5428904,650499999523163;8,365281290000041;49,011287744000072;1
206891;08240628136100921820;08;1;36;088;2024;06;10;6;3;5;3;0;0;1;1;0;0;0;0;580141,098299999721348;5411546,506300000473857;10,092453364000050;48,851708740000049;1
206896;08240628121200917480;08;1;21;000;2024;06;16;6;3;6;7;0;0;1;0;1;0;0;0;516002,460099999792874;5443256,442199999466538;9,219408793000071;49,141926469000055;1
206897;08240628119400924970;08;1;19;091;2024;06;12;6;3;4;2;0;1;1;1;0;0;0;0;525803,728900000452995;5406404,089700000360608;9,351452987000073;48,810088172000064;1
206898;08240628119400923330;08;1;19;079;2024;06;15;6;3;5;2;0;0;1;1;0;0;0;0;522797,905100000090897;5408662,201400000602007;9,310639118000040;48,830519164000066;1
206900;08240628119100931510;08;1;19;044;2024;06;05;6;3;0;7;1;0;0;1;1;0;0;0;542271,464999999850988;5425740,368100000545382;9,577738973000066;48,983122229000060;1
206901;08240628118600922050;08;1;18;050;2024;06;09;6;2;6;3;0;0;0;1;1;0;0;0;507280,486100000329316;5416076,682499999180436;9,099334866000049;48,897594298000058;1
206902;08240710116400979520;08;1;16;079;2024;07;18;4;2;0;7;0;1;1;0;0;0;0;1;535838,919400000013411;5376952,678600000217557;9,485577201000069;48,544651495000039;1
206903;08240628118300939800;08;1;18;046;2024;06;01;6;3;0;7;2;0;1;0;0;0;0;0;513889,104299999773502;5414397,433900000527501;9,189445304000060;48,882375299000046;1
206904;08240628118200924620;08;1;18;011;2024;06;15;6;3;5;3;0;0;1;1;0;0;0;0;505271,612399999983609;5408360,732499999925494;9,071826449000071;48,828203318000078;1
206905;08240628116400943370;08;1;16;033;2024;06;14;6;3;3;2;0;0;1;0;0;0;0;0;533430,469700000248849;5387367,380599999800324;9,453784698000050;48,638474894000069;1
206906;08240704222500974090;08;2;22;000;2024;07;17;5;3;6;7;0;0;0;1;1;0;0;0;463130,603799999691546;5477971,230599999427795;8,491290612000057;49,453280903000064;1
206907;08240628115400905580;08;1;15;029;2024;06;14;6;3;0;7;0;0;1;1;0;0;0;0;497773,559899999760091;5398926,982000000774860;8,969715543000063;48,743356143000028;1
206908;08240628111500920310;08;1;11;000;2024;06;11;6;3;6;7;0;0;0;1;1;0;0;1;511557,817200000397861;5403303,640499999746680;9,157334238000033;48,782625107000058;1
206911;08240628111320939030;08;1;11;000;2024;06;11;6;3;5;7;0;0;1;1;0;0;0;0;515910,428399999625981;5405110,592199999839067;9,216655049000053;48,798784119000061;1
206912;08240628111240907590;08;1;11;000;2024;06;18;6;3;6;7;0;0;1;0;1;0;0;0;514968,950699999928474;5403920,290999999269843;9,203791499000033;48,788099692000060;1
206913;08240628111120903800;08;1;11;000;2024;06;00;6;2;0;7;2;0;1;0;0;0;0;0;511815,581399999558926;5403535,815600000321865;9,160849790000043;48,784708892000026;1
206914;08240627436200929160;08;4;36;064;2024;06;06;5;3;5;3;0;0;1;0;0;0;0;0;545436,416500000283122;5291688,590099999681115;9,606495442000039;47,776957882000033;1
206915;08240627436000904460;08;4;35;029;2024;06;17;5;3;0;7;0;0;1;0;0;0;0;0;545026,604100000113249;5271409,587200000882149;9,598933138000064;47,594532649000030;1
206917;08240627426100915380;08;4;26;021;2024;06;11;5;3;0;1;0;0;1;0;0;0;0;0;557282,505099999718368;5327355,981499999761581;9,769352494000032;48,096894479000071;1
206918;08240627425000930260;08;4;25;108;2024;06;20;5;2;0;1;1;0;1;0;0;0;0;0;554873,968399999663234;5358321,382999999448657;9,741018586000052;48,375673284000072;1
206919;08240627421300906200;08;4;21;000;2024;06;16;5;3;4;6;0;0;1;0;0;0;0;0;571355,323200000450015;5360336,569700000807643;9,963896235000050;48,392151844000068;1
206921;08240627417100912910;08;4;17;079;2024;06;19;5;3;0;1;0;0;1;0;0;0;0;0;501918,658999999985099;5339959,444800000637770;9,025827263000053;48,212859574000049;1
206923;08240629425000909140;08;4;25;020;2024;06;09;7;3;5;3;0;0;1;1;0;0;0;0;559659,076299999840558;5360579,630499999970198;9,805951042000061;48,395553454000037;1
206925;08240627415100930600;08;4;15;050;2024;06;17;5;3;5;3;0;0;1;1;0;0;0;0;521654,606399999931455;5376048,460799999535084;9,293352130000073;48,537167084000032;1
206927;08240627335100933290;08;3;35;043;2024;06;13;5;3;0;7;0;0;1;0;0;0;0;0;513322,050499999895692;5279732,309800000861287;9,177464645000043;47,670844911000074;1
206928;08240627335100926680;08;3;35;043;2024;06;00;5;2;0;1;2;0;1;0;0;0;0;0;513234,610000000335276;5278952,434299999848008;9,176276217000066;47,663829645000078;1
206929;08240627327100904080;08;3;27;050;2024;06;17;5;3;5;3;0;0;1;1;0;0;0;0;485574,367999999783933;5314325,091000000014901;8,806682212000055;47,982066654000050;1
206931;08240627326200932390;08;3;26;074;2024;06;17;5;3;5;2;0;0;1;1;0;0;0;0;464860,836400000378489;5322328,754599999636412;8,528451014000041;48,053271927000026;1
206933;08240627326000904890;08;3;35;075;2024;06;15;5;3;5;3;0;0;1;1;0;0;0;0;490991,866899999789894;5292631,354599999263883;8,879734520000056;47,786979774000031;1
206934;08240627317500928720;08;3;17;021;2024;06;21;5;3;8;1;1;0;1;0;0;0;0;0;427406,932500000111759;5371922,211500000208616;8,017377974000055;48,496225347000063;1
206936;08240627317100906750;08;3;17;116;2024;06;16;5;3;5;3;0;0;1;1;0;0;0;0;433203,445199999958277;5387783,316600000485778;8,093281881000053;48,639541686000030;1
206937;08240701416200950980;08;4;16;026;2024;07;20;2;3;0;1;0;1;1;0;0;0;0;0;505851,482200000435114;5364580,353099999949336;9,079109148000043;48,434341674000052;1
206938;08240627311400922650;08;3;15;006;2024;06;13;5;3;5;3;0;0;1;1;0;0;0;0;402123,746899999678135;5307779,214999999850988;7,690023928000073;47,915862393000054;1
206939;08240627311010942840;08;3;11;000;2024;06;11;5;2;3;7;0;0;1;0;0;0;0;0;413791,637900000438094;5316942,982100000604987;7,844314862000033;47,999969422000049;1
206940;08240627311010933440;08;3;11;000;2024;06;17;5;3;0;7;0;0;1;0;0;0;0;1;413236,889299999922514;5315451,995100000873208;7,837181042000054;47,986482432000059;1
206944;08240627231000930640;08;2;31;000;2024;06;16;5;3;6;7;0;0;0;0;1;0;0;1;478026,406700000166893;5415426,786299999803305;8,700229420000028;48,891401134000034;1
206946;08240627226600906900;08;2;26;107;2024;06;12;5;2;5;3;0;0;1;1;0;0;0;0;475682,948200000450015;5484483,855599999427795;8,664078467000024;49,512492127000030;1
206947;08240627226400939150;08;2;26;084;2024;06;15;5;3;3;6;0;0;1;0;0;0;1;0;469492,134499999694526;5470766,302600000053644;8,579615726000043;49,388827381000056;1
206950;08240627222500929410;08;2;22;000;2024;06;10;5;3;5;3;0;0;1;1;0;0;0;0;462334,200299999676645;5478348,377499999478459;8,480266752000034;49,456624312000031;1
206959;08240627212010905610;08;2;12;000;2024;06;19;5;3;5;2;0;0;1;1;0;0;0;0;453319,110700000077486;5428903,497600000351667;8,361636110000063;49,011257264000051;1
206960;08240630116500929450;08;1;16;049;2024;06;15;1;2;0;1;0;1;1;0;0;0;0;0;521267,936300000175834;5382860,427699999883771;9,288462357000071;48,598461995000036;1
206961;08240627211100902290;08;2;11;000;2024;06;14;5;3;0;1;0;0;1;0;0;0;0;0;443725,338999999687076;5401788,753399999812245;8,234185917000048;48,766560248000076;1
206962;08240627136100930670;08;1;36;021;2024;06;18;5;3;5;3;0;0;1;1;0;0;0;0;575573,549800000153482;5406921,920299999415874;10,029348578000054;48,810686342000054;1
206963;08240627136100922680;08;1;36;088;2024;06;19;5;3;5;3;0;0;1;1;0;0;0;0;579587,981900000013411;5410772,479499999433756;10,084764501000052;48,844818146000080;1
206966;08240627121500904360;08;1;25;005;2024;06;17;5;2;2;6;0;0;1;0;0;0;0;0;515451,227099999785423;5451427,068199999630451;9,212164850000022;49,215437611000027;1
206968;08240627121200921790;08;1;21;000;2024;06;18;5;3;0;7;0;0;1;0;0;0;0;0;516983,475399999879301;5443932,060300000011921;9,232887803000040;49,147977524000055;1
206969;08240627121200915070;08;1;21;000;2024;06;17;5;2;0;7;0;1;1;0;0;0;0;0;516239,836199999786913;5443534,049499999731779;9,222674606000055;49,144417406000059;1
206971;08240627119400901060;08;1;19;079;2024;06;15;5;3;0;7;0;1;1;0;0;0;0;0;522361,981399999931455;5408284,002299999818206;9,304678781000064;48,827132828000060;1
206972;08240627119300930780;08;1;19;067;2024;06;16;5;3;4;2;0;1;1;1;0;0;0;0;537833,307000000029802;5405969,906899999827147;9,515252890000056;48,805566496000040;1
206973;08240627119100906810;08;1;19;008;2024;06;13;5;3;5;3;0;0;1;1;0;0;0;0;530706,978099999949336;5418034,119400000199676;9,419107341000029;48,914484224000034;1
206974;08240627118400933670;08;1;18;048;2024;06;18;5;3;0;7;0;0;1;0;0;0;0;0;513527,656600000336766;5417797,212799999862909;9,184627838000040;48,912966786000027;1
206975;08240627118200920060;08;1;18;067;2024;06;17;5;3;6;7;0;0;0;1;1;0;0;0;505722,714100000448525;5413579,784800000488758;9,078045705000022;48,875149088000057;1
206977;08240627117400918280;08;1;17;002;2024;06;15;5;3;4;2;0;0;1;1;0;0;0;0;541155,571600000374019;5387243,767599999904633;9,558628127000077;48,636902063000036;1
206978;08240627326400928930;08;3;26;074;2024;06;07;5;3;6;4;0;0;0;0;1;0;0;1;460212,604299999773502;5323496,643600000068545;8,465968188000033;48,063506157000063;1
206979;08240627117200906080;08;1;17;024;2024;06;13;5;3;6;2;0;0;0;0;1;0;0;1;561527,014200000092387;5386106,829700000584126;9,834947054000054;48,625002144000064;1
206980;08240627117100065470;08;1;17;042;2024;06;08;5;3;3;2;0;1;1;0;0;0;0;1;554864,878499999642372;5393889,913399999961257;9,745579458000066;48,695633893000036;1
206982;08240704226400021890;08;2;26;084;2024;07;07;5;3;5;3;0;0;1;1;0;0;0;0;470125,173799999989569;5469854,590600000694394;8,588406982000038;49,380658117000053;1
206983;08240627116500900990;08;1;16;050;2024;06;07;5;3;0;1;0;1;1;0;0;0;0;0;526955,879999999888241;5388370,396500000730157;9,365966083000046;48,647810729000071;1
206987;08240627111500918030;08;1;11;000;2024;06;15;5;3;6;7;0;0;0;0;1;0;0;1;515172,150999999605119;5404883,210000000894070;9,206593468000051;48,796757075000073;1
206988;08240626435100926710;08;4;35;016;2024;06;11;4;3;7;1;0;0;1;0;0;0;0;0;535321,895899999886751;5278042,284600000828505;9,470383604000062;47,654811542000061;1
206989;08240626435100915970;08;4;35;029;2024;06;05;4;3;4;6;0;0;1;0;0;1;0;0;544297,777900000102818;5271938,698699999600649;9,589292450000073;47,599343455000053;1
206990;08240626426200898600;08;4;26;070;2024;06;20;4;2;0;7;0;0;1;0;0;0;0;0;565189,471499999985099;5341492,509400000795722;9,877704408000056;48,223305016000040;1
206991;08240626425000900760;08;4;25;071;2024;06;18;4;3;0;1;0;0;1;0;0;0;0;0;546579,126600000075996;5365804,867399999871850;9,629843462000053;48,443661627000040;1
206993;08240626416200938170;08;4;16;041;2024;06;16;4;3;6;4;0;0;0;1;1;0;0;0;504226,667999999597669;5373717,626000000163913;9,057234863000076;48,516557562000060;1
206994;08240704311010949470;08;3;11;000;2024;07;10;5;3;5;3;0;0;1;1;0;0;0;0;403817,199099999852479;5314657,898399999365211;7,711145516000045;47,977992390000054;1
206995;08240626416100930350;08;4;16;036;2024;06;17;4;3;0;7;0;1;1;0;0;0;0;0;495348,954699999652803;5369457,625000000000000;8,937065946000075;48,478229889000033;1
206996;08240626416100896950;08;4;16;036;2024;06;07;4;2;0;1;0;0;1;0;1;0;0;0;494054,092600000090897;5366172,334799999371171;8,919591669000056;48,448663028000055;1
206997;08240626337010897300;08;3;37;062;2024;06;07;4;3;6;4;0;1;0;0;1;1;0;0;456480,887900000438094;5277991,758700000122190;8,420463872000028;47,653857487000039;1
206998;08240626335100938260;08;3;35;043;2024;06;18;4;3;1;5;0;0;1;1;0;0;0;0;513621,684999999590218;5279738,297000000253320;9,181456278000041;47,670892539000079;1
206999;08240626327100896810;08;3;27;050;2024;06;06;4;3;5;3;0;0;1;1;0;0;0;0;486318,424100000411272;5314177,436400000005960;8,816657952000071;47,980754529000080;1
207001;08240626317100900520;08;3;17;001;2024;06;12;4;3;5;3;0;0;1;1;0;0;0;0;431382,484000000171363;5386339,160000000149012;8,068806020000068;48,626354270000036;1
207002;08240626317000943160;08;3;17;057;2024;06;17;4;3;6;6;0;0;1;0;1;0;0;0;412046,372999999672174;5380880,172399999573827;7,807608874000039;48,574834338000073;1
207004;08240626311010926880;08;3;11;000;2024;06;21;4;3;5;3;0;0;1;1;0;0;0;0;414532,160000000149012;5316017,857400000095367;7,854424278000067;47,991746996000074;1
207005;08240626311010926250;08;3;11;000;2024;06;07;4;2;5;3;0;0;1;1;0;0;0;0;410212,455299999564886;5314742,200400000438094;7,796804394000048;47,979680228000063;1
207006;08240626226700942530;08;2;26;098;2024;06;08;4;3;4;2;0;0;1;1;0;0;0;0;476981,566200000233948;5459489,254100000485778;8,683465912000031;49,287720078000063;1
207007;08240626226600930280;08;2;26;096;2024;06;15;4;3;5;3;0;0;1;1;0;0;0;0;475164,878999999724329;5489331,903799999505281;8,656616508000070;49,556077472000027;1
207008;08240705215102984520;08;2;15;109;2024;07;08;6;3;4;6;0;0;1;1;0;0;0;0;464051,767599999904633;5437798,245100000873208;8,507609783000021;49,091985943000054;1
207010;08240626226095902440;08;2;26;098;2024;06;17;4;3;2;6;0;1;1;1;0;0;0;0;475699,654699999839067;5459953,804899999871850;8,665809986000056;49,291849085000081;1
207011;08240626226000914750;08;2;26;082;2024;06;08;4;3;1;5;0;0;0;1;1;0;0;0;475150,313699999824166;5480183,887399999424815;8,656991044000051;49,473793678000050;1
207017;08240705119300974720;08;1;19;067;2024;07;23;6;2;0;7;2;0;1;0;0;0;0;0;538367,678600000217557;5405958,900900000706315;9,522529169000052;48,805434732000037;1
207018;08240626221011901020;08;2;21;000;2024;06;09;4;3;5;5;0;0;1;1;0;0;0;0;476859,249900000169873;5472293,447000000625849;8,681040311000061;49,402888362000056;1
207021;08240626212702918900;08;2;15;046;2024;06;16;4;3;1;5;0;0;1;1;0;0;0;0;451380,772199999541044;5414464,838300000876188;8,336854326000037;48,881230453000057;1
207024;08240626212010913990;08;2;12;000;2024;06;16;4;3;5;2;0;0;1;0;0;0;0;0;454516,588200000114739;5432839,859899999573827;8,377569137000023;49,046754430000078;1
207025;08240626211000936710;08;2;16;043;2024;06;14;4;2;4;6;0;0;1;0;0;0;0;0;442381,455400000326335;5410477,526200000196695;8,214679968000041;48,844593460000056;1
207026;08240626211000915590;08;2;16;015;2024;06;09;4;2;0;1;0;0;1;0;0;0;0;0;451180,681699999608099;5405837,780700000002980;8,335153361000039;48,803612132000069;1
207027;08240626136100916080;08;1;36;088;2024;06;08;4;3;0;1;0;0;1;0;0;0;0;0;583832,594899999909103;5407523,309299999848008;10,141941451000037;48,815036018000058;1
207028;08240626135100938140;08;1;35;020;2024;06;17;4;3;8;1;0;0;1;0;0;0;0;0;586922,278099999763072;5385842,719699999317527;10,179450911000060;48,619613109000056;1
207030;08240626127202931660;08;1;27;014;2024;06;14;4;3;6;7;0;0;0;1;1;0;0;0;576673,330000000074506;5442203,440400000661612;10,050974555000039;49,127879227000051;1
207031;08240626127100915650;08;1;27;076;2024;06;10;4;2;5;3;0;0;1;0;0;0;0;0;552173,114000000059605;5439203,842000000178814;9,714791932000026;49,103467148000050;1
207035;08240626119200931640;08;1;19;020;2024;06;15;4;3;6;7;0;1;1;0;1;0;0;0;519945,701000000350177;5405975,746799999848008;9,271645500000034;48,806450523000080;1
207037;08240626119200898660;08;1;19;020;2024;06;10;4;3;5;3;0;0;1;1;0;0;0;0;519765,677500000223517;5408037,566500000655651;9,269293070000060;48,825004004000050;1
207038;08240626118300943060;08;1;18;046;2024;06;22;4;3;0;7;2;0;1;0;0;0;0;0;513391,010400000028312;5413059,386099999770522;9,182607597000072;48,870349497000063;1
207039;08240626118010934740;08;1;15;048;2024;06;17;4;2;0;7;0;0;1;0;0;0;0;0;510391,437400000169873;5387501,150100000202656;9,141058656000041;48,640485827000077;1
207040;08240706121100260120;08;1;25;006;2024;07;04;7;3;9;1;2;0;0;1;1;0;0;0;506526,161199999973178;5453599,496600000187755;9,089648041000032;49,235139239000034;1
207041;08240626118010931590;08;1;15;003;2024;06;13;4;2;5;3;0;0;1;1;0;0;0;0;501516,444699999876320;5391706,353099999949336;9,020600433000027;48,678400998000029;1
207043;08240626111370918950;08;1;11;000;2024;06;13;4;3;5;3;0;0;1;1;0;0;0;0;512941,303000000305474;5407223,459100000560284;9,176290795000057;48,817860106000069;1
207044;08240626111330930370;08;1;11;000;2024;06;16;4;3;0;1;0;1;1;0;0;0;0;0;512119,561499999836087;5408808,525200000032783;9,165143650000061;48,832135704000052;1
207045;08240626111320903140;08;1;11;000;2024;06;16;4;3;0;2;0;1;1;0;0;1;0;0;518356,470499999821186;5404010,453199999406934;9,249913757000058;48,788820013000077;1
207046;08240703121300958500;08;1;21;000;2024;07;14;4;3;4;6;0;1;1;1;0;0;0;0;513469,853299999609590;5447844,038699999451637;9,184838098000057;49,183254106000049;1
207047;08240626111130927120;08;1;11;000;2024;06;08;4;3;5;2;0;0;1;1;0;0;0;0;509117,599999999627471;5402951,893999999389052;9,124108343000046;48,779501374000063;1
207048;08240625437100927040;08;4;37;100;2024;06;17;3;3;5;3;0;0;1;1;0;0;0;0;537255,716699999757111;5318482,714299999177456;9,499616283000023;48,018549842000027;1
207049;08240625437100895210;08;4;37;100;2024;06;07;3;3;5;3;0;0;1;1;0;0;0;0;538002,678500000387430;5317677,651399999856949;9,509561607000023;48,011262847000069;1
207050;08240625436200926430;08;4;36;064;2024;06;09;3;3;1;3;0;0;1;1;0;0;0;0;546383,343500000424683;5291839,471599999815226;9,619150597000043;47,778247883000063;1
207051;08240625435100927980;08;4;35;016;2024;06;08;3;2;5;3;0;0;1;1;0;0;0;0;535312,584099999628961;5278044,159299999475479;9,470259754000040;47,654828918000078;1
207052;08240625435100926470;08;4;35;030;2024;06;12;3;2;0;1;0;0;1;0;0;0;0;0;540578,342199999839067;5272035,575400000438094;9,539824206000048;47,600458602000060;1
207053;08240625421300898720;08;4;21;000;2024;06;13;3;2;0;1;0;0;1;0;0;0;0;0;571381,308799999766052;5359496,251499999314547;9,964104406000047;48,384589988000073;1
207059;08240707116500001080;08;1;16;049;2024;07;11;1;3;6;7;0;0;0;1;1;0;0;0;526124,694099999964237;5385038,640399999916553;9,354471709000052;48,617873485000075;1
207060;08240625415400937820;08;4;15;061;2024;06;17;3;3;6;4;0;0;0;1;1;0;0;0;516529,256299999542534;5370914,205199999734759;9,223716875000036;48,491133706000028;1
207061;08240625415100899130;08;4;15;050;2024;06;14;3;3;0;1;0;0;1;0;0;0;0;0;523263,962500000372529;5375623,168899999931455;9,315129790000071;48,533283454000070;1