OID_;UIDENTSTLAE;ULAND;UREGBEZ;UKREIS;UGEMEINDE;UJAHR;UMONAT;USTUNDE;UWOCHENTAG;UKATEGORIE;UART;UTYP1;ULICHTVERH;IstStrassenzustand;IstRad;IstPKW;IstFuss;IstKrad;IstGkfz;IstSonstige;LINREFX;LINREFY;XGCSWGS84;YGCSWGS84;PLST
207558;08240725335100488270;08;3;35;043;2024;07;12;5;3;5;3;0;0;1;0;0;0;0;0;511053,452999999746680;5280821,472999999299645;9,147272070000042;47,680687601000045;1
207559;08240725335100046950;08;3;35;043;2024;07;11;5;3;6;7;0;0;0;1;1;0;0;0;513095,070199999958277;5280375,765799999237061;9,174460323000062;47,676639146000070;1
207560;08240725335100023920;08;3;35;043;2024;07;01;5;3;1;5;2;0;1;1;0;0;0;0;515277,485899999737740;5280198,675699999555945;9,203529393000053;47,674997861000065;1
207561;08240725335010056110;08;3;35;043;2024;07;20;5;3;0;7;2;0;1;0;0;0;0;0;513343,954599999822676;5278832,173100000247359;9,177728934000072;47,662745328000028;1
207563;08240725325202047680;08;3;25;064;2024;07;21;5;3;9;1;2;0;1;0;0;0;0;0;477440,268000000156462;5332912,179999999701977;8,696697603000075;48,149058754000066;1
207566;08240725311500016890;08;3;15;070;2024;07;16;5;3;8;7;0;0;1;0;0;0;0;0;452898,304999999701977;5303522,882899999618530;8,369990076000022;47,883310363000078;1
207567;08240725311010038280;08;3;36;105;2024;07;11;5;3;5;2;0;0;1;0;0;0;1;0;400014,804100000299513;5266916,453400000929832;7,671190875000036;47,547969510000030;1
207570;08240725226600047290;08;2;26;096;2024;07;15;5;3;6;7;0;0;0;1;1;0;0;0;476196,744900000281632;5488513,105299999937415;8,670932858000072;49,548754157000076;1
207572;08240725222200013370;08;2;22;000;2024;07;17;5;3;6;6;0;0;0;0;1;0;0;1;461668,523699999786913;5481495,046399999409914;8,470776968000052;49,484885374000044;1
207574;08240725221011054450;08;2;26;095;2024;07;15;5;2;5;3;0;0;1;0;0;0;0;0;473891,539699999615550;5461448,857100000604987;8,640846709000073;49,305222452000066;1
207575;08240725215502063620;08;2;15;099;2024;07;15;5;3;5;3;0;0;1;1;0;0;0;0;461970,091599999926984;5444299,624399999156594;8,478485003000060;49,150341062000052;1
207579;08240725121400014250;08;1;25;074;2024;07;15;5;3;5;3;0;0;1;1;0;0;0;0;508963,616000000387430;5439269,240000000223517;9,122811335000051;49,106203038000046;1
207580;08240725121300030710;08;1;21;000;2024;07;06;5;2;0;6;0;0;1;1;0;0;0;0;512309,691700000315905;5444923,274900000542402;9,168828665000035;49,157005309000056;1
207581;08240725119500051130;08;1;19;085;2024;07;12;5;3;6;2;0;0;0;0;1;0;0;1;529730,402099999599159;5413383,877299999818206;9,405440390000024;48,872700368000039;1
207582;08240725119100015410;08;1;19;006;2024;07;15;5;2;0;7;0;0;1;0;0;0;0;0;536655,089999999850988;5421668,429899999871850;9,500614523000024;48,946852659000058;1
207583;08240725118300016720;08;1;18;003;2024;07;14;5;3;5;3;0;0;1;1;0;0;0;0;510334,847799999639392;5416729,835400000214577;9,141024958000060;48,903426469000067;1
207585;08240725117100017580;08;1;17;049;2024;07;16;5;3;4;2;0;0;1;1;0;0;0;0;555845,281000000424683;5392563,269200000911951;9,758721990000026;48,683613328000035;1
207586;08240725116100013610;08;1;16;019;2024;07;07;5;3;0;1;0;0;1;0;0;0;0;0;522618,222000000067055;5398821,426999999210238;9,307649222000066;48,741999884000052;1
207587;08240725111500042580;08;1;11;000;2024;07;04;5;2;6;4;2;0;0;0;1;0;0;1;518586,915699999779463;5403535,888000000268221;9,253029652000066;48,784544044000029;1
207588;08240725111500014860;08;1;11;000;2024;07;16;5;3;5;3;0;0;1;1;0;0;0;0;508498,274500000290573;5397333,090399999171495;9,115562145000069;48,728963478000026;1
207589;08240725111370012990;08;1;11;000;2024;07;08;5;3;5;3;0;0;1;1;0;0;0;0;508498,548700000159442;5407368,847699999809265;9,115773272000069;48,819244670000046;1
207592;08240725111120058250;08;1;11;000;2024;07;18;5;2;9;1;0;0;1;0;0;0;0;0;513213,838499999605119;5405204,317099999636412;9,179938343000060;48,799690426000041;1
207594;08240724437100061780;08;4;37;100;2024;07;23;4;3;0;1;2;0;1;0;0;0;0;0;536902,836099999956787;5318684,194000000134110;9,494901524000056;48,020383001000027;1
207596;08240724425000008250;08;4;25;004;2024;07;15;4;3;0;7;0;0;1;0;0;0;0;0;556746,532100000418723;5352981,743499999865890;9,765583467000056;48,327473154000074;1
207597;08240724416200044920;08;4;16;041;2024;07;18;4;3;5;3;0;0;1;0;0;0;0;0;503393,687300000339746;5374399,648299999535084;9,045960720000039;48,522698340000034;1
207598;08240724337200018050;08;3;37;065;2024;07;22;4;3;0;7;2;0;1;0;0;0;0;0;447588,469499999657273;5275343,832000000402331;8,302370693000057;47,629374632000065;1
207599;08240724336091013110;08;3;36;019;2024;07;15;4;2;5;3;0;0;1;0;0;0;0;0;394223,167299999855459;5275941,516699999570847;7,592067094000072;47,628233562000048;1
207600;08240724335100025980;08;3;35;043;2024;07;08;4;3;5;2;0;0;1;0;0;0;1;0;512775,296199999749660;5279999,144200000911951;9,170189104000031;47,673256831000060;1
207602;08240724326200009300;08;3;26;074;2024;07;08;4;3;5;3;0;0;1;0;0;1;0;0;465229,960599999874830;5323549,190300000831485;8,533305067000072;48,064272160000030;1
207603;08240724325102064590;08;3;25;045;2024;07;14;4;3;1;5;0;0;1;1;0;0;0;0;468424,465699999593198;5348579,099500000476837;8,574321457000053;48,289623924000068;1
207604;08240724317500012330;08;3;17;096;2024;07;12;4;3;0;1;0;0;1;0;0;0;0;0;422117,162299999967217;5369909,267200000584126;7,946162912000034;48,477485665000074;1
207605;08240724317000047240;08;3;17;065;2024;07;12;4;3;6;6;0;0;0;0;1;0;0;1;415834,159500000067055;5354838,128799999132752;7,864187284000025;48,341114528000048;1
207611;08240724226700032560;08;2;26;098;2024;07;12;4;3;4;2;0;0;1;1;0;0;0;0;476589,678500000387430;5460040,400200000032783;8,678044741000065;49,292662761000031;1
207612;08240724226000015840;08;2;21;000;2024;07;17;4;3;6;7;0;0;1;0;1;0;0;0;474460,799700000323355;5474301,600500000640750;8,647852796000052;49,420855387000074;1
207613;08240724222700063960;08;2;22;000;2024;07;12;4;3;3;6;0;0;1;0;0;0;0;0;462736,730200000107288;5481563,256699999794364;8,485518084000034;49,485565420000057;1
207615;08240724222014063860;08;2;22;000;2024;07;12;4;2;5;2;0;0;1;1;0;0;0;0;464422,082000000402331;5484928,315999999642372;8,508483199000068;49,515933597000071;1
207617;08240724221011064030;08;2;21;000;2024;07;18;4;2;6;7;0;0;1;0;1;0;0;0;476625,771900000050664;5476178,666099999099970;8,677593363000028;49,437826271000063;1
207618;08240724216300009560;08;2;16;024;2024;07;07;4;3;0;1;0;0;1;0;0;0;0;0;445482,794999999925494;5408914,150000000372529;8,257154269000068;48,830810876000044;1
207619;08240724216100009030;08;2;16;043;2024;07;11;4;3;6;2;0;0;0;1;1;0;0;0;441925,780299999751151;5412957,994599999859929;8,208118040000045;48,866862761000050;1
207622;08240724212402045410;08;2;12;000;2024;07;22;4;3;0;7;2;0;1;0;0;0;0;0;456885,811200000345707;5427719,697100000455976;8,410533838000049;49,000868346000061;1
207623;08240724212010061670;08;2;15;105;2024;07;08;4;3;2;7;0;0;1;1;0;0;0;0;457069,640300000086427;5442780,836999999359250;8,411449035000032;49,136356641000077;1
207624;08240724212010026880;08;2;12;000;2024;07;20;4;3;6;4;1;0;1;0;1;0;0;0;457232,415000000037253;5428119,188799999654293;8,415230346000044;49,004485943000077;1
207626;08240724136100008360;08;1;36;088;2024;07;18;4;3;4;2;0;0;1;1;0;0;0;0;581301,230700000189245;5412542,375000000000000;10,108462546000055;48,860514823000074;1
207628;08240731316100036030;08;3;16;011;2024;07;17;4;3;8;1;0;0;1;0;0;0;0;0;415036,600599999539554;5329732,352900000289083;7,858460398000034;48,115180487000032;1
207629;08240724127202032390;08;1;27;014;2024;07;14;4;3;5;3;0;0;1;1;0;0;0;0;575821,219999999739230;5442281,017699999734759;10,039311147000035;49,128682674000061;1
207631;08240724127100026350;08;1;27;076;2024;07;05;4;2;5;3;0;0;1;1;0;0;0;0;557558,353699999861419;5439898,072799999266863;9,788663786000029;49,109231095000041;1
207632;08240724121600025800;08;1;25;007;2024;07;21;4;3;0;7;0;0;1;0;0;0;0;0;511944,985100000165403;5453000,262199999764562;9,164066801000047;49,229667251000080;1
207633;08240724121200032980;08;1;21;000;2024;07;17;4;3;3;6;0;0;1;1;0;0;0;0;514780,533800000324845;5442271,702500000596046;9,202619038000023;49,133099015000028;1
207635;08240730215102063020;08;2;15;109;2024;07;09;3;3;5;3;0;0;1;1;0;0;0;0;464143,218700000084937;5437716,903899999335408;8,508869577000041;49,091259604000072;1
207639;08240724111500009930;08;1;11;000;2024;07;08;4;2;6;4;0;0;0;0;1;0;0;1;510743,516800000332296;5402426,010700000450015;9,146226436000063;48,774744605000080;1
207640;08240724111230026050;08;1;11;000;2024;07;08;4;3;6;7;0;0;0;1;1;0;0;0;508676,932900000363588;5396272,441899999976158;9,117969273000028;48,719419390000041;1
207641;08240724111120020180;08;1;11;000;2024;07;15;4;3;5;7;0;0;1;0;0;0;0;1;513234,396599999628961;5403401,405899999663234;9,180160213000022;48,783471182000028;1
207645;08240723436300009910;08;4;36;081;2024;07;16;3;3;1;5;0;0;1;1;0;0;0;0;562161,751299999654293;5281122,842800000682473;9,828219578000073;47,680504630000030;1
207646;08240723436200044610;08;4;36;064;2024;07;17;3;3;1;5;0;0;1;1;0;0;0;0;545925,392599999904633;5292573,873500000685453;9,613115666000056;47,784888119000072;1
207647;08240723436200003420;08;4;36;064;2024;07;14;3;2;0;1;0;0;1;0;0;0;0;0;546587,549399999901652;5293935,255999999120831;9,622101257000054;47,797088901000052;1
207648;08240723436000007150;08;4;36;006;2024;07;14;3;2;4;6;0;0;1;0;0;0;0;1;556730,549399999901652;5288014,401699999347329;9,756760262000057;47,743006476000062;1
207649;08240723435100062260;08;4;35;016;2024;07;12;3;3;0;2;0;0;1;0;0;0;0;1;537418,932000000029802;5277514,378100000321865;9,498263705000056;47,649943871000062;1
207650;08240728111240068480;08;1;11;000;2024;07;12;1;3;1;5;0;0;1;1;0;0;0;0;520192,998599999584258;5402084,955499999225140;9,274822261000054;48,771441586000037;1
207652;08240723426300151590;08;4;26;097;2024;07;18;3;3;4;6;0;0;1;1;0;0;0;0;535460,181200000457466;5330739,447699999436736;9,476555348000034;48,128922925000040;1
207653;08240723426010056580;08;4;21;000;2024;07;16;3;2;5;3;0;0;1;0;0;0;0;0;575271,878499999642372;5364189,632899999618530;10,017485434000037;48,426355269000055;1
207655;08240723426000007850;08;4;25;020;2024;07;15;3;2;0;7;0;0;1;0;0;0;0;0;558690,735000000335276;5361375,245799999684095;9,792981999000062;48,402801453000052;1
207657;08240723415200042600;08;4;15;053;2024;07;13;3;2;4;6;0;0;1;1;0;0;0;0;531927,430800000205636;5361776,893799999728799;9,431423455000072;48,408338688000072;1
207658;08240723335300061830;08;3;35;075;2024;07;10;3;3;6;2;0;0;0;1;1;0;0;0;487692,243200000375509;5290068,036499999463558;8,835754823000059;47,763861701000053;1
207659;08240723335300005020;08;3;35;075;2024;07;21;3;3;0;7;1;0;1;0;0;0;0;0;488421,496399999596179;5288539,561499999836087;8,845527271000037;47,750122704000034;1
207660;08240723335200039540;08;3;35;063;2024;07;07;3;3;0;7;0;0;1;0;0;0;0;0;497633,852599999867380;5287307,661100000143051;8,968439072000024;47,739138183000080;1
207661;08240723335100008730;08;3;35;043;2024;07;12;3;3;5;7;0;0;1;1;0;0;0;0;513233,798899999819696;5279660,316400000825524;9,176286859000072;47,670198951000032;1
207663;08240723325102019450;08;3;25;045;2024;07;11;3;3;9;1;0;0;1;0;0;0;0;0;468363,342899999581277;5351553,964199999347329;8,573274444000049;48,316384125000070;1
207668;08240723316100028200;08;3;16;039;2024;07;15;3;3;0;7;0;0;1;0;0;0;0;1;417826,529000000096858;5327401,642999999225140;7,896386552000024;48,094581122000079;1
207669;08240723311010062880;08;3;11;000;2024;07;19;3;3;6;7;0;0;1;0;1;0;0;0;413668,120099999941885;5316930,534700000658631;7,842661871000075;47,999840784000071;1
207671;08240723311010041790;08;3;11;000;2024;07;21;3;3;3;6;0;1;1;1;0;0;0;0;418132,534500000067055;5314172,725099999457598;7,903024620000053;47,975620086000049;1
207673;08240723311010002480;08;3;36;091;2024;07;07;3;3;3;6;0;0;1;1;0;0;0;0;397010,018799999728799;5271643,840399999171495;7,630160124000042;47,590024183000025;1
207678;08240723222014010420;08;2;22;000;2024;07;16;3;2;4;6;0;1;1;1;0;0;0;0;465988,355000000447035;5481937,298100000247359;8,530378372000030;49,489120703000026;1
207679;08240723222014006370;08;2;22;000;2024;07;15;3;3;6;6;0;0;0;1;1;0;0;0;462437,031399999745190;5478229,333499999716878;8,481696902000067;49,455559934000064;1
207680;08240725311010023010;08;3;36;050;2024;07;17;5;3;0;7;0;0;1;0;0;0;0;0;399339,629800000227988;5273915,365800000727177;7,660615271000040;47,610823164000067;1
207681;08240723221300042870;08;2;26;012;2024;07;12;3;3;1;5;0;0;1;1;0;0;0;0;476179,091099999845028;5477527,125000000000000;8,671351230000027;49,449938014000054;1
207682;08240723221011012660;08;2;21;000;2024;07;18;3;3;5;3;0;1;1;1;0;0;0;0;477048,206100000068545;5473914,514299999922514;8,683551027000021;49,417476754000063;1
207683;08240723216100265810;08;2;16;043;2024;07;17;3;3;6;6;0;0;0;1;1;0;0;0;437656,147499999962747;5413498,648199999704957;8,149822739000058;48,871311343000059;1
207684;08240723215502023850;08;2;15;029;2024;07;15;3;3;5;3;0;0;1;1;0;0;0;0;466788,189000000245869;5448188,595000000670552;8,544233621000046;49,185602119000066;1
207685;08240723212302028880;08;2;12;000;2024;07;14;3;2;0;7;0;0;1;0;0;0;0;0;456889,709300000220537;5428664,948499999940395;8,410486771000024;49,009371279000050;1
207686;08240723136000029070;08;1;36;065;2024;07;13;3;3;6;7;0;0;0;1;1;0;0;0;558153,843700000084937;5405541,074699999764562;9,791915325000048;48,800139986000033;1
207687;08240803415300119220;08;4;15;019;2024;08;01;7;3;0;1;2;1;1;0;0;0;0;0;518983,655000000260770;5370326,062500000000000;9,256909127000029;48,485773224000070;1
207688;08240726335200028090;08;3;35;063;2024;07;11;6;3;6;7;0;0;0;1;1;0;0;0;496939,812199999578297;5288020,524700000882149;8,959176581000065;47,745549319000077;1
207689;08240723128200054100;08;1;28;115;2024;07;17;3;3;6;7;0;1;0;0;1;0;0;1;547464,942800000309944;5496589,010600000619888;9,657135071000027;49,619997329000057;1
207692;08240723121300025810;08;1;21;000;2024;07;17;3;3;5;3;0;1;1;0;0;0;0;1;514352,563199999742210;5444286,230000000447035;9,196823989000052;49,151230523000038;1
207694;08240723121200023660;08;1;21;000;2024;07;14;3;3;0;7;0;0;1;0;0;0;0;0;515464,549499999731779;5442053,480799999088049;9,211987435000026;49,131119200000057;1
207695;08240723119100043780;08;1;19;075;2024;07;09;3;3;4;6;0;0;1;0;0;0;0;0;535932,515100000426173;5427356,901100000366569;9,491248886000051;48,998064734000081;1
207696;08240723116100053970;08;1;16;019;2024;07;11;3;3;6;4;0;0;0;0;1;1;0;0;523156,830500000156462;5399809,896999999880791;9,315030746000048;48,750872248000064;1
207697;08240723116100044840;08;1;16;019;2024;07;13;3;2;5;3;0;0;1;0;0;0;0;1;522647,611200000159442;5398304,259099999442697;9,308020536000072;48,737346428000080;1
207698;08240723116100042830;08;1;16;019;2024;07;14;3;2;5;3;0;0;1;1;0;0;0;0;520738,066100000403821;5398283,809399999678135;9,282048939000049;48,737228956000081;1
207699;08240723116000027250;08;1;16;071;2024;07;14;3;3;0;1;0;0;1;0;0;0;0;0;528991,525299999862909;5390584,129000000655651;9,393757402000062;48,667634216000067;1
207701;08240723115200062400;08;1;15;021;2024;07;17;3;3;0;2;0;0;1;1;0;0;0;0;490923,031200000084937;5381979,613800000399351;8,876905381000029;48,590833459000066;1
207702;08240723115200043530;08;1;15;021;2024;07;11;3;3;0;7;0;0;1;1;0;0;0;0;490463,174700000323355;5382268,030200000852346;8,870662567000068;48,593421286000080;1
207704;08240723111500006240;08;1;11;000;2024;07;16;3;2;5;3;0;0;1;1;0;0;0;0;514279,151999999769032;5407339,892999999225140;9,194519374000038;48,818878218000066;1
207706;08240723111240009280;08;1;11;000;2024;07;18;3;3;6;4;0;0;0;1;1;0;0;0;518429,499499999918044;5403127,391300000250340;9,250868401000048;48,780873945000053;1
207707;08240723111000062210;08;1;11;000;2024;07;07;3;3;5;2;0;0;1;1;0;0;0;0;508094,982599999755621;5406596,916600000113249;9,110260389000075;48,812305853000055;1
207708;08240722437100000050;08;4;37;044;2024;07;07;2;2;4;2;0;0;1;1;0;0;0;0;532653,140999999828637;5323456,695399999618530;9,438275049000026;48,063551891000031;1
207710;08240722436000035560;08;4;37;076;2024;07;13;2;3;5;2;0;0;1;1;0;0;0;0;525501,136699999682605;5322567,121099999174476;9,342228817000034;48,055874502000052;1
207712;08240722435200022150;08;4;35;059;2024;07;14;2;3;0;7;0;0;1;0;0;0;0;0;513354,647099999710917;5290791,053600000217557;9,178237929000034;47,770346213000039;1
207713;08240722435100031060;08;4;35;057;2024;07;05;2;3;7;1;2;1;1;0;0;0;0;0;545224,451000000350177;5279536,108400000259280;9,602404373000070;47,667635393000069;1
207714;08240722416010062480;08;4;16;025;2024;07;07;2;3;5;3;0;0;1;1;0;0;0;0;504135,210400000214577;5361715,234899999573827;9,055877757000076;48,408579192000047;1
207715;08240722336300007210;08;3;36;087;2024;07;16;2;3;0;7;0;0;1;0;1;0;0;0;421228,492399999871850;5297886,059499999508262;7,947475670000074;47,829496901000027;1
207716;08240722335100002590;08;3;35;043;2024;07;16;2;3;0;7;0;0;1;0;0;0;0;0;513049,317099999636412;5279084,938100000843406;9,173812208000072;47,665025637000042;1
207717;08240722335100000970;08;3;35;043;2024;07;01;2;3;0;7;2;0;1;0;0;0;0;0;513031,506099999882281;5279344,405600000172853;9,173582713000030;47,667360599000062;1
207719;08240722317100005340;08;3;17;001;2024;07;16;2;2;0;1;0;0;1;0;0;0;0;0;432181,293100000359118;5386456,082100000232458;8,079625898000074;48,627493119000064;1
207723;08240722225200053730;08;2;25;014;2024;07;15;2;3;0;1;0;0;1;0;0;0;0;0;524604,780000000260770;5485620,205399999395013;9,339967050000041;49,522701585000050;1
207724;08240722222600064760;08;2;22;000;2024;07;16;2;3;6;4;0;0;0;1;1;0;0;0;461788,920800000429153;5483061,092000000178814;8,472287747000053;49,498978708000038;1
207726;08240722221200049890;08;2;21;000;2024;07;10;2;3;1;5;0;0;1;1;0;0;0;0;477328,252999999560416;5472886,927500000223517;8,687470815000040;49,408244280000076;1
207727;08240722221200040750;08;2;21;000;2024;07;19;2;3;3;6;0;0;1;1;0;0;0;0;476350,508799999952316;5472860,301300000399351;8,673994458000038;49,407967568000061;1
207729;08240722215102005030;08;2;15;105;2024;07;12;2;3;5;3;0;0;1;1;0;0;0;0;457046,166899999603629;5441961,401900000870228;8,411214545000064;49,128984236000065;1
207731;08240722212102024260;08;2;12;000;2024;07;13;2;3;6;7;0;0;0;1;1;0;0;0;460719,159599999897182;5427791,354399999603629;8,462934716000063;49,001768764000076;1
207732;08240722212010998900;08;2;12;000;2024;07;10;2;3;1;5;0;0;1;1;0;0;0;0;456903,043800000101328;5428952,856300000101328;8,410638536000022;49,011961977000055;1
207733;08240722212010061520;08;2;12;000;2024;07;08;2;3;2;4;0;0;0;1;1;0;0;0;454710,315499999560416;5427529,342700000852346;8,380813010000054;48,999000307000074;1
207734;08240727212010050480;08;2;12;000;2024;07;01;7;3;0;1;2;1;1;0;0;0;0;0;456780,247200000099838;5428593,545800000429153;8,408997612000064;49,008721346000073;1
207735;08240722212010038550;08;2;12;000;2024;07;07;2;3;5;2;0;1;1;1;0;0;0;0;455055,314000000245869;5434042,096000000834465;8,384807615000057;49,057608087000062;1
207739;08240722127202999820;08;1;27;071;2024;07;16;2;3;5;3;0;0;1;1;0;0;0;0;574963,387099999934435;5455645,638599999248981;10,030047020000040;49,248987562000082;1
207741;08240722121600054700;08;1;25;110;2024;07;17;2;3;6;4;0;0;0;1;1;0;0;0;526093,419999999925494;5442819,080000000074506;9,357734755000024;49,137646506000067;1
207742;08240722121500040830;08;1;25;005;2024;07;09;2;3;5;3;0;0;1;1;0;0;0;0;515250,713299999944866;5452991,104100000113249;9,209471018000045;49,229511463000051;1
207745;08240722119500062760;08;1;19;085;2024;07;23;2;3;1;5;2;0;1;1;0;0;0;0;529161,262000000104308;5414402,008999999612570;9,397751700000072;48,881886094000038;1
207747;08240722119100035940;08;1;19;083;2024;07;22;2;2;9;1;2;0;1;0;0;0;0;0;534918,114099999889731;5419817,285900000482798;9,476734157000067;48,930301389000078;1
207748;08240722118400038380;08;1;18;048;2024;07;11;2;3;5;3;0;1;1;1;0;0;0;0;512939,033499999903142;5416727,655300000682473;9,176560346000031;48,903357930000027;1
207749;08240722118300004300;08;1;18;003;2024;07;13;2;3;4;2;0;0;1;1;0;0;0;0;510781,737999999895692;5417149,169999999925494;9,147134086000051;48,907191074000082;1
207751;08240722116400040370;08;1;16;016;2024;07;19;2;3;6;7;0;0;0;0;1;0;0;1;533187,114299999549985;5385288,810499999672174;9,450315092000039;48,619789210000079;1
207753;08240722115400052350;08;1;15;045;2024;07;13;2;3;0;7;0;0;1;0;0;0;0;0;501050,245900000445545;5393989,844299999997020;9,014273071000048;48,698944482000059;1
207757;08240722111230018990;08;1;11;000;2024;07;20;2;3;6;4;0;0;0;1;1;0;0;0;508592,894700000062585;5396677,236400000751019;9,116835148000064;48,723062100000050;1
207758;08240722111000001920;08;1;11;000;2024;07;13;2;3;5;3;0;0;1;1;0;0;0;0;519184,109000000171363;5402229,358300000429153;9,261098385000025;48,772772539000073;1
207759;08240721436300995650;08;4;36;049;2024;07;16;1;3;0;1;0;0;1;0;0;0;0;0;580438,532800000160933;5281785,007799999788404;10,071815528000059;47,684445653000068;1
207761;08240721436200035740;08;4;36;064;2024;07;14;1;3;5;2;0;0;1;1;0;0;0;0;546211,131900000385940;5292649,463899999856949;9,616938178000055;47,785547767000025;1
207762;08240721436200019260;08;4;36;082;2024;07;16;1;3;0;1;0;0;1;0;0;0;0;0;547524,775899999774992;5294166,160599999129772;9,634640913000055;47,799097833000076;1
207763;08240721435100997400;08;4;35;016;2024;07;15;1;3;2;6;0;0;1;0;0;1;0;0;531111,223500000312924;5280046,452199999243021;9,414454179000074;47,673060186000043;1
207764;08240721425000040240;08;4;25;020;2024;07;13;1;2;8;7;0;0;1;0;0;0;0;0;552694,556200000457466;5364611,005400000140071;9,712379921000036;48,432439613000042;1
207766;08240721425000039150;08;4;25;033;2024;07;14;1;3;0;1;0;0;1;0;0;0;0;0;553692,354500000365078;5347594,939899999648333;9,723696820000043;48,279280380000046;1
207768;08240721335300995580;08;3;35;100;2024;07;15;1;3;5;7;0;0;1;1;0;0;0;0;488200,652599999681115;5285781,211999999359250;8,842655722000075;47,725300268000069;1
207769;08240721317100045360;08;3;17;089;2024;07;02;1;3;3;6;2;0;1;0;0;0;0;0;432282,478400000371039;5376987,522500000894070;8,082541911000021;48,542333340000027;1
207770;08240721311200068060;08;3;11;000;2024;07;18;1;2;0;7;0;0;1;0;0;0;0;0;413392,343000000342727;5319014,061899999156594;7,838544879000040;48,018545481000046;1
207771;08240721237200030240;08;2;37;019;2024;07;16;1;3;8;1;0;0;1;0;0;0;0;0;461440,198800000362098;5368640,103299999609590;8,478327526000044;48,469710058000032;1
207773;08240721226400000090;08;2;26;062;2024;07;10;1;3;5;7;0;0;1;1;0;0;0;0;469164,860600000247359;5468690,500900000333786;8,575267116000020;49,370139527000049;1
207774;08240721222000035570;08;2;26;096;2024;07;23;1;2;0;7;2;0;0;1;1;0;0;0;475224,480399999767542;5489005,738299999386072;8,657461091000073;49,553146190000064;1
207777;08240721126100033680;08;1;26;056;2024;07;21;1;3;8;1;2;0;1;0;0;0;0;0;555663,168800000101328;5462200,003499999642372;9,765790561000074;49,309999989000062;1
207778;08240721121600018610;08;1;25;057;2024;07;18;1;3;6;4;0;0;0;1;1;0;0;0;523681,259499999694526;5441688,760199999436736;9,324598787000070;49,127576704000035;1
207779;08240721121500015450;08;1;25;005;2024;07;16;1;3;9;1;0;0;1;0;0;0;0;0;514817,003999999724329;5454020,176699999719858;9,203552023000043;49,238778818000071;1
207780;08240721121200015940;08;1;21;000;2024;07;14;1;3;0;7;0;0;1;0;0;0;0;0;515300,775000000372529;5443039,046000000089407;9,209779845000071;49,139988797000058;1
207781;08240721119300013070;08;1;19;055;2024;07;01;1;3;0;7;2;0;1;0;0;0;0;0;543543,630199999548495;5404886,031099999323487;9,592902947000027;48,795442708000053;1
207782;08240721119100037090;08;1;19;053;2024;07;12;1;3;0;1;0;0;1;0;0;0;0;0;533431,551099999807775;5425523,347799999639392;9,456907470000033;48,981711795000081;1
207783;08240721118010037540;08;1;18;048;2024;07;10;1;3;5;2;0;0;1;0;0;0;0;0;513695,232400000095367;5416739,684900000691414;9,186879450000049;48,903449885000043;1
207787;08240721111130997290;08;1;11;000;2024;07;20;1;3;0;1;1;0;1;0;0;0;0;0;508899,593799999915063;5402817,410800000652671;9,121137949000058;48,778294728000049;1
207789;08240729226200056920;08;2;26;032;2024;07;08;2;3;5;2;0;0;1;1;0;0;0;0;467101,373599999584258;5462917,160599999129772;8,547321545000045;49,318101589000037;1
207791;08240730421200080420;08;4;21;000;2024;07;09;3;3;3;2;0;0;1;0;0;0;0;1;573016,700000000186265;5361499,996999999508262;9,986537694000049;48,402426947000038;1
207792;08240720435100994450;08;4;35;057;2024;07;13;7;3;0;1;0;0;1;0;0;0;0;0;545755,704499999992549;5281639,317500000819564;9,609700845000077;47,686520986000062;1
207793;08240720435100015150;08;4;35;016;2024;07;15;7;3;0;1;0;0;1;0;0;0;0;0;535952,941399999894202;5279962,510500000789762;9,478944980000051;47,672053827000070;1
207794;08240720435100010540;08;4;35;024;2024;07;10;7;3;0;1;0;0;1;0;0;0;0;0;528621,568400000222027;5280812,048499999567866;9,381338736000032;47,680063642000050;1
207795;08240720426300003150;08;4;26;045;2024;07;22;7;3;0;1;1;0;1;0;0;0;0;0;534534,009499999694526;5327708,331900000572205;9,463863274000062;48,101703789000055;1
207796;08240720421300035270;08;4;21;000;2024;07;05;7;2;8;1;2;0;1;0;0;0;0;0;570159,630499999970198;5358630,135099999606609;9,947461693000037;48,376936039000043;1
207797;08240724111240023400;08;1;11;000;2024;07;10;4;3;0;7;0;0;1;0;0;0;0;0;514115,181300000287592;5403011,392899999395013;9,192136899000047;48,779943296000056;1
207798;08240720421200031110;08;4;25;072;2024;07;12;7;3;6;4;0;0;0;1;1;0;0;0;583313,097299999557436;5373040,918299999088049;10,127924540000038;48,504957693000051;1
207799;08240720416200061180;08;4;16;041;2024;07;14;7;3;4;7;0;0;1;0;0;0;0;0;503754,292500000447035;5373740,295900000259280;9,050838460000023;48,516764511000076;1
207800;08240720416200044760;08;4;15;061;2024;07;00;7;2;0;1;2;0;1;0;0;0;0;0;511037,594600000418723;5371330,924300000071526;9,149400772000035;48,495003131000033;1
207801;08240720416100011000;08;4;16;036;2024;07;19;7;3;1;5;0;0;1;1;0;0;0;0;495272,349100000225008;5364624,208399999886751;8,936083990000043;48,434745660000033;1
207802;08240720416010993570;08;1;16;019;2024;07;21;7;3;6;7;2;0;0;1;1;0;0;0;521903,240000000223517;5400500,599500000476837;9,298013613000023;48,757131083000047;1