OID_;UIDENTSTLAE;ULAND;UREGBEZ;UKREIS;UGEMEINDE;UJAHR;UMONAT;USTUNDE;UWOCHENTAG;UKATEGORIE;UART;UTYP1;ULICHTVERH;IstStrassenzustand;IstRad;IstPKW;IstFuss;IstKrad;IstGkfz;IstSonstige;LINREFX;LINREFY;XGCSWGS84;YGCSWGS84;PLST
207804;08240723226200006170;08;2;26;032;2024;07;14;3;3;6;7;0;0;1;0;1;0;0;0;466407,237800000235438;5462059,724600000306964;8,537842863000037;49,310351293000053;1
207805;08240720415100062060;08;4;15;050;2024;07;16;7;3;5;3;0;0;1;1;0;0;0;0;521865,890999999828637;5375607,642000000923872;9,296191202000045;48,533194050000077;1
207807;08240720336200054980;08;3;36;069;2024;07;09;7;3;6;4;0;0;0;1;1;0;0;0;408424,929899999871850;5273349,000800000503659;7,781592841000077;47,607075925000061;1
207808;08240720325000992450;08;3;25;069;2024;07;11;7;2;0;1;0;0;1;0;0;0;0;0;468916,332999999634922;5335378,656799999997020;8,581920749000062;48,170889376000048;1
207809;08240720317600016690;08;3;17;129;2024;07;14;7;3;4;2;0;0;1;1;0;0;0;0;430086,174999999813735;5350070,725800000131130;8,057278068000073;48,299967728000070;1
207810;08240720317000023190;08;3;17;057;2024;07;10;7;3;8;1;0;0;1;0;0;0;0;0;412595,690200000070035;5379769,647800000384450;7,815287711000053;48,564922743000068;1
207811;08240720316100996100;08;3;16;011;2024;07;19;7;3;2;6;0;0;1;1;0;0;0;0;413950,083899999968708;5330451,358999999240041;7,843720251000036;48,121502152000062;1
207812;08240720311200996290;08;3;11;000;2024;07;13;7;3;2;6;0;0;1;1;0;0;0;0;410544,194899999536574;5318848,925699999555945;7,800392684000030;48,016667588000075;1
207814;08240723116500005200;08;1;16;049;2024;07;09;3;3;5;3;0;0;1;0;0;0;0;1;524890,659799999557436;5383223,318900000303984;9,337619195000059;48,601593037000043;1
207815;08240720311010026780;08;3;36;050;2024;07;12;7;3;3;6;0;0;1;1;0;0;0;0;399273,040400000289083;5273558,818700000643730;7,659811434000062;47,607605555000077;1
207816;08240720226500049600;08;2;26;085;2024;07;18;7;2;0;1;0;0;1;0;0;0;0;0;489008,242999999783933;5457418,841000000014901;8,848904686000026;49,269431079000071;1
207818;08240720226400046800;08;2;26;084;2024;07;20;7;3;0;7;0;0;1;0;0;0;0;0;469533,260400000028312;5470809,337999999523163;8,580179107000049;49,389216533000081;1
207819;08240720225200027310;08;2;25;109;2024;07;22;7;3;3;6;2;0;1;0;0;0;0;0;524767,508600000292063;5492200,878100000321865;9,342629228000021;49,581885419000059;1
207821;08240720222400010780;08;2;22;000;2024;07;22;7;3;0;7;2;0;1;0;0;0;0;0;468352,564000000245869;5479458,842000000178814;8,563219865000065;49,466955879000068;1
207822;08240720221300011160;08;2;21;000;2024;07;11;7;3;5;3;0;0;1;0;0;0;0;0;475801,381099999882281;5473332,098699999973178;8,666396173000066;49,412189713000032;1
207823;08240724317000028040;08;3;17;096;2024;07;22;4;2;6;4;2;0;0;0;1;1;0;0;421070,809200000017881;5369079,805199999362230;7,932163781000042;48,469894262000025;1
207826;08240720212402026790;08;2;12;000;2024;07;05;7;3;5;3;1;0;1;1;0;0;0;0;455112,561999999918044;5427554,378299999982119;8,386309305000054;48,999254885000028;1
207827;08240720212010017700;08;2;12;000;2024;07;13;7;3;5;2;0;0;1;1;0;0;0;0;456886,588100000284612;5427639,190600000321865;8,410553006000043;49,000144233000071;1
207829;08240720136000029360;08;1;36;065;2024;07;00;7;3;0;1;2;0;1;0;0;0;0;0;559356,226400000043213;5405320,724099999293685;9,808255350000024;48,798044278000077;1
207830;08240720128100996070;08;1;28;007;2024;07;15;7;3;0;7;0;0;1;0;0;0;0;0;557310,498800000175834;5482428,678099999204278;9,791370060000077;49,491786994000051;1
207831;08240720128100994040;08;1;28;007;2024;07;23;7;2;8;7;2;0;1;0;0;0;0;0;556625,310899999924004;5482983,495300000533462;9,781989100000033;49,496841356000061;1
207834;08240720118400014890;08;1;18;048;2024;07;15;7;3;0;7;0;0;1;0;0;0;0;0;513968,909300000406802;5415199,176300000399351;9,190561228000035;48,889585776000047;1
207835;08240720118100008260;08;1;18;077;2024;07;10;7;3;5;3;0;0;1;1;0;0;0;0;513534,347299999557436;5423182,474700000137091;9,184897990000024;48,961410669000031;1
207836;08240720118010033580;08;1;18;003;2024;07;12;7;2;1;5;0;0;1;1;0;0;0;0;510827,671000000089407;5417644,944800000637770;9,147774064000032;48,911650129000066;1
207837;08240720117300084250;08;1;17;026;2024;07;10;7;3;5;3;0;0;1;1;0;0;0;0;548813,882100000046194;5393982,146199999377131;9,663367204000053;48,696966347000057;1
207840;08240720116100993230;08;1;16;019;2024;07;10;7;3;5;3;0;0;1;1;0;0;0;0;521850,171400000341237;5398685,671299999579787;9,297195278000061;48,740806055000064;1
207841;08240720111330995920;08;1;11;000;2024;07;14;7;3;2;6;0;0;1;1;0;0;0;0;511735,672299999743700;5406073,075899999588728;9,159834458000034;48,807535348000044;1
207843;08240720111330013460;08;1;11;000;2024;07;19;7;3;0;7;0;1;1;0;0;0;0;0;511586,152400000020862;5410270,923399999737740;9,157916685000032;48,845301379000034;1
207844;08240719437100989810;08;4;37;053;2024;07;13;6;3;0;7;0;0;1;0;0;0;0;0;528158,792399999685585;5319038,111400000751019;9,377662032000046;48,024012489000029;1
207845;08240719436000020540;08;4;36;008;2024;07;07;6;3;0;1;0;0;1;0;0;0;0;0;545142,572200000286102;5308629,512599999085069;9,604341768000040;47,929394643000080;1
207846;08240719435100000020;08;4;35;016;2024;07;11;6;3;3;6;0;0;1;1;0;0;0;0;533884,568300000391901;5281736,672599999234080;9,451529895000021;47,688128397000071;1
207850;08240719416200009340;08;4;16;041;2024;07;22;6;3;4;6;2;0;1;0;0;1;0;0;498398,769999999552965;5374837,400000000372529;8,978312852000045;48,526643645000036;1
207851;08240719416010001110;08;4;16;041;2024;07;15;6;3;0;7;0;0;1;0;0;0;0;1;504125,303100000135601;5373697,362500000745058;9,055862044000037;48,516375938000067;1
207852;08240719415112060190;08;4;15;061;2024;07;13;6;3;5;3;0;0;1;1;0;0;0;0;515058,572599999606609;5374911,282700000330806;9,203956148000032;48,527129698000067;1
207855;08240719335100054390;08;3;35;043;2024;07;18;6;3;0;6;0;0;1;0;0;0;0;1;511058,345200000330806;5281031,998400000855327;9,147342585000047;47,682581753000079;1
207856;08240719335100045770;08;3;35;043;2024;07;19;6;3;4;6;0;0;0;1;1;0;0;0;512776,196299999952316;5279989,086500000208616;9,170200801000021;47,673166317000039;1
207857;08240719335000029840;08;3;35;043;2024;07;10;6;2;6;7;0;0;0;1;1;0;0;0;511189,551699999719858;5280277,890399999916553;9,149071459000027;47,675794286000041;1
207858;08240719327100033010;08;3;27;025;2024;07;16;6;3;5;3;0;0;1;0;0;0;0;1;477328,837000000290573;5308025,897900000214577;8,696517263000032;47,925152861000072;1
207862;08240719311010990580;08;3;11;000;2024;07;19;6;3;0;7;0;0;1;0;0;0;0;0;414525,518000000156462;5316692,096999999135733;7,854200985000034;47,997811160000026;1
207864;08240719311010026210;08;3;11;000;2024;07;06;6;3;4;3;0;0;1;1;0;0;0;0;410737,212000000290573;5322696,489000000059605;7,802178501000071;48,051304057000038;1
207865;08240719311010009370;08;3;15;064;2024;07;21;6;3;5;2;1;0;1;1;0;0;0;0;421928,192999999970198;5312771,157899999991059;7,954129820000048;47,963486388000035;1
207866;08240719231302991920;08;2;31;000;2024;07;16;6;3;5;3;0;0;1;1;0;0;0;0;481464,571200000122190;5417531,652799999341369;8,747037869000053;48,910448235000047;1
207868;08240801415400076840;08;4;15;061;2024;08;15;5;3;3;7;0;1;1;0;0;0;1;0;511454,152499999850988;5371694,651900000870228;9,155049101000031;48,498267905000034;1
207872;08240719226700990440;08;2;26;103;2024;07;20;6;3;0;7;0;0;1;0;0;0;0;0;472938,900600000284612;5456939,805400000885129;8,628047502000072;49,264622151000026;1
207873;08240719226700032530;08;2;26;103;2024;07;18;6;3;1;7;0;0;1;1;0;0;0;0;470943,294999999925494;5457528,173000000417233;8,600576030000070;49,269822950000048;1
207874;08240719226600992000;08;2;26;031;2024;07;12;6;3;5;3;0;0;1;1;0;0;0;0;474954,947599999606609;5492889,580399999395013;8,653487485000028;49,588068547000034;1
207884;08240719212000019600;08;2;12;000;2024;07;11;6;3;0;1;0;0;1;0;0;0;0;0;454471,988599999807775;5429506,744100000709295;8,377333122000039;49,016769645000068;1
207886;08240719136200045390;08;1;36;019;2024;07;15;6;3;0;7;0;0;1;0;0;0;0;0;583106,022099999710917;5423040,841299999505281;10,135201281000036;48,954698838000070;1
207888;08240730128100036690;08;1;28;126;2024;07;16;3;3;0;1;0;0;1;0;0;0;0;0;562956,975599999539554;5480475,987099999561906;9,869019336000065;49,473665223000069;1
207889;08240719126100029250;08;1;26;086;2024;07;22;6;3;0;1;1;0;1;0;0;0;0;0;543185,367300000041723;5460743,064999999478459;9,593979748000038;49,297905311000079;1
207892;08240719119500014030;08;1;19;085;2024;07;12;6;3;2;2;0;0;1;1;0;0;0;0;529352,723000000230968;5413901,405999999493361;9,400327170000025;48,877373840000075;1
207893;08240719119400033000;08;1;19;041;2024;07;12;6;3;8;1;0;0;1;0;0;0;0;0;528096,479100000113249;5411068,109600000083447;9,382999751000057;48,851944769000056;1
207896;08240719118010029720;08;1;18;048;2024;07;08;6;2;5;3;0;0;1;1;0;0;0;0;512779,493900000117719;5415735,459499999880791;9,174352303000035;48,894435713000064;1
207901;08240719117100026580;08;1;17;019;2024;07;20;6;3;8;1;0;0;1;0;0;0;0;0;552830,627399999648333;5394573,993300000205636;9,718025082000054;48,701963025000055;1
207904;08240719115100026100;08;1;15;003;2024;07;11;6;3;6;4;0;0;0;1;1;0;0;0;501533,822700000368059;5391635,724099999293685;9,020836246000044;48,677765568000041;1
207905;08240719111500029900;08;1;11;000;2024;07;08;6;3;6;4;0;0;0;0;1;0;0;1;514361,215800000354648;5404060,596899999305606;9,195522581000034;48,789376201000039;1
207906;08240719111322025890;08;1;11;000;2024;07;16;6;2;0;1;0;0;1;0;0;0;0;0;518016,394000000320375;5406910,052999999374151;9,245411065000042;48,814914308000027;1
207907;08240731222600060860;08;2;22;000;2024;07;16;4;3;5;3;0;0;1;1;0;0;0;0;459924,351900000125170;5484014,972200000658631;8,446441661000051;49,507437974000027;1
207910;08240718437200986780;08;4;37;078;2024;07;07;5;3;5;3;0;0;1;1;0;0;0;0;508947,379200000315905;5315740,020099999383092;9,119933471000024;47,994897126000069;1
207911;08240718436400010580;08;4;36;082;2024;07;14;5;3;0;5;0;0;1;1;0;0;0;0;547386,148000000044703;5294975,885099999606609;9,632878289000075;47,806393102000072;1
207913;08240718426300019800;08;4;26;008;2024;07;21;5;2;0;1;2;0;1;0;0;0;0;0;533731,091900000348687;5332349,442900000140071;9,453446124000038;48,143501556000047;1
207914;08240718426300008420;08;4;26;097;2024;07;14;5;3;5;3;0;0;1;0;0;0;0;1;535635,324400000274181;5333357,343200000002980;9,479128160000073;48,152465434000078;1
207915;08240718426000027560;08;4;26;014;2024;07;23;5;3;1;1;2;0;1;1;0;0;0;0;549473,412999999709427;5317421,808000000193715;9,663328806000038;48,008175983000058;1
207918;08240718415100003810;08;4;15;078;2024;07;17;5;3;0;1;0;0;1;0;0;0;0;0;529261,865000000223517;5371371,913000000640750;9,396076357000027;48,494787406000057;1
207919;08240718415100002180;08;4;15;014;2024;07;07;5;3;5;3;0;0;1;0;0;0;0;1;525192,128600000403821;5375571,137800000607967;9,341244800000027;48,532740918000059;1
207921;08240718335300059000;08;3;35;075;2024;07;15;5;2;5;3;0;0;1;1;0;0;0;0;489032,982300000265241;5289238,107999999076128;8,853667663000067;47,756418598000039;1
207922;08240718335100986280;08;3;35;043;2024;07;14;5;3;0;1;0;0;1;0;0;0;0;0;513320,579800000414252;5279169,028500000014901;9,177427876000024;47,665776724000068;1
207923;08240729421300053760;08;4;25;039;2024;07;09;2;3;5;2;0;0;1;1;0;0;0;0;564135,769399999640882;5351419,503299999982119;9,865024971000025;48,312713100000053;1
207924;08240718327200987420;08;3;27;009;2024;07;20;5;3;9;1;0;0;1;0;0;0;0;0;484865,788999999873340;5335917,920299999415874;8,796421599000041;48,176321097000027;1
207926;08240728216300055850;08;2;16;017;2024;07;16;1;2;0;1;0;0;1;0;0;0;0;0;451179,612999999895692;5401305,289999999105930;8,335677150000038;48,762840706000077;1
207928;08240718317000996030;08;3;17;057;2024;07;17;5;3;0;1;0;0;1;0;0;0;0;0;416632,367499999701977;5383163,787499999627471;7,869310290000044;48,596001323000053;1
207929;08240722335300054930;08;3;35;075;2024;07;14;2;3;4;2;0;0;1;1;0;0;0;0;489404,783999999985099;5288909,399000000208616;8,858636588000024;47,753467242000056;1
207931;08240718317000027980;08;3;17;146;2024;07;19;5;2;7;7;0;0;1;0;0;0;0;1;430038,067099999636412;5353181,299200000241399;8,056113480000022;48,327943484000059;1
207932;08240718317000012150;08;3;17;065;2024;07;07;5;3;6;4;0;0;0;0;1;0;0;1;414832,237999999895692;5354914,402000000700355;7,850653803000057;48,341666306000036;1
207933;08240718311010988350;08;3;11;000;2024;07;14;5;3;5;3;0;0;1;1;0;0;0;0;414247,882899999618530;5319467,194499999284744;7,849925053000050;48,022736973000065;1
207934;08240718311010004910;08;3;11;000;2024;07;21;5;3;5;3;1;0;1;1;0;0;0;0;414180,981999999843538;5320754,713999999687076;7,848770056000035;48,034309644000075;1
207935;08240718311010004890;08;3;11;000;2024;07;08;5;3;5;3;0;0;1;1;0;0;0;0;413206,545099999755621;5316559,777400000020862;7,836550454000076;47,996443198000065;1
207937;08240718226600059170;08;2;26;096;2024;07;11;5;3;5;3;0;0;1;1;0;0;0;0;474630,173200000077486;5488097,165300000458956;8,649303046000057;49,544949338000038;1
207938;08240718222500987410;08;2;22;000;2024;07;07;5;3;0;7;0;0;1;0;0;0;0;0;461390,148799999617040;5480353,378100000321865;8,467045218000067;49,474599019000038;1
207940;08240718216100006380;08;2;16;005;2024;07;12;5;3;0;7;0;0;1;0;0;0;0;0;445184,225499999709427;5417840,495100000873208;8,251890177000064;48,911077533000025;1
207942;08240718212702059030;08;2;15;110;2024;07;15;5;3;5;3;0;0;1;1;0;0;0;0;461414,108500000089407;5419798,319199999794364;8,473193883000022;48,929912938000029;1
207944;08240725212302044860;08;2;12;000;2024;07;09;5;3;0;3;0;0;1;0;0;0;0;0;454367,539800000376999;5428550,725500000640750;8,376012195000044;49,008162480000067;1
207946;08240718136200986510;08;1;36;019;2024;07;12;5;3;0;7;0;0;1;0;0;0;0;0;582070,809200000017881;5424499,146600000560284;10,121357499000055;48,967953045000058;1
207947;08240718136100043040;08;1;36;021;2024;07;19;5;3;5;3;0;0;1;1;0;0;0;0;576007,928000000305474;5406990,382999999448657;10,035276694000061;48,811249146000080;1
207949;08240718136000015060;08;1;36;088;2024;07;07;5;3;5;3;0;0;1;1;0;0;0;0;580405,313500000163913;5413172,675899999216199;10,096373783000047;48,866300637000052;1
207950;08240718128300024980;08;1;28;131;2024;07;11;5;3;0;7;0;0;1;0;0;0;0;0;538437,913499999791384;5512003,810599999502301;9,533681267000077;49,759282240000061;1
207952;08240718126200024550;08;1;26;066;2024;07;11;5;3;6;7;0;0;0;1;1;0;0;0;536542,078599999658763;5449947,393300000578165;9,501625900000022;49,201233066000043;1
207954;08240718121200033520;08;1;21;000;2024;07;17;5;3;6;7;0;0;0;1;1;0;0;0;515513,661600000225008;5441694,484899999573827;9,212646846000041;49,127888667000036;1
207955;08240718121100993520;08;1;25;049;2024;07;17;5;3;6;3;0;0;0;0;1;0;0;1;499194,218999999575317;5450242,248800000175834;8,988937948000057;49,204974137000079;1
207958;08240718121100021690;08;1;25;006;2024;07;10;5;3;5;3;0;0;1;1;0;0;0;0;507566,819099999964237;5453880,969699999317527;9,103948556000034;49,237659177000069;1
207960;08240718119400987970;08;1;19;041;2024;07;12;5;3;2;7;0;0;1;0;0;0;0;1;526107,901999999769032;5409791,600999999791384;9,355811483000025;48,840548559000069;1
207961;08240718118200988870;08;1;18;019;2024;07;13;5;3;0;7;0;0;1;0;0;0;0;0;505441,438000000081956;5406070,854499999433756;9,074109971000041;48,807602352000060;1
207963;08240718118010031550;08;1;15;045;2024;07;10;5;2;6;4;0;0;0;1;1;0;0;0;495605,217299999669194;5393688,789200000464916;8,940277164000065;48,696221567000066;1
207964;08240727335100050460;08;3;35;043;2024;07;22;7;3;0;3;2;1;1;0;0;1;0;0;511057,372299999929965;5281018,789000000804663;9,147329287000048;47,682462916000077;1
207965;08240718117400990920;08;1;17;053;2024;07;12;5;3;6;7;0;0;1;0;1;0;0;0;550682,291500000283122;5400660,199899999424815;9,689577372000031;48,756889079000075;1
207966;08240718116200066920;08;1;16;049;2024;07;17;5;3;4;1;0;0;1;0;0;0;0;1;522719,960400000214577;5387573,581700000911951;9,308414427000059;48,640810905000080;1
207967;08240718116200028150;08;1;16;080;2024;07;12;5;3;6;7;0;0;0;1;1;0;0;0;519752,558400000445545;5395277,779100000858307;9,268501671000024;48,710218882000049;1
207969;08240718115200024810;08;1;15;021;2024;07;11;5;3;0;7;0;0;1;0;0;0;0;0;490406,040500000119209;5381824,496200000867248;8,869897965000064;48,589430277000076;1
207970;08240718111500987780;08;1;11;000;2024;07;08;5;3;1;5;0;0;1;1;0;0;0;0;507476,558699999935925;5396798,286299999803305;9,101658866000037;48,724165460000052;1
207971;08240718111500015380;08;1;11;000;2024;07;15;5;3;5;2;0;0;1;1;0;0;0;0;511203,213600000366569;5408322,256699999794364;9,152644064000071;48,827778515000034;1
207972;08240718111500006130;08;1;11;000;2024;07;17;5;3;6;4;0;0;0;0;1;0;0;1;515390,221699999645352;5403117,219399999827147;9,209496690000037;48,780865062000032;1
207974;08240718111140005370;08;1;11;000;2024;07;08;5;3;7;7;0;0;1;0;0;0;0;0;513797,893299999646842;5401303,762700000777841;9,187760687000036;48,764588701000037;1
207975;08240718111000012130;08;1;11;000;2024;07;12;5;3;4;1;0;0;1;1;0;0;0;0;508128,612099999561906;5399212,849199999123812;9,110572453000032;48,745878742000059;1
207977;08240717435200005210;08;4;35;015;2024;07;18;4;3;1;7;0;0;1;1;0;0;0;0;520465,885999999940395;5295276,326799999922514;9,273358772000051;47,810515455000029;1
207980;08240717417000982890;08;4;17;031;2024;07;17;4;3;0;1;0;0;1;0;0;0;0;0;496960,533200000412762;5355754,070599999278784;8,958971788000042;48,354955311000026;1
207981;08240724436200009740;08;4;36;064;2024;07;21;4;3;0;1;2;0;1;0;0;0;0;0;545532,762000000104308;5290948,857999999076128;9,607703859000026;47,770295683000029;1
207984;08240717336300005080;08;3;36;057;2024;07;17;4;3;0;7;0;0;1;0;0;0;0;0;407789,003499999642372;5277571,885399999096990;7,772244461000071;47,644973598000036;1
207985;08240717335100029440;08;3;35;043;2024;07;11;4;3;6;4;0;0;0;1;1;0;0;0;511043,934000000357628;5280825,415999999269843;9,147145342000044;47,680723241000067;1
207986;08240717326100985230;08;3;26;027;2024;07;14;4;3;6;6;0;0;1;0;1;0;0;0;461981,033699999563396;5308615,480299999937415;8,491021789000058;47,929730633000077;1
207987;08240717326000982490;08;3;35;043;2024;07;10;4;3;9;1;0;0;1;0;0;0;0;0;510992,081199999898672;5281607,373099999502301;9,146474171000023;47,687759905000064;1
207988;08240717325202017810;08;3;25;049;2024;07;00;4;3;8;1;2;0;1;0;0;0;0;0;473563,742399999871850;5332359,700699999928474;8,644615265000027;48,143938879000075;1
207990;08240717317500019950;08;3;17;096;2024;07;16;4;2;0;7;0;0;1;0;0;0;0;0;421745,381400000303984;5369300,375499999150634;7,941247189000023;48,471962577000056;1
207992;08240717311010986610;08;3;11;000;2024;07;17;4;2;5;3;0;0;1;1;0;0;0;0;411035,491000000387430;5316728,965399999171495;7,807419265000021;47,997666672000037;1
207993;08240717311010985430;08;3;11;000;2024;07;16;4;3;0;6;0;0;1;0;0;0;0;0;415116,219999999739230;5315981,976999999955297;7,862258270000041;47,991502035000053;1
207994;08240717311010005040;08;3;15;064;2024;07;17;4;2;0;1;0;0;1;0;0;0;0;0;424073,110999999567866;5313831,524000000208616;7,982671612000047;47,973283278000054;1
207995;08240717235100984840;08;2;35;035;2024;07;17;4;3;4;6;0;0;1;1;0;0;0;0;469359,000000000000000;5405571,531999999657273;8,582726043000036;48,802379053000038;1
207996;08240717235100030880;08;2;35;029;2024;07;16;4;3;3;6;0;0;1;1;0;0;0;0;487578,454599999822676;5393884,297800000756979;8,831192042000055;48,697872194000070;1
207999;08240717226700000400;08;2;26;054;2024;07;19;4;3;5;3;0;0;1;0;0;0;0;0;479857,031200000084937;5455216,192399999126792;8,723221958000067;49,249385048000079;1
208001;08240717226400022810;08;2;26;062;2024;07;12;4;2;5;3;0;0;1;1;0;0;0;0;469332,728000000119209;5468452,748999999836087;8,577597631000060;49,368009469000071;1
208002;08240717226200057240;08;2;26;032;2024;07;09;4;3;6;4;0;0;0;1;1;0;0;0;468318,822200000286102;5462946,609400000423193;8,564070535000042;49,318430875000047;1
208006;08240717221011010900;08;2;26;018;2024;07;20;4;3;8;6;1;0;1;0;0;0;0;1;472538,702999999746680;5470939,273700000718236;8,621583064000049;49,390528238000059;1
208008;08240717212010984110;08;2;12;000;2024;07;23;4;3;6;6;2;0;0;0;1;0;0;1;456033,727699999697506;5428770,993599999696016;8,398770802000058;49,010264773000074;1
208009;08240717136200022130;08;1;36;089;2024;07;18;4;3;5;3;0;0;1;1;0;0;0;0;583026,999099999666214;5418088,709799999371171;10,133113552000054;48,910170184000037;1
208012;08240717135100004330;08;1;35;016;2024;07;17;4;3;5;3;0;0;1;1;0;0;0;0;591290,224200000055134;5386750,743799999356270;10,238905493000061;48,627157826000030;1
208016;08240717126200016530;08;1;26;066;2024;07;20;4;3;2;2;0;0;1;0;0;0;0;1;535027,223000000230968;5448985,231000000610948;9,480747845000053;49,192666864000046;1
208017;08240717121500057430;08;1;25;065;2024;07;20;4;3;5;3;0;0;1;1;0;0;0;0;518010,887000000104308;5451236,119999999180436;9,247303323000040;49,213650090000044;1
208021;08240717119400019520;08;1;19;079;2024;07;15;4;3;5;2;0;0;1;1;0;0;0;0;522597,862499999813735;5408158,414200000464916;9,307885657000043;48,825994530000060;1
208023;08240717118400021700;08;1;18;048;2024;07;18;4;3;6;4;0;0;1;0;1;0;0;0;513526,034699999727309;5415702,893999999389052;9,184536325000067;48,894126914000026;1
208024;08240717118100150150;08;1;18;015;2024;07;08;4;3;5;3;0;0;0;1;1;0;0;0;507198,258700000122190;5429630,726999999955297;9,098452632000033;49,019522946000052;1
208026;08240717116500001510;08;1;16;041;2024;07;13;4;3;1;5;0;0;1;1;0;0;0;0;519147,465200000442564;5384211,926400000229478;9,259764544000063;48,610688721000031;1
208027;08240717116010989990;08;1;16;035;2024;07;15;4;2;5;3;0;0;1;1;0;0;0;0;526758,904799999669194;5391632,754699999466538;9,363502890000063;48,677167254000040;1
208029;08240717111370983770;08;1;11;000;2024;07;13;4;3;0;7;0;0;1;0;0;0;0;0;506421,683500000275671;5406354,607999999076128;9,087464904000058;48,810145616000057;1
208030;08240717436300022160;08;4;36;049;2024;07;18;4;3;0;1;0;0;1;0;0;0;0;0;577805,531000000424683;5282284,567900000140071;10,036826791000067;47,689262126000074;1
208031;08240717111320995640;08;1;11;000;2024;07;07;4;3;1;5;0;0;1;1;0;0;0;0;517177,683299999684095;5406398,898099999874830;9,233965237000064;48,810339797000040;1
208032;08240717111250488230;08;1;11;000;2024;07;18;4;3;0;6;0;0;1;0;0;0;0;0;515277,088200000114739;5403405,854599999263883;9,207967418000067;48,783464384000069;1
208034;08240717111130001200;08;1;11;000;2024;07;07;4;3;5;3;0;0;1;1;0;0;0;0;511891,794900000095367;5402693,807900000363588;9,161862950000057;48,777132803000029;1
208035;08240729121500030360;08;1;25;005;2024;07;17;2;3;6;4;0;0;0;0;1;0;0;1;515546,468000000342727;5452882,061799999326468;9,213529001000040;49,228523169000027;1
208036;08240716436000978740;08;4;35;036;2024;07;12;3;3;0;1;0;1;1;0;0;0;0;0;520430,231300000101328;5282409,008899999782443;9,272277962000032;47,694743219000031;1
208037;08240716435100981580;08;4;35;016;2024;07;12;3;3;5;3;0;0;1;0;0;0;0;1;536118,495699999853969;5279039,910299999639392;9,481074036000052;47,663743604000047;1
208039;08240716426000979560;08;4;26;028;2024;07;20;3;3;0;1;0;0;1;0;0;0;0;0;569978,975499999709427;5341187,042799999937415;9,942130630000065;48,220046834000073;1
208040;08240716417200055450;08;4;17;002;2024;07;14;3;3;5;3;0;0;1;1;0;0;0;0;488809,856800000183284;5344944,250299999490380;8,849236916000052;48,257611028000042;1
208041;08240716416200017280;08;4;16;025;2024;07;20;3;3;5;3;1;0;1;1;0;0;0;0;504075,145600000396371;5360865,020500000566244;9,055057865000038;48,400930590000030;1
208044;08240716415100991700;08;4;15;050;2024;07;17;3;3;6;4;0;0;1;0;1;0;0;0;520820,614599999971688;5376246,510900000110269;9,282064195000032;48,538977021000051;1
208045;08240716415100979700;08;4;15;078;2024;07;08;3;3;4;2;0;0;1;1;0;0;0;0;527885,659799999557436;5372690,115700000897050;9,377537106000034;48,506708815000081;1
208050;08240716335200992590;08;3;35;025;2024;07;21;3;2;0;1;2;0;1;0;0;0;0;0;499730,539400000125170;5282281,129799999296665;8,996408900000063;47,693915579000077;1
208051;08240716335100980400;08;3;35;043;2024;07;23;3;3;0;1;2;0;1;0;0;0;0;0;511351,801699999719858;5281808,749800000339746;9,151272823000056;47,689565603000062;1
208052;08240718435200987280;08;4;35;059;2024;07;21;5;3;0;1;1;0;1;0;0;0;0;0;512500,341500000096858;5290119,618799999356270;9,166816664000066;47,764322107000055;1
208054;08240716326400994930;08;3;26;074;2024;07;07;3;3;0;1;0;0;1;0;0;0;0;0;460041,288900000043213;5322919,658099999651313;8,463722792000056;48,058304484000075;1
208057;08240716317500980050;08;3;17;034;2024;07;20;3;3;7;1;0;0;1;0;0;0;0;0;427751,542000000365078;5364859,891000000759959;8,023261711000032;48,432738464000067;1
208061;08240716311010981450;08;3;11;000;2024;07;16;3;3;5;3;0;0;1;1;0;0;0;0;412068,095800000242889;5316666,161599999293685;7,821271284000034;47,997244592000072;1
208062;08240716311010034010;08;3;11;000;2024;07;22;3;3;5;3;2;0;1;0;0;0;0;1;413855,043800000101328;5315930,949200000613928;7,845367834000058;47,990874364000035;1
208063;08240716226400996670;08;2;26;084;2024;07;08;3;3;0;7;0;0;1;0;0;0;0;0;469201,433199999853969;5469836,296399999409914;8,575682153000059;49,380447557000082;1
208064;08240716226200037010;08;2;26;059;2024;07;09;3;3;0;7;0;0;0;1;1;0;0;0;465307,231999999843538;5459992,063300000503659;8,522889505000023;49,291691517000061;1
208065;08240716226200014170;08;2;26;032;2024;07;11;3;3;0;7;0;0;1;1;0;0;0;0;467782,736700000241399;5463076,505799999460578;8,556683801000077;49,319571216000043;1
208070;08240716222500016510;08;2;26;009;2024;07;13;3;3;1;5;0;0;1;1;0;0;0;0;466184,341000000014901;5471813,885600000619888;8,533948228000042;49,398075371000061;1
208071;08240716222014027260;08;2;22;000;2024;07;18;3;2;6;4;0;0;0;0;1;0;0;1;461630,345499999821186;5483716,661299999803305;8,470034169000030;49,504865180000081;1
208073;08240716216100018800;08;2;16;043;2024;07;15;3;3;6;4;0;0;1;0;1;0;0;0;441409,997399999760091;5411896,335400000214577;8,201237685000024;48,857264669000074;1
208074;08240716215202979950;08;2;15;100;2024;07;08;3;3;0;7;0;0;1;0;1;0;0;0;474286,555599999614060;5450087,632899999618530;8,647009988000036;49,203044463000026;1