OID_;UIDENTSTLAE;ULAND;UREGBEZ;UKREIS;UGEMEINDE;UJAHR;UMONAT;USTUNDE;UWOCHENTAG;UKATEGORIE;UART;UTYP1;ULICHTVERH;IstStrassenzustand;IstRad;IstPKW;IstFuss;IstKrad;IstGkfz;IstSonstige;LINREFX;LINREFY;XGCSWGS84;YGCSWGS84;PLST
208076;08240716212402017040;08;2;12;000;2024;07;09;3;3;5;2;0;0;1;1;0;0;0;0;456504,396999999880791;5425518,452999999746680;8,405554974000040;48,981041076000054;1
208077;08240716212010055490;08;2;15;101;2024;07;17;3;3;5;3;0;0;1;1;0;0;0;0;465513,847599999979138;5428005,738399999216199;8,528469150000035;49,003983720000065;1
208078;08240731212010047030;08;2;12;000;2024;07;18;4;3;3;6;0;0;1;1;0;0;0;0;457064,403500000014901;5428569,577800000086427;8,412885588000051;49,008525587000065;1
208079;08240716212010025470;08;2;12;000;2024;07;05;3;3;5;3;1;0;1;1;0;0;0;0;453268,644700000062585;5426249,073499999940395;8,361251432000074;48,987376746000052;1
208080;08240716212010006250;08;2;12;000;2024;07;14;3;3;5;2;0;0;1;1;0;0;0;0;456990,104399999603629;5427105,670099999755621;8,412024694000024;48,995352359000037;1
208083;08240716128100021370;08;1;28;007;2024;07;17;3;3;2;6;0;0;1;1;0;0;0;0;555742,485600000247359;5482300,354599999263883;9,769702192000068;49,490778931000079;1
208085;08240716121200984080;08;1;21;000;2024;07;17;3;3;5;3;0;0;1;1;0;0;0;0;515081,021999999880791;5441033,337999999523163;9,206691946000035;49,121952181000040;1
208086;08240716118400996170;08;1;18;048;2024;07;07;3;3;0;1;0;0;1;0;0;0;0;0;514397,842899999581277;5415181,741699999198318;9,196412009000028;48,889419121000060;1
208090;08240716117300996300;08;1;17;026;2024;07;09;3;3;6;4;0;0;0;1;1;0;0;0;547204,925999999977648;5395310,504499999806285;9,641655271000047;48,709039433000044;1
208091;08240717311010981550;08;3;11;000;2024;07;06;4;3;5;3;0;0;1;1;0;0;0;0;408965,700000000186265;5315235,168999999761581;7,779996684000025;47,983938365000029;1
208093;08240716116200055580;08;1;16;080;2024;07;18;3;3;5;3;0;0;1;0;0;0;0;1;518687,268600000068545;5397172,321499999612570;9,254106892000038;48,727294962000030;1
208095;08240716115400992200;08;1;15;029;2024;07;19;3;3;0;7;0;0;1;0;0;0;0;0;497704,614699999801815;5399177,551899999380112;8,968776341000023;48,745610024000030;1
208096;08240716111500980960;08;1;11;000;2024;07;08;3;2;5;7;0;0;1;0;0;0;0;0;512053,661000000312924;5410599,228800000622869;9,164298358000053;48,848245852000048;1
208097;08240716111230984180;08;1;11;000;2024;07;16;3;3;4;6;0;0;1;1;0;0;0;0;514505,724899999797344;5397461,021900000050664;9,197257400000069;48,730003466000028;1
208098;08240716111130012320;08;1;11;000;2024;07;07;3;3;0;7;0;0;1;0;0;0;0;0;508783,757199999876320;5403062,980499999597669;9,119566475000056;48,780505505000065;1
208099;08240727111130049560;08;1;11;000;2024;07;11;7;3;0;7;0;0;1;0;0;0;0;0;512130,196999999694526;5401160,227399999275804;9,165062675000058;48,763332202000072;1
208101;08240715435200980730;08;4;35;059;2024;07;15;2;3;6;2;0;0;0;1;1;0;0;0;511010,427000000141561;5290681,678700000047684;9,146948118000068;47,769406430000060;1
208103;08240715435100008400;08;4;35;016;2024;07;18;2;3;0;1;0;0;1;0;0;0;0;0;534394,666699999943376;5277974,541600000113249;9,458030725000071;47,654251987000066;1
208107;08240715417200013100;08;4;17;002;2024;07;20;2;3;0;1;0;0;1;0;0;0;0;0;489059,331600000150502;5348123,819000000134110;8,852515745000062;48,286221106000028;1
208109;08240715416010982720;08;4;16;025;2024;07;16;2;2;6;7;0;0;1;0;1;0;0;0;504024,988800000399351;5361379,960999999195337;9,054385153000055;48,405563600000050;1
208112;08240715415400053170;08;4;15;061;2024;07;07;2;3;5;3;0;0;1;1;0;0;0;0;514773,722000000067055;5372865,253000000491738;9,200025625000023;48,508729734000042;1
208114;08240715337010977570;08;3;37;126;2024;07;18;2;3;0;7;0;0;1;0;0;0;0;0;437608,036700000055134;5277231,349500000476837;8,169269170000064;47,645471579000059;1
208115;08240715336100994570;08;3;36;050;2024;07;21;2;3;1;7;2;1;1;1;0;0;0;0;400604,129599999636412;5275211,630400000140071;7,677141901000027;47,622678762000078;1
208117;08240715335100013160;08;3;35;043;2024;07;11;2;3;4;2;0;0;1;1;0;0;0;0;513923,578300000168383;5279706,209899999201298;9,185476795000056;47,670597400000077;1
208118;08240715335100012070;08;3;35;043;2024;07;18;2;3;5;3;0;0;1;1;0;0;0;0;511341,546900000423193;5280134,279100000858307;9,151092659000028;47,674499470000057;1
208120;08240715326000007050;08;3;35;043;2024;07;13;2;2;0;1;0;0;1;0;0;0;0;0;512463,383500000461936;5281163,753000000491738;9,166067153000029;47,683741668000039;1
208121;08240715325202053450;08;3;25;049;2024;07;17;2;3;0;1;0;0;1;0;0;0;0;0;471602,020200000144541;5334547,701300000771880;8,618098216000021;48,163539200000059;1
208123;08240730127202032550;08;1;27;091;2024;07;19;3;3;8;7;0;0;1;0;0;0;0;0;576203,216699999757111;5453550,559200000017881;10,046681833000036;49,229991832000053;1
208124;08240715316100977430;08;3;16;037;2024;07;16;2;2;0;1;0;0;1;0;0;0;0;0;406730,006699999794364;5334307,519200000911951;7,745880349000061;48,155170669000029;1
208126;08240715311500007270;08;3;15;113;2024;07;12;2;3;6;6;0;0;1;0;1;0;0;0;439191,641499999910593;5308125,328199999406934;8,186024309000061;47,923563761000025;1
208127;08240723426010042760;08;4;26;070;2024;07;15;3;2;6;4;0;0;1;0;1;0;0;0;565918,614400000311434;5339654,956299999728799;9,887234642000067;48,206699457000070;1
208128;08240715311100014730;08;3;15;015;2024;07;10;2;3;6;4;0;0;0;1;1;0;0;0;394830,778599999845028;5320194,244200000539422;7,589405956000064;48,026374724000050;1
208130;08240715311010053270;08;3;11;000;2024;07;10;2;2;5;3;0;0;1;0;0;0;1;0;414539,715300000272691;5316684,854599999263883;7,854392705000066;47,997747909000054;1
208131;08240715311010051710;08;3;11;000;2024;07;12;2;3;4;6;0;0;1;1;0;0;0;0;413499,778300000354648;5315011,276699999347329;7,840792372000067;47,982553617000065;1
208132;08240715311010015080;08;3;11;000;2024;07;12;2;3;4;6;0;0;1;1;0;0;0;0;415750,184999999590218;5317637,517999999225140;7,870428841000034;48,006478193000078;1
208133;08240715311010007650;08;3;11;000;2024;07;22;2;3;0;3;2;1;1;0;0;0;0;1;412572,285500000230968;5316329,085300000384450;7,828097159000038;47,994281633000071;1
208134;08240715311010007250;08;3;11;000;2024;07;09;2;3;6;6;0;0;1;0;1;0;0;0;403315,744699999690056;5313713,449899999424815;7,704640298000072;47,969421560000058;1
208135;08240715231102012030;08;2;36;028;2024;07;15;2;2;0;1;0;0;1;0;0;0;0;0;494296,360299999825656;5422935,085300000384450;8,922083649000058;48,959307096000032;1
208139;08240715226400976410;08;2;26;037;2024;07;08;2;3;0;7;0;0;1;0;0;0;0;0;465885,264299999922514;5468354,678999999538064;8,530123237000055;49,366944107000052;1
208140;08240801111120069170;08;1;11;000;2024;08;09;5;3;6;4;0;0;0;1;1;0;0;0;516375,915199999697506;5403274,480699999257922;9,222920431000034;48,782254599000055;1
208142;08240715222200049190;08;2;22;000;2024;07;13;2;3;7;7;0;0;0;0;1;0;1;0;461675,332999999634922;5481817,810000000521541;8,470839688000069;49,487788892000026;1
208143;08240715221200053370;08;2;21;000;2024;07;16;2;3;5;3;0;0;1;0;0;0;1;0;474667,253999999724329;5472862,028999999165535;8,650791311000035;49,407915362000040;1
208144;08240715221011999700;08;2;26;018;2024;07;11;2;3;5;3;0;0;1;0;0;0;0;0;473234,322399999946356;5472819,632799999788404;8,631041807000031;49,407472677000044;1
208145;08240715216200045880;08;2;16;007;2024;07;16;2;3;5;3;0;0;1;1;0;0;0;0;436028,846900000236928;5393452,611700000241399;8,130753482000046;48,690833110000028;1
208146;08240715216100030210;08;2;16;043;2024;07;07;2;3;0;1;0;0;1;0;0;0;0;0;441585,481499999761581;5412285,167899999767542;8,203574343000071;48,860778753000034;1
208147;08240715215202053380;08;2;15;100;2024;07;13;2;2;0;6;0;0;1;1;0;0;0;0;475628,799100000411272;5451940,057600000873208;8,665323288000025;49,219762109000044;1
208148;08240715215102016830;08;2;15;105;2024;07;15;2;3;5;3;0;0;1;1;0;0;0;0;457656,933400000445545;5442285,246099999174476;8,419552107000072;49,131939588000080;1
208149;08240715212702976830;08;2;15;110;2024;07;20;2;3;5;3;0;0;1;1;0;0;0;0;460911,542200000025332;5417563,172599999234080;8,466546910000034;48,909775466000042;1
208150;08240715212702017350;08;2;15;108;2024;07;15;2;3;0;6;0;0;1;1;0;0;0;0;449564,256099999882281;5425150,631300000473857;8,310757879000050;48,977204845000074;1
208151;08240715212102017090;08;2;12;000;2024;07;20;2;3;2;6;0;0;1;1;0;0;0;0;461672,300800000317395;5427608,644400000572205;8,475983155000051;49,000185164000072;1
208155;08240715136100993050;08;1;36;050;2024;07;16;2;2;1;5;0;0;1;0;0;0;0;1;581173,052400000393391;5404091,793999999761581;10,105042889000060;48,784525249000069;1
208156;08240715136100975640;08;1;36;088;2024;07;17;2;2;0;1;0;0;1;0;0;0;0;0;580562,606999999843538;5410026,824799999594688;10,097899254000026;48,837985830000036;1
208157;08240724435200014630;08;4;35;059;2024;07;18;4;3;0;1;0;0;1;0;0;0;0;0;512713,724799999967217;5289925,436300000175834;9,169658564000031;47,762570772000061;1
208158;08240715128300976190;08;1;28;131;2024;07;19;2;3;0;7;0;0;1;0;0;0;0;0;536637,980800000019372;5514226,442299999296665;9,508900888000028;49,779385130000037;1
208159;08240715127000985820;08;1;27;075;2024;07;13;2;2;8;1;0;0;1;0;0;0;0;0;571445,172399999573827;5467568,285399999469519;9,983844732000023;49,356638540000063;1
208161;08240715121500164020;08;1;25;065;2024;07;18;2;3;4;6;0;0;1;0;0;0;0;0;516261,042299999855459;5447182,059000000357628;9,223112735000029;49,177231772000027;1
208162;08240715121300011650;08;1;21;000;2024;07;15;2;3;6;7;0;0;1;0;1;0;0;0;514483,882000000216067;5446172,462999999523163;9,198692682000058;49,168194694000078;1
208163;08240715119100979540;08;1;19;008;2024;07;18;2;3;2;6;0;0;1;0;0;0;0;0;532293,100700000301003;5420762,123700000345707;9,440971073000071;48,938943193000057;1
208164;08240715118400014720;08;1;18;048;2024;07;12;2;3;0;7;0;0;1;0;0;0;0;0;513428,396499999798834;5414999,222999999299645;9,183181124000043;48,887798996000072;1
208166;08240715117010013910;08;1;17;028;2024;07;21;2;3;8;1;2;0;1;0;0;0;0;0;546587,833700000308454;5382427,263499999418855;9,631818030000034;48,593193166000049;1
208168;08240717337100997420;08;3;37;066;2024;07;22;4;3;0;1;2;0;1;0;0;0;0;0;427637,184799999929965;5267475,437300000339746;8,038138437000043;47,556664066000053;1
208170;08240715115100011860;08;1;15;051;2024;07;15;2;3;0;7;0;0;1;1;0;0;0;0;502745,107499999925494;5384958,933299999684095;9,037246705000030;48,617695891000039;1
208172;08240715111500026590;08;1;11;000;2024;07;22;2;3;0;7;2;1;1;0;0;0;0;0;513813,524899999611080;5401627,787200000137091;9,187984278000044;48,767503258000033;1
208174;08240715111330975370;08;1;11;000;2024;07;12;2;3;0;7;0;0;1;0;0;0;0;0;512211,315999999642372;5408814,432000000029802;9,166394086000025;48,832187043000033;1
208175;08240715111230993720;08;1;11;000;2024;07;20;2;3;0;7;0;0;1;0;0;0;0;0;507894,192599999718368;5398288,087500000372529;9,107365961000028;48,737562596000032;1
208177;08240714435200974360;08;4;35;066;2024;07;12;1;3;0;1;0;0;1;0;0;0;0;0;517735,798600000329316;5287121,683100000023842;9,236560879000024;47,737225364000039;1
208178;08240714426300989020;08;4;26;121;2024;07;18;1;2;0;1;0;0;1;0;0;0;0;0;538940,698400000110269;5334808,565099999308586;9,523700977000033;48,165327603000037;1
208181;08240714335400999290;08;3;35;098;2024;07;10;1;3;0;1;0;0;1;0;0;0;0;0;503074,669999999925494;5293788,823000000789762;9,041057444000046;47,797449773000039;1
208182;08240714335200974200;08;3;35;063;2024;07;17;1;3;8;1;0;0;1;0;0;0;0;0;498225,761599999852479;5287359,634700000286102;8,976334055000052;47,739607721000027;1
208183;08240714335200027640;08;3;35;063;2024;07;14;1;2;0;7;0;0;1;0;0;0;0;0;498521,674700000323355;5287821,178799999877810;8,980279568000071;47,743761253000059;1
208186;08240714231000026180;08;2;36;073;2024;07;12;1;3;4;6;0;0;1;0;0;0;0;0;479113,595800000242889;5423037,189400000497699;8,714671227000053;48,959899041000028;1
208187;08240714226200993270;08;2;26;032;2024;07;17;1;3;0;7;0;0;1;0;0;0;0;0;467849,701999999582767;5463692,585000000894070;8,557555582000020;49,325116282000067;1
208188;08240714225100013950;08;2;25;058;2024;07;15;1;3;5;3;0;0;1;0;0;0;0;0;512924,664499999955297;5465835,542899999767542;9,177937833000044;49,345102287000032;1
208189;08240714222700973660;08;2;22;000;2024;07;10;1;3;0;7;0;0;0;1;1;0;0;0;461821,530000000260770;5480749,727299999445677;8,472961309000027;49,478191259000027;1
208190;08240714221200003390;08;2;21;000;2024;07;11;1;3;1;5;0;0;1;1;0;0;0;0;477333,209699999541044;5472778,392799999564886;8,687545337000074;49,407268212000076;1
208191;08240714221011000220;08;2;22;000;2024;07;17;1;3;6;4;0;0;0;1;1;0;0;0;461644,153400000184774;5482176,974099999293685;8,470374350000043;49,491017411000030;1
208192;08240714215102989070;08;2;15;102;2024;07;17;1;3;1;5;0;0;1;1;0;0;0;0;455552,609500000253320;5436361,572000000625849;8,391359287000057;49,078507858000080;1
208193;08240714215102987860;08;2;15;102;2024;07;19;1;3;1;5;0;0;1;1;0;0;0;0;455722,085599999874830;5435576,354199999943376;8,393765831000053;49,071457041000031;1
208195;08240714136000012800;08;1;36;065;2024;07;15;1;3;1;5;0;0;1;1;0;0;0;0;557113,910099999979138;5404638,715199999511242;9,777629837000063;48,792119583000044;1
208196;08240714135100008100;08;1;35;020;2024;07;17;1;3;0;1;0;0;1;0;0;0;0;0;586566,887000000104308;5386262,812999999150634;10,174717346000023;48,623440840000058;1
208197;08240714135010972980;08;1;35;020;2024;07;09;1;2;0;1;0;0;1;0;0;0;0;0;586761,896499999798834;5387206,405899999663234;10,177560525000047;48,631900778000045;1
208198;08240714127202974510;08;1;27;075;2024;07;14;1;3;5;3;0;0;1;1;0;0;0;0;571806,017799999564886;5466212,402699999511242;9,988568618000045;49,344401706000042;1
208199;08240714127010987590;08;1;27;032;2024;07;04;1;2;8;1;1;0;1;0;0;0;0;0;569158,583899999968708;5456761,508700000122190;9,950489849000064;49,259707242000047;1
208200;08240714121400012640;08;1;25;058;2024;07;19;1;3;0;7;0;0;0;1;1;0;0;0;509094,069600000046194;5442904,567299999296665;9,124680640000065;49,138902358000053;1
208204;08240714118500972520;08;1;18;078;2024;07;15;1;3;0;6;0;0;1;1;0;0;0;0;513299,922100000083447;5419666,087200000882149;9,181580628000063;48,929783543000042;1
208206;08240714118010269000;08;1;18;051;2024;07;03;1;3;6;7;2;0;0;1;1;0;0;0;509257,371199999935925;5415074,983200000599027;9,126284704000057;48,888556862000030;1
208207;08240714117300014070;08;1;17;026;2024;07;12;1;3;5;3;0;0;1;1;0;0;0;0;550955,110299999825656;5390890,720599999651313;9,692082606000042;48,668986352000047;1
208208;08240714116500006810;08;1;16;050;2024;07;10;1;3;0;1;0;0;1;0;0;0;0;0;527222,981300000101328;5388095,167400000616908;9,369574209000064;48,645323195000060;1
208210;08240714116400051370;08;1;16;033;2024;07;10;1;2;2;2;0;0;1;1;0;0;0;0;533485,873900000005960;5388301,164799999445677;9,454612217000033;48,646872152000071;1
208213;08240714111500989750;08;1;11;000;2024;07;16;1;3;6;4;0;0;0;1;1;0;0;0;511938,865299999713898;5402599,968699999153614;9,162500913000031;48,776287730000035;1
208216;08240713417300003050;08;4;17;013;2024;07;18;7;3;0;7;0;0;1;0;0;0;0;0;504871,525399999693036;5349883,471799999475479;9,065690358000040;48,302128025000059;1
208217;08240719231302009690;08;2;31;000;2024;07;11;6;3;6;2;0;0;0;1;1;0;0;0;475719,875699999742210;5416562,941299999132752;8,668695999000022;48,901535475000060;1
208219;08240713416200971430;08;4;16;041;2024;07;15;7;3;1;5;0;0;1;1;0;0;0;0;503357,079699999652803;5374531,630000000819564;9,045466006000026;48,523885892000067;1
208220;08240713337200025480;08;3;37;032;2024;07;10;7;3;4;6;0;0;1;1;0;0;0;0;437697,530899999663234;5273427,451199999079108;8,171002002000023;47,611257178000074;1
208221;08240713336400996630;08;3;36;014;2024;07;14;7;3;5;3;0;0;1;1;0;0;0;0;392368,134300000034273;5279503,950099999085069;7,566507166000065;47,659971760000076;1
208223;08240713336400003120;08;3;36;104;2024;07;19;7;3;0;1;0;0;1;0;0;0;0;0;404582,046699999831617;5289878,838199999183416;7,726862857000071;47,755215222000061;1
208224;08240713335300049100;08;3;35;075;2024;07;19;7;3;6;4;0;0;1;0;1;0;0;0;489953,455099999904633;5288897,190899999812245;8,865957324000021;47,753366182000036;1
208225;08240713335100998970;08;3;35;043;2024;07;09;7;2;0;1;0;1;1;0;0;0;0;0;513463,494400000199676;5279580,366699999198318;9,179344143000037;47,669474849000039;1
208227;08240713335100985350;08;3;35;043;2024;07;20;7;3;0;1;0;0;1;0;0;0;0;0;512723,510400000028312;5279885,467100000008941;9,169495919000042;47,672235024000031;1
208228;08240713327100972790;08;3;27;036;2024;07;15;7;2;6;7;0;0;0;1;1;0;0;0;490538,174999999813735;5318575,426999999210238;8,873108194000054;48,020400310000070;1
208229;08240713327100042410;08;3;27;050;2024;07;10;7;3;0;1;0;0;1;0;0;0;0;0;482068,592100000008941;5311668,944800000637770;8,759812557000032;47,958080221000046;1
208232;08240713311010971630;08;3;15;028;2024;07;16;7;2;0;7;1;0;1;0;0;0;0;0;410488,579699999652803;5310834,947000000625849;7,801317244000074;47,944572109000035;1
208233;08240713231302977260;08;2;31;000;2024;07;10;7;3;1;1;0;0;1;1;0;0;0;0;478687,015899999998510;5416148,969799999147654;8,709203855000055;48,897920730000067;1
208234;08240720118200993130;08;1;18;080;2024;07;11;7;3;5;3;0;0;1;1;0;0;0;0;508790,577100000344217;5408219,775000000372529;9,119769720000022;48,826895441000033;1
208235;08240713231102009850;08;2;36;050;2024;07;14;7;2;4;6;0;0;1;1;0;0;0;0;487340,394500000402331;5422991,146700000390410;8,827058090000037;48,959708086000035;1
208236;08240731111500038160;08;1;11;000;2024;07;16;4;3;5;3;0;0;1;1;0;0;0;0;511715,162999999709427;5406413,637000000104308;9,159564853000063;48,810599382000078;1
208237;08240713226600977470;08;2;26;031;2024;07;09;7;3;5;3;0;0;1;1;0;0;0;0;473772,486299999989569;5493375,277100000530481;8,637095392000049;49,592387020000047;1
208238;08240713222800999210;08;2;22;000;2024;07;22;7;3;8;1;2;0;1;0;0;0;0;0;461744,640200000256300;5486843,471699999645352;8,471309638000037;49,532996251000043;1
208239;08240713222600999390;08;2;22;000;2024;07;15;7;3;5;7;0;0;1;1;0;0;0;0;461984,418200000189245;5483626,243799999356270;8,474933145000023;49,504074223000032;1
208241;08240713222200004020;08;2;22;000;2024;07;11;7;3;2;7;0;0;1;1;0;0;0;0;461257,289699999615550;5481960,191099999472499;8,465053946000069;49,489042986000072;1
208243;08240713221400009390;08;2;21;000;2024;07;14;7;3;5;3;0;0;1;1;0;0;0;0;476946,442800000309944;5469060,053099999204278;8,682429634000073;49,373807713000076;1
208244;08240713221200049060;08;2;21;000;2024;07;23;7;2;3;6;2;0;1;0;0;0;0;0;478198,931300000287592;5473000,485099999234080;8,699466670000049;49,409297531000050;1
208245;08240713216200971250;08;3;17;068;2024;07;16;7;3;0;1;0;0;1;0;0;0;0;0;436353,953700000420213;5388643,457399999722838;8,135910541000044;48,647607482000069;1
208246;08240713212010006050;08;2;12;000;2024;07;16;7;3;1;5;0;0;1;1;0;0;0;0;456559,071999999694526;5428767,291899999603629;8,405954760000043;49,010268683000049;1
208250;08240713127100999750;08;1;27;062;2024;07;11;7;2;0;1;0;0;1;0;0;0;0;0;549471,286999999545515;5429158,275000000372529;9,676551088000053;49,013331571000037;1
208251;08240713126100002460;08;1;26;039;2024;07;23;7;2;0;1;2;0;1;0;0;0;0;0;547465,106599999591708;5460719,762800000607967;9,652837493000050;49,297378176000052;1
208252;08240713121600987880;08;1;25;027;2024;07;18;7;2;1;7;0;0;1;1;0;0;0;0;519096,499400000087917;5446700,417999999597669;9,261993904000065;49,172817579000082;1
208253;08240713121500974540;08;1;25;065;2024;07;21;7;2;5;7;1;0;1;1;0;0;0;0;519121,922100000083447;5451116,805900000035763;9,262552842000048;49,212543169000071;1
208255;08240713119100002810;08;1;19;044;2024;07;19;7;3;0;7;0;0;1;0;0;0;0;0;542495,982499999925494;5425313,711400000378489;9,580762773000060;48,979268967000053;1
208257;08240713118010999670;08;1;15;045;2024;07;09;7;3;6;4;0;0;0;1;1;0;0;0;500776,309899999760091;5395086,990599999204278;9,010552284000028;48,708814899000060;1
208260;08240713115400969320;08;1;15;045;2024;07;10;7;2;0;7;0;0;1;0;0;0;0;0;500703,098100000061095;5393983,486600000411272;9,009555246000048;48,698887775000060;1
208261;08240730311400057490;08;3;15;074;2024;07;19;3;3;5;3;0;0;1;1;0;0;0;0;396307,190000000409782;5296653,319000000134110;7,614867307000054;47,814873305000049;1
208263;08240713115300973760;08;1;15;042;2024;07;14;7;3;0;7;0;0;1;0;0;0;0;0;495988,712600000202656;5406233,758700000122190;8,945366442000022;48,809078701000033;1
208267;08240903435200174150;08;4;35;059;2024;09;11;3;3;4;6;0;0;1;1;0;0;0;0;511870,598699999973178;5290387,502699999138713;9,158420119000027;47,766744305000032;1
208269;08240903416200173050;08;4;16;041;2024;09;14;3;3;0;1;0;0;1;0;0;0;0;0;503723,342000000178814;5372375,176999999210238;9,050407164000035;48,504483566000033;1
208270;08240903415400179290;08;4;15;061;2024;09;06;3;3;5;2;1;0;1;1;0;0;0;0;515927,504399999976158;5371750,707200000062585;9,215604370000051;48,498674707000077;1
208271;08240903337100224120;08;3;37;066;2024;09;20;3;3;0;7;2;0;1;0;0;0;0;0;428939,377000000327826;5268980,049000000581145;8,055201617000023;47,570344373000069;1
208272;08240903335010166250;08;3;35;022;2024;09;20;3;2;6;4;1;0;0;1;1;0;0;0;482732,250000000000000;5300347,380000000819564;8,769155434000027;47,856235402000038;1
208273;08240903325000179180;08;3;27;050;2024;09;17;3;2;4;6;0;0;1;0;0;0;0;0;485620,066300000064075;5314094,772199999541044;8,807302323000044;47,979995467000037;1
208274;08240903311300166660;08;3;15;064;2024;09;16;3;3;1;5;0;0;1;1;0;0;0;0;422329,509200000204146;5313416,997800000011921;7,959388330000024;47,969345029000067;1
208275;08240903311010184630;08;3;11;000;2024;09;18;3;3;5;3;0;0;1;1;0;0;0;0;410725,196800000034273;5319001,374199999496341;7,802787629000022;48,018064210000034;1
208276;08240903311010167200;08;3;36;091;2024;09;18;3;3;5;3;0;0;1;1;0;0;0;0;395784,558000000193715;5274128,751000000163913;7,613274855000043;47,612180614000067;1
208277;08240903235100182600;08;2;35;067;2024;09;20;3;3;7;7;0;0;1;0;0;0;0;0;485748,167100000195205;5399359,529600000008941;8,806129486000032;48,747088253000072;1
208278;08240903231302172800;08;2;31;000;2024;09;20;3;3;4;6;1;0;1;1;0;0;0;0;477892,693699999712408;5415237,186300000175834;8,698415551000039;48,889690800000039;1
208281;08240903221400167710;08;2;21;000;2024;09;15;3;3;5;7;0;0;1;1;0;0;0;0;476967,849999999627471;5469062,953999999910593;8,682724353000026;49,373834616000067;1
208284;08240903121500166380;08;1;25;103;2024;09;20;3;3;0;7;1;0;1;0;0;0;0;0;529815,833499999716878;5463474,993000000715256;9,410302733000037;49,323277584000039;1
208286;08240903118400167620;08;1;18;048;2024;09;15;3;3;0;7;0;1;1;0;0;0;0;0;513197,998800000175834;5415875,785599999129772;9,180066525000029;48,895689276000041;1
208287;08240903128300165600;08;1;28;131;2024;09;08;3;3;6;7;0;0;0;1;1;0;0;0;536715,758700000122190;5512455,204700000584126;9,509814046000031;49,763449775000026;1
208288;08240903118400166650;08;1;18;048;2024;09;16;3;3;0;1;0;0;1;0;0;0;0;0;514379,541000000201166;5415924,645999999716878;9,196188488000075;48,896102514000063;1
208290;08240903116000165810;08;4;16;025;2024;09;15;3;2;0;1;0;0;1;0;0;0;0;0;502683,296900000423193;5361207,873800000175834;9,036255282000070;48,404022549000047;1
208292;08240903111120224090;08;1;11;000;2024;09;15;3;3;6;4;0;0;0;1;1;0;0;0;512563,234400000423193;5404224,208599999547005;9,171048861000031;48,790886960000080;1
208294;08240902437200164730;08;4;37;065;2024;09;09;2;3;0;1;0;0;1;0;0;0;0;0;517673,000300000421703;5319815,614900000393391;9,237061657000027;48,031383964000042;1
208296;08240902436300186650;08;4;36;081;2024;09;17;2;3;0;7;0;0;1;0;0;0;0;0;561991,919700000435114;5282392,014599999412894;9,826137341000049;47,691939355000045;1
208297;08240902436000164890;08;4;35;024;2024;09;14;2;3;0;7;0;0;1;0;1;0;0;0;524910,292799999937415;5279703,783099999651313;9,331829344000028;47,670245648000048;1
208298;08240902415400169950;08;4;15;061;2024;09;19;2;3;8;1;1;0;1;0;0;0;0;0;516295,955400000326335;5370309,517100000753999;9,220535676000054;48,485699812000064;1
208299;08240902336400184880;08;3;36;008;2024;09;17;2;2;5;3;0;0;1;0;0;0;0;0;397086,432300000451505;5276814,634400000795722;7,629961634000040;47,636548759000050;1
208300;08240902335300164950;08;3;35;075;2024;09;19;2;3;0;1;1;0;1;0;0;0;0;0;488341,931599999777973;5288740,256100000813603;8,844460393000077;47,751927029000058;1
208302;08240902317000173070;08;3;17;065;2024;09;07;2;3;5;3;0;0;1;1;0;0;0;0;415074,174999999813735;5354957,427999999374151;7,853909407000060;48,342085891000067;1
208303;08240902311000166850;08;3;15;006;2024;09;14;2;3;6;3;0;0;0;0;1;0;0;1;402865,583899999968708;5308265,786000000312924;7,699840354000060;47,920351915000026;1
208306;08240902231000165560;08;2;31;000;2024;09;08;2;3;6;3;0;0;1;0;1;0;0;0;478103,565999999642372;5415428,645999999716878;8,701281937000033;48,891420595000056;1
208310;08240902212702171850;08;2;15;017;2024;09;07;2;3;5;3;0;0;1;1;0;0;0;0;453290,589599999599159;5419165,463500000536442;8,362364015000026;48,923660429000051;1
208312;08240902128200170150;08;1;28;139;2024;09;11;2;3;0;7;0;0;1;0;0;0;0;0;551063,934799999929965;5490635,978299999609590;9,706184488000076;49,566162194000071;1
208314;08240902121600186220;08;1;25;102;2024;09;18;2;3;6;2;0;0;0;1;1;0;0;0;520967,434700000099838;5444048,984099999070168;9,287523722000060;49,148906181000029;1
208315;08240902121200164900;08;1;21;000;2024;09;16;2;3;0;7;0;0;1;0;0;0;0;0;515443,913999999873340;5441981,373600000515580;9,211701805000075;49,130471089000025;1
208316;08240902119100184570;08;1;19;008;2024;09;15;2;2;0;7;0;0;1;0;0;0;0;0;531781,478600000031292;5421359,581000000238419;9,434031547000075;48,944344087000047;1
208317;08240902118200166150;08;1;18;019;2024;09;14;2;3;5;3;0;0;1;1;0;0;0;0;505990,796900000423193;5406120,748600000515580;9,081592716000046;48,808046142000080;1
208318;08240902118010221710;08;1;18;048;2024;09;18;2;1;0;7;1;0;1;0;0;0;0;0;512060,230100000277162;5414781,644500000402331;9,164511185000038;48,885869849000073;1
208320;08240902116100220300;08;1;16;056;2024;09;20;2;2;0;1;0;0;1;0;0;0;0;0;530435,937099999748170;5395613,282700000330806;9,413745107000068;48,712807093000038;1