OID_;UIDENTSTLAE;ULAND;UREGBEZ;UKREIS;UGEMEINDE;UJAHR;UMONAT;USTUNDE;UWOCHENTAG;UKATEGORIE;UART;UTYP1;ULICHTVERH;IstStrassenzustand;IstRad;IstPKW;IstFuss;IstKrad;IstGkfz;IstSonstige;LINREFX;LINREFY;XGCSWGS84;YGCSWGS84;PLST
208322;08240902111370166360;08;1;11;000;2024;09;14;2;3;1;5;0;0;1;1;0;0;0;0;509748,239299999549985;5406789,700799999758601;9,132783640000071;48,814016380000055;1
208323;08240901436200193300;08;4;36;064;2024;09;10;1;3;6;7;0;0;0;1;1;0;0;0;546166,145600000396371;5291940,677200000733137;9,616262253000059;47,779174033000061;1
208325;08240901436000168710;08;4;37;100;2024;09;11;1;2;6;4;0;0;0;0;1;1;0;0;534716,799899999983609;5314102,498999999836087;9,465215017000048;47,979284543000063;1
208329;08240901415100165420;08;4;15;014;2024;09;15;1;2;0;1;0;0;1;0;0;0;0;0;526440,835699999704957;5374449,431199999526143;9,358087913000077;48,522598464000055;1
208331;08240901326400164960;08;3;26;037;2024;09;18;1;3;0;1;0;0;1;0;0;0;0;0;454985,937500000000000;5327410,884600000455976;8,395406468000033;48,098373405000075;1
208333;08240901317000179660;08;3;17;057;2024;09;13;1;3;0;1;0;0;1;0;0;0;0;0;412416,779500000178814;5382627,777000000700355;7,812261081000031;48,590604767000059;1
208334;08240901311010170860;08;3;11;000;2024;09;19;1;3;4;6;0;0;1;0;0;0;0;1;410182,682400000281632;5315354,053899999707937;7,796277550000070;47,985179810000034;1
208335;08240901226200178320;08;2;26;032;2024;09;07;1;2;0;7;0;0;1;0;0;0;0;0;467213,134100000374019;5464602,411499999463558;8,548720779000064;49,333266143000060;1
208336;08240901212502191190;08;2;12;000;2024;09;19;1;3;6;7;0;0;1;0;1;0;0;0;454045,006599999964237;5431037,124700000509620;8,371320457000024;49,030503817000067;1
208337;08240901212102216490;08;2;12;000;2024;09;18;1;3;0;3;0;0;1;1;0;0;0;0;457526,239699999801815;5428559,801699999719858;8,419201558000054;49,008469609000031;1
208338;08240901136200178180;08;1;36;010;2024;09;11;1;3;0;7;0;0;1;0;0;0;0;0;598739,510800000280142;5413693,998500000685453;10,346431685000027;48,868341342000065;1
208339;08240901135100171060;08;1;35;020;2024;09;13;1;3;8;1;0;0;1;0;0;0;0;0;584144,230499999597669;5387478,323499999940395;10,142095397000048;48,634704234000026;1
208340;08240901127202164630;08;1;27;014;2024;09;12;1;3;0;7;0;0;1;0;0;0;0;0;578427,865199999883771;5441674,536800000816584;10,074917045000063;49,122900950000030;1
208341;08240901121200170410;08;1;21;000;2024;09;19;1;3;5;3;0;0;1;1;0;0;0;0;514270,581899999640882;5440850,064200000837445;9,195578100000034;49,120322915000031;1
208342;08240901119200171010;08;1;19;093;2024;09;17;1;3;5;3;0;0;1;1;0;0;0;0;523667,772099999710917;5405850,045199999585748;9,322329300000035;48,805189137000070;1
208344;08240901116100182820;08;1;16;019;2024;09;13;1;2;0;7;0;0;1;0;0;0;0;0;521571,167899999767542;5397876,414300000295043;9,293358099000045;48,733535776000053;1
208345;08240901116010173120;08;1;16;046;2024;09;12;1;3;8;7;0;0;0;1;1;1;0;0;527742,872399999760091;5378131,086899999529123;9,375966181000024;48,555662977000054;1
208348;08240901111130165230;08;1;11;000;2024;09;19;1;3;8;1;1;0;1;0;0;0;0;0;511931,251400000415742;5400953,552400000393391;9,162349525000025;48,761476809000044;1
208350;08240831435200156000;08;4;35;018;2024;08;11;7;3;0;1;0;0;1;0;0;0;0;0;524675,534900000318885;5279834,896099999547005;9,328709601000071;47,671434346000069;1
208351;08240831435200154310;08;4;35;059;2024;08;01;7;2;0;1;2;0;1;0;0;0;0;0;512189,302299999631941;5290246,335699999704957;9,162669428000072;47,765468203000069;1
208352;08240831435200152050;08;4;35;059;2024;08;19;7;3;0;7;0;0;1;0;0;0;0;0;512801,678600000217557;5290072,355399999767542;9,170836588000043;47,763890939000078;1
208353;08240831435100139150;08;4;35;016;2024;08;23;7;3;0;1;2;0;1;0;0;0;0;0;529990,423000000417233;5281961,538000000640750;9,399655182000060;47,690344072000073;1
208354;08240831426100139060;08;4;26;128;2024;08;10;7;3;8;1;0;0;1;0;0;0;0;0;559046,976999999955297;5331462,004599999636412;9,793617188000042;48,133671756000069;1
208355;08240831416200141470;08;4;16;041;2024;08;15;7;3;0;7;0;0;1;0;0;0;0;0;502226,863599999807775;5374152,728900000452995;9,030157106000047;48,520482187000027;1
208356;08240831416200138360;08;4;16;041;2024;08;16;7;3;2;6;0;0;1;1;0;0;0;0;504409,839700000360608;5373892,451500000432134;9,059717105000061;48,518129096000052;1
208357;08240831416100149150;08;4;16;036;2024;08;10;7;3;0;1;0;0;1;0;0;0;0;0;495308,294999999925494;5369515,955000000074506;8,936515118000045;48,478754349000042;1
208359;08240831336400150190;08;3;36;008;2024;08;03;7;3;0;1;2;0;1;0;0;0;0;0;396837,190600000321865;5276680,984300000593066;7,626676089000057;47,635306887000070;1
208360;08240831335100138520;08;3;35;043;2024;08;10;7;3;1;5;0;0;1;1;0;0;0;0;511179,051099999807775;5282131,226299999281764;9,148979039000039;47,692470143000037;1
208363;08240831311100162740;08;3;15;015;2024;08;00;7;3;6;7;2;0;1;0;1;0;0;0;394018,616100000217557;5320460,029799999669194;7,578450445000044;48,028631050000058;1
208365;08240831311010157710;08;3;11;000;2024;08;14;7;3;0;7;0;0;1;0;0;0;0;0;418311,671500000171363;5314750,211699999868870;7,905314673000021;47,980837809000036;1
208366;08240831226700162750;08;2;26;103;2024;08;02;7;3;0;7;2;0;1;0;0;0;0;0;473753,195399999618530;5456145,548699999228120;8,639291753000066;49,257513278000033;1
208372;08240831212010157080;08;2;12;000;2024;08;12;7;3;1;5;0;0;1;0;0;0;0;1;455944,702600000426173;5428543,117000000551343;8,397578204000069;49,008208649000039;1
208374;08240831116400147350;08;1;16;033;2024;08;21;7;2;0;7;2;0;1;0;0;0;0;0;533748,100100000388920;5388799,654200000688434;9,458212773000071;48,651342397000064;1
208376;08240831116010153350;08;1;16;011;2024;08;19;7;2;0;1;0;0;1;0;0;0;0;0;529400,925900000147521;5380104,861800000071526;9,398574757000063;48,573343656000077;1
208377;08240830436200146970;08;4;36;064;2024;08;11;6;3;4;2;0;0;1;1;0;0;0;0;545494,776300000026822;5292470,224400000646710;9,607356301000038;47,783986148000054;1
208378;08240830436200137220;08;4;36;095;2024;08;09;6;3;0;1;0;0;1;0;0;0;0;0;537259,394700000062585;5294764,582800000905991;9,497615575000054;47,805157957000063;1
208379;08240830436000155190;08;4;36;009;2024;08;18;6;2;4;1;0;0;1;0;0;0;1;0;550932,647199999541044;5305815,685900000855327;9,681517939000059;47,903645500000039;1
208381;08240830421200156170;08;4;21;000;2024;08;07;6;3;0;1;0;0;1;0;0;0;0;0;572037,550599999725819;5364844,272199999541044;9,973884743000042;48,432622133000052;1
208382;08240830416200154400;08;4;16;041;2024;08;09;6;3;3;6;0;0;1;1;0;0;0;0;504287,371000000275671;5373987,236999999731779;9,058059636000053;48,518982670000071;1
208383;08240830337010144560;08;3;37;096;2024;08;11;6;3;6;4;0;0;0;0;1;0;0;1;420855,930800000205636;5267237,909499999135733;7,948058360000061;47,553735911000047;1
208384;08240830336100162590;08;3;36;050;2024;08;10;6;3;2;6;0;0;1;1;0;0;0;0;399819,234199999831617;5274205,018100000917912;7,666928867000024;47,613503014000059;1
208385;08240830335400156440;08;3;35;079;2024;08;15;6;3;1;5;0;0;1;1;0;0;0;0;500568,445799999870360;5299641,508400000631809;9,007598393000023;47,850116195000055;1
208386;08240830317600156600;08;3;17;041;2024;08;17;6;2;6;4;0;0;0;1;1;0;0;0;438006,235000000335276;5348185,129000000655651;8,164336872000035;48,283831085000031;1
208387;08240830316200139390;08;3;16;056;2024;08;19;6;3;5;3;0;0;1;1;0;0;0;0;422539,577800000086427;5327186,312799999490380;7,959712088000060;48,093234521000056;1
208388;08240830311010159280;08;3;15;064;2024;08;13;6;2;6;7;0;0;1;0;1;0;0;0;421314,105999999679625;5311640,682600000873208;7,946111648000056;47,953241742000046;1
208389;08240830311010156820;08;3;36;091;2024;08;13;6;2;5;3;0;0;1;0;0;0;0;1;394506,110299999825656;5272390,967700000852346;7,596686846000068;47,596342192000066;1
208391;08240830225100154420;08;2;25;058;2024;08;12;6;3;0;7;0;0;1;1;0;0;0;0;507844,148299999535084;5466420,868100000545382;9,108004500000050;49,350453829000060;1
208392;08240830222700148000;08;2;22;000;2024;08;19;6;3;1;5;1;0;1;1;0;0;0;0;462334,565000000409782;5481464,802999999374151;8,479975137000054;49,484655052000051;1
208393;08240830222400156260;08;2;26;038;2024;08;09;6;3;5;2;0;0;1;1;0;0;0;0;471487,144899999722838;5480253,771099999547005;8,606423176000021;49,474261271000046;1
208394;08240830215402156950;08;2;15;009;2024;08;22;6;3;2;3;2;0;1;1;0;0;0;0;467807,639200000092387;5441030,701999999582767;8,558795299000053;49,121270453000079;1
208395;08240830212102134860;08;2;12;000;2024;08;06;6;3;0;7;2;0;1;0;0;0;0;0;460142,555800000205636;5424451,992499999701977;8,455378966000069;48,971693471000037;1
208396;08240830212010142710;08;2;12;000;2024;08;08;6;2;5;3;0;0;1;0;0;0;0;1;457880,898299999535084;5428456,732999999076128;8,424061698000060;49,007566799000074;1
208398;08240830135200161280;08;1;35;019;2024;08;01;6;3;2;6;2;0;1;1;0;0;0;0;585299,012000000104308;5394278,562200000509620;10,159168022000074;48,695711154000037;1
208399;08240830128200155540;08;1;28;115;2024;08;16;6;3;0;1;0;0;1;0;0;0;0;0;545979,370199999772012;5501037,852399999275804;9,637091066000039;49,660125388000040;1
208402;08240830118200149140;08;1;18;067;2024;08;13;6;3;5;3;0;0;1;1;0;0;0;0;505875,458700000308454;5414573,678999999538064;9,080143099000054;48,884088529000053;1
208404;08240830118010155590;08;1;18;079;2024;08;21;6;2;0;1;2;0;1;0;0;0;0;0;510612,577999999746680;5421397,423000000417233;9,144936190000067;48,945410020000054;1
208405;08240830117300150000;08;1;17;026;2024;08;18;6;3;8;1;0;0;1;0;0;0;0;0;549842,914200000464916;5394145,521800000220537;9,677370175000021;48,698354622000068;1
208407;08240830116200162580;08;1;16;077;2024;08;11;6;2;5;3;0;0;1;0;0;0;0;1;515739,345700000412762;5392220,016899999231100;9,213832940000032;48,682825373000071;1
208413;08240830111110137460;08;1;11;000;2024;08;14;6;3;0;1;0;0;1;0;0;0;0;0;514057,860100000165403;5402992,577700000256300;9,191356000000042;48,779775334000078;1
208414;08240829437100148240;08;4;37;100;2024;08;12;5;3;5;3;0;0;1;1;0;0;0;0;536667,745500000193715;5319145,481200000271201;9,491788334000034;48,024546657000030;1
208415;08240829435100148120;08;4;35;016;2024;08;15;5;3;5;3;0;0;1;1;0;0;0;0;535546,819699999876320;5278087,978299999609590;9,473382538000067;47,655210349000072;1
208416;08240829435100136800;08;4;35;016;2024;08;10;5;3;5;3;0;0;1;1;0;0;0;0;536602,188099999912083;5278583,762199999764562;9,487478045000046;47,659612268000046;1
208417;08240829426000156070;08;4;25;028;2024;08;14;5;2;5;3;0;0;1;1;0;0;0;0;579815,700600000098348;5340292,796199999749660;10,074371970000072;48,210841489000074;1
208418;08240829421300154410;08;4;21;000;2024;08;16;5;3;5;3;0;0;1;0;0;0;0;1;571404,663900000043213;5361054,298699999228120;9,964684707000060;48,398602439000058;1
208419;08240829415400135260;08;4;15;061;2024;08;18;5;3;3;6;0;0;1;0;0;0;0;1;515778,700299999676645;5371589,775399999693036;9,213584000000026;48,497230665000075;1
208421;08240829336300147770;08;3;36;081;2024;08;17;5;3;5;3;0;0;1;0;0;0;0;0;412679,211099999956787;5278706,845799999311566;7,837114903000042;47,655861815000037;1
208423;08240829311010132220;08;3;36;050;2024;08;07;5;3;5;3;0;0;1;1;0;0;0;0;400068,449000000022352;5274513,668999999761581;7,670173757000043;47,616317926000079;1
208424;08240829226700148020;08;2;26;076;2024;08;13;5;3;6;7;0;0;0;1;1;0;0;0;475034,886500000022352;5465237,222799999639392;8,656337461000021;49,339346421000073;1
208425;08240829216300153870;08;2;16;015;2024;08;10;5;3;0;1;0;0;1;0;0;0;0;0;449957,438699999824166;5405997,125299999490380;8,318476402000044;48,804948200000069;1
208426;08240829216200133850;08;2;16;007;2024;08;09;5;3;9;1;0;0;1;0;0;0;0;0;435929,781200000084937;5394009,068299999460578;8,129321220000065;48,695828306000067;1
208427;08240901215102212790;08;2;15;105;2024;09;02;1;3;1;5;2;0;1;1;0;0;0;0;455339,355000000447035;5444291,482999999076128;8,387561765000044;49,149821370000041;1
208428;08240829215402153090;08;2;15;009;2024;08;11;5;3;6;2;0;0;0;1;1;0;0;0;470148,834499999880791;5441331,855200000107288;8,590858815000047;49,124097543000062;1
208429;08240829212402161250;08;2;12;000;2024;08;11;5;3;5;3;0;0;1;0;0;0;0;0;457274,322800000198185;5427812,697300000116229;8,415835575000074;49,001731910000046;1
208430;08240829212010149570;08;2;12;000;2024;08;07;5;3;0;7;0;0;1;0;0;0;0;0;455153,175699999555945;5430931,779200000688434;8,386491307000028;49,029637821000051;1
208431;08240829128100145980;08;1;28;082;2024;08;19;5;3;6;4;0;0;0;1;1;0;0;0;566665,118499999865890;5472449,146600000560284;9,918847717000062;49,401077807000036;1
208432;08240829121500154940;08;1;25;065;2024;08;16;5;3;6;7;0;0;0;1;1;0;0;0;514798,327999999746680;5448828,187200000509620;9,203104016000054;49,192076169000075;1
208433;08240829121500145460;08;1;25;065;2024;08;18;5;2;5;3;0;0;1;1;0;0;0;0;517874,751400000415742;5448503,309299999848008;9,245312476000038;49,189071848000026;1
208434;08240829121500134340;08;1;25;007;2024;08;10;5;3;0;1;0;0;1;0;0;0;0;0;511579,793999999761581;5453133,036000000312924;9,159054682000033;49,230868596000050;1
208436;08240829117300156080;08;1;17;026;2024;08;18;5;3;6;7;0;0;1;0;1;0;0;0;548127,164699999615550;5394661,205299999564886;9,654114689000039;48,703128177000053;1
208437;08240829117300146150;08;1;17;026;2024;08;10;5;3;5;3;0;0;1;1;0;0;0;0;545199,046199999749660;5394863,655700000002980;9,614342143000044;48,705168392000076;1
208440;08240829111500134770;08;1;11;000;2024;08;16;5;3;3;6;0;0;1;1;0;0;0;0;514565,808100000023842;5404222,793500000610948;9,198313761000065;48,790830545000063;1
208441;08240829111330146830;08;1;11;000;2024;08;16;5;2;0;7;0;0;1;0;0;0;0;0;515630,491899999789894;5405905,231100000441074;9,212873383000044;48,805939685000055;1
208442;08240828436300143030;08;4;36;052;2024;08;18;4;3;0;7;0;0;1;0;0;0;0;0;565469,304100000299513;5293260,296700000762939;9,874108707000062;47,789373414000067;1
208443;08240828436000129170;08;4;35;035;2024;08;10;4;3;2;6;0;0;1;0;0;0;0;0;541934,816999999806285;5282980,258999999612570;9,558918529000039;47,698844990000055;1
208444;08240828435200153590;08;4;35;034;2024;08;21;4;3;8;1;2;0;1;0;0;0;0;0;529716,122200000099838;5284637,225999999791384;9,396182278000026;47,714431089000072;1
208449;08240828415300162300;08;4;15;059;2024;08;17;4;3;4;6;0;0;1;0;0;0;0;1;516659,870799999684095;5369067,346100000664592;9,225411043000065;48,474515250000081;1
208450;08240828415300144680;08;4;15;092;2024;08;14;4;3;8;1;0;0;1;0;0;0;0;0;517975,882899999618530;5363155,172399999573827;9,242962914000032;48,421290711000040;1
208451;08240828336400129810;08;3;36;091;2024;08;11;4;3;5;3;0;0;1;1;0;0;0;0;395695,201100000180304;5275217,796099999919534;7,611826891000021;47,621962357000029;1
208452;08240828335100151350;08;3;35;043;2024;08;11;4;3;9;1;0;0;1;0;0;0;0;0;513417,114199999719858;5280964,230900000780821;9,178768850000040;47,681927344000030;1
208455;08240828317200132360;08;3;17;057;2024;08;16;4;3;0;6;0;0;1;0;0;0;0;0;413311,380900000222027;5379417,566500000655651;7,825059690000046;48,561855374000061;1
208457;08240828237100146860;08;2;37;028;2024;08;17;4;3;4;6;0;0;1;1;0;0;0;0;460461,707000000402331;5368362,839700000360608;8,465116395000052;48,467155017000039;1
208460;08240828225200153160;08;2;25;014;2024;08;17;4;2;5;3;0;0;1;1;0;0;0;0;523151,673499999567866;5480764,662599999457598;9,319605078000052;49,479084721000049;1
208462;08240828221400162000;08;2;21;000;2024;08;21;4;3;5;2;2;0;1;1;0;0;0;0;477236,928600000217557;5468108,722699999809265;8,686485530000027;49,365261511000028;1
208463;08240828221200152620;08;2;21;000;2024;08;10;4;3;6;7;0;0;0;1;1;0;0;0;477789,863699999637902;5472943,243499999865890;8,693830854000055;49,408767858000033;1
208466;08240828212402153330;08;2;12;000;2024;08;07;4;3;0;7;0;0;1;0;0;0;0;0;456364,646300000138581;5428030,595499999821186;8,403375360000041;49,003628294000066;1
208468;08240828136200140570;08;1;36;019;2024;08;12;4;3;8;1;0;0;1;0;0;0;0;0;579562,731599999591708;5424815,579199999570847;10,087157341000022;48,971127037000031;1
208469;08240828136000153300;08;1;36;042;2024;08;20;4;3;2;6;2;0;1;1;0;0;0;0;550496,808799999766052;5405139,773000000044703;9,687604045000057;48,797199336000062;1
208470;08240828128200153400;08;1;28;115;2024;08;09;4;3;4;6;0;0;1;0;0;0;0;0;547799,763500000350177;5496656,834100000560284;9,661778480000066;49,620580933000042;1
208473;08240828119300153720;08;1;19;086;2024;08;16;4;3;0;7;0;0;1;0;0;0;0;0;533013,071999999694526;5403597,845000000670552;9,449417594000067;48,784502969000073;1
208474;08240828119300153510;08;1;19;086;2024;08;19;4;3;0;7;1;0;1;0;0;0;0;0;535230,773199999704957;5404790,744899999350309;9,479709089000039;48,795112188000076;1
208475;08240828119300153310;08;1;19;067;2024;08;07;4;3;0;7;0;0;1;0;0;0;0;0;537669,806800000369549;5405945,268999999389052;9,513024009000048;48,805354796000074;1
208479;08240828117100133350;08;1;17;019;2024;08;17;4;3;6;4;0;0;0;1;1;0;0;0;550362,078499999828637;5394076,117000000551343;9,684416683000052;48,697688600000049;1
208480;08240828116500154810;08;1;16;022;2024;08;16;4;3;3;6;0;0;1;1;0;0;0;0;523041,932900000363588;5382676,159900000318885;9,312512934000040;48,596741519000034;1
208483;08240828115400151040;08;1;15;045;2024;08;11;4;2;0;7;0;0;1;0;0;0;0;0;504172,230399999767542;5397223,574100000783801;9,056734207000034;48,728022245000034;1
208485;08240828115400131360;08;1;15;045;2024;08;12;4;3;5;3;0;0;1;1;0;0;0;0;501943,203300000168383;5394770,814799999818206;9,026412232000041;48,705968014000064;1
208486;08240828115200154820;08;1;15;015;2024;08;06;4;3;0;7;0;0;1;0;0;0;0;0;492614,518600000068545;5388201,125299999490380;8,899733160000039;48,646825660000047;1
208487;08240828115100154520;08;1;15;048;2024;08;15;4;3;5;3;0;0;1;1;0;0;0;0;510939,367899999953806;5386940,207900000736117;9,148481708000077;48,635430156000041;1
208488;08240828111500133210;08;1;11;000;2024;08;15;4;3;5;3;0;0;1;1;0;0;0;0;508030,181800000369549;5397859,580199999734759;9,109207146000074;48,733706000000041;1
208490;08240828111230152770;08;1;11;000;2024;08;09;4;3;5;2;0;0;1;1;0;0;0;0;507940,813500000163913;5398276,396199999377131;9,107999808000045;48,737456828000063;1
208494;08240827436000145050;08;4;36;008;2024;08;13;3;3;0;1;0;0;1;0;0;0;0;0;545632,636099999770522;5308866,933900000527501;9,610927224000022;47,931495961000053;1
208495;08240827435100126850;08;4;35;057;2024;08;20;3;3;0;1;2;0;1;0;0;0;0;0;543425,293200000189245;5278158,026599999517202;9,578303342000027;47,655359748000080;1
208496;08240827415400140810;08;4;15;080;2024;08;12;3;3;5;3;0;0;1;1;0;0;0;0;511113,275399999693036;5373238,550899999216199;9,150475947000075;48,512163501000032;1
208498;08240827327100129000;08;3;27;050;2024;08;10;3;3;8;1;0;0;1;0;0;0;0;0;487213,661500000394881;5313454,264900000765920;8,828676187000042;47,974266545000035;1
208499;08240827326200163130;08;3;26;074;2024;08;11;3;3;0;1;0;0;1;0;0;0;0;0;464453,646300000138581;5323411,149900000542402;8,522896968000055;48,062987448000058;1
208500;08240827326000134820;08;3;35;100;2024;08;13;3;3;9;1;0;0;1;0;0;0;0;0;489417,230000000447035;5286117,770999999716878;8,858870546000048;47,728349583000067;1
208501;08240827325202130430;08;3;25;049;2024;08;14;3;2;0;7;0;0;1;0;0;0;0;0;472245,730499999597669;5335126,118799999356270;8,626717010000050;48,168771503000073;1
208502;08240827317600150930;08;3;17;040;2024;08;10;3;3;8;1;0;0;1;0;0;0;0;0;432702,832200000062585;5347461,683599999174476;8,092972265000071;48,276781596000035;1
208503;08240827317500127060;08;3;17;096;2024;08;21;3;3;0;1;2;0;1;0;0;0;0;0;421757,973699999973178;5368188,728399999439716;7,941625485000031;48,461964972000033;1
208506;08240830222700157300;08;2;22;000;2024;08;17;6;3;0;5;0;0;1;1;0;0;0;0;462560,620099999941885;5481125,401399999856949;8,483128151000074;49,481616294000048;1
208508;08240827231102141650;08;2;36;040;2024;08;19;3;3;6;4;0;0;0;1;1;0;0;0;485404,402099999599159;5420314,673800000920892;8,800706708000064;48,935588808000034;1
208512;08240827226400130320;08;2;26;037;2024;08;17;3;3;5;3;0;0;1;1;0;0;0;0;466553,996399999596179;5467879,937400000169873;8,539373545000046;49,362710993000064;1
208516;08240827221011155580;08;2;21;000;2024;08;09;3;3;3;6;0;0;1;1;0;0;0;0;476843,207299999892712;5472139,268999999389052;8,680828181000038;49,401500945000066;1
208518;08240827216100125810;08;2;16;009;2024;08;06;3;3;4;6;1;0;1;1;0;0;0;0;446843,190399999730289;5420887,951500000432134;8,274132125000051;48,938634075000039;1
208519;08240827215202134060;08;2;15;084;2024;08;11;3;3;6;7;0;0;1;0;1;0;0;0;471999,122200000099838;5447231,080000000074506;8,615808202000039;49,177249204000077;1
208520;08240827212302161500;08;2;12;000;2024;08;23;3;3;5;3;2;0;1;1;0;0;0;0;455093,027200000360608;5429276,266100000590086;8,385851789000071;49,014741997000044;1
208521;08240827212010150840;08;2;15;017;2024;08;07;3;2;4;6;0;0;1;0;0;0;0;0;456890,969999999739230;5421197,119000000879169;8,411295586000051;48,942196908000028;1
208522;08240827212010149710;08;2;12;000;2024;08;16;3;3;0;3;0;0;1;0;0;0;0;1;455869,280600000172853;5427003,131599999964237;8,396714266000060;48,994350914000051;1
208524;08240827128300153320;08;1;28;131;2024;08;15;3;3;5;3;0;0;1;1;0;0;0;0;537681,710500000044703;5510293,024499999359250;9,523016939000058;49,743943201000036;1
208526;08240827119400268960;08;1;19;079;2024;08;05;3;3;3;6;2;0;1;1;0;0;0;0;522468,163200000301003;5407973,184200000017881;9,306108441000049;48,824332950000041;1
208527;08240827119400156930;08;1;19;079;2024;08;20;3;3;0;7;2;0;1;0;0;0;0;0;522577,192800000309944;5409545,129899999126792;9,307680422000033;48,838469829000076;1
208528;08240827119400127660;08;1;19;079;2024;08;20;3;3;5;3;1;0;1;1;0;0;0;0;522906,068699999712408;5408632,187699999660254;9,312111231000074;48,830245188000049;1
208529;08240827118600143610;08;1;18;050;2024;08;14;3;3;5;3;0;0;1;0;0;1;0;0;505809,474700000137091;5417531,392899999395013;9,079285125000069;48,910696062000056;1
208530;08240827118600138490;08;1;18;050;2024;08;10;3;3;5;3;0;0;1;1;0;0;0;0;504573,352500000037253;5419984,424900000914931;9,062442594000061;48,932773248000046;1
208531;08240827118400156970;08;1;18;048;2024;08;11;3;3;5;3;0;0;1;0;0;0;0;0;512430,660000000149012;5414897,980000000447035;9,169567661000031;48,886909055000046;1
208532;08240827118400140950;08;1;18;048;2024;08;10;3;2;2;6;0;0;1;0;0;0;0;0;516001,961099999956787;5416254,365100000053644;9,218336872000066;48,899028790000045;1
208533;08240827118200149770;08;1;18;067;2024;08;02;3;2;1;5;2;0;1;0;0;0;0;1;505543,492999999783933;5414145,413000000640750;9,075609179000026;48,880238995000070;1
208535;08240827117200128550;08;1;17;024;2024;08;18;3;3;8;1;0;0;1;0;0;0;0;0;564297,858000000007451;5387274,867000000551343;9,872725282000033;48,635230107000041;1
208536;08240827117010132620;08;1;17;018;2024;08;13;3;2;0;7;0;0;1;1;0;0;0;0;538603,624900000169873;5395805,605399999767542;9,524790026000062;48,714084986000046;1
208537;08240827115200141100;08;1;15;021;2024;08;09;3;3;3;2;0;0;1;1;0;0;0;0;490935,513600000180304;5379834,555800000205636;8,877121440000053;48,571536156000036;1
208539;08240827111500127730;08;1;11;000;2024;08;16;3;3;5;3;0;0;1;1;0;0;0;0;516828,366200000047684;5405667,713600000366569;9,229177497000023;48,803771732000030;1
208540;08240827111310128620;08;1;11;000;2024;08;17;3;3;5;3;0;0;1;1;0;0;0;0;515286,790400000289083;5406004,588199999183416;9,208196208000061;48,806842037000081;1
208541;08240827111240153210;08;1;11;000;2024;08;14;3;3;6;7;0;0;0;1;1;0;0;0;517540,815100000239909;5402459,771800000220537;9,238742967000064;48,774893811000027;1
208542;08240826425000138040;08;4;25;020;2024;08;17;2;3;5;7;0;0;1;1;0;0;0;0;558118,499599999748170;5362578,572699999436736;9,785417853000069;48,413679242000057;1
208543;08240826416010151660;08;4;15;091;2024;08;15;2;2;4;6;0;0;1;1;0;0;0;0;514964,830900000408292;5354391,506400000303984;9,201953555000046;48,342526854000027;1
208544;08240826416010131860;08;4;15;029;2024;08;19;2;1;0;1;0;0;1;0;0;0;0;0;522623,140599999576807;5379349,206700000911951;9,306651926000029;48,566827044000036;1
208546;08240826335200126760;08;3;35;063;2024;08;18;2;3;5;3;0;0;1;1;0;0;0;0;497429,569299999624491;5287325,225500000640750;8,965714130000038;47,739295439000045;1
208548;08240826335100123410;08;3;35;043;2024;08;15;2;3;0;1;0;0;1;0;0;0;0;0;514834,099200000055134;5279353,218699999153614;9,197593836000067;47,667401059000042;1
208549;08240826327100160280;08;3;27;050;2024;08;06;2;2;6;2;1;0;0;1;1;0;0;0;486673,596499999985099;5313736,794299999251962;8,821431141000062;47,976797492000060;1
208551;08240826317000122540;08;3;17;065;2024;08;09;2;3;5;3;0;0;1;1;0;0;0;0;414347,428000000305474;5354019,706000000238419;7,844294562000073;48,333553122000069;1
208552;08240826311010141690;08;3;11;000;2024;08;15;2;3;5;3;0;0;1;0;0;1;0;0;413062,577499999664724;5317053,452700000256300;7,834520983000061;48,000864407000051;1
208554;08240826226200139040;08;2;26;068;2024;08;11;2;3;5;3;0;0;1;1;0;0;0;0;468675,608599999919534;5460734,906600000336766;8,569153245000052;49,298555290000081;1
208555;08240826225200124610;08;2;25;091;2024;08;19;2;3;7;7;0;0;1;0;0;0;0;0;527060,675499999895692;5475603,924000000581145;9,373214452000070;49,432503684000039;1
208556;08240827415300152070;08;4;15;059;2024;08;08;3;3;5;3;0;0;1;1;0;0;0;0;516809,590900000184774;5367525,403799999505281;9,227374789000066;48,460639364000031;1
208557;08240826222500137250;08;2;22;000;2024;08;19;2;2;7;7;0;0;1;0;0;0;0;0;465187,707000000402331;5479113,085999999195337;8,519572240000059;49,463672768000038;1
208558;08240826222500128200;08;2;22;000;2024;08;13;2;3;5;3;0;0;1;1;0;0;0;0;462209,253499999642372;5478755,257899999618530;8,478503911000075;49,460276249000060;1
208559;08240826221400161090;08;2;21;000;2024;08;13;2;3;5;6;0;0;1;0;0;0;0;0;474606,882299999706447;5473767,460300000384450;8,649901195000041;49,416057023000064;1
208561;08240826212702124190;08;2;15;017;2024;08;11;2;3;6;4;0;0;1;0;1;0;0;0;455428,783999999985099;5421811,992599999532104;8,391261609000026;48,947624181000037;1
208562;08240826212010155690;08;2;12;000;2024;08;16;2;2;6;7;0;0;1;0;1;0;0;0;453660,658699999563396;5429026,329399999231100;8,366292476000069;49,012387886000056;1