OID_;UIDENTSTLAE;ULAND;UREGBEZ;UKREIS;UGEMEINDE;UJAHR;UMONAT;USTUNDE;UWOCHENTAG;UKATEGORIE;UART;UTYP1;ULICHTVERH;IstStrassenzustand;IstRad;IstPKW;IstFuss;IstKrad;IstGkfz;IstSonstige;LINREFX;LINREFY;XGCSWGS84;YGCSWGS84;PLST
208564;08240903136000173860;08;1;36;065;2024;09;11;3;3;7;7;0;0;1;0;0;0;0;0;558414,923600000329316;5405860,689099999144673;9,795515715000022;48,802990457000078;1
208565;08240826136100140740;08;1;36;045;2024;08;18;2;3;0;7;0;0;1;0;0;0;0;0;596947,405000000260770;5401464,541099999099970;10,319111914000075;48,758638251000036;1
208567;08240826119400152080;08;1;19;079;2024;08;12;2;3;5;3;0;0;1;1;0;0;0;0;522515,242200000211596;5409063,232400000095367;9,306809702000066;48,834137052000074;1
208568;08240826118200126840;08;1;18;011;2024;08;18;2;3;5;3;0;0;1;1;0;0;0;0;502995,762000000104308;5409310,432900000363588;9,040824624000038;48,836761855000077;1
208570;08240826118010149600;08;1;15;051;2024;08;15;2;2;1;7;0;0;1;0;0;0;0;1;505156,447499999776483;5385306,040899999439716;9,069969016000073;48,620803314000057;1
208571;08240826111500145470;08;1;11;000;2024;08;18;2;3;1;5;0;0;1;1;0;0;0;0;513345,492600000463426;5403799,515300000086427;9,181685485000060;48,787050164000050;1
208572;08240826111320125210;08;1;11;000;2024;08;18;2;3;0;7;0;0;1;0;0;0;0;0;514725,104000000283122;5406426,885999999940395;9,200561602000050;48,810654531000068;1
208574;08240825415400124780;08;4;15;061;2024;08;16;1;3;6;7;0;0;0;0;1;0;0;1;515907,182900000363588;5370813,302300000563264;9,215293580000036;48,490242003000048;1
208575;08240825335100160810;08;3;35;043;2024;08;18;1;3;5;3;0;0;1;0;0;0;0;0;513659,707999999634922;5279250,361999999731779;9,181947526000044;47,666501462000042;1
208580;08240825311010150160;08;3;11;000;2024;08;12;1;3;3;6;0;0;1;0;0;1;0;0;413525,899899999611080;5316409,131999999284744;7,840860790000022;47,995131363000041;1
208581;08240825311010120080;08;3;11;000;2024;08;12;1;3;4;7;0;0;1;1;0;0;0;0;410513,423700000159442;5318744,741000000387430;7,800001884000039;48,015726118000032;1
208582;08240825222700147650;08;2;22;000;2024;08;13;1;3;5;3;0;0;1;1;0;0;0;0;463304,049999999813735;5481696,975999999791384;8,493338148000021;49,486802729000033;1
208583;08240825121500124760;08;1;25;039;2024;08;15;1;3;0;1;0;0;1;0;0;0;0;0;514982,241799999959767;5456743,996099999174476;9,205923883000025;49,263276002000055;1
208584;08240825121500121880;08;1;25;048;2024;08;16;1;2;0;1;0;0;1;0;0;0;0;0;532308,025500000454485;5462263,585799999535084;9,444499260000043;49,312254324000037;1
208588;08240825111310246760;08;1;11;000;2024;08;02;1;3;6;6;2;0;1;0;1;0;0;0;517095,683799999766052;5405679,133799999952316;9,232818413000075;48,803867171000036;1
208589;08240824425000146670;08;4;25;033;2024;08;16;7;3;5;3;0;0;1;1;0;0;0;0;542956,605000000447035;5348414,324100000783801;9,579086093000058;48,287471336000067;1
208590;08240831126100141510;08;1;26;045;2024;08;12;7;3;8;1;0;0;1;0;0;0;0;0;547077,917000000365078;5472744,969299999997020;9,648933682000063;49,405568735000031;1
208591;08240824421200144850;08;4;21;000;2024;08;22;7;3;0;1;2;0;1;0;0;0;0;0;571914,131400000303984;5362386,805900000035763;9,971794976000069;48,410530771000026;1
208592;08240824326400118950;08;3;26;074;2024;08;14;7;3;5;3;0;0;1;1;0;0;0;0;460171,673600000329316;5323934,574300000444055;8,465378035000072;48,067443530000048;1
208593;08240824326200164180;08;3;26;003;2024;08;15;7;3;3;7;0;0;1;0;0;0;0;0;469763,645999999716878;5315036,344000000506639;8,594756809000046;47,987913803000026;1
208595;08240824317010125860;08;3;17;067;2024;08;16;7;2;4;1;0;0;1;0;0;0;0;1;434910,191499999724329;5375146,857999999076128;8,118426023000040;48,526054224000063;1
208597;08240824317000125910;08;3;17;057;2024;08;18;7;3;3;6;0;0;1;1;0;0;0;0;413624,299700000323355;5380229,162000000476837;7,829131417000042;48,569198399000072;1
208598;08240824316100148470;08;3;16;037;2024;08;17;7;2;5;3;0;0;1;1;0;0;0;0;404992,564100000075996;5334643,063100000843406;7,722449517000030;48,157931545000054;1
208600;08240824311010145340;08;3;11;000;2024;08;14;7;3;0;1;0;0;1;0;0;0;0;0;413860,694400000385940;5320162,723600000143051;7,844593480000071;48,028941380000049;1
208601;08240824311010120630;08;3;15;064;2024;08;18;7;3;3;6;0;0;1;0;0;0;0;1;421596,226999999955297;5312789,095000000670552;7,949680218000026;47,963607168000067;1
208602;08240824225200146340;08;2;25;109;2024;08;00;7;3;2;6;2;0;1;1;0;0;0;0;525593,784699999727309;5492572,073599999770522;9,354083717000037;49,585189747000072;1
208604;08240824216100129990;08;2;16;009;2024;08;00;7;3;0;1;2;0;1;0;0;0;0;0;446630,159699999727309;5420634,735700000077486;8,271256549000043;48,936338061000072;1
208606;08240824212302120750;08;2;12;000;2024;08;15;7;3;2;6;0;0;1;1;0;0;0;0;455689,253200000151992;5428533,721599999815226;8,394086362000053;49,008105847000081;1
208607;08240824136100145190;08;1;36;088;2024;08;12;7;3;5;7;0;0;1;1;0;0;0;0;577774,872499999590218;5408557,438100000843406;10,059636434000026;48,825125168000056;1
208608;08240902222500172200;08;2;22;000;2024;09;07;2;3;5;2;0;0;1;1;0;0;0;0;462016,781499999575317;5480228,532199999317527;8,475706604000038;49,473515622000036;1
208609;08240824136000136660;08;1;36;065;2024;08;14;7;2;1;6;0;0;1;1;0;0;0;0;558686,001799999736249;5405761,391499999910593;9,799192791000053;48,802071736000073;1
208612;08240824117300118250;08;1;17;026;2024;08;19;7;3;0;1;0;0;1;0;0;0;0;0;547693,899500000290573;5394186,280899999663234;9,648171553000054;48,698889270000052;1
208613;08240824115300133490;08;1;15;028;2024;08;10;7;3;5;2;0;0;1;1;0;0;0;0;500278,717299999669194;5404053,693499999120831;9,003794639000034;48,789479868000058;1
208614;08240824111500147280;08;1;11;000;2024;08;18;7;3;6;7;0;0;1;0;1;0;0;0;512930,345800000242889;5402348,332699999213219;9,175988062000044;48,774004214000058;1
208617;08240824111250117250;08;1;11;000;2024;08;09;7;3;7;7;0;0;1;0;0;0;0;1;514415,122999999672174;5402988,182700000703335;9,196218889000022;48,779727621000063;1
208619;08240823436000126410;08;4;35;029;2024;08;15;6;3;0;1;0;0;1;0;0;0;0;0;545195,248800000175834;5271255,296499999240041;9,601160383000035;47,593132710000077;1
208620;08240823435100145110;08;4;36;064;2024;08;18;6;3;5;3;0;0;1;1;0;0;0;0;546808,480499999597669;5293702,134700000286102;9,625026099000024;47,794975489000080;1
208621;08240823426100130690;08;4;26;128;2024;08;07;6;3;0;1;0;0;1;0;0;0;0;0;560449,406100000254810;5330871,012599999085069;9,812380641000061;48,128223454000079;1
208622;08240823416010135950;08;4;15;061;2024;08;18;6;3;6;2;0;0;1;0;1;0;0;0;516010,189500000327826;5370808,945399999618530;9,216687532000037;48,490200191000042;1
208623;08240823337010146890;08;3;37;013;2024;08;17;6;3;0;1;0;0;1;0;0;0;0;0;429854,410799999721348;5294209,469799999147654;8,063311086000056;47,797420072000079;1
208626;08240831335100141120;08;3;35;043;2024;08;16;7;3;0;1;0;0;1;0;0;0;0;0;513485,903099999763072;5279277,977499999105930;9,179633307000074;47,666753585000038;1
208628;08240823317000115230;08;3;17;065;2024;08;16;6;3;6;4;0;0;0;1;1;0;0;0;413600,106399999931455;5355260,033500000834465;7,833958720000055;48,344607862000032;1
208631;08240823316100133470;08;3;16;012;2024;08;19;6;2;3;6;0;0;1;0;0;0;0;1;402974,032700000330806;5333598,895099999383092;7,695551963000071;48,148234811000066;1
208632;08240823311400116610;08;3;15;130;2024;08;13;6;3;0;7;0;0;1;0;0;0;0;0;407857,843999999575317;5301280,078999999910593;7,768137385000045;47,858250567000027;1
208633;08240823311010147970;08;3;11;000;2024;08;14;6;3;6;7;0;0;0;1;1;0;0;0;413663,052000000141561;5316658,756599999964237;7,842648630000042;47,997395360000041;1
208634;08240823311010143600;08;3;11;000;2024;08;10;6;3;7;1;0;0;1;0;0;0;0;0;412290,832000000402331;5317014,220000000670552;7,824185266000029;48,000406075000058;1
208635;08240823311010126590;08;3;11;000;2024;08;10;6;3;6;7;0;0;0;1;1;0;0;0;414077,819299999624491;5317915,685900000855327;7,847955680000041;48,008757771000035;1
208636;08240823311010126420;08;3;11;000;2024;08;10;6;3;0;7;0;0;1;0;0;0;0;0;410745,951000000350177;5314808,788699999451637;7,803938034000055;47,980353863000062;1
208637;08240823235200129300;08;2;35;046;2024;08;15;6;2;0;7;0;0;0;1;1;0;0;0;479634,718299999833107;5377576,036299999803305;8,724039267000023;48,550952679000034;1
208643;08240831116200157100;08;1;16;078;2024;08;19;7;3;0;7;0;0;1;0;0;0;0;0;509786,417999999597669;5392950,135999999940395;9,132974737000040;48,689515311000036;1
208644;08240823221400160030;08;2;26;018;2024;08;13;6;3;4;2;0;0;1;0;0;0;0;1;473239,477900000289083;5473524,139599999412894;8,631065386000046;49,413809793000041;1
208645;08240823212702144070;08;2;15;017;2024;08;17;6;3;5;3;0;0;1;0;0;0;0;0;458184,742999999783933;5418032,020999999716878;8,429287213000066;48,913814775000048;1
208649;08240823136000144090;08;1;36;065;2024;08;14;6;3;6;4;0;0;0;0;1;0;0;1;560069,310499999672174;5405717,193499999120831;9,818022400000075;48,801542033000032;1
208650;08240823135100118680;08;1;35;031;2024;08;18;6;3;4;6;0;0;1;0;0;0;0;0;593755,629700000397861;5381314,705299999564886;10,271127566000075;48,577901260000033;1
208651;08240823128300132130;08;1;28;131;2024;08;17;6;3;0;7;0;0;1;0;0;0;0;0;536171,468899999745190;5514509,670499999076128;9,502447653000047;49,781960774000027;1
208655;08240823118500133530;08;1;18;063;2024;08;15;6;3;5;2;0;0;1;1;0;0;0;0;515065,048000000417233;5423178,041899999603629;9,205809190000025;48,961335382000073;1
208656;08240823118400129640;08;1;18;048;2024;08;21;6;3;0;1;2;0;1;0;0;0;0;0;516267,953999999910593;5415646,919099999591708;9,221941960000038;48,893557453000028;1
208658;08240823117200153360;08;1;17;024;2024;08;10;6;3;0;3;0;0;1;1;0;0;0;0;561437,338800000026822;5386118,394300000742078;9,833731969000041;48,625114986000028;1
208659;08240823116500115820;08;1;16;035;2024;08;10;6;3;0;1;0;0;1;0;0;0;0;0;527264,090200000442564;5392488,763900000602007;9,370421829000065;48,684845994000057;1
208661;08240823111500147130;08;1;11;000;2024;08;16;6;3;5;3;0;0;1;1;0;0;0;0;509006,446999999694526;5396790,821000000461936;9,122460569000054;48,724078072000054;1
208662;08240824311010148010;08;3;11;000;2024;08;17;7;3;0;1;0;0;1;0;0;0;0;0;414083,900700000114739;5317922,241800000891089;7,848035889000073;48,008817561000058;1
208664;08240823111120115590;08;1;11;000;2024;08;10;6;3;0;7;0;0;1;0;0;0;0;0;514007,847799999639392;5402838,923100000247359;9,190670000000068;48,778394199000047;1
208668;08240822335100126600;08;3;35;002;2024;08;18;5;2;0;1;0;0;1;0;0;0;0;0;504853,692999999970198;5284886,373900000005960;9,064714121000065;47,717338466000058;1
208669;08240822335100126050;08;3;35;066;2024;08;18;5;3;4;6;0;0;1;0;0;0;0;0;509438,073499999940395;5281833,980499999597669;9,125771313000030;47,689823406000073;1
208670;08240822317500125310;08;3;17;009;2024;08;20;5;3;2;6;0;0;1;1;0;0;0;0;425066,362999999895692;5362867,853000000119209;7,987322202000030;48,414506036000034;1
208671;08240822317500111750;08;3;17;096;2024;08;08;5;3;0;1;0;0;1;0;0;0;0;0;422331,254300000146031;5369713,739000000059605;7,949095624000051;48,475753389000033;1
208672;08240822317000126790;08;3;17;057;2024;08;15;5;3;5;3;0;0;1;1;0;0;0;0;412586,172299999743700;5380565,649299999698997;7,814991440000028;48,572080946000028;1
208673;08240822311400143640;08;3;15;074;2024;08;17;5;3;5;3;0;0;1;1;0;0;0;0;396776,180499999783933;5297933,964600000530481;7,620825102000026;47,826467944000058;1
208675;08240822226700112810;08;2;26;098;2024;08;09;5;3;4;2;0;0;1;1;0;0;0;0;476975,633000000379980;5459489,806700000539422;8,683384292000028;49,287724825000055;1
208676;08240822226200143550;08;2;26;032;2024;08;14;5;3;0;7;0;0;1;0;0;0;0;0;466821,516699999570847;5463538,246700000017881;8,543419253000025;49,323673005000046;1
208677;08240822222800144030;08;2;22;000;2024;08;14;5;3;6;4;0;0;0;1;1;0;0;0;463659,975300000049174;5485459,005699999630451;8,497906081000053;49,520661658000051;1
208679;08240831231302156580;08;2;31;000;2024;08;23;7;3;6;7;2;0;0;1;1;0;0;0;478343,828099999576807;5415426,713999999687076;8,704559725000024;48,891411659000028;1
208680;08240822221200159750;08;2;21;000;2024;08;00;5;3;0;7;2;0;1;0;0;0;0;0;477241,857499999925494;5472354,195299999788404;8,686310405000029;49,403449211000066;1
208682;08240822215402115920;08;2;15;009;2024;08;13;5;3;1;5;0;0;1;1;0;0;0;0;470276,569299999624491;5440977,957200000062585;8,592635582000071;49,120920352000041;1
208683;08240830116200154380;08;1;16;047;2024;08;11;6;3;6;4;0;0;1;0;1;0;0;0;520570,944600000046194;5392474,682800000533462;9,279486443000053;48,684975813000051;1
208684;08240822212010126630;08;2;15;090;2024;08;08;5;2;6;4;0;0;0;1;1;0;0;0;464871,838999999687076;5434152,427999999374151;8,519158696000034;49,059238525000069;1
208685;08240822128300130500;08;1;28;131;2024;08;15;5;3;3;2;0;0;1;1;0;0;0;0;538056,630300000309944;5512248,009700000286102;9,528411547000076;49,761502840000048;1
208688;08240822119400112450;08;1;19;079;2024;08;15;5;3;0;7;0;0;1;0;0;0;0;0;524223,580000000074506;5413308,016000000759959;9,330339540000068;48,872257539000032;1
208691;08240822118010139980;08;1;18;048;2024;08;22;5;2;6;7;2;0;0;1;1;0;0;0;516545,610899999737740;5415568,178300000727177;9,225726785000063;48,892841771000064;1
208692;08240822118010135720;08;1;18;006;2024;08;08;5;2;6;4;0;0;0;0;1;0;1;0;517875,969899999909103;5421228,342100000008941;9,244124309000028;48,943721744000072;1
208694;08240822116400144000;08;1;16;033;2024;08;12;5;3;4;2;0;0;1;1;0;0;0;0;533089,537800000049174;5388437,912299999967217;9,449242564000031;48,648123428000076;1
208695;08240822116200127390;08;1;16;078;2024;08;06;5;3;4;6;1;0;1;1;0;0;0;0;510222,196299999952316;5393569,314999999478459;9,138911258000064;48,695078504000037;1
208696;08240822116100114490;08;1;16;019;2024;08;16;5;3;0;7;0;0;1;0;0;0;0;0;524457,483400000259280;5397522,018100000917912;9,332589002000077;48,730241056000068;1
208697;08240822111500140610;08;1;11;000;2024;08;15;5;3;4;6;0;0;1;0;0;0;0;0;516056,850599999539554;5408224,617100000381470;9,218770738000046;48,826793638000026;1
208701;08240821436200112080;08;4;36;064;2024;08;16;4;2;5;3;0;0;1;0;0;0;0;0;546698,022699999623001;5292609,438999999314547;9,623433675000058;47,785152544000027;1
208702;08240821436000109660;08;4;35;057;2024;08;11;4;3;6;7;0;0;0;1;1;0;0;0;544290,832200000062585;5279940,451099999248981;9,590009956000074;47,671337974000039;1
208706;08240821336200152130;08;3;36;069;2024;08;09;4;3;4;3;0;0;1;0;0;0;0;0;408085,905399999581277;5268525,923599999397993;7,778093453000054;47,563640543000076;1
208707;08240821335400137540;08;3;35;079;2024;08;10;4;2;6;7;0;1;0;0;1;0;0;1;501019,534300000406802;5299984,014299999922514;9,013628883000024;47,853197307000073;1
208709;08240821317000159190;08;3;17;065;2024;08;15;4;3;6;4;0;0;0;1;1;0;0;0;414572,420599999837577;5354017,404100000858307;7,847330202000023;48,333562876000030;1
208713;08240821311010112700;08;3;15;073;2024;08;14;4;3;0;1;0;0;1;0;0;0;0;0;411626,296299999579787;5313300,182000000029802;7,816042903000039;47,966905709000059;1
208714;08240821311010112050;08;3;36;091;2024;08;19;4;3;5;2;0;0;1;0;0;0;0;1;394429,205799999646842;5273129,400900000706315;7,595486361000042;47,602971963000073;1
208715;08240821311010111910;08;3;36;105;2024;08;13;4;2;4;6;0;0;1;0;0;0;0;0;402960,388100000098348;5266316,579600000753999;7,710459861000061;47,543020098000056;1
208716;08240821226400126970;08;2;26;084;2024;08;14;4;3;4;2;0;0;1;1;0;0;0;0;468933,043999999761581;5470857,706000000238419;8,571904798000048;49,389621264000027;1
208717;08240821222700140970;08;2;22;000;2024;08;12;4;3;5;2;0;0;1;1;0;0;0;0;462510,587799999862909;5480852,970100000500679;8,482463281000037;49,479162824000070;1
208720;08240821216100110370;08;2;16;043;2024;08;06;4;3;5;3;0;0;1;1;0;0;0;0;443777,932599999941885;5412235,563500000163913;8,233470262000026;48,860535148000054;1
208721;08240821212010143370;08;2;12;000;2024;08;14;4;2;5;3;0;0;1;1;0;0;0;0;453211,391699999570847;5427192,798200000077486;8,360360253000067;48,995861279000053;1
208723;08240821116100141210;08;1;16;019;2024;08;07;4;3;5;3;0;1;1;1;0;0;0;0;523708,129999999888241;5399544,573999999091029;9,322515351000050;48,748464692000027;1
208726;08240821111500146990;08;1;11;000;2024;08;07;4;2;0;7;0;1;1;0;0;0;0;0;512834,740399999544024;5402660,098999999463558;9,174696565000033;48,776810821000026;1
208727;08240820436100120040;08;4;36;055;2024;08;18;3;2;8;1;0;0;1;0;0;0;0;0;576190,719999999739230;5297629,353000000119209;10,018001077000065;47,827498513000080;1
208728;08240820436100110930;08;4;36;055;2024;08;17;3;3;3;6;0;0;1;0;0;0;0;0;577826,797399999573827;5291788,982599999755621;10,038809335000053;47,774762524000039;1
208730;08240820415400379600;08;4;15;061;2024;08;08;3;3;0;1;0;0;1;0;0;0;0;0;515760,268099999986589;5371140,428500000387430;9,213317541000038;48,493188648000057;1
208732;08240820336300108390;08;3;36;057;2024;08;10;3;3;8;1;0;0;1;0;0;0;0;0;408482,348699999973178;5277308,768200000748038;7,781528986000069;47,642705082000077;1
208735;08240820317500107460;08;3;17;096;2024;08;19;3;3;9;1;0;0;1;0;0;0;0;0;422348,896099999547005;5369803,886600000783801;7,949317541000028;48,476566439000067;1
208736;08240820317000131850;08;2;16;009;2024;08;12;3;3;1;5;0;0;1;1;0;0;0;0;446620,224100000225008;5420526,570800000801682;8,271135059000073;48,935364262000064;1
208737;08240820317000107540;08;3;17;031;2024;08;11;3;3;0;1;0;0;1;0;0;0;0;0;417248,357499999925494;5358702,453299999237061;7,882507945000043;48,376060623000058;1
208739;08240820311010137730;08;3;11;000;2024;08;12;3;3;5;3;0;0;1;0;0;0;1;0;410219,811499999836087;5315764,131100000813603;7,796689286000060;47,988873758000068;1
208740;08240820311010119780;08;3;36;050;2024;08;09;3;3;6;4;0;0;1;0;1;0;0;0;399678,794200000353158;5273959,452500000596046;7,665116827000077;47,611272336000070;1
208741;08240820231000131250;08;2;31;000;2024;08;16;3;3;3;6;0;0;1;1;0;0;0;0;476032,660699999891222;5415419,428099999204278;8,673030994000044;48,891261032000045;1
208743;08240827212010149460;08;2;12;000;2024;08;16;3;3;5;3;0;0;1;1;0;0;0;0;457160,808100000023842;5427828,363299999386072;8,414281984000070;49,001864960000034;1
208744;08240820222600157360;08;2;22;000;2024;08;14;3;3;3;2;0;0;1;0;0;0;1;0;461686,674700000323355;5484125,668299999088049;8,470772477000025;49,508547530000044;1
208745;08240820221301155510;08;2;21;000;2024;08;09;3;3;1;5;0;0;1;1;0;0;0;0;476877,811499999836087;5473378,387900000438094;8,681232973000022;49,412647936000042;1
208747;08240820212102110030;08;2;12;000;2024;08;16;3;3;0;3;0;0;1;1;0;0;1;0;460362,264200000092387;5426467,855100000277162;8,458184444000040;48,989840780000065;1
208749;08240820126100107450;08;1;26;039;2024;08;11;3;3;0;7;0;0;1;0;0;0;0;0;547541,951000000350177;5460925,856699999421835;9,653918869000051;49,299225925000030;1
208750;08240820117300132270;08;1;17;026;2024;08;20;3;3;4;6;1;0;1;0;0;1;0;0;552935,842699999921024;5398620,721499999985099;9,719974311000044;48,738355820000038;1
208751;08240820116200136190;08;1;16;078;2024;08;11;3;3;4;6;0;0;1;0;0;0;0;0;511874,638399999588728;5390997,064899999648333;9,161292598000045;48,671909080000034;1
208752;08240820116100123820;08;1;16;019;2024;08;17;3;3;5;3;0;0;1;1;0;0;0;0;523317,009999999776483;5400518,506999999284744;9,317249963000052;48,757240830000057;1
208753;08240820116000114400;08;4;16;041;2024;08;08;3;3;6;4;0;0;0;1;1;0;0;0;504579,060999999754131;5375102,444099999964237;9,062021952000066;48,529013412000040;1
208754;08240820111500142380;08;1;11;000;2024;08;08;3;3;5;2;0;0;1;1;0;0;0;0;513198,038200000301003;5406687,666300000622869;9,179770876000021;48,813034787000049;1
208757;08240819435200105140;08;4;35;059;2024;08;11;2;3;0;7;0;0;1;0;0;0;0;0;513201,210699999704957;5289764,263399999588728;9,176158903000044;47,761110816000041;1
208758;08240819435100105830;08;4;35;030;2024;08;18;2;3;2;6;0;0;1;0;0;0;0;0;541394,802199999801815;5271238,024900000542402;9,550609984000062;47,593231090000074;1
208759;08240819426000111490;08;4;25;008;2024;08;14;2;3;5;3;0;1;1;1;0;0;0;0;564348,220200000330806;5379793,238700000569224;9,872249162000060;48,567926210000053;1
208760;08240819421200119340;08;4;21;000;2024;08;12;2;3;5;3;0;1;1;1;0;0;0;0;571965,948499999940395;5367059,728800000622869;9,973297590000072;48,452558778000025;1
208761;08240819317500129380;08;3;17;096;2024;08;21;2;3;5;3;2;0;1;1;0;0;0;0;422258,128700000233948;5364059,132699999958277;7,949156463000065;48,424881379000055;1
208762;08240819317000107700;08;3;17;031;2024;08;14;2;2;4;6;0;0;1;1;0;0;0;0;413457,014600000344217;5359422,952400000765920;7,831171483000048;48,382032657000082;1
208764;08240819226500158440;08;2;26;020;2024;08;20;2;3;0;1;0;0;1;0;0;0;0;0;490407,115600000135601;5463507,178099999204278;8,867987681000045;49,324219995000078;1
208765;08240819226500154580;08;2;26;020;2024;08;20;2;3;0;7;0;0;1;0;0;0;0;0;490406,081899999640882;5463507,738900000229478;8,867973443000039;49,324225023000054;1
208767;08240819222301157650;08;2;22;000;2024;08;11;2;3;0;7;0;0;1;0;0;0;0;1;466280,012799999676645;5481773,715299999341369;8,534419300000025;49,487665626000080;1
208768;08240819222200145130;08;2;22;000;2024;08;14;2;3;3;2;0;0;1;1;0;0;0;0;461519,218600000254810;5482262,152300000190735;8,468641009000066;49,491775632000042;1
208771;08240819215402105660;08;2;15;106;2024;08;16;2;3;5;3;0;0;1;1;0;0;0;0;464302,468000000342727;5453888,418999999761581;8,509616429000062;49,236732139000026;1
208775;08240819121600134160;08;1;25;110;2024;08;11;2;3;0;7;0;0;1;0;0;0;0;0;527987,201000000350177;5442459,270999999716878;9,383672484000044;49,134326593000026;1
208776;08240819121200107900;08;1;21;000;2024;08;17;2;3;5;3;0;0;1;1;0;0;0;0;516807,540199999697506;5443463,275699999183416;9,230455735000021;49,143765500000029;1
208777;08240819119300105070;08;1;19;067;2024;08;19;2;3;7;7;0;0;1;0;0;0;0;0;536276,798600000329316;5405228,822399999946356;9,493990123000060;48,798992804000079;1
208779;08240819118010158830;08;1;15;003;2024;08;20;2;1;0;1;0;0;1;0;0;0;0;0;500752,507000000216067;5392474,813999999314547;9,010223975000031;48,685315549000052;1
208781;08240819115300114990;08;1;15;050;2024;08;20;2;3;0;7;0;0;1;0;0;0;0;0;490501,248800000175834;5400046,767100000753999;8,870770533000041;48,753361266000070;1
208787;08240818336100118790;08;3;36;050;2024;08;03;1;3;1;5;2;1;1;1;0;0;0;0;399711,766200000420213;5274020,768899999558926;7,665541399000062;47,611829002000036;1
208789;08240818215302126090;08;2;15;007;2024;08;09;1;3;0;7;0;1;1;0;0;0;0;0;479828,106999999843538;5432610,379599999636412;8,723956486000077;49,046038475000046;1
208790;08240818136100101150;08;1;36;088;2024;08;05;1;3;0;1;1;1;1;0;0;0;0;0;578686,965300000272691;5409606,598500000312924;10,072262251000041;48,834446756000034;1
208791;08240818135200153460;08;1;35;019;2024;08;09;1;3;8;1;0;0;1;0;0;0;0;0;584957,621000000275671;5390033,033999999985099;10,153657332000023;48,657572195000057;1
208792;08240818121200102750;08;1;21;000;2024;08;12;1;3;6;7;0;0;0;1;1;0;0;0;514389,985399999655783;5440842,098899999633431;9,197214229000053;49,120248481000033;1
208793;08240818118010130280;08;1;18;048;2024;08;07;1;2;5;2;0;1;1;1;0;0;0;0;513046,447900000028312;5416431,383899999782443;9,178016602000071;48,900690500000053;1
208795;08240817436300138270;08;4;36;094;2024;08;12;7;3;6;6;0;0;0;1;1;0;0;0;568068,342899999581277;5285534,792400000616908;9,907595700000059;47,719601881000074;1
208796;08240817435200099780;08;4;35;059;2024;08;11;7;3;0;1;0;0;1;0;0;0;0;0;511421,859000000171363;5293737,473899999633431;9,152519583000071;47,796893777000037;1
208797;08240817415100149720;08;4;15;050;2024;08;21;7;2;5;3;2;1;1;1;0;0;0;0;520543,330000000074506;5376483,970000000670552;9,278319480000050;48,541122400000063;1
208799;08240817335010156550;08;3;35;066;2024;08;17;7;2;0;1;0;0;1;0;0;0;0;0;504686,260900000110269;5281931,486400000751019;9,062449993000030;47,690752665000048;1
208801;08240817311200149660;08;3;11;000;2024;08;11;7;2;1;5;0;0;1;1;0;0;0;0;413706,426199999637902;5316322,518799999728799;7,843297554000060;47,994376637000073;1
208802;08240817311200101260;08;3;11;000;2024;08;17;7;3;0;7;0;0;1;0;0;0;0;0;414569,584999999962747;5318214,592000000178814;7,854488354000068;48,011512471000060;1
208803;08240817311010112710;08;3;11;000;2024;08;19;7;2;4;6;0;0;1;0;0;0;0;0;410569,576200000010431;5316600,391200000420213;7,801201825000021;47,996445115000029;1
208804;08240817311010101040;08;3;11;000;2024;08;14;7;3;3;2;0;0;1;0;0;0;0;0;414187,799499999731779;5315254,103099999949336;7,849962233000042;47,984830608000038;1
208806;08240817226700128220;08;2;26;010;2024;08;17;7;3;4;6;0;0;1;0;0;0;0;0;484312,102500000037253;5461617,638900000602007;8,784186036000051;49,307097243000044;1
208807;08240817222400155180;08;2;26;105;2024;08;18;7;3;5;3;0;0;1;0;0;0;0;0;471398,858799999579787;5478543,875299999490380;8,605328116000067;49,458877165000047;1
208808;08240817222400111850;08;2;26;038;2024;08;11;7;3;5;5;0;0;1;0;0;0;0;0;471956,032999999821186;5479552,703400000929832;8,612944998000046;49,467977236000081;1
208809;08240817221400155060;08;2;21;000;2024;08;17;7;3;5;3;0;0;1;1;0;0;0;0;477670,416600000113249;5469956,484500000253320;8,692352132000053;49,381897984000034;1
208810;08240817216100122790;08;2;16;009;2024;08;20;7;3;9;1;2;0;1;0;0;0;0;0;447039,232599999755621;5420762,742699999362230;8,276825172000031;48,937524637000081;1
208811;08240817212502102140;08;2;12;000;2024;08;18;7;2;0;7;0;0;1;0;0;0;0;0;454337,713800000026822;5428457,498500000685453;8,375614859000052;49,007321691000072;1
208812;08240817136100130030;08;1;36;088;2024;08;17;7;2;0;7;0;0;1;0;0;0;0;0;577584,083599999547005;5415534,058900000527501;10,058359652000036;48,887898898000060;1
208813;08240817136100103650;08;1;36;088;2024;08;23;7;2;0;7;2;0;1;0;0;0;0;0;580350,189199999906123;5410380,623900000005960;10,095074373000045;48,841195507000066;1
208814;08240817128300112860;08;1;28;131;2024;08;09;7;3;0;3;0;0;1;1;0;0;0;0;536357,432300000451505;5514613,272900000214577;9,505040399000052;49,782881350000082;1
208815;08240817128100102130;08;1;28;126;2024;08;16;7;3;3;6;0;0;1;0;0;0;0;0;565406,645999999716878;5481866,285000000149012;9,903058663000024;49,485910251000064;1