OID_;UIDENTSTLAE;ULAND;UREGBEZ;UKREIS;UGEMEINDE;UJAHR;UMONAT;USTUNDE;UWOCHENTAG;UKATEGORIE;UART;UTYP1;ULICHTVERH;IstStrassenzustand;IstRad;IstPKW;IstFuss;IstKrad;IstGkfz;IstSonstige;LINREFX;LINREFY;XGCSWGS84;YGCSWGS84;PLST
208817;08240817127202124810;08;1;27;014;2024;08;01;7;3;1;5;2;0;1;1;0;0;0;0;578104,985999999567866;5443772,812000000849366;10,070898994000061;49,141813608000064;1
208818;08240817119200143630;08;1;19;020;2024;08;19;7;3;6;4;0;0;1;0;1;0;0;0;519862,559999999590218;5407852,172499999403954;9,270604030000072;48,823333148000074;1
208819;08240817118400155010;08;1;18;048;2024;08;11;7;3;2;7;0;0;1;0;0;0;0;1;514040,183299999684095;5416201,041500000283122;9,191567960000043;48,898596676000068;1
208820;08240817117300111410;08;1;17;026;2024;08;12;7;3;5;3;0;0;1;1;0;0;0;0;550037,444000000134110;5394260,828999999910593;9,680027632000076;48,699376291000078;1
208821;08240820111230110490;08;1;11;000;2024;08;18;3;3;5;3;0;0;1;1;0;0;0;0;511776,031999999657273;5395366,119000000879169;9,160077782000030;48,711215243000026;1
208822;08240817116200113720;08;1;16;080;2024;08;10;7;3;8;1;0;0;1;0;0;0;0;0;521628,121500000357628;5395348,185000000521541;9,294000043000040;48,710790018000068;1
208823;08240817116200100170;08;1;16;047;2024;08;08;7;2;0;1;0;0;1;0;0;0;0;0;519706,197700000368059;5392887,142999999225140;9,267757396000036;48,688714212000036;1
208825;08240827111330148760;08;1;11;000;2024;08;08;3;3;0;7;0;0;1;0;0;0;0;0;510255,196700000204146;5409838,612600000575185;9,139765293000039;48,841435802000035;1
208826;08240817115200109380;08;1;15;037;2024;08;08;7;3;6;7;0;0;0;1;1;0;0;0;492507,581600000150502;5386675,521900000050664;8,898308954000072;48,633099804000040;1
208827;08240817111240100660;08;1;11;000;2024;08;18;7;2;0;7;0;0;1;0;0;0;0;0;515748,024600000120699;5403962,017200000584126;9,214399554000067;48,788455815000077;1
208828;08240817111210141110;08;1;11;000;2024;08;10;7;3;3;6;0;0;1;1;0;0;0;0;513048,697999999858439;5398574,064300000667572;9,177479235000021;48,740048597000055;1
208830;08240816437200097290;08;4;37;104;2024;08;10;6;3;9;1;0;0;1;0;0;0;0;0;516249,101300000213087;5326557,478199999779463;9,218218153000066;48,092078498000035;1
208831;08240816436000096640;08;4;37;076;2024;08;13;6;3;5;3;0;0;1;1;0;0;0;0;524842,575899999588728;5322063,124500000849366;9,333361727000067;48,051366054000027;1
208832;08240816436000096290;08;4;37;076;2024;08;09;6;2;8;1;0;0;1;0;0;0;0;0;525140,145999999716878;5321996,911000000312924;9,337350848000028;48,050758679000069;1
208833;08240816435100123230;08;4;35;016;2024;08;15;6;3;0;1;0;0;1;0;0;0;0;0;533572,682000000029802;5278678,604199999943376;9,447138858000073;47,660629933000052;1
208835;08240816416200107140;08;4;16;009;2024;08;11;6;2;5;3;0;0;1;1;0;0;0;0;507647,466799999587238;5384163,084499999880791;9,103749108000045;48,610495550000053;1
208836;08240828436000129350;08;4;35;030;2024;08;10;4;3;3;6;0;0;1;0;0;0;0;1;543324,517099999822676;5273451,205399999395013;9,576495377000072;47,613017789000025;1
208840;08240816317600112720;08;3;17;145;2024;08;13;6;3;0;7;0;0;1;1;0;0;0;0;443095,120900000445545;5349839,681299999356270;8,232704358000035;48,299193282000033;1
208847;08240816221400107240;08;2;26;018;2024;08;08;6;3;6;4;0;0;0;1;1;0;0;0;473073,680399999953806;5472169,615199999883771;8,628871517000050;49,401618816000052;1
208848;08240816216100122840;08;2;16;023;2024;08;18;6;3;5;3;0;0;1;1;0;0;0;0;436988,874300000257790;5408428,770199999213219;8,141504251000072;48,825641144000031;1
208850;08240816212010128230;08;2;12;000;2024;08;19;6;2;1;5;0;0;1;1;0;0;0;0;453902,194600000046194;5428370,674200000241399;8,369669813000030;49,006508323000048;1
208851;08240816212010114810;08;2;15;101;2024;08;08;6;2;5;3;0;0;1;1;0;0;0;0;466784,853699999861419;5426794,799499999731779;8,545946119000064;48,993160627000066;1
208853;08240816136000123000;08;1;36;044;2024;08;16;6;3;0;1;0;0;1;0;0;0;0;0;558225,740000000223517;5408947,869999999180436;9,793377728000053;48,830777526000077;1
208855;08240816119100108110;08;1;19;008;2024;08;20;6;3;3;6;0;0;1;1;0;0;0;0;533304,484000000171363;5422535,674300000071526;9,454926345000047;48,954843394000079;1
208860;08240816111120122280;08;1;11;000;2024;08;11;6;3;6;7;0;0;0;1;1;0;1;0;513441,470099999569356;5401683,083300000056624;9,182922926000060;48,768008845000054;1
208861;08240815436400095510;08;4;36;082;2024;08;17;5;3;1;5;0;0;1;1;0;0;0;0;547004,754599999636412;5294066,976399999111891;9,627686287000074;47,798243658000047;1
208862;08240828212302129720;08;2;12;000;2024;08;10;4;3;0;1;0;0;1;0;0;0;0;0;455828,348100000061095;5428739,041600000113249;8,395965921000027;49,009962694000080;1
208865;08240815436000114070;08;4;37;088;2024;08;23;5;3;0;1;2;0;1;0;0;0;0;0;518393,360399999655783;5308217,730799999088049;9,246227638000050;47,927015871000037;1
208866;08240815436000108740;08;4;35;066;2024;08;12;5;3;0;1;0;0;1;0;0;0;0;0;517856,745000000111759;5286372,885700000450015;9,238143333000039;47,730484701000080;1
208869;08240815417000152490;08;4;17;079;2024;08;14;5;3;5;7;0;0;1;1;0;0;0;0;501769,856499999761581;5343271,489399999380112;9,023838052000031;48,242657903000065;1
208870;08240815416200120110;08;4;16;041;2024;08;16;5;3;0;7;0;0;1;0;0;0;0;0;504968,282800000160933;5375536,624099999666214;9,067299012000035;48,532916485000044;1
208873;08240815335200094690;08;3;35;063;2024;08;11;5;3;0;1;0;0;1;0;0;0;0;0;495094,855000000447035;5288820,612999999895692;8,934555532000047;47,752736781000067;1
208874;08240815335000114390;08;3;35;028;2024;08;08;5;2;6;4;0;0;0;1;1;0;0;0;483312,256199999712408;5287111,764499999582767;8,777418391000026;47,737164083000039;1
208877;08240815317000099350;08;3;17;065;2024;08;09;5;3;0;1;0;0;1;0;0;0;0;0;416164,258999999612570;5354873,609999999403954;7,868633988000056;48,341477572000031;1
208878;08240815311300119890;08;3;11;000;2024;08;13;5;3;3;3;0;0;1;0;0;0;0;0;402710,847000000067055;5313320,846999999135733;7,696627011000032;47,965798460000030;1
208879;08240902136100185570;08;1;36;088;2024;09;10;2;3;2;7;0;0;1;0;0;0;0;1;579894,135999999940395;5410023,718200000002980;10,088790519000042;48,838044275000073;1
208880;08240815226600099760;08;2;21;000;2024;08;00;5;3;6;4;2;0;1;0;1;0;0;0;476792,902099999599159;5475283,140300000086427;8,679951009000035;49,429777602000058;1
208881;08240815226500110940;08;2;26;085;2024;08;15;5;3;5;7;0;0;1;1;0;0;0;0;491197,943799999542534;5455065,692600000649691;8,879056490000039;49,248299500000030;1
208884;08240815222200108560;08;2;22;000;2024;08;11;5;3;6;7;0;0;0;0;1;0;0;1;461178,863599999807775;5481962,030600000172853;8,463970935000020;49,489054519000035;1
208885;08240815216100119710;08;2;16;043;2024;08;21;5;3;3;6;2;0;1;0;0;0;0;1;441591,097000000067055;5413480,797299999743700;8,203480220000074;48,871533916000033;1
208886;08240815216100097500;08;2;16;023;2024;08;17;5;2;5;2;0;0;1;0;0;0;0;0;436970,768799999728799;5407598,228000000119209;8,141385228000047;48,818168676000028;1
208889;08240815128100124820;08;1;28;058;2024;08;18;5;3;3;6;0;0;1;1;0;0;0;0;559474,998999999836087;5481777,775000000372529;9,821157383000070;49,485724510000068;1
208891;08240815121200120600;08;1;21;000;2024;08;09;5;3;0;7;0;0;1;0;0;0;0;0;515763,018799999728799;5443268,024000000208616;9,216126306000035;49,142036842000039;1
208893;08240815119200095870;08;1;19;020;2024;08;17;5;3;0;7;0;0;1;0;0;0;0;0;520303,764299999922514;5406051,039000000804663;9,276525719000063;48,807116243000053;1
208895;08240815117100093990;08;1;17;042;2024;08;15;5;3;5;3;0;0;1;1;0;0;0;0;554097,581000000238419;5393648,152000000700355;9,735121602000049;48,693526166000026;1
208897;08240815116500152600;08;1;16;049;2024;08;13;5;2;5;3;0;0;1;1;0;0;0;0;524832,170599999837577;5386227,565300000831485;9,337005688000033;48,628621755000040;1
208899;08240815116100581060;08;1;16;019;2024;08;21;5;3;6;4;0;0;0;1;1;0;0;0;522334,429399999789894;5396857,912399999797344;9,303682781000020;48,724346527000080;1
208900;08240829119300144580;08;1;19;067;2024;08;20;5;3;0;7;0;0;1;0;0;0;0;0;539013,756000000052154;5405969,657500000670552;9,531328723000058;48,805491273000030;1
208901;08240815116100119580;08;1;16;019;2024;08;20;5;3;0;1;0;0;1;0;0;0;0;0;525049,889000000432134;5397960,808000000193715;9,340671444000066;48,734164823000071;1
208904;08240814436300092050;08;4;36;081;2024;08;13;4;3;0;1;0;0;1;0;0;0;0;0;562139,866799999959767;5281100,644200000911951;9,827924869000071;47,680307019000054;1
208905;08240814421300133270;08;4;25;039;2024;08;19;4;3;0;3;0;1;1;1;0;0;0;0;566020,677500000223517;5352651,198699999600649;9,890637192000042;48,323598942000046;1
208906;08240814421300094760;08;4;25;039;2024;08;13;4;3;5;3;0;0;1;1;0;0;0;0;565803,062400000169873;5353867,051599999889731;9,887891728000056;48,334558946000072;1
208907;08240814421200115180;08;4;21;000;2024;08;09;4;3;0;1;0;0;1;0;0;0;0;0;573769,878600000403821;5361351,306600000709295;9,996686257000022;48,401001753000060;1
208908;08240814417200095230;08;4;17;002;2024;08;13;4;3;1;5;0;0;1;1;0;0;0;0;489802,214999999850988;5346982,745200000703335;8,862557599000070;48,275967592000029;1
208910;08240814415400101660;08;4;15;061;2024;08;09;4;3;0;1;0;0;1;0;0;0;0;0;513146,106499999761581;5371842,134999999776483;9,177956768000058;48,499561588000063;1
208912;08240814335300106170;08;3;35;075;2024;08;17;4;2;5;2;0;0;1;1;0;0;0;0;491484,383600000292063;5288652,423299999907613;8,886387976000037;47,751185908000082;1
208914;08240814335100094490;08;3;35;043;2024;08;10;4;3;0;1;0;0;1;0;0;0;0;0;515505,472000000067055;5280104,710100000724196;9,206563307000067;47,674146965000034;1
208915;08240814311300107380;08;3;11;000;2024;08;13;4;3;5;3;0;0;1;0;0;0;0;0;413641,223000000230968;5315734,879000000655651;7,842541965000066;47,989081801000054;1
208917;08240814311010117380;08;3;11;000;2024;08;20;4;3;0;7;1;0;1;0;0;0;0;0;414763,852199999615550;5316012,096000000834465;7,857530289000067;47,991726096000036;1
208918;08240814226600129130;08;2;26;107;2024;08;09;4;3;5;3;0;0;1;1;0;0;0;0;475554,919999999925494;5483164,370999999344349;8,662391566000053;49,500618653000060;1
208919;08240825212010120180;08;2;12;000;2024;08;13;1;3;5;2;0;0;1;1;0;0;0;0;455431,899000000208616;5427606,682000000029802;8,390669208000077;48,999748500000067;1
208920;08240814226095131580;08;2;21;000;2024;08;15;4;3;3;7;0;0;1;0;0;0;0;0;476548,622100000269711;5473445,901599999517202;8,676690791000055;49,413242611000044;1
208921;08240814225200118000;08;2;25;109;2024;08;22;4;3;0;1;2;0;1;0;0;0;0;0;528358,692800000309944;5493262,279100000858307;9,392384432000028;49,591274454000029;1
208923;08240814222200152350;08;2;22;000;2024;08;13;4;3;1;5;0;0;1;1;0;0;0;0;461358,677099999971688;5482120,729000000283122;8,466438111000059;49,490493403000073;1
208927;08240814121400118990;08;1;25;026;2024;08;18;4;3;0;1;0;0;1;0;0;0;0;0;498434,715200000442564;5438293,193199999630451;8,978557645000024;49,097486384000035;1
208929;08240814121200091860;08;1;21;000;2024;08;10;4;3;0;7;0;0;1;0;0;0;0;0;516294,689000000245869;5441265,543999999761581;9,223335031000033;49,124009980000039;1
208931;08240814118100104470;08;1;18;079;2024;08;17;4;3;5;3;0;0;1;1;0;0;0;0;507270,190999999642372;5421564,403999999165535;9,099292212000023;48,946960451000052;1
208933;08240814116400153620;08;1;16;033;2024;08;16;4;3;0;3;0;0;1;1;0;0;0;0;534117,583399999886751;5386960,653999999165535;9,463077765000037;48,634778903000040;1
208934;08240814111240094850;08;1;11;000;2024;08;16;4;3;0;7;0;0;1;0;0;0;0;0;518935,352599999867380;5404712,569399999454618;9,257827213000041;48,795118789000071;1
208935;08240820111500107480;08;1;11;000;2024;08;15;3;3;6;6;0;0;0;1;1;0;0;0;513893,135300000198185;5400309,451999999582767;9,189023159000044;48,755641820000051;1
208937;08240831326100150050;08;3;26;012;2024;08;12;7;3;5;3;0;0;1;0;0;0;0;0;463583,268500000238419;5310862,010199999436736;8,512280785000030;47,950035621000040;1
208938;08240813436000090230;08;4;35;030;2024;08;16;3;3;1;7;0;0;1;1;0;0;0;0;540587,852800000458956;5271725,805999999865890;9,539922047000061;47,597670882000045;1
208939;08240813436000088090;08;4;35;030;2024;08;09;3;2;5;3;0;0;1;0;0;0;0;0;540870,331000000238419;5273390,838300000876188;9,543834812000057;47,612634101000026;1
208940;08240813435100117820;08;4;35;016;2024;08;18;3;3;0;1;0;0;1;0;0;0;0;0;535031,669200000353158;5277608,953299999237061;9,466484049000030;47,650928452000073;1
208942;08240813416010148640;08;4;15;092;2024;08;16;3;3;2;6;0;0;1;0;0;0;0;1;519002,151399999856949;5364559,155099999159575;9,256897521000042;48,433891412000037;1
208943;08240813337010114270;08;3;37;116;2024;08;16;3;3;5;2;0;0;1;0;0;1;0;0;418053,860199999995530;5276687,685499999672174;7,909055726000076;47,638400317000048;1
208944;08240813337010101710;08;3;37;096;2024;08;14;3;3;4;6;0;0;1;1;0;0;0;0;418479,555900000035763;5268469,078199999406934;7,916250156000046;47,564517820000049;1
208946;08240813336100108350;08;3;36;050;2024;08;19;3;3;0;1;0;0;1;0;0;0;0;0;402470,360199999995530;5275323,523700000718236;7,701947978000021;47,623968982000065;1
208947;08240813335200092360;08;3;35;063;2024;08;18;3;3;2;6;0;0;1;0;0;0;0;0;497774,918300000019372;5287577,632699999958277;8,970319300000028;47,741567781000072;1
208948;08240813326400161420;08;3;26;074;2024;08;11;3;2;6;7;0;0;0;0;1;0;0;1;460579,962399999611080;5320373,737500000745058;8,471186416000023;48,035433039000054;1
208949;08240813325202090040;08;3;25;049;2024;08;14;3;3;8;1;0;0;1;0;0;0;0;0;471233,156799999997020;5335362,994899999350309;8,613082615000053;48,170857580000074;1
208950;08240813317500158850;08;3;17;096;2024;08;13;3;3;0;1;0;0;1;0;0;0;0;0;422393,521999999880791;5369460,084000000730157;7,949985081000023;48,473479469000040;1
208953;08240829311010132610;08;3;15;098;2024;08;12;5;3;5;3;0;0;1;1;0;0;0;0;405881,955699999816716;5312677,707499999552965;7,739240006000045;47,960487554000053;1
208955;08240813311010114220;08;3;15;131;2024;08;08;3;3;5;2;0;0;1;1;0;0;0;0;405390,584300000220537;5308337,791600000113249;7,733613420000040;47,921377239000037;1
208959;08240813311000096410;08;3;15;006;2024;08;14;3;3;4;6;0;0;1;0;0;1;0;0;403104,194600000046194;5308623,082000000402331;7,702952999000047;47,923601903000076;1
208960;08240813231000099470;08;2;31;000;2024;08;15;3;3;6;3;0;0;0;1;1;0;0;0;477785,978000000119209;5415334,194099999964237;8,696954499000071;48,890559633000066;1
208961;08240813226100101640;08;2;26;013;2024;08;14;3;3;3;3;0;0;1;1;0;0;0;0;499129,114000000059605;5479092,226600000634789;8,987981144000059;49,464482259000079;1
208963;08240813215402090480;08;2;15;103;2024;08;10;3;3;5;3;0;0;1;1;0;0;0;0;465364,622999999672174;5441553,582499999552965;8,525269392000041;49,125841019000063;1
208964;08240813212010148700;08;2;12;000;2024;08;20;3;2;0;7;1;1;1;0;0;0;0;0;463263,826999999582767;5428148,043999999761581;8,497692834000077;49,005133975000035;1
208965;08240813136000102600;08;1;36;065;2024;08;22;3;3;0;1;2;0;1;0;0;0;0;0;556575,606999999843538;5407685,698999999091029;9,770721222000077;48,819576738000080;1
208966;08240813128100102690;08;1;28;007;2024;08;10;3;3;5;3;0;0;1;1;0;0;0;0;556687,700299999676645;5481721,345699999481440;9,782669585000065;49,485483746000057;1
208969;08240814119200104920;08;1;19;020;2024;08;11;4;3;5;3;0;0;1;0;0;0;0;1;519493,846300000324845;5408507,053400000557303;9,265611929000045;48,829236002000073;1
208970;08240813119400116420;08;1;19;091;2024;08;11;3;3;0;1;0;0;1;0;0;0;0;0;525854,286999999545515;5405198,700999999418855;9,352065677000041;48,799242692000064;1
208972;08240813118200100870;08;1;18;080;2024;08;09;3;3;5;3;0;0;1;1;0;0;0;0;509464,067400000058115;5408653,694000000134110;9,128955873000052;48,830789018000075;1
208974;08240813111500148710;08;1;11;000;2024;08;06;3;2;1;5;1;0;1;1;0;0;0;0;513149,004999999888241;5403239,790799999609590;9,178992611000069;48,782019118000051;1
208975;08240813111500089090;08;1;11;000;2024;08;20;3;2;5;3;2;0;1;1;0;0;0;0;512564,437099999748170;5409230,138000000268221;9,171218513000042;48,835919621000073;1
208979;08240812435100087540;08;4;35;016;2024;08;13;2;3;6;1;0;0;0;0;1;0;0;1;531799,578700000420213;5279930,729699999094009;9,423615553000047;47,671985489000065;1
208981;08240819311010107970;08;3;15;095;2024;08;15;2;2;8;1;0;0;1;0;0;0;0;0;428178,831100000068545;5317583,754499999806285;8,037047216000076;48,007512112000029;1
208982;08240812426100086110;08;4;26;120;2024;08;10;2;3;0;1;0;0;1;0;0;0;0;0;563015,105399999767542;5319864,198000000789762;9,845233718000031;48,028956372000039;1
208984;08240812325202269050;08;3;25;049;2024;08;12;2;2;1;1;0;0;1;0;0;0;0;1;473204,341500000096858;5333310,471300000324845;8,639724044000047;48,152477709000038;1
208985;08240812317500101410;08;3;17;034;2024;08;18;2;3;5;3;0;0;1;1;0;0;0;0;428401,849899999797344;5360079,622400000691414;8,032867851000049;48,389813004000075;1
208986;08240813415400090530;08;4;15;061;2024;08;17;3;3;2;6;0;0;1;0;0;0;0;0;516454,218999999575317;5373298,096899999305606;9,222795252000026;48,512581952000062;1
208988;08240812317000099200;08;3;17;151;2024;08;11;2;3;5;3;0;0;1;1;0;0;0;0;411294,722099999897182;5368746,591199999675155;7,800001914000063;48,465594219000081;1
208989;08240812311010099280;08;3;11;000;2024;08;13;2;3;5;3;0;0;1;0;0;0;0;0;412975,100800000131130;5318156,817399999126792;7,833124654000073;48,010777612000027;1
208990;08240812226700146530;08;2;26;103;2024;08;12;2;3;6;4;0;0;0;1;1;0;0;0;473436,059999999590218;5456684,293999999761581;8,634897726000077;49,262345617000051;1
208991;08240812226700109210;08;2;26;060;2024;08;07;2;3;0;7;0;0;1;0;0;0;0;0;477211,235999999567866;5463367,219599999487400;8,686402830000077;49,322611001000041;1
208993;08240812226400148570;08;2;26;062;2024;08;19;2;3;0;7;0;0;1;0;0;0;0;0;471474,920400000177324;5466519,203900000080466;8,607241357000021;49,350721579000037;1
208994;08240812226400102430;08;2;26;084;2024;08;11;2;2;5;3;0;0;1;1;0;0;0;0;469117,086099999956787;5469928,532600000500679;8,574512957000024;49,381272930000080;1
208996;08240812222500098800;08;2;22;000;2024;08;08;2;3;0;7;0;0;1;0;0;0;0;0;462290,311499999836087;5477951,371700000017881;8,479698978000044;49,453050707000045;1
209000;08240812136200087670;08;1;36;019;2024;08;19;2;3;3;2;0;0;1;0;0;0;0;0;582705,995000000111759;5424447,907999999821186;10,130024054000046;48,967407531000049;1
209001;08240815136000093770;08;1;27;079;2024;08;10;5;2;0;1;0;0;1;0;0;0;0;0;561513,282700000330806;5420896,082699999213219;9,839966611000023;48,937932732000036;1
209002;08240812136000146590;08;1;36;065;2024;08;17;2;3;1;5;0;0;1;1;0;0;0;0;559931,516699999570847;5405732,325699999928474;9,816148335000037;48,801691448000042;1
209004;08240812127202089300;08;1;27;102;2024;08;19;2;3;0;1;0;0;1;0;0;0;0;0;585761,275899999774992;5435005,122300000861287;10,173990722000042;49,061939602000052;1
209005;08240812127100112950;08;1;27;076;2024;08;10;2;3;5;2;0;0;1;1;0;0;0;0;557987,983799999579787;5440083,902599999681115;9,794576673000051;49,110862192000070;1
209006;08240812119500113820;08;1;19;085;2024;08;12;2;3;6;7;0;0;0;1;1;0;0;0;531837,516499999910593;5414019,628900000825524;9,434224258000029;48,878314691000071;1
209007;08240812111500144510;08;1;11;000;2024;08;08;2;2;5;3;0;0;1;0;0;0;0;1;512242,963000000454485;5408805,937999999150634;9,166825060000065;48,832110009000075;1
209009;08240820116100118960;08;1;16;019;2024;08;10;3;3;0;7;0;0;1;0;0;0;0;0;520798,982400000095367;5401319,955800000578165;9,283030786000040;48,764539787000047;1
209011;08240811426300086400;08;4;26;097;2024;08;17;1;3;5;3;0;0;1;1;0;0;0;0;535008,353299999609590;5330794,818900000303984;9,470487920000039;48,129446099000063;1
209012;08240811426200100310;08;4;26;070;2024;08;12;1;3;2;2;0;0;1;0;0;0;0;0;562006,220200000330806;5340023,379399999976158;9,834635429000059;48,210408060000077;1
209015;08240811335400127600;08;3;35;021;2024;08;17;1;3;0;7;0;0;1;0;0;0;0;0;491998,862999999895692;5301204,334000000730157;8,893020285000034;47,864127994000057;1
209016;08240811335300110670;08;3;35;035;2024;08;20;1;3;0;1;0;0;1;0;0;0;0;0;485233,839100000448525;5289764,929800000041723;8,802958269000044;47,761082861000034;1
209018;08240811335000084390;08;3;35;063;2024;08;19;1;3;0;1;0;0;1;0;0;0;0;0;497006,417600000277162;5288268,082000000402331;8,960063404000039;47,747777049000035;1
209020;08240811317000084050;08;3;17;065;2024;08;09;1;3;0;1;0;0;1;0;0;0;0;0;413995,292999999597669;5355422,519999999552965;7,839257774000032;48,346123329000079;1
209021;08240811311300083460;08;3;11;000;2024;08;20;1;3;4;6;0;0;1;1;0;0;0;0;409193,737399999983609;5318109,337099999189377;7,782443823000051;48,009824379000065;1
209022;08240811237200083390;08;2;37;074;2024;08;11;1;2;0;7;0;0;1;0;0;0;0;0;468790,559799999929965;5371769,362700000405312;8,577533096000025;48,498269203000063;1
209025;08240827311010146900;08;3;36;050;2024;08;12;3;2;0;3;0;0;1;0;0;0;0;0;399721,855700000189245;5273439,509800000116229;7,665808619000074;47,606601929000078;1
209026;08240811226200107020;08;2;26;032;2024;08;09;1;3;0;7;0;0;1;0;0;0;0;0;466251,612999999895692;5462707,633999999612570;8,535647128000051;49,316170547000070;1
209028;08240811222500098730;08;2;22;000;2024;08;17;1;3;0;7;0;0;1;0;0;0;0;0;466184,152599999681115;5474798,881999999284744;8,533691372000021;49,424924431000079;1
209029;08240811221400144450;08;2;21;000;2024;08;18;1;3;0;4;0;0;0;0;1;0;0;1;473366,907700000330806;5469562,384099999442697;8,633087714000055;49,378180139000051;1
209030;08240811216300144310;08;2;11;000;2024;08;16;1;3;6;4;0;0;1;0;1;0;0;0;443988,201799999922514;5401156,679500000551343;8,237848796000037;48,760898336000025;1
209031;08240811215402160880;08;2;15;009;2024;08;12;1;3;0;7;0;0;1;0;0;0;0;0;470137,851800000295043;5441333,324999999254942;8,590708181000025;49,124110231000031;1
209032;08240811212702146450;08;2;15;108;2024;08;13;1;3;0;7;0;0;1;0;0;0;0;0;450612,219999999739230;5425803,446499999612570;8,324998743000037;48,983161599000027;1
209033;08240811212010110850;08;2;12;000;2024;08;09;1;3;5;3;0;0;1;1;0;0;0;0;458740,703399999998510;5429759,903000000864267;8,435685622000051;49,019347104000076;1
209034;08240811211000128530;08;2;11;000;2024;08;14;1;3;5;3;0;0;1;1;0;0;0;0;443710,194400000385940;5401795,256300000473857;8,233978951000040;48,766617373000031;1
209035;08240811136000106990;08;1;36;034;2024;08;07;1;1;0;7;0;0;1;0;0;0;0;0;564266,952600000426173;5409368,229800000786781;9,875750971000059;48,833962746000054;1
209036;08240824212010147850;08;2;12;000;2024;08;12;7;3;5;3;0;0;1;1;0;0;0;0;457346,468999999575317;5428571,606200000271201;8,416742215000056;49,008563393000031;1
209037;08240811135010110970;08;1;35;019;2024;08;20;1;3;5;3;1;0;0;1;1;0;0;1;584207,272499999962747;5392429,175100000575185;10,143958100000077;48,679225493000047;1
209038;08240811127202097390;08;1;36;018;2024;08;11;1;2;0;7;0;0;1;0;0;0;0;0;589526,960799999535084;5431033,257099999114871;10,224649719000070;49,025682882000069;1
209039;08240811126100097880;08;1;26;046;2024;08;21;1;3;6;7;1;0;0;1;1;0;0;0;549776,557000000029802;5458508,158399999141693;9,684351583000023;49,277301880000039;1
209041;08240811115400098010;08;1;15;045;2024;08;10;1;3;0;7;0;0;1;0;0;0;0;0;498671,265599999576807;5395685,648600000888109;8,981936751000035;48,714199535000034;1
209042;08240811111370083810;08;1;11;000;2024;08;20;1;3;6;2;0;0;0;1;1;0;0;0;511760,946200000122190;5406299,608899999409914;9,160185167000066;48,809572735000074;1
209043;08240820128300110910;08;1;28;131;2024;08;14;3;3;0;7;0;0;1;0;0;0;0;0;535370,551300000399351;5514918,536599999293685;9,491359962000047;49,785685844000056;1
209047;08240810415400082760;08;4;15;061;2024;08;16;7;3;5;2;0;0;1;1;0;0;0;0;513370,996600000187755;5375503,373099999502301;9,181118421000065;48,532494551000070;1
209048;08240810415300141990;08;4;15;059;2024;08;13;7;3;3;5;0;0;1;1;0;0;0;0;516734,058600000105798;5367883,240199999883771;9,226367425000035;48,463860614000055;1
209050;08240819121500108200;08;1;25;005;2024;08;17;2;3;0;1;0;0;1;0;0;0;0;0;516548,958999999798834;5457043,973899999633431;9,227469909000035;49,265933956000026;1
209052;08240810335300082420;08;3;35;075;2024;08;13;7;3;3;5;0;0;1;1;0;0;0;0;488660,802000000141561;5289908,389000000432134;8,848684212000023;47,762443036000036;1
209053;08240810335100081270;08;3;35;043;2024;08;11;7;3;0;1;0;0;1;0;0;0;0;0;513371,281000000424683;5278283,735999999567866;9,178076113000031;47,657810102000042;1
209054;08240810317600091240;08;3;17;085;2024;08;22;7;3;9;1;2;0;1;0;0;0;0;0;433756,364199999719858;5364775,734500000253320;8,104444365000063;48,432641810000064;1
209056;08240810237100081770;08;2;37;045;2024;08;20;7;3;0;1;0;0;1;0;0;0;0;0;459274,748100000433624;5361352,630200000479817;8,449741137000046;48,404014824000058;1
209058;08240810225100141920;08;2;25;058;2024;08;10;7;2;4;2;0;0;1;0;0;0;1;0;508126,963499999605119;5466844,865499999374151;9,111907170000052;49,354264002000036;1
209059;08240810222301105650;08;2;22;000;2024;08;11;7;3;5;3;0;0;1;1;0;0;0;0;463497,949400000274181;5484284,159099999815226;8,495776180000064;49,510084810000080;1
209061;08240810222200142010;08;2;22;000;2024;08;16;7;3;5;3;0;0;1;1;0;0;0;0;460574,695600000210106;5481736,422000000253320;8,455651682000052;49,486986341000033;1
209062;08240810221300141940;08;2;21;000;2024;08;12;7;3;6;7;0;0;0;1;1;0;0;0;477134,395200000144541;5473378,040200000628829;8,684770250000042;49,412654506000081;1
209064;08240816116100135140;08;1;16;019;2024;08;19;6;3;6;3;0;0;1;0;1;0;0;0;522344,471400000154972;5398377,811100000515580;9,303901710000048;48,738019041000030;1
209065;08240810212402083840;08;2;12;000;2024;08;15;7;3;1;5;0;0;1;1;0;0;0;0;455819,181400000117719;5427247,603700000792742;8,396002842000030;48,996546388000070;1
209068;08240810126100083410;08;1;26;046;2024;08;21;7;3;0;7;2;0;1;0;0;0;0;0;551427,749099999666214;5458345,616699999198318;9,707030266000061;49,275703222000061;1
209069;08240810118400088660;08;1;18;048;2024;08;00;7;3;0;6;2;0;1;0;0;0;0;1;513330,396900000050664;5415327,716700000688434;9,181855002000077;48,890756157000055;1
209070;08240810116100095170;08;1;16;019;2024;08;11;7;2;0;1;0;0;1;0;0;0;0;0;521804,130099999718368;5398177,320299999788404;9,296542155000054;48,736234591000027;1