OID_;UIDENTSTLAE;ULAND;UREGBEZ;UKREIS;UGEMEINDE;UJAHR;UMONAT;USTUNDE;UWOCHENTAG;UKATEGORIE;UART;UTYP1;ULICHTVERH;IstStrassenzustand;IstRad;IstPKW;IstFuss;IstKrad;IstGkfz;IstSonstige;LINREFX;LINREFY;XGCSWGS84;YGCSWGS84;PLST
209322;08240804417000084810;08;4;17;054;2024;08;03;1;3;6;7;2;0;1;0;1;0;0;0;476701,257100000046194;5348285,662200000137091;8,685917316000030;48,287342854000030;1
209324;08240804416200106910;08;4;16;041;2024;08;18;1;3;9;7;0;0;1;0;0;0;0;0;502074,764999999664724;5376108,814999999478459;9,028107062000061;48,538080351000076;1
209325;08240804415200125120;08;4;15;053;2024;08;17;1;2;0;7;0;0;1;0;0;0;0;0;533961,002500000409782;5360844,321799999102950;9,458825994000051;48,399842717000070;1
209327;08240804335200081830;08;3;35;098;2024;08;11;1;2;0;7;0;0;1;0;0;0;0;0;503986,627100000157952;5295829,944700000807643;9,053253980000022;47,815809739000031;1
209329;08240804325302080080;08;3;25;051;2024;08;11;1;3;0;1;0;0;1;0;0;0;0;0;451794,162700000219047;5348245,095300000160933;8,350174246000051;48,285570858000028;1
209333;08240804222014071460;08;2;26;076;2024;08;14;1;2;5;3;0;0;1;1;0;0;0;0;474712,367100000381470;5465186,935200000181794;8,651901028000054;49,338880802000062;1
209334;08240804221400094300;08;2;21;000;2024;08;17;1;3;5;5;0;1;1;0;0;0;0;0;476399,173299999907613;5469682,858300000429153;8,674853989000042;49,379388818000052;1
209335;08240804216300091120;08;2;16;015;2024;08;14;1;3;8;1;0;0;1;0;0;0;0;0;448545,718000000342727;5408387,770899999886751;8,298952032000045;48,826337341000055;1
209336;08240804128200072990;08;1;28;137;2024;08;14;1;3;4;6;0;0;1;1;0;0;0;0;560966,304999999701977;5496356,068700000643730;9,844001377000041;49,616690488000074;1
209340;08240804116500090940;08;1;16;049;2024;08;17;1;2;4;2;0;0;1;1;0;0;0;0;524488,227699999697506;5384480,985799999907613;9,332234874000051;48,612922984000079;1
209342;08240804111330071950;08;1;11;000;2024;08;17;1;3;1;5;0;0;1;1;0;0;0;0;510194,346300000324845;5406121,090800000354648;9,138843569000073;48,807994481000037;1
209343;08240803437100071130;08;4;37;100;2024;08;16;7;3;1;5;0;0;1;1;0;0;0;0;537582,168200000189245;5318403,258600000292063;9,503987006000045;48,017815872000028;1
209344;08240803436400073850;08;4;36;009;2024;08;18;7;3;0;7;0;0;1;0;0;0;0;0;552720,232499999925494;5305542,663000000640750;9,705401987000073;47,901044764000062;1
209347;08240930326000241850;08;3;35;043;2024;09;15;2;3;0;1;0;0;1;0;0;0;0;0;512482,222000000067055;5281093,013000000268221;9,166316140000049;47,683104811000078;1
209349;08240930317000263420;08;3;17;089;2024;09;08;2;2;5;3;0;1;1;1;0;0;0;0;431396,380199999548495;5375376,810799999162555;8,070803601000023;48,527748442000075;1
209350;08240930317000259030;08;3;17;057;2024;09;07;2;2;4;6;1;1;1;0;0;0;0;0;414678,989199999719858;5379678,077500000596046;7,843538275000071;48,564386170000034;1
209353;08240930237100260170;08;2;37;028;2024;09;13;2;3;6;1;0;0;0;1;1;0;0;0;456821,722000000067055;5368634,649000000208616;8,415848285000038;48,469360834000042;1
209355;08240930231000256710;08;2;31;000;2024;09;16;2;3;6;2;0;0;0;1;1;0;0;0;477236,231399999931455;5415518,510099999606609;8,689444656000035;48,892197725000074;1
209357;08240930226700259940;08;2;26;041;2024;09;10;2;3;0;5;0;0;1;0;0;0;0;1;477383,109299999661744;5467086,893100000917912;8,688556886000072;49,356075679000071;1
209358;08240930225100260310;08;2;25;058;2024;09;19;2;3;6;4;2;1;0;1;1;0;0;0;507696,962500000372529;5465749,616900000721216;9,105964964000066;49,344417762000035;1
209359;08240930222200251610;08;2;22;000;2024;09;07;2;2;5;5;0;0;1;1;0;0;0;0;460721,974000000394881;5482280,926000000908971;8,457630964000032;49,491893404000052;1
209360;08240930222014257040;08;2;22;000;2024;09;14;2;3;6;7;0;0;0;0;1;0;0;1;461239,175900000147521;5482326,508600000292063;8,464767925000046;49,492336656000077;1
209361;08240930221011261390;08;2;21;000;2024;09;09;2;2;0;7;0;1;1;0;0;0;0;0;477182,081899999640882;5472135,140000000596046;8,685499078000021;49,401476603000049;1
209362;08240930216100241730;08;2;16;009;2024;09;16;2;3;0;1;0;0;1;0;0;0;0;0;447343,253399999812245;5421745,084400000050664;8,280849257000057;48,946386751000034;1
209363;08240930216100241100;08;2;16;043;2024;09;09;2;3;6;4;0;1;0;1;1;0;0;0;441239,022900000214577;5412395,931399999186397;8,198835292000069;48,861742343000060;1
209365;08240930215102243610;08;2;15;109;2024;09;16;2;3;5;7;0;1;1;1;0;0;0;0;460918,630599999800324;5433133,634099999442697;8,465147061000039;49,049836215000028;1
209366;08240930212702320140;08;2;15;046;2024;09;12;2;3;5;3;0;0;1;1;0;0;0;0;450597,358599999919534;5414518,902100000530481;8,326163130000054;48,881654824000066;1
209367;08240930212000258790;08;2;12;000;2024;09;07;2;3;5;2;0;1;1;1;0;0;0;0;455737,366000000387430;5428257,426599999889731;8,394774350000034;49,005623998000033;1
209371;08240930119100260450;08;1;19;008;2024;09;08;2;3;6;3;0;0;0;1;1;0;0;0;531994,898900000378489;5421347,131300000473857;9,436945107000042;48,944221092000078;1
209372;08240930118400251590;08;1;18;048;2024;09;19;2;3;0;7;2;0;1;0;0;0;0;0;516643,752100000157952;5416106,562100000679493;9,227087620000077;48,897682287000066;1
209373;08240930118200267780;08;1;18;067;2024;09;19;2;3;0;1;1;0;1;0;0;0;0;0;505538,482699999585748;5414432,449899999424815;9,075544731000036;48,882821165000053;1
209374;08240930116200251870;08;1;16;078;2024;09;17;2;3;6;4;0;0;0;0;1;0;0;1;512315,010099999606609;5393636,763000000268221;9,167352775000040;48,695647470000040;1
209377;08240930111500269350;08;1;11;000;2024;09;08;2;3;5;3;0;1;1;0;0;0;0;1;511036,961600000038743;5400870,927400000393391;9,150178680000067;48,760750018000067;1
209378;08240929436500238510;08;4;36;081;2024;09;16;1;2;6;7;0;0;0;1;1;0;0;0;557403,799100000411272;5276752,348500000312924;9,764258373000075;47,641623694000032;1
209380;08240929421200263960;08;4;25;008;2024;09;12;1;2;5;3;0;0;1;1;0;0;0;0;564988,177299999631941;5380037,789499999955297;9,880961020000029;48,570059965000041;1
209381;08240929415400250410;08;4;15;061;2024;09;19;1;3;6;1;2;0;1;0;1;0;0;0;515515,480499999597669;5371481,308800000697374;9,210016993000067;48,496261418000074;1
209382;08240929415100240320;08;4;15;050;2024;09;16;1;2;0;1;0;0;1;0;0;0;0;0;521702,085099999792874;5375349,779200000688434;9,293958920000023;48,530879943000059;1
209387;08240929317000258920;08;3;17;047;2024;09;08;1;2;5;2;0;0;1;1;0;0;0;0;418294,619300000369549;5362822,941899999976158;7,895832329000029;48,413260344000037;1
209388;08240929316100264010;08;3;16;011;2024;09;13;1;3;4;1;0;0;1;1;0;0;0;0;414310,912200000137091;5330523,303300000727177;7,848553333000041;48,122197978000031;1
209391;08240929215102252380;08;2;12;000;2024;09;14;1;3;6;6;0;0;0;1;1;0;0;0;460215,316999999806285;5432332,172599999234080;8,455600935000064;49,042581951000045;1
209393;08240929136100248900;08;1;36;089;2024;09;12;1;2;0;1;0;0;1;0;0;0;0;0;582037,937300000339746;5417936,974799999967217;10,119587518000060;48,908937292000076;1
209394;08240929136000260350;08;1;36;027;2024;09;18;1;3;0;7;0;0;1;0;0;0;0;0;553634,875500000081956;5420620,305199999362230;9,732360191000055;48,936185339000076;1
209395;08240929121100236220;08;1;25;006;2024;09;20;1;3;6;7;2;0;0;0;1;0;0;1;508109,076299999840558;5454758,904600000008941;9,111415520000037;49,245549453000081;1
209396;08240929118400267970;08;1;18;048;2024;09;08;1;3;5;3;0;0;1;1;0;0;0;0;515339,374499999918044;5415914,839199999347329;9,209283601000038;48,895991273000050;1
209399;08240929116500236350;08;1;16;049;2024;09;19;1;3;0;1;2;0;1;0;0;0;0;0;524103,347599999979138;5385741,750600000843406;9,327086513000040;48,624279855000054;1
209400;08240929116100258830;08;1;16;019;2024;09;15;1;3;6;4;0;0;1;0;1;0;0;0;522110,643899999558926;5398099,681299999356270;9,300706601000059;48,735525355000050;1
209405;08240928421200236660;08;4;21;000;2024;09;18;7;3;5;2;0;0;1;1;0;0;0;0;573211,427699999883771;5361236,138499999418855;9,989122256000030;48,400030897000079;1
209407;08240928415400257420;08;4;15;061;2024;09;13;7;3;6;7;0;0;1;0;1;0;0;0;516045,732300000265241;5372389,504699999466538;9,217229318000022;48,504418534000081;1
209411;08240928336200233220;08;3;36;069;2024;09;19;7;3;0;1;2;1;1;0;0;0;0;0;408219,561999999918044;5268994,248999999836087;7,779772017000028;47,567872431000069;1
209413;08240928317000252240;08;3;17;005;2024;09;03;7;2;1;5;2;1;1;1;0;0;0;0;423844,032100000418723;5378455,692299999296665;7,967964935000055;48,554571601000077;1
209414;08240928226600484260;08;2;26;096;2024;09;13;7;3;0;7;0;0;0;0;1;0;0;1;476326,009499999694526;5488814,297700000926852;8,672701740000036;49,551468333000059;1
209415;08240928226100234610;08;2;26;013;2024;09;17;7;3;0;7;0;0;1;0;0;0;0;0;498862,022300000302494;5479584,221999999135733;8,984293671000046;49,468907260000037;1
209419;08240928221400257240;08;2;21;000;2024;09;12;7;3;5;2;0;0;1;1;0;0;0;0;474383,618900000117719;5472347,554099999368191;8,646914700000025;49,403275884000038;1
209426;08240928118500236600;08;1;18;021;2024;09;16;7;3;6;1;0;0;0;1;1;0;0;0;521909,961000000126660;5428111,475700000301003;9,299584843000048;49,005509456000027;1
209430;08240928111310236450;08;1;11;000;2024;09;16;7;3;6;4;0;0;0;1;1;0;0;0;516812,320000000298023;5406058,005999999120831;9,228974957000048;48,807283178000034;1
209433;08240927436200243010;08;4;36;064;2024;09;07;6;2;0;1;0;1;1;0;0;0;0;0;546784,005800000391901;5293662,665899999439716;9,624695056000064;47,794622168000046;1
209434;08240927435200232840;08;4;35;066;2024;09;17;6;3;9;7;0;0;1;0;0;0;0;0;516978,351999999955297;5287576,290599999949336;9,226475844000049;47,741336087000036;1
209435;08240927426100261430;08;4;26;021;2024;09;07;6;3;6;6;0;0;1;0;1;0;0;0;559229,579800000414252;5327416,133300000801682;9,795509132000063;48,097257573000036;1
209439;08240927337010257210;08;3;37;116;2024;09;17;6;3;0;1;0;0;1;0;0;0;0;0;418485,637099999934435;5272065,233599999919534;7,915663096000060;47,596870444000047;1
209440;08240927337010242680;08;3;37;022;2024;09;11;6;3;5;3;0;0;1;1;0;0;0;0;450528,734000000171363;5296553,550000000745058;8,339095149000059;47,820430261000070;1
209444;08240927311010245060;08;3;11;000;2024;09;19;6;3;5;3;1;0;1;1;0;0;0;0;413039,867499999701977;5316510,481000000610948;7,834326641000075;47,995977111000059;1
209445;08240927237200238720;08;2;37;024;2024;09;02;6;2;0;1;2;1;1;0;0;0;0;0;479685,069099999964237;5360078,188100000843406;8,725571729000023;48,393537703000050;1
209447;08240927215202233650;08;2;15;064;2024;09;13;6;3;0;1;0;1;1;1;0;0;0;0;481608,938099999912083;5447197,087600000202656;8,747661518000029;49,177306799000064;1
209449;08240927212102266550;08;2;12;000;2024;09;11;6;3;6;7;0;0;0;1;1;0;0;0;460032,451000000350177;5425118,515000000596046;8,453809043000035;48,977681893000067;1
209450;08240927136100247320;08;1;36;088;2024;09;15;6;3;0;3;0;1;1;1;0;0;0;0;578839,413399999961257;5409712,554199999198318;10,074359650000076;48,835380414000042;1
209453;08240927126200256330;08;1;26;066;2024;09;08;6;3;5;2;0;1;1;1;0;0;0;0;536876,112800000235438;5449456,147099999710917;9,506166022000059;49,196794324000052;1
209454;08240927119100233470;08;1;19;008;2024;09;16;6;2;6;7;0;1;0;0;1;0;0;1;531081,007699999958277;5419147,104299999773502;9,424296972000036;48,924477411000055;1
209458;08240927116200265830;08;1;16;078;2024;09;13;6;3;5;3;0;0;1;1;0;0;0;0;509909,318300000391901;5394387,477800000458956;9,134679149000021;48,702443796000068;1
209462;08240927111500252280;08;1;11;000;2024;09;15;6;3;0;7;0;0;1;0;0;0;0;0;513379,329900000244379;5403855,262700000777841;9,182147959000076;48,787550935000070;1
209464;08240926426000237900;08;4;25;039;2024;09;14;5;3;6;4;0;0;0;1;1;0;0;0;566164,580799999646842;5352963,885099999606609;9,892627326000024;48,326396691000070;1
209466;08240926311010253010;08;3;15;131;2024;09;07;5;3;1;6;0;1;1;0;0;0;0;0;405658,057099999859929;5308508,331700000911951;7,737155413000039;47,922950689000061;1
209467;08240926311010241170;08;3;11;000;2024;09;06;5;2;0;7;2;1;1;0;0;0;0;0;413269,444799999706447;5317976,317800000309944;7,837107037000067;48,009193978000042;1
209468;08240926311010237990;08;3;11;000;2024;09;17;5;3;6;4;0;1;1;0;1;0;0;0;413584,379300000146031;5317277,757899999618530;7,841469565000068;48,002952862000029;1
209469;08240926311010227890;08;3;11;000;2024;09;16;5;3;5;2;0;1;1;0;0;0;0;0;416438,331000000238419;5315976,294999999925494;7,879976787000032;47,991625059000057;1
209470;08240926237200239060;08;2;37;040;2024;09;14;5;3;0;1;0;1;1;0;0;0;0;0;477442,921900000423193;5365427,253699999302626;8,694995940000069;48,441583825000066;1
209471;08240926222301251830;08;2;22;000;2024;09;07;5;3;5;3;0;1;1;1;0;0;0;0;465684,478400000371039;5481936,401900000870228;8,526182772000027;49,489095533000068;1
209472;08240926221200266440;08;2;21;000;2024;09;16;5;3;3;6;0;0;1;0;0;1;0;0;476236,139899999834597;5472865,553099999204278;8,672417609000036;49,408010352000076;1
209473;08240926211000242800;08;2;11;000;2024;09;12;5;3;6;4;0;1;0;1;1;0;0;0;443697,349600000306964;5401812,767899999395013;8,233801772000049;48,766773731000058;1
209474;08240926136000229940;08;1;36;065;2024;09;17;5;3;5;2;0;1;1;1;0;0;0;0;558716,063400000333786;5405264,669800000265241;9,799531111000022;48,797600858000067;1
209475;08240926121500269220;08;1;25;078;2024;09;20;5;2;0;1;2;1;1;0;0;0;0;0;517162,537100000306964;5454080,613299999386072;9,235776648000069;49,239261187000068;1
209477;08240926121200254910;08;1;21;000;2024;09;13;5;3;0;7;0;0;1;0;0;0;0;0;515546,092699999921024;5444530,836500000208616;9,213200793000055;49,153401777000056;1
209478;08240926121200253780;08;1;21;000;2024;09;16;5;3;2;6;0;1;1;1;0;0;0;0;515621,220499999821186;5441427,874299999326468;9,214110826000024;49,125487685000053;1
209480;08240926119100227560;08;1;19;008;2024;09;13;5;3;0;7;0;1;1;0;0;0;0;0;531554,221199999563396;5421781,529799999669194;9,430960727000070;48,948151340000038;1
209484;08240926116100262350;08;1;16;056;2024;09;11;5;3;0;7;0;0;0;0;1;0;0;1;530582,001699999906123;5395587,651799999177456;9,415728750000028;48,712569375000044;1
209488;08240926111500260280;08;1;11;000;2024;09;06;5;3;6;4;2;1;0;1;1;0;0;0;519378,429800000041723;5401028,499099999666214;9,263686522000057;48,761963725000044;1
209493;08240925436000221170;08;4;35;066;2024;09;08;4;3;5;3;0;0;1;0;0;0;0;1;518325,892199999652803;5286833,368100000545382;9,244419361000041;47,734614750000048;1
209494;08240925426000249230;08;4;26;014;2024;09;12;4;2;0;1;0;0;1;0;0;0;0;0;549306,203399999998510;5317212,906099999323487;9,661063033000062;48,006309504000058;1
209495;08240925421300240470;08;4;21;000;2024;09;15;4;3;1;1;0;0;1;1;0;0;0;0;570613,305999999865890;5361035,502299999818206;9,953991765000069;48,398522495000066;1
209496;08240925416200241570;08;4;16;041;2024;09;18;4;3;5;3;0;0;1;0;0;0;0;1;507210,164900000207126;5376932,401300000026822;9,097691058000066;48,545451596000078;1
209497;08240925416100226630;08;4;16;036;2024;09;19;4;3;8;1;2;0;1;0;0;0;0;0;494910,127999999560416;5369066,932000000029802;8,931132872000035;48,474711647000049;1
209498;08240925335300249570;08;3;35;075;2024;09;07;4;3;6;2;0;0;0;1;1;0;0;0;487771,239900000393391;5288591,778699999675155;8,836850546000051;47,750580526000078;1
209499;08240925325000228360;08;3;25;050;2024;09;16;4;2;6;2;0;0;0;1;1;0;0;0;453641,376199999824166;5351150,805600000545382;8,374754406000022;48,311849154000072;1
209500;08240925317600226810;08;3;17;051;2024;09;13;4;3;6;7;0;0;0;1;1;0;0;0;442813,630400000140071;5340160,491699999198318;8,230217402000051;48,212094192000052;1
209501;08240925317500223110;08;3;17;096;2024;09;10;4;3;0;7;0;1;1;0;0;0;0;0;421971,847400000318885;5369235,853700000792742;7,944322679000038;48,471410351000031;1
209503;08240925311200226610;08;3;11;000;2024;09;13;4;3;1;5;0;0;1;1;0;0;0;0;415143,858400000259280;5317938,626599999144673;7,862241652000023;48,009106571000075;1
209505;08240925311010252120;08;3;11;000;2024;09;10;4;3;5;3;0;0;1;1;0;0;0;0;413229,979299999773502;5318296,293199999257922;7,836513242000024;48,012066900000036;1
209506;08240925311010222280;08;3;11;000;2024;09;08;4;3;1;7;0;0;1;1;0;0;0;0;411237,081699999980628;5316885,941099999472499;7,810088537000070;47,999106727000026;1
209507;08240925311010221920;08;3;11;000;2024;09;12;4;3;5;2;0;0;1;1;0;0;0;0;413820,577999999746680;5316998,651300000026822;7,844691561000047;48,000474088000033;1
209512;08240925221300223270;08;2;26;012;2024;09;09;4;3;4;2;0;1;1;1;0;0;0;0;475936,594999999739230;5477569,235999999567866;8,668003097000053;49,450307237000061;1
209514;08240925215302221330;08;2;15;007;2024;09;10;4;2;0;7;0;1;1;0;0;0;0;0;478469,428000000305474;5431000,981000000610948;8,705449308000027;49,031515262000028;1
209515;08240925212010243090;08;2;15;101;2024;09;16;4;2;5;3;0;0;1;1;0;0;0;0;466322,088600000366569;5426706,952600000426173;8,539627575000054;48,992345347000025;1
209516;08240925212010234800;08;2;12;000;2024;09;01;4;3;6;4;2;0;0;1;1;0;0;0;453560,763500000350177;5428908,870899999514222;8,364939899000035;49,011323831000027;1
209518;08240925121200260690;08;1;21;000;2024;09;19;4;2;6;7;2;0;0;1;1;0;0;0;516492,062099999748170;5442942,431099999696016;9,226108794000027;49,139088886000081;1
209519;08240925121200253120;08;1;21;000;2024;09;17;4;3;6;4;0;0;0;1;1;0;0;0;515866,253399999812245;5443419,960799999535084;9,217547724000042;49,143400906000068;1
209521;08240925118600221940;08;1;18;076;2024;09;14;4;3;5;3;0;0;1;1;0;0;0;0;504778,073800000362098;5422951,160099999979138;9,065272568000069;48,959459547000051;1
209522;08240925116100251730;08;1;16;019;2024;09;14;4;3;5;3;0;0;1;1;0;0;0;0;526679,580699999816716;5396182,361300000920892;9,362719268000035;48,718098502000032;1
209523;08240925115300258770;08;1;15;028;2024;09;07;4;3;0;7;0;0;1;0;0;0;0;0;501377,568500000052154;5404805,831700000911951;9,018757635000043;48,796244596000065;1
209524;08240925115100265570;08;1;15;024;2024;09;12;4;3;0;5;0;0;1;1;0;0;0;0;500943,081199999898672;5386497,296299999579787;9,012799599000061;48,631540632000053;1
209525;08240925111500588680;08;1;11;000;2024;09;17;4;3;0;7;0;0;1;0;0;0;0;0;514339,649600000120699;5403874,846200000494719;9,195222485000045;48,787705705000064;1
209530;08240924416010247690;08;4;15;061;2024;09;13;3;3;6;4;0;0;0;1;1;0;0;0;515304,497100000269711;5369478,436000000685453;9,207087775000048;48,478248024000038;1
209531;08240924336100253820;08;3;36;050;2024;09;20;3;3;6;4;2;0;0;1;1;0;0;0;401916,731499999761581;5276748,785299999639392;7,694262173000027;47,636706224000079;1
209532;08240924335200265430;08;3;35;063;2024;09;18;3;3;5;3;0;1;1;1;0;0;0;0;497361,370099999941885;5287413,395800000056624;8,964803915000061;47,740088484000069;1
209533;08240924335100218050;08;3;35;043;2024;09;12;3;3;0;1;0;0;1;0;0;0;0;0;512711,767799999564886;5278743,765599999576807;9,169306267000024;47,661962599000049;1
209534;08240924327100263540;08;3;27;050;2024;09;12;3;3;3;7;0;0;1;1;0;0;0;0;486462,301199999637902;5314464,652699999511242;8,818576934000021;47,983341724000070;1
209536;08240924317000218470;08;3;17;096;2024;09;15;3;2;6;4;0;0;0;1;1;0;0;0;422864,323900000192225;5368971,840299999341369;7,956443990000025;48,469145673000071;1
209538;08240924311300265000;08;3;11;000;2024;09;00;3;3;5;3;2;1;1;1;0;0;0;0;410010,466000000014901;5316787,353000000119209;7,793669564000027;47,998048421000078;1
209541;08240924311010252450;08;3;11;000;2024;09;17;3;3;5;2;0;0;1;1;0;0;0;0;413098,420500000007451;5316617,696499999612570;7,835089645000039;47,996949512000072;1
209543;08240924311010235080;08;3;11;000;2024;09;13;3;3;4;7;0;0;1;1;0;0;0;0;413443,285000000149012;5314760,135999999940395;7,840086069000051;47,980286872000079;1
209545;08240924237100232030;08;2;37;028;2024;09;13;3;3;0;1;0;0;1;0;0;0;0;0;459106,508399999700487;5369111,416999999433756;8,446710608000046;48,473802579000051;1
209547;08240924231202223290;08;2;36;071;2024;09;17;3;3;5;3;0;0;1;1;0;0;0;0;468302,117200000211596;5421494,960100000724196;8,567099532000043;48,945566172000042;1
209548;08240924231000256450;08;2;31;000;2024;09;08;3;3;6;4;0;0;0;1;1;0;0;0;477902,494599999859929;5416169,137199999764562;8,698498842000049;48,898074662000056;1
209553;08240924212010235150;08;2;12;000;2024;09;18;3;3;5;3;0;0;1;1;0;0;0;0;460957,487999999895692;5427422,177300000563264;8,466228588000035;48,998463053000080;1
209554;08240924121600222790;08;1;25;102;2024;09;16;3;3;6;4;0;0;0;1;1;0;0;0;521740,255199999548495;5443331,443199999630451;9,298082443000055;49,142424835000043;1
209556;08240924121200234790;08;1;21;000;2024;09;08;3;3;3;3;0;1;0;0;1;0;0;1;516544,421699999831617;5442476,759299999102950;9,226807533000056;49,134898605000046;1
209557;08240924121200232560;08;1;21;000;2024;09;21;3;3;5;3;2;0;1;1;0;0;0;0;515942,547799999825656;5442363,162000000476837;9,218552013000021;49,133892672000059;1
209558;08240924119300222310;08;1;19;067;2024;09;07;3;3;5;3;0;1;1;1;0;0;0;0;538873,305800000205636;5405515,736500000581145;9,529373039000063;48,801416809000045;1
209560;08240924117400249050;08;1;17;018;2024;09;07;3;3;5;3;0;0;1;1;0;0;0;0;538595,542799999937415;5396504,651900000870228;9,524745562000021;48,720373887000051;1
209562;08240924116500249890;08;1;16;071;2024;09;12;3;3;6;4;0;0;0;0;1;0;1;0;528253,665000000037253;5390966,177999999374151;9,383762258000047;48,671104921000051;1
209563;08240924116500220370;08;1;16;035;2024;09;18;3;3;4;2;0;0;1;1;0;0;0;0;527134,748700000345707;5393197,114299999549985;9,368711096000027;48,691223894000075;1
209564;08240923436000241890;08;4;35;016;2024;09;07;2;2;3;6;0;0;1;0;0;0;0;1;533207,053500000387430;5278760,586100000888109;9,442275603000041;47,661386435000054;1
209565;08240923436000218150;08;4;37;076;2024;09;12;2;2;0;1;0;0;1;0;0;0;0;0;525646,266200000420213;5321570,857499999925494;9,344116717000077;48,046905357000071;1
209566;08240923417300261680;08;4;17;031;2024;09;23;2;3;0;1;2;1;1;0;0;0;0;0;497373,818500000052154;5355600,480399999767542;8,964551473000029;48,353575372000080;1
209568;08240923416010214120;08;4;16;041;2024;09;11;2;3;6;7;0;0;0;0;1;0;0;1;504011,158400000073016;5374329,745699999853969;9,054322457000069;48,522065829000042;1
209570;08240923415100234870;08;4;15;014;2024;09;13;2;3;5;3;0;0;1;1;0;0;0;0;525704,565999999642372;5375060,128100000321865;9,348154470000054;48,528122996000036;1
209571;08240923317500255410;08;3;17;096;2024;09;09;2;3;0;7;0;1;1;0;0;0;0;0;422480,258700000122190;5369149,450300000607967;7,951216014000067;48,470696039000075;1
209572;08240923317000371190;08;3;17;065;2024;09;15;2;3;5;3;0;1;1;1;0;0;0;0;415919,552500000223517;5354667,232699999585748;7,865373541000054;48,339588708000065;1
209573;08240923317000264490;08;3;17;096;2024;09;19;2;2;9;1;2;1;1;0;0;0;0;0;420507,021700000390410;5367956,737700000405312;7,924751099000048;48,459721402000071;1
209574;08240923311400250720;08;3;15;076;2024;09;17;2;3;0;1;0;1;1;0;0;0;0;0;392732,474499999545515;5296440,999500000849366;7,567183837000073;47,812377544000071;1
209575;08240927425000245990;08;4;25;033;2024;09;07;6;2;5;3;0;0;1;1;0;0;0;0;554193,741000000387430;5348313,354000000283122;9,730546387000061;48,285700516000077;1
209576;08240923311200216740;08;3;11;000;2024;09;18;2;3;0;1;1;1;1;0;0;0;0;0;414114,611600000411272;5316204,384500000625849;7,848791475000041;47,993368933000056;1
209581;08240923221300235600;08;2;21;000;2024;09;15;2;3;5;2;0;1;1;1;0;0;0;0;476818,945299999788404;5474672,836999999359250;8,680345832000057;49,424289035000072;1
209584;08240923215000218070;08;2;15;108;2024;09;07;2;3;0;7;1;1;1;0;0;0;0;0;448670,423899999819696;5424310,939400000497699;8,298649908000073;48,969578212000044;1
209585;08240923136200232190;08;1;36;019;2024;09;15;2;3;5;3;0;0;1;1;0;0;0;0;581678,507000000216067;5423493,221000000834465;10,115796547000059;48,958957758000054;1
209588;08240923119400250570;08;1;19;079;2024;09;18;2;3;6;4;0;1;0;1;1;0;0;0;523929,339999999850988;5411103,513000000268221;9,326198125000076;48,852437947000055;1
209589;08240923119200255660;08;1;19;020;2024;09;10;2;3;6;4;0;0;0;1;1;0;0;0;520266,203099999576807;5406282,282199999317527;9,276025580000066;48,809197689000030;1
209590;08240923119200218450;08;1;19;020;2024;09;13;2;3;6;4;0;0;0;1;1;0;0;0;519899,648000000044703;5406346,073999999091029;9,271036254000023;48,809783395000068;1
209592;08240923116100247080;08;1;16;019;2024;09;07;2;3;1;1;0;0;1;1;0;0;0;0;522875,307300000451505;5397993,464400000870228;9,311100034000049;48,734542231000034;1
209593;08240923116100219630;08;1;16;019;2024;09;12;2;3;8;5;0;0;0;1;1;0;0;0;520462,177000000141561;5399601,581700000911951;9,278362202000039;48,749092644000029;1
209595;08240923115100232690;08;1;15;003;2024;09;12;2;3;5;3;0;0;1;1;0;0;0;0;501022,551699999719858;5392398,130100000649691;9,013892761000022;48,684625308000079;1
209597;08240922435200249490;08;4;35;059;2024;09;18;1;3;0;7;0;0;1;0;0;0;0;1;512527,757199999876320;5290104,702899999916553;9,167182094000054;47,764187369000069;1
209598;08240922435200215120;08;4;35;059;2024;09;16;1;3;0;1;0;0;1;0;0;0;0;0;515733,944699999876320;5288281,408700000494719;9,209902200000045;47,747711963000029;1
209599;08240922417200212850;08;4;17;002;2024;09;17;1;3;0;1;0;0;1;0;0;0;0;0;490193,407899999991059;5344041,967499999329448;8,867898144000037;48,249516330000063;1
209601;08240922417000239150;08;4;17;036;2024;09;11;1;2;2;6;0;0;1;0;0;0;0;0;503229,076700000092387;5352705,629100000485778;9,043564283000023;48,327528615000062;1
209602;08240922416010247360;08;4;15;078;2024;09;12;1;3;0;3;0;0;1;1;0;0;0;0;530079,512000000104308;5369381,548000000417233;9,407000100000062;48,476843079000048;1
209603;08240922335300248600;08;3;35;075;2024;09;14;1;3;3;6;0;0;1;1;0;0;0;0;487651,124800000339746;5290208,988900000229478;8,835202100000060;47,765129136000041;1
209608;08240922316200226050;08;3;16;056;2024;09;11;1;3;0;1;0;0;1;0;0;0;0;0;420932,002700000070035;5326667,704500000923872;7,938222323000048;48,088371927000026;1
209609;08240922316100264320;08;3;16;011;2024;09;14;1;3;4;6;0;0;1;1;0;0;0;0;416861,899100000038743;5329663,100299999117851;7,882993111000076;48,114798498000027;1
209610;08240922316100216770;08;3;16;012;2024;09;20;1;3;1;5;1;0;1;1;0;0;0;0;403967,643500000238419;5333556,734600000083447;7,708916359000057;48,148006403000068;1