OID_;UIDENTSTLAE;ULAND;UREGBEZ;UKREIS;UGEMEINDE;UJAHR;UMONAT;USTUNDE;UWOCHENTAG;UKATEGORIE;UART;UTYP1;ULICHTVERH;IstStrassenzustand;IstRad;IstPKW;IstFuss;IstKrad;IstGkfz;IstSonstige;LINREFX;LINREFY;XGCSWGS84;YGCSWGS84;PLST
209611;08240922311010233360;08;3;15;056;2024;09;12;1;2;0;1;0;0;1;0;0;0;0;0;414625,061900000087917;5308370,373900000005960;7,857187488000022;47,922966775000077;1
209613;08240922222600253290;08;2;22;000;2024;09;10;1;2;4;6;0;0;1;1;0;0;0;0;465017,607800000347197;5481389,309699999168515;8,517023597000048;49,484136614000079;1
209614;08240922222400215620;08;2;22;000;2024;09;17;1;2;3;6;0;0;1;0;0;0;0;0;468814,656000000424683;5478957,964400000870228;8,569636671000069;49,462474574000055;1
209617;08240922215000217870;08;2;12;000;2024;09;13;1;3;0;5;0;1;1;0;0;0;0;1;456707,986800000071526;5427840,711100000888109;8,408089822000022;49,001944437000077;1
209618;08240922212010243080;08;2;15;105;2024;09;01;1;2;1;5;2;0;1;1;0;0;0;0;456878,432900000363588;5443208,560100000351667;8,408782076000023;49,140190585000028;1
209619;08240922136200215330;08;1;36;060;2024;09;13;1;3;0;1;0;0;1;0;0;0;0;0;574648,039699999615550;5430799,904699999839067;10,021113509000031;49,025564456000041;1
209620;08240922136000212470;08;1;36;065;2024;09;19;1;3;0;7;1;0;1;0;0;0;0;0;558688,635800000280142;5405733,972500000149012;9,799224738000021;48,801824852000038;1
209621;08240922121600213130;08;1;25;102;2024;09;17;1;3;6;7;0;0;0;0;1;0;0;1;520768,699099999852479;5444070,047700000926852;9,284799608000071;49,149102407000044;1
209622;08240922119300246090;08;1;19;055;2024;09;11;1;3;0;7;0;0;1;0;0;0;0;0;543830,998999999836087;5404988,321299999952316;9,596826540000052;48,796342661000040;1
209623;08240922119200228480;08;1;19;020;2024;09;20;1;2;1;5;1;0;1;1;0;0;0;0;520360,077999999746680;5406473,047000000253320;9,277313604000028;48,810910704000037;1
209624;08240922118100211390;08;1;18;079;2024;09;11;1;3;6;4;0;0;0;1;1;0;0;0;508909,126000000163913;5420841,561000000685453;9,121660017000067;48,940436545000068;1
209625;08240922118010241410;08;1;15;045;2024;09;10;1;2;6;7;0;0;1;0;1;0;0;0;497769,946399999782443;5396316,580900000408292;8,969680514000061;48,719872867000049;1
209627;08240922116200262850;08;1;16;080;2024;09;16;1;3;6;7;0;0;0;0;1;0;0;1;521914,232400000095367;5395350,936200000345707;9,297889359000067;48,710804779000057;1
209629;08240922115300447810;08;1;15;050;2024;09;12;1;3;6;7;0;0;0;1;1;0;0;0;488872,485700000077486;5401140,654899999499321;8,848581891000038;48,763174863000074;1
209630;08240922115100230710;08;1;15;003;2024;09;10;1;3;5;3;0;0;1;1;0;0;0;0;501495,357300000265241;5392379,310000000521541;9,020316402000049;48,684455047000029;1
209633;08240921436300209100;08;4;36;094;2024;09;13;7;2;0;7;0;0;1;0;0;0;0;0;570368,294999999925494;5278685,460400000214577;9,937153575000025;47,657735447000050;1
209634;08240921436200224690;08;4;36;064;2024;09;11;7;3;0;1;0;0;1;0;0;0;0;0;544347,768299999646842;5292042,640499999746680;9,592000894000023;47,780219154000065;1
209635;08240921436000217700;08;4;35;024;2024;09;15;7;3;2;6;0;0;1;0;0;0;0;0;526400,364599999971688;5279155,276499999687076;9,351645025000039;47,665251317000070;1
209637;08240921426010210340;08;4;26;021;2024;09;16;7;2;6;7;0;0;0;1;1;0;0;0;552742,611999999731779;5326785,243000000715256;9,708312403000036;48,092151939000075;1
209638;08240921415300215850;08;4;15;091;2024;09;18;7;3;1;5;0;0;1;1;0;0;0;0;511553,045599999837577;5358202,157099999487400;9,156015644000036;48,376881327000035;1
209640;08240921337200211610;08;3;37;022;2024;09;14;7;3;6;4;0;0;0;1;1;0;0;0;449901,594800000078976;5296013,939400000497699;8,330779945000074;47,815526923000050;1
209642;08240921336400228070;08;3;36;091;2024;09;12;7;3;1;5;0;0;1;1;0;0;0;0;396146,028699999675155;5274611,803600000217557;7,617968753000071;47,616583791000039;1
209643;08240921335100225640;08;3;35;043;2024;09;13;7;3;2;6;0;0;1;1;0;0;0;0;512617,840800000354648;5278550,570299999788404;9,168049694000047;47,660226128000033;1
209644;08240921317600221530;08;3;17;129;2024;09;12;7;2;0;1;0;0;1;0;0;0;0;0;430354,951500000432134;5349479,170700000599027;8,060999354000046;48,294676036000055;1
209646;08240921317000267880;08;3;17;065;2024;09;15;7;3;6;6;0;0;0;0;1;0;0;1;417070,305999999865890;5354837,110400000587106;7,880865871000026;48,341268858000035;1
209647;08240921311010225190;08;3;15;047;2024;09;12;7;3;0;7;0;0;1;0;0;0;0;0;415711,460400000214577;5321759,519700000062585;7,869098849000068;48,043552118000036;1
209650;08240921226200226400;08;2;26;032;2024;09;10;7;3;1;5;0;0;1;1;0;0;0;0;467319,293100000359118;5463370,698100000619888;8,550282830000071;49,322192791000077;1
209652;08240921222700263210;08;2;22;000;2024;09;14;7;3;1;5;0;0;1;1;0;0;0;0;465227,365399999544024;5480738,917899999767542;8,519976649000057;49,478298688000052;1
209655;08240921222200261370;08;2;22;000;2024;09;16;7;3;3;6;0;0;1;0;0;0;0;0;461794,574799999594688;5482160,281300000846386;8,472452921000070;49,490876758000070;1
209657;08240921216200227530;08;2;16;007;2024;09;11;7;3;6;7;0;0;0;1;1;0;0;0;437312,539400000125170;5393567,032600000500679;8,148177031000046;48,691992617000039;1
209658;08240921212402228400;08;2;12;000;2024;09;17;7;3;0;7;0;0;1;0;0;0;0;0;450650,840200000442564;5428118,121600000187755;8,325245400000028;49,003985194000052;1
209659;08240921212102246280;08;2;12;000;2024;09;18;7;3;0;7;0;0;1;0;0;0;0;0;458998,124099999666214;5428928,294399999082088;8,439290281000069;49,011883814000043;1
209661;08240921136000210410;08;1;36;065;2024;09;17;7;3;4;6;0;0;1;1;0;0;0;0;564825,465800000354648;5405181,252900000661612;9,882699273000071;48,796243511000057;1
209663;08240921119500223300;08;1;19;085;2024;09;04;7;3;6;7;2;0;0;0;1;0;0;1;529296,836400000378489;5413803,557399999350309;9,399557970000046;48,876496277000058;1
209664;08240921119300211500;08;1;19;067;2024;09;14;7;3;5;3;0;0;1;1;0;0;0;0;539186,803899999707937;5405518,580800000578165;9,533642305000058;48,801422710000054;1
209666;08240921118400263230;08;1;18;048;2024;09;18;7;3;5;3;0;0;1;1;0;0;0;0;511802,360199999995530;5415727,203199999406934;9,161020959000041;48,894380826000031;1
209667;08240921118100246610;08;1;18;007;2024;09;14;7;3;4;6;0;0;1;0;0;0;0;1;511423,187699999660254;5427736,970599999651313;9,156184710000048;49,002423765000060;1
209668;08240921118010242670;08;1;15;046;2024;09;17;7;2;5;3;0;0;1;0;0;0;0;0;510510,275999999605119;5390158,403000000864267;9,142739288000030;48,664388843000040;1
209669;08240921117400209830;08;1;17;051;2024;09;14;7;3;5;3;0;0;1;0;0;0;0;1;541663,316700000315905;5395853,199100000783801;9,566387217000056;48,714316174000032;1
209670;08240921115100210290;08;1;15;051;2024;09;12;7;3;5;3;0;0;1;1;0;0;0;0;502818,176799999549985;5385132,847899999469519;9,038239319000070;48,619260138000072;1
209672;08240921111250263250;08;1;11;000;2024;09;20;7;3;5;3;2;0;1;1;0;0;0;0;518412,620699999853969;5403190,619200000539422;9,250641476000055;48,781443235000040;1
209675;08240921111120209670;08;1;11;000;2024;09;16;7;3;0;7;0;0;1;0;0;0;0;0;518229,176900000311434;5401775,967800000682473;9,248081663000050;48,768722597000078;1
209676;08240920437200208560;08;4;37;005;2024;09;16;6;3;0;1;0;0;1;0;0;0;0;0;502673,702100000344217;5325747,291999999433756;9,035901679000062;48,084990796000056;1
209678;08240920436300241150;08;4;36;018;2024;09;15;6;3;2;6;0;0;1;1;0;0;0;0;550467,497899999842048;5282669,045700000599027;9,672600979000038;47,695434732000081;1
209680;08240920436100209140;08;4;36;004;2024;09;17;6;3;6;7;0;0;0;1;1;0;0;0;582489,377700000070035;5310076,040100000798702;10,104521221000027;47,938688150000075;1
209683;08240920435100244100;08;4;35;016;2024;09;16;6;2;5;3;0;0;1;0;0;0;0;0;535328,795900000259280;5278040,764399999752641;9,470475366000073;47,654797487000053;1
209684;08240920426010238560;08;4;26;070;2024;09;16;6;3;0;1;0;0;1;0;0;0;0;0;560039,200799999758601;5342207,359300000593066;9,808470442000043;48,230244177000031;1
209685;08240920426000205190;08;4;25;020;2024;09;06;6;3;0;1;1;0;1;0;0;0;0;0;558517,952999999746680;5361565,689099999144673;9,790674293000052;48,404530688000079;1
209689;08240920416200206050;08;4;16;011;2024;09;07;6;3;3;6;0;0;1;1;0;0;0;0;504921,084900000132620;5366178,691999999806285;9,066549427000041;48,448729069000080;1
209690;08240920415100238570;08;4;15;078;2024;09;16;6;3;0;1;0;0;1;0;0;0;0;0;528512,809700000099838;5370825,268500000238419;9,385900381000056;48,489904118000027;1
209691;08240921119100210570;08;1;19;075;2024;09;15;7;3;4;6;0;0;1;0;0;0;0;0;536261,937900000251830;5428068,805800000205636;9,495815956000058;49,004449252000029;1
209692;08240920337010241810;08;3;37;126;2024;09;07;6;3;5;3;0;0;1;1;0;0;0;0;446596,372600000351667;5276122,490000000223517;8,289071306000039;47,636299215000065;1
209695;08240920335300205520;08;3;35;075;2024;09;15;6;3;5;3;0;0;1;1;0;0;0;0;488821,902999999932945;5288589,635999999940395;8,850867924000056;47,750580317000072;1
209697;08240920325102208820;08;3;25;045;2024;09;17;6;3;4;1;0;0;1;0;0;0;0;0;468392,960199999623001;5348822,450400000438094;8,573878520000051;48,291811653000082;1
209699;08240920311300239140;08;3;11;000;2024;09;13;6;3;5;3;0;0;1;0;0;0;0;0;413697,142699999734759;5315252,910700000822544;7,843388173000051;47,984753865000073;1
209701;08240920311010237750;08;3;11;000;2024;09;09;6;2;1;6;0;0;1;1;0;0;0;0;414452,686999999918044;5315547,657400000840425;7,853452977000074;47,987506732000043;1
209702;08240920311010210940;08;3;36;045;2024;09;15;6;2;5;3;0;0;1;1;0;0;0;0;397698,506599999964237;5280838,081000000238419;7,637165963000029;47,672837407000031;1
209703;08240920311010208570;08;3;11;000;2024;09;13;6;3;5;2;0;0;1;1;0;0;0;0;413390,746700000017881;5315527,257600000128150;7,839227454000024;47,987180299000045;1
209704;08240920226700211730;08;2;26;095;2024;09;15;6;3;4;2;0;0;1;1;0;0;0;0;474175,236499999649823;5460919,371600000187755;8,644783456000027;49,300471809000044;1
209705;08240920226500206150;08;2;26;106;2024;09;07;6;3;0;7;0;0;1;0;0;0;0;0;498153,271999999880791;5463032,219000000506639;8,974588448000077;49,320020283000076;1
209706;08240920226200262430;08;2;26;032;2024;09;06;6;2;4;6;2;0;1;1;0;0;0;0;466132,200500000268221;5462869,396700000390410;8,533990430000074;49,317618960000061;1
209707;08240920222600221570;08;2;22;000;2024;09;18;6;3;5;3;0;0;1;1;0;0;0;0;461835,526999999769032;5482662,833000000566244;8,472969839000029;49,495399519000046;1
209708;08240920222500241090;08;2;22;000;2024;09;15;6;2;3;2;0;0;1;1;0;0;0;0;462237,951999999582767;5478762,070100000128150;8,478899271000046;49,460339306000037;1
209709;08240920221400207730;08;2;21;000;2024;09;15;6;3;5;3;0;0;1;1;0;0;0;0;474556,736399999819696;5474380,901599999517202;8,649170508000054;49,421572704000027;1
209710;08240920216300243970;08;2;16;015;2024;09;16;6;3;5;3;0;0;1;1;0;0;0;0;449191,350499999709427;5407114,745200000703335;8,307905575000063;48,814939324000079;1
209711;08240920215502224990;08;2;15;111;2024;09;15;6;3;5;3;0;0;1;1;0;0;0;0;457640,958700000308454;5446114,494000000879169;8,418930462000048;49,166382265000038;1
209712;08240920212302241050;08;2;12;000;2024;09;12;6;3;7;7;0;0;1;0;0;0;0;0;456419,750000000000000;5428619,306399999186397;8,404065557000024;49,008927712000059;1
209713;08240920212070207790;08;2;15;017;2024;09;14;6;2;0;7;0;0;1;0;0;0;0;0;454373,517599999904633;5424931,846200000494719;8,376500288000045;48,975610757000027;1
209714;08240920136000241760;08;1;36;042;2024;09;13;6;3;4;6;0;0;1;0;0;0;0;1;549358,417799999937415;5405103,751299999654293;9,672099621000029;48,796966733000033;1
209715;08240920135010208840;08;1;35;025;2024;09;18;6;2;0;1;0;0;1;0;0;0;0;0;581794,592000000178814;5399051,002000000327826;10,112500625000052;48,739105475000031;1
209716;08240920121200241610;08;1;21;000;2024;09;17;6;3;6;7;0;0;0;0;1;0;0;1;516170,114599999971688;5443094,308499999344349;9,221700971000075;49,140463632000035;1
209717;08240920121200223740;08;1;21;000;2024;09;20;6;3;5;3;1;0;1;1;0;0;0;0;516219,091799999587238;5443216,810399999842048;9,222377400000028;49,141564286000062;1
209718;08240920119300235380;08;1;19;067;2024;09;20;6;3;1;5;2;0;1;1;0;0;0;0;538763,153599999845028;5405712,648000000044703;9,527891653000040;48,803195014000039;1
209719;08240920119200238480;08;1;19;020;2024;09;19;6;3;5;2;0;0;1;1;0;0;0;0;520207,599100000225008;5405903,168999999761581;9,275208741000029;48,805789166000068;1
209720;08240920119200205480;08;1;19;020;2024;09;15;6;3;2;6;0;0;1;1;0;0;0;0;520403,103799999691546;5406671,830900000408292;9,277909511000075;48,812697514000035;1
209721;08240920118600221630;08;1;18;073;2024;09;18;6;2;0;7;0;0;1;0;0;0;0;0;497604,544800000265241;5419511,296700000762939;8,967296254000075;48,928529383000068;1
209725;08240920116500206530;08;1;16;046;2024;09;11;6;2;3;3;0;0;1;1;0;0;0;0;527692,856999999843538;5378048,168400000780821;9,375282880000043;48,554919243000029;1
209726;08240920116400262630;08;1;16;016;2024;09;16;6;3;0;1;0;0;1;0;0;0;0;0;532887,817200000397861;5385203,860700000077486;9,446247330000062;48,619040813000026;1
209728;08240920115400243430;08;1;15;054;2024;09;16;6;3;2;6;0;0;1;1;0;0;0;0;492823,247000000439584;5395693,328099999576807;8,902436815000044;48,714228732000038;1
209729;08240920115400223720;08;1;15;045;2024;09;10;6;2;1;7;0;0;1;1;0;0;0;0;499752,928399999625981;5395691,340500000864267;8,996641225000076;48,714252107000050;1
209730;08240920115300224750;08;1;15;028;2024;09;19;6;3;5;3;1;0;1;1;0;0;0;0;500088,290300000458956;5405002,067800000309944;9,001202245000059;48,798011443000064;1
209731;08240920111500204920;08;1;11;000;2024;09;10;6;3;5;3;0;0;1;1;0;0;0;0;511216,184200000017881;5406953,941600000485778;9,152783371000055;48,815469104000044;1
209732;08240920111370208020;08;1;11;000;2024;09;15;6;3;5;3;0;0;1;1;0;0;0;0;513413,912200000137091;5409004,279899999499321;9,182787057000041;48,833870067000078;1
209733;08240923212010225100;08;2;12;000;2024;09;08;2;3;2;6;0;0;1;0;0;0;0;1;456935,520100000314415;5427228,056099999696016;8,411265556000046;48,996449435000045;1
209734;08240920111120262610;08;1;11;000;2024;09;14;6;3;6;7;0;0;0;1;1;0;0;0;513291,441800000146031;5403378,742499999701977;9,180936034000069;48,783266088000062;1
209735;08240920111110222140;08;1;11;000;2024;09;13;6;3;6;7;0;0;0;0;1;0;0;1;512144,951399999670684;5403584,329800000414252;9,165335038000023;48,785138978000077;1
209736;08240920111110206430;08;1;11;000;2024;09;10;6;3;0;7;0;0;1;1;0;0;0;0;512690,796400000341237;5402392,427699999883771;9,172729058000073;48,774405822000062;1
209737;08240919436400257250;08;4;36;008;2024;09;22;5;3;8;1;2;0;1;0;0;0;0;0;547225,349899999797344;5311868,011199999600649;9,632578427000055;47,958380423000051;1
209740;08240919435200202370;08;4;35;059;2024;09;17;5;3;5;2;0;0;1;1;0;0;0;0;511189,333100000396371;5290647,712600000202656;9,149334963000058;47,769097738000028;1
209741;08240919435100204150;08;4;35;016;2024;09;16;5;3;0;1;0;0;1;0;0;0;0;0;536284,242399999871850;5280961,193299999460578;9,483441219000042;47,681020845000035;1
209744;08240919426000221000;08;4;25;093;2024;09;17;5;2;6;3;0;0;0;1;1;0;0;0;559743,579900000244379;5348613,182399999350309;9,805394814000067;48,287898182000049;1
209745;08240919416200206240;08;4;16;041;2024;09;15;5;3;0;1;0;0;1;0;0;0;0;0;503339,850800000131130;5373795,601299999281764;9,045226775000060;48,517264401000034;1
209746;08240919415400240970;08;4;15;061;2024;09;16;5;3;5;3;0;0;1;1;0;0;0;0;513755,072300000116229;5371990,505999999120831;9,186205086000029;48,500883346000080;1
209748;08240919415100252310;08;4;15;014;2024;09;13;5;3;4;6;0;0;1;0;0;1;0;0;524821,232900000177324;5375722,233500000089407;9,336229852000031;48,534114986000077;1
209751;08240919335100232610;08;3;35;043;2024;09;21;5;3;0;7;2;0;1;0;0;0;0;0;512825,368599999696016;5278355,611199999228120;9,170807902000035;47,658467866000080;1
209752;08240919317500247680;08;3;17;065;2024;09;10;5;3;5;3;0;0;1;1;0;0;0;0;416151,725599999539554;5354862,478399999439716;7,868467100000032;48,341375781000067;1
209753;08240919317500205080;08;3;17;073;2024;09;16;5;3;5;3;0;0;1;1;0;0;0;0;410671,011300000362098;5347916,368200000375509;7,795992129000069;48,278146292000031;1
209755;08240919311100222340;08;3;15;059;2024;09;20;5;3;0;1;2;0;1;0;0;0;0;0;397907,128600000403821;5321628,492000000551343;7,630313558000068;48,039774309000052;1
209756;08240919311010261910;08;3;11;000;2024;09;14;5;2;0;7;0;0;1;0;0;0;0;1;414164,210599999874830;5316387,117100000381470;7,849419615000045;47,995019343000081;1
209757;08240919311010237760;08;3;11;000;2024;09;15;5;3;5;3;0;0;1;1;0;0;0;0;410976,783900000154972;5315501,520500000566244;7,806887041000039;47,986617331000048;1
209759;08240919231000228290;08;2;37;074;2024;09;17;5;3;4;6;0;0;1;1;0;0;0;0;470788,414900000207126;5370024,956000000238419;8,604698385000063;48,482672245000060;1
209761;08240919226500210040;08;2;26;091;2024;09;19;5;3;5;3;0;0;1;1;0;0;0;0;494024,095200000330806;5460595,110700000077486;8,917806207000069;49,298071734000075;1
209764;08240919222500235000;08;2;22;000;2024;09;15;5;3;5;3;0;0;1;1;0;0;0;0;465324,307500000111759;5477797,755599999800324;8,521572512000034;49,451849731000038;1
209765;08240919222014217150;08;2;22;000;2024;09;17;5;3;6;7;0;0;0;1;1;0;0;0;463111,763000000268221;5477892,381400000303984;8,491038008000032;49,452570546000061;1
209767;08240919216300205960;08;2;16;015;2024;09;12;5;3;1;5;0;0;1;1;0;0;0;0;450318,000799999572337;5405743,655300000682473;8,323417166000070;48,802697089000048;1
209768;08240919215502235310;08;2;15;099;2024;09;17;5;3;5;3;0;0;1;1;0;0;0;0;463003,587299999780953;5445701,870500000193715;8,492528192000066;49,163017429000035;1
209769;08240919215102206370;08;2;12;000;2024;09;13;5;3;5;3;0;0;1;1;0;0;0;0;453780,127899999730289;5432294,067600000649691;8,367553734000069;49,041790236000054;1
209770;08240919212702217170;08;2;15;046;2024;09;11;5;3;5;3;0;0;1;1;0;0;0;0;449417,559000000357628;5415476,161000000312924;8,309953763000067;48,890170351000052;1
209771;08240919212302237820;08;2;12;000;2024;09;14;5;3;6;7;0;0;1;0;1;0;0;0;456142,787200000137091;5428713,841099999845028;8,400268256000061;49,009758441000031;1
209774;08240919212010217490;08;2;15;009;2024;09;04;5;2;7;7;2;0;1;0;0;0;0;0;471691,807500000111759;5443221,219900000840425;8,611873682000066;49,141165766000029;1
209775;08240919212000239180;08;2;15;101;2024;09;07;5;3;5;3;0;0;1;0;0;0;0;0;465613,690999999642372;5427911,915999999269843;8,529842210000027;49,003145330000052;1
209777;08240919121500372380;08;1;25;111;2024;09;18;5;3;6;4;0;0;1;0;1;0;0;0;525583,108400000259280;5454201,067600000649691;9,351463114000069;49,240050675000077;1
209778;08240919119400223170;08;1;19;079;2024;09;15;5;3;1;1;0;0;1;0;0;0;0;0;523415,894199999980628;5410949,989900000393391;9,319190310000067;48,851076487000057;1
209780;08240919118400219840;08;1;18;048;2024;09;09;5;3;6;2;0;0;0;1;1;0;0;0;513816,484100000001490;5415600,808499999344349;9,188495465000074;48,893202171000041;1
209783;08240919115100250530;08;1;15;048;2024;09;06;5;3;6;7;1;0;0;1;1;0;0;0;509801,649500000290573;5387168,022399999201298;9,133044717000075;48,637498484000048;1
209786;08240919111310220000;08;1;11;000;2024;09;22;5;3;6;4;2;0;0;1;1;0;0;0;515448,020499999634922;5406168,346499999985099;9,210398205000047;48,808311196000034;1
209788;08240918436000200780;08;4;36;049;2024;09;15;4;3;8;1;0;0;1;0;0;0;0;0;577792,539800000376999;5282333,730000000447035;10,036662466000053;47,689705962000062;1
209791;08240918421300261000;08;4;21;000;2024;09;17;4;3;5;3;0;0;1;1;0;0;0;0;572170,642500000074506;5360165,972300000488758;9,974878929000056;48,390524486000061;1
209792;08240918417300198890;08;4;17;031;2024;09;15;4;3;6;4;0;0;0;1;1;0;0;0;497239,387299999594688;5355270,328800000250340;8,962739069000065;48,350604546000056;1
209797;08240918335100260910;08;3;35;043;2024;09;09;4;3;6;2;0;0;0;1;1;0;0;0;512890,033099999651313;5278638,968200000002980;9,171677456000054;47,661016137000047;1
209798;08240918335100207770;08;3;35;043;2024;09;15;4;3;7;1;0;0;1;0;0;0;0;0;514000,456299999728799;5279953,049499999731779;9,186508799000023;47,672816718000036;1
209799;08240918326000205200;08;3;35;043;2024;09;12;4;3;4;6;0;0;1;1;0;0;0;0;512547,553000000305474;5281107,152799999341369;9,167187029000047;47,683230771000069;1
209801;08240918317000214100;08;3;17;089;2024;09;18;4;3;5;7;0;0;1;1;0;0;0;0;431773,449599999934435;5375924,056600000709295;8,075820514000043;48,532712123000067;1
209802;08240918316200214870;08;3;16;009;2024;09;11;4;3;4;2;0;0;1;1;0;0;0;0;416449,328800000250340;5325144,995400000363588;7,878335477000064;48,074102734000064;1
209803;08240918316100233760;08;3;16;020;2024;09;18;4;3;6;2;1;0;0;0;1;0;0;1;408840,896900000050664;5338880,475700000301003;7,773275849000072;48,196609863000049;1
209804;08240918316100199690;08;3;16;024;2024;09;09;4;3;5;3;0;0;1;1;0;0;0;0;408841,010900000110269;5334083,035199999809265;7,774306450000040;48,153457627000080;1
209806;08240918311010237650;08;3;11;000;2024;09;17;4;3;5;3;0;0;1;1;0;0;0;0;413852,768000000156462;5316241,459000000730157;7,845275016000073;47,993667208000033;1
209807;08240918311010200640;08;3;36;050;2024;09;14;4;3;5;3;0;0;1;0;0;0;1;0;400998,911299999803305;5276372,266400000080466;7,682132147000061;47,633179595000058;1
209808;08240918222500260950;08;2;22;000;2024;09;13;4;3;4;6;0;0;1;0;0;0;0;0;461728,248100000433624;5480030,702600000426173;8,471743208000021;49,471718125000052;1
209810;08240918216300201380;08;2;16;015;2024;09;16;4;3;5;3;0;0;1;1;0;0;0;0;452259,507000000216067;5407280,137700000777841;8,349676587000033;48,816670415000033;1
209811;08240918212010199440;08;2;12;000;2024;09;20;4;3;5;3;2;0;1;1;0;0;0;0;454075,677799999713898;5425689,471699999645352;8,372344905000034;48,982403613000031;1
209812;08240918136100212820;08;1;36;088;2024;09;07;4;3;5;3;1;0;1;1;0;0;0;0;578103,034099999815226;5409280,589299999177456;10,064244383000073;48,831588251000028;1
209813;08240924231000258800;08;2;31;000;2024;09;17;3;2;0;1;0;0;1;0;0;0;0;0;479694,012400000356138;5414451,316400000825524;8,723027593000040;48,882683004000057;1
209817;08240918121100214720;08;1;25;006;2024;09;12;4;2;4;2;0;0;1;1;0;0;0;0;505615,352400000207126;5451091,400200000032783;9,077101421000066;49,212587297000027;1
209818;08240918119200214860;08;1;19;020;2024;09;14;4;3;0;7;0;0;1;0;0;0;0;0;521093,739500000141561;5405918,089400000870228;9,287277762000031;48,805893942000068;1
209820;08240918311010234390;08;3;11;000;2024;09;13;4;3;8;7;0;0;1;1;0;0;0;1;413637,373499999754131;5316238,009600000455976;7,842389153000056;47,993607123000061;1
209822;08240918118100250330;08;1;18;077;2024;09;17;4;3;0;7;0;0;1;0;0;0;0;0;512921,547399999573827;5423444,745400000363588;9,176534661000062;48,963783074000048;1
209823;08240918118010238690;08;1;15;015;2024;09;09;4;2;6;4;0;0;0;1;1;0;0;0;492938,053999999538064;5387610,711999999359250;8,904135604000032;48,641517946000079;1
209826;08240918116500234440;08;1;16;081;2024;09;17;4;2;4;7;0;0;1;1;0;0;0;0;519244,571899999864399;5386028,585200000554323;9,261166222000043;48,627028624000047;1
209827;08240918116500197700;08;1;16;050;2024;09;05;4;3;1;5;2;0;1;1;0;0;0;0;526822,846099999733269;5387957,058700000867248;9,364133218000063;48,644098071000030;1
209828;08240918115300221270;08;1;15;042;2024;09;17;4;3;5;3;0;0;1;1;0;0;0;0;495965,129300000146031;5406409,608400000259280;8,945043510000062;48,810660477000056;1
209831;08240918111500220940;08;1;11;000;2024;09;17;4;3;6;4;0;0;0;1;1;0;0;0;506298,781499999575317;5405797,592800000682473;9,085782404000042;48,805136016000063;1
209832;08240918111130203120;08;1;11;000;2024;09;17;4;3;2;6;0;0;1;0;0;0;0;1;511338,333800000138581;5400765,743300000205636;9,154276504000052;48,759798369000066;1
209835;08240917436300195180;08;4;36;018;2024;09;06;3;2;0;1;1;1;1;0;0;0;0;0;551976,157999999821186;5284491,517000000923872;9,692923282000038;47,711711887000035;1
209836;08240917436000214530;08;4;36;052;2024;09;07;3;2;7;7;0;1;1;0;0;0;0;0;566621,660299999639392;5292481,519899999722838;9,889372875000049;47,782249009000054;1
209838;08240917416200212870;08;4;16;036;2024;09;18;3;3;0;1;0;0;1;0;0;0;0;0;494450,994400000199676;5374619,008999999612570;8,924846898000055;48,524656433000075;1
209840;08240917335400259640;08;3;35;057;2024;09;16;3;3;1;5;0;0;1;1;0;0;0;0;500692,957299999892712;5307873,622999999672174;9,009275949000028;47,924183411000058;1
209841;08240917335000222120;08;3;35;075;2024;09;16;3;2;0;7;0;0;1;0;0;0;0;0;488031,774299999698997;5290632,077999999746680;8,840270259000022;47,768943070000034;1
209843;08240917317000243220;08;3;17;026;2024;09;13;3;3;0;3;0;0;1;1;0;0;0;0;411441,443900000303984;5346435,432099999859929;7,806684177000022;48,264933798000072;1
209844;08240917316200248440;08;3;16;056;2024;09;13;3;3;4;6;0;0;1;0;0;0;0;0;422645,819600000046194;5327524,156600000336766;7,961077437000029;48,096286521000081;1
209845;08240926436400253460;08;4;36;011;2024;09;17;5;3;5;3;0;1;1;1;0;0;0;0;549096,670099999755621;5297424,957299999892712;9,655999602000065;47,828298903000075;1
209847;08240917311400230910;08;3;15;006;2024;09;09;3;3;5;3;0;0;1;1;0;0;0;0;402644,620799999684095;5307334,290100000798702;7,697093922000022;47,911939600000039;1
209848;08240917311010196490;08;3;11;000;2024;09;08;3;3;3;2;0;1;1;1;0;0;0;0;413380,137099999934435;5317195,737700000405312;7,838748536000026;48,002187418000062;1
209850;08240917231000210750;08;2;31;000;2024;09;13;3;3;5;3;0;0;1;1;0;0;0;0;477949,684799999929965;5415661,652300000190735;8,699170096000046;48,893511184000033;1
209855;08240917212302259550;08;2;12;000;2024;09;08;3;3;5;3;0;0;1;0;0;0;0;0;456334,480999999679625;5428768,507999999448657;8,402883571000075;49,010263770000051;1
209857;08240921416200212380;08;4;16;041;2024;09;12;7;3;5;3;0;0;1;1;0;0;0;0;504685,767099999822676;5371819,859200000762939;9,063430378000021;48,499481266000032;1
209858;08240917212302199250;08;2;12;000;2024;09;12;3;3;0;7;0;0;1;0;0;0;0;0;455762,033599999733269;5428738,952099999412894;8,395059153000034;49,009957138000061;1
209859;08240917212102210440;08;2;12;000;2024;09;19;3;3;8;7;1;0;1;0;0;0;0;0;457738,960199999623001;5429604,040100000798702;8,422001470000055;49,017877282000029;1