OID_;UIDENTSTLAE;ULAND;UREGBEZ;UKREIS;UGEMEINDE;UJAHR;UMONAT;USTUNDE;UWOCHENTAG;UKATEGORIE;UART;UTYP1;ULICHTVERH;IstStrassenzustand;IstRad;IstPKW;IstFuss;IstKrad;IstGkfz;IstSonstige;LINREFX;LINREFY;XGCSWGS84;YGCSWGS84;PLST
209860;08240917212010259690;08;2;12;000;2024;09;20;3;3;0;3;2;0;1;0;0;0;0;1;457681,960199999623001;5429848,117699999362230;8,421196472000076;49,020068883000079;1
209861;08240917136200232150;08;1;36;019;2024;09;18;3;2;0;1;0;0;1;0;0;0;0;0;582729,472400000318885;5423852,065600000321865;10,130223637000029;48,962045430000046;1
209864;08240921121200379830;08;1;21;000;2024;09;22;7;2;0;1;2;0;1;0;0;0;0;0;514631,789800000376999;5442221,758300000801682;9,200578180000036;49,132653310000080;1
209867;08240916436000192780;08;4;35;029;2024;09;11;2;3;0;1;0;1;1;0;0;0;0;0;545091,758200000040233;5271008,551799999549985;9,599758523000048;47,590919871000040;1
209873;08240916335100230780;08;3;35;043;2024;09;18;2;2;8;1;1;1;1;0;0;0;0;0;511422,285699999891222;5280110,317999999970198;9,152167635000069;47,674282455000025;1
209877;08240916311400225290;08;3;15;076;2024;09;15;2;3;2;6;0;1;1;1;0;0;0;0;392097,266900000162423;5295860,697799999266863;7,558846315000039;47,807051739000030;1
209879;08240916226200226390;08;2;26;068;2024;09;07;2;3;3;6;0;0;1;1;0;0;0;0;468553,286000000312924;5460714,607400000095367;8,567472425000062;49,298366416000079;1
209884;08240919325202227820;08;3;25;049;2024;09;16;5;2;5;3;0;0;1;1;0;0;0;0;473359,692699999548495;5333138,760299999266863;8,641823498000065;48,150939392000055;1
209885;08240916121300191860;08;1;21;000;2024;09;07;2;3;0;6;0;0;1;1;0;0;0;0;514019,837500000372529;5442668,121899999678135;9,192204878000041;49,136682777000033;1
209886;08240916121200223910;08;1;21;000;2024;09;08;2;3;5;3;0;0;1;1;0;0;0;0;516708,265100000426173;5442454,665899999439716;9,229052728000056;49,134695434000037;1
209887;08240916121200193010;08;1;21;000;2024;09;14;2;3;5;3;0;1;1;1;0;0;0;0;516980,794499999843538;5443443,465199999511242;9,232830448000072;49,143582532000039;1
209889;08240916118010201330;08;1;15;003;2024;09;17;2;2;5;3;0;1;1;1;0;0;0;0;502434,802099999971688;5392278,091199999675155;9,033079401000066;48,683541513000080;1
209891;08240916115100196220;08;1;15;003;2024;09;12;2;3;5;3;0;0;1;0;0;0;0;1;500788,862200000323355;5392072,227600000798702;9,010717148000026;48,681693791000043;1
209895;08240915435200202150;08;4;35;053;2024;09;11;1;3;0;1;0;0;1;0;0;0;0;0;506759,930200000293553;5293823,064400000497699;9,090268861000027;47,797729710000056;1
209896;08240925435100379270;08;4;35;045;2024;09;11;4;3;1;5;0;0;1;1;0;0;0;0;535122,728400000371039;5285765,331100000068545;9,468353078000064;47,724309535000032;1
209897;08240915426300208010;08;4;26;014;2024;09;13;1;3;0;1;0;0;1;0;0;0;0;0;548766,184200000017881;5316488,019700000062585;9,653740915000071;47,999829428000055;1
209898;08240915316200232440;08;3;16;056;2024;09;04;1;3;4;6;2;0;1;0;0;0;0;1;420960,355999999679625;5326699,696000000461936;7,938597080000022;48,088663223000026;1
209899;08240915311400216690;08;3;15;048;2024;09;04;1;3;1;1;2;0;1;1;0;0;0;0;397495,436499999836087;5308024,450600000098348;7,628038244000038;47,917344989000071;1
209900;08240915311010224890;08;3;15;047;2024;09;16;1;2;6;6;0;0;1;0;1;0;0;0;415527,831500000320375;5321758,099199999123812;7,866635875000043;48,043515065000065;1
209902;08240915226600243730;08;2;26;096;2024;09;17;1;3;4;6;0;0;1;1;0;0;0;0;473897,331299999728799;5487986,305700000375509;8,639180240000030;49,543921058000080;1
209903;08240915221400219060;08;2;26;018;2024;09;00;1;2;0;7;2;0;1;0;0;0;0;0;473411,999400000087917;5472090,169500000774860;8,633539822000046;49,400919090000059;1
209905;08240915216100190890;08;2;16;043;2024;09;11;1;3;5;3;0;0;1;1;0;0;0;0;442838,780399999581277;5412896,178999999538064;8,220574847000023;48,866391553000028;1
209906;08240921121400233790;08;1;25;094;2024;09;16;7;3;0;1;0;0;1;0;0;0;0;0;514496,002000000327826;5436311,389499999582767;9,198504571000058;49,079490419000081;1
209909;08240915135200193520;08;1;35;025;2024;09;18;1;3;0;1;0;0;1;0;0;0;0;0;582535,603799999691546;5398495,667999999597669;10,122466008000060;48,734012901000028;1
209911;08240915119500224810;08;1;19;085;2024;09;13;1;3;5;3;0;0;1;0;0;0;0;0;531371,218999999575317;5412994,846000000834465;9,427786120000064;48,869119964000049;1
209919;08240914335100216660;08;3;35;043;2024;09;20;7;2;6;4;1;0;1;0;1;0;0;0;513279,204900000244379;5278393,907400000840425;9,176853215000051;47,658803286000079;1
209920;08240914335000188100;08;3;35;063;2024;09;15;7;2;0;1;0;0;1;0;0;0;0;0;497386,913800000213087;5288671,924799999222159;8,965137076000076;47,751412311000081;1
209921;08240914316200217160;08;3;16;009;2024;09;21;7;3;0;7;2;0;1;0;0;0;0;0;416906,780000000260770;5324323,913200000301003;7,884635163000041;48,066776575000063;1
209923;08240914311010187970;08;3;11;000;2024;09;13;7;3;4;7;0;0;1;0;0;0;0;0;413534,041600000113249;5316406,082200000062585;7,840970517000073;47,995105030000047;1
209924;08240914231102254510;08;2;36;061;2024;09;14;7;3;0;3;0;0;1;1;0;0;0;0;489236,566499999724329;5433092,571499999612570;8,852693677000048;49,050612173000047;1
209926;08240914226400219520;08;2;26;037;2024;09;10;7;3;0;7;0;0;0;1;1;0;0;1;465379,855800000019372;5468144,185100000351667;8,523180593000063;49,365022268000075;1
209927;08240914222700254610;08;2;22;000;2024;09;20;7;3;0;7;2;0;0;0;1;0;0;1;461850,143000000156462;5481144,857100000604987;8,473318167000059;49,481747047000056;1
209928;08240914222600240900;08;2;22;000;2024;09;18;7;3;6;4;0;0;0;1;1;0;0;0;461397,929800000041723;5483095,023499999195337;8,466884914000048;49,499259147000032;1
209929;08240927317500255650;08;3;17;096;2024;09;19;6;3;6;6;1;0;1;0;1;0;0;0;421863,000599999912083;5369021,732000000774860;7,942890313000021;48,469470829000045;1
209931;08240914216200254450;08;2;16;007;2024;09;12;7;3;5;3;0;0;1;1;0;0;0;0;435351,263899999670684;5396781,521900000050664;8,121026193000034;48,720706890000031;1
209935;08240914127100223090;08;1;27;076;2024;09;16;7;3;5;3;0;0;1;1;0;0;0;0;552118,669999999925494;5440939,348500000312924;9,714270166000063;49,119082198000058;1
209936;08240914121600214390;08;1;25;046;2024;09;23;7;3;6;6;2;0;0;1;1;0;0;0;519170,584099999628961;5433649,178899999707937;9,262390365000044;49,055414895000069;1
209938;08240914119100207080;08;1;19;044;2024;09;15;7;3;0;7;0;0;1;0;0;0;0;0;541329,221800000406802;5425459,578400000929832;9,564833122000039;48,980660235000073;1
209939;08240914116100202930;08;1;16;056;2024;09;01;7;3;6;5;2;0;0;1;1;0;0;0;529488,042299999855459;5396052,929500000551343;9,400891214000069;48,716807636000055;1
209941;08240914111000188350;08;1;11;000;2024;09;23;7;3;0;7;2;0;1;0;0;0;0;0;519207,690999999642372;5402232,536000000312924;9,261419484000044;48,772800398000072;1
209942;08240913435200185870;08;4;35;059;2024;09;20;6;2;6;4;2;1;0;1;1;0;0;0;513108,179200000129640;5290912,698499999940395;9,174952129000076;47,771445775000075;1
209943;08240913426100208430;08;4;26;038;2024;09;07;6;3;5;3;0;0;1;1;0;0;0;0;566438,809100000187755;5316419,952199999243021;9,890617159000044;47,997624655000038;1
209945;08240913417000191630;08;4;17;002;2024;09;08;6;3;5;3;0;0;1;0;0;0;1;0;489716,598899999633431;5347340,107100000604987;8,861395001000062;48,279181294000068;1
209946;08240913416010210400;08;4;16;036;2024;09;16;6;2;6;4;0;1;0;1;1;0;0;0;497265,002000000327826;5372258,129000000655651;8,962973949000059;48,503435637000052;1
209947;08240913416010191130;08;4;16;041;2024;09;13;6;3;5;3;0;0;1;1;0;0;0;0;504628,263700000010431;5373600,997800000011921;9,062671720000026;48,515505499000028;1
209948;08240913416010190110;08;4;15;059;2024;09;07;6;3;5;3;0;0;1;1;0;0;0;0;517069,948800000362098;5369506,398700000718236;9,230977355000050;48,478454127000077;1
209949;08240913327100202780;08;3;27;050;2024;09;18;6;3;2;3;0;1;1;1;0;0;0;0;487733,450000000186265;5313406,636700000613928;8,835642149000023;47,973848201000067;1
209951;08240916311010196190;08;3;15;047;2024;09;15;2;3;0;7;0;0;1;0;0;0;0;0;415116,805700000375509;5321368,038699999451637;7,861199609000039;48,039951810000048;1
209952;08240913326100214920;08;3;26;012;2024;09;11;6;3;7;7;0;1;1;0;0;0;0;0;462863,658800000324845;5310366,463800000026822;8,502686397000048;47,945535896000081;1
209956;08240913311400187210;08;3;15;076;2024;09;16;6;3;2;6;0;1;1;1;0;0;0;0;392580,783999999985099;5296267,978000000119209;7,565201178000052;47,810795970000072;1
209958;08240913311010187380;08;3;36;050;2024;09;17;6;3;8;2;0;0;1;0;0;0;0;0;399230,163300000131130;5272623,199799999594688;7,659456180000063;47,599182674000076;1
209959;08240913311010185420;08;3;15;064;2024;09;12;6;3;8;1;0;0;1;0;0;0;0;0;421596,226999999955297;5312789,095000000670552;7,949680218000026;47,963607168000067;1
209962;08240918212010238880;08;2;12;000;2024;09;18;4;3;5;2;0;0;1;0;0;0;0;0;456522,017900000326335;5428062,344299999997020;8,405523575000075;49,003924984000037;1
209963;08240913231000222040;08;2;31;000;2024;09;13;6;3;0;4;0;0;0;0;1;0;0;1;478104,817499999888241;5415288,519899999722838;8,701306519000070;48,890160112000046;1
209964;08240913225200209230;08;2;25;109;2024;09;12;6;3;4;2;0;0;1;1;0;0;0;0;525362,668300000019372;5491923,007699999958277;9,350844479000045;49,579361437000045;1
209966;08240913222700252870;08;2;22;000;2024;09;08;6;2;3;5;0;0;1;1;0;0;0;0;461099,966500000096858;5481215,332299999892712;8,462955069000031;49,482333318000030;1
209967;08240913222600250520;08;2;22;000;2024;09;16;6;3;0;7;0;0;0;1;1;0;0;0;461399,440299999900162;5483074,510099999606609;8,466907778000063;49,499074736000068;1
209969;08240913221400254680;08;2;21;000;2024;09;16;6;3;5;5;0;0;1;0;0;0;0;0;475946,345300000160933;5471102,866000000387430;8,668529622000051;49,392143878000070;1
209972;08240913212010201760;08;2;12;000;2024;09;12;6;2;1;5;0;0;1;0;0;0;0;1;456676,012400000356138;5428459,963300000876188;8,407586604000073;49,007512446000078;1
209973;08240913136000184790;08;1;36;044;2024;09;07;6;3;6;4;0;0;0;1;1;0;0;0;558796,354500000365078;5407847,830199999734759;9,800994348000074;48,820828891000076;1
209976;08240913118010235070;08;1;18;074;2024;09;14;6;2;5;3;0;0;1;1;0;0;0;0;511207,147199999541044;5428948,615599999204278;9,153264333000038;49,013327166000067;1
209978;08240913111500210860;08;1;11;000;2024;09;08;6;3;6;7;0;0;0;0;1;0;0;1;511040,816499999724329;5401817,822699999436736;9,150256542000022;48,769268176000026;1
209980;08240913111110202340;08;1;11;000;2024;09;10;6;3;3;6;0;0;1;0;0;0;0;0;513236,323699999600649;5402595,058700000867248;9,180160485000044;48,776217309000060;1
209983;08240920221400223530;08;2;21;000;2024;09;06;6;3;5;5;2;0;1;0;0;0;0;0;475467,047899999655783;5472988,021999999880791;8,661808378000046;49,409081417000039;1
209984;08240912416200212900;08;4;16;041;2024;09;16;5;3;0;1;0;1;1;0;0;0;0;0;504044,954499999992549;5375192,506300000473857;9,054788524000060;48,529827314000045;1
209985;08240912415400196410;08;4;15;061;2024;09;11;5;3;0;1;0;0;1;0;0;0;0;0;516432,574000000022352;5370226,755999999120831;9,222381287000076;48,484951706000061;1
209986;08240912415300251160;08;4;15;059;2024;09;07;5;3;5;2;0;0;1;1;0;0;0;0;516601,918200000189245;5367746,025000000372529;9,224574484000073;48,462629674000027;1
209989;08240912335100189070;08;3;35;043;2024;09;15;5;3;5;2;0;0;1;1;0;0;0;0;512717,436200000345707;5279873,737999999895692;9,169414660000029;47,672129609000081;1
209990;08240912311200183080;08;3;11;000;2024;09;08;5;3;4;2;0;1;1;1;0;0;0;0;413829,576200000010431;5317014,004200000315905;7,844809081000051;48,000613406000070;1
209991;08240912311100199190;08;3;15;059;2024;09;12;5;3;5;3;0;0;1;1;0;0;0;0;399460,778699999675155;5321730,581199999898672;7,651127450000047;48,040939136000077;1
209995;08240912311010184080;08;3;11;000;2024;09;14;5;2;5;3;0;0;1;0;0;0;0;0;411367,269000000320375;5319643,253000000491738;7,811263407000069;48,023927448000052;1
209996;08240912311010184020;08;3;11;000;2024;09;13;5;3;5;3;0;0;1;1;0;0;0;0;414733,747000000439584;5315681,107300000265241;7,857192599000030;47,988744703000066;1
209997;08240912235100540750;08;2;35;085;2024;09;09;5;3;0;7;0;0;1;0;0;0;0;0;480907,628800000064075;5395615,427799999713898;8,740456706000032;48,713276925000059;1
210004;08240912215102186550;08;2;12;000;2024;09;14;5;3;1;7;0;0;1;0;0;0;0;1;459530,995500000193715;5431662,792500000447035;8,446304227000041;49,036516237000058;1
210006;08240913311400252760;08;3;15;006;2024;09;11;6;3;4;2;0;0;1;0;0;0;0;0;402811,885999999940395;5308180,639299999922514;7,699140994000061;47,919577882000056;1
210007;08240912212010212970;08;2;12;000;2024;09;17;5;2;2;6;0;0;1;1;0;0;0;0;454728,802799999713898;5426320,851299999281764;8,381200402000047;48,988131160000080;1
210008;08240912135100199620;08;1;35;031;2024;09;06;5;3;8;1;1;0;1;0;0;0;0;0;594390,733099999837577;5378888,956299999728799;10,279185548000044;48,555988588000048;1
210010;08240921111230209950;08;1;11;000;2024;09;17;7;3;5;3;0;0;0;0;1;0;0;1;513048,996899999678135;5399494,530099999159575;9,177512460000059;48,748329078000040;1
210012;08240912118500188170;08;1;18;070;2024;09;13;5;3;1;5;0;0;1;1;0;0;0;0;519838,677000000141561;5424086,053700000047684;9,271067097000071;48,969368688000031;1
210013;08240912116500251220;08;1;16;073;2024;09;19;5;3;5;3;0;0;1;1;0;0;0;0;521666,141200000420213;5388979,374800000339746;9,294183002000068;48,653494906000049;1
210014;08240912115200196120;08;1;15;015;2024;09;09;5;2;0;7;0;0;1;0;0;0;0;0;492146,016800000332296;5387445,192199999466538;8,893387026000028;48,640019452000047;1
210019;08240911435100209660;08;4;35;016;2024;09;13;4;3;6;7;0;0;1;0;1;0;0;0;537255,199000000022352;5278488,230000000447035;9,496166547000030;47,658715448000066;1
210020;08240911435100183410;08;4;35;016;2024;09;16;4;3;5;2;0;1;1;1;0;0;0;0;535846,887600000016391;5278408,317999999970198;9,477404718000059;47,658076021000056;1
210023;08240911416010212960;08;4;16;041;2024;09;12;4;3;2;2;0;0;1;0;0;1;0;0;505756,139899999834597;5373054,569099999964237;9,077936837000038;48,510580295000068;1
210026;08240911316200205000;08;3;16;056;2024;09;17;4;3;5;3;0;1;1;1;0;0;0;0;423479,912200000137091;5328822,274299999698997;7,972045211000022;48,108064563000028;1
210027;08240911311400181590;08;3;15;076;2024;09;18;4;3;1;5;0;1;1;1;0;0;0;0;392183,988599999807775;5296625,348500000312924;7,559814016000075;47,813944030000073;1
210030;08240913416100217660;08;4;16;048;2024;09;15;6;3;5;3;0;0;1;1;0;0;0;0;497422,713000000454485;5375295,204800000414252;8,965090253000028;48,530758970000079;1
210033;08240911231000191910;08;2;31;000;2024;09;16;4;3;6;4;0;0;0;1;1;0;0;0;477919,099899999797344;5415593,216700000688434;8,698756534000040;48,892894471000034;1
210034;08240911226200178850;08;2;26;032;2024;09;08;4;3;0;7;0;0;1;1;0;0;0;0;466981,286899999715388;5463176,432800000533462;8,545647777000056;49,320427216000041;1
210035;08240911221400196540;08;2;26;018;2024;09;17;4;3;1;7;0;0;1;1;0;0;0;0;472995,402700000442564;5471232,946799999102950;8,627856295000072;49,393190199000060;1
210037;08240911215402180910;08;2;15;021;2024;09;11;4;3;6;7;0;0;0;1;1;0;0;0;469834,451600000262260;5444893,792500000447035;8,586283379000065;49,156122398000036;1
210038;08240911212502193810;08;2;12;000;2024;09;08;4;3;6;4;0;1;0;1;1;0;0;0;451983,296099999919534;5431193,487199999392033;8,343098957000052;49,031753197000057;1
210039;08240911211100193570;08;2;11;000;2024;09;11;4;3;4;5;0;1;1;1;0;0;0;0;440880,027400000020862;5406504,989800000563264;8,194790870000077;48,808719302000043;1
210040;08240911126200208390;08;1;26;066;2024;09;14;4;3;5;3;0;1;1;1;0;0;0;0;536414,688900000415742;5448975,601999999955297;9,499789165000038;49,192499418000068;1
210043;08240911111500181680;08;1;11;000;2024;09;14;4;3;5;3;0;1;1;1;0;0;0;0;508034,796699999831617;5397610,987600000575185;9,109265060000041;48,731469596000068;1
210046;08240910435200178700;08;4;35;018;2024;09;17;3;3;6;6;0;0;1;0;1;0;0;0;522835,623599999584258;5280483,990399999544024;9,304233951000072;47,677342217000046;1
210049;08240910336100175940;08;3;36;050;2024;09;02;3;3;1;5;2;1;1;1;0;0;0;0;399190,089700000360608;5272890,942600000649691;7,658861669000032;47,601584883000044;1
210051;08240910335100190040;08;3;35;043;2024;09;16;3;3;1;5;0;0;1;1;0;0;0;0;514414,782800000160933;5279431,880300000309944;9,192011068000056;47,668118312000047;1
210052;08240910326400222230;08;3;26;074;2024;09;15;3;3;5;2;0;0;1;1;0;0;0;0;458759,632000000216067;5324534,090199999511242;8,446367028000054;48,072747420000042;1
210054;08240910311010177040;08;3;36;050;2024;09;14;3;3;5;3;0;0;1;1;0;0;0;0;399581,980299999937415;5273762,358400000259280;7,663874138000040;47,609484410000050;1
210056;08240921116010220630;08;1;16;022;2024;09;13;7;2;5;3;0;0;1;1;0;0;0;0;523022,042200000025332;5381882,033900000154972;9,312199147000058;48,589598197000043;1
210061;08240910212102178400;08;2;15;089;2024;09;17;3;2;1;5;0;0;1;1;0;0;0;0;468272,370699999853969;5431305,597300000488758;8,565927341000076;49,033815004000076;1
210062;08240910212010181560;08;2;15;017;2024;09;15;3;2;5;3;0;0;1;0;0;0;0;1;458718,721199999563396;5420367,680700000375509;8,436338401000057;48,934860566000054;1
210064;08240910127100190670;08;1;27;062;2024;09;08;3;3;0;1;0;1;1;0;0;0;0;0;548572,520299999974668;5429241,335799999535084;9,664270700000031;49,014150111000049;1
210066;08240910119500207280;08;1;19;068;2024;09;17;3;3;2;6;0;0;1;0;0;0;0;0;525791,515599999576807;5413552,128499999642372;9,351736631000051;48,874390252000069;1
210067;08240910119200193800;08;1;19;020;2024;09;13;3;3;4;6;0;0;1;1;0;0;0;0;519339,240399999544024;5410337,879799999296665;9,263591780000070;48,845710540000027;1
210069;08240910118400246870;08;1;18;048;2024;09;12;3;3;5;3;0;0;1;1;0;0;0;0;514399,896300000138581;5415346,545499999076128;9,196445829000027;48,890901605000067;1
210071;08240910118300180070;08;1;18;046;2024;09;16;3;3;4;6;0;0;1;0;0;0;0;0;513555,602099999785423;5411160,191199999302626;9,184789147000060;48,853261169000064;1
210077;08240910111500246880;08;1;11;000;2024;09;09;3;2;0;7;0;1;1;0;0;0;0;0;516207,401899999938905;5405074,664899999275804;9,220697540000060;48,798453251000069;1
210079;08240909435100180250;08;4;35;016;2024;09;19;2;3;0;1;0;1;1;0;0;0;0;0;534629,726900000125170;5278391,590399999171495;9,461193938000065;47,657991818000028;1
210080;08240909426200177630;08;4;26;070;2024;09;15;2;3;6;4;0;0;0;0;1;0;0;1;565653,334499999880791;5342145,894400000572205;9,884050267000021;48,229134867000027;1
210082;08240909421200244320;08;4;21;000;2024;09;07;2;2;4;6;0;1;1;0;0;0;0;0;572917,029000000096858;5360803,093000000342727;9,985070184000051;48,396169675000067;1
210083;08240909416010227950;08;4;15;061;2024;09;09;2;2;6;4;0;0;1;0;1;0;0;0;516392,288200000301003;5370427,511399999260902;9,221843982000053;48,486758825000038;1
210086;08240916215102259560;08;2;15;109;2024;09;12;2;3;5;3;0;0;1;1;0;0;0;0;462203,720499999821186;5439504,053500000387430;8,482138147000057;49,107219103000034;1
210089;08240909326400200910;08;3;26;074;2024;09;19;2;3;6;7;1;1;0;1;1;0;0;0;459400,249499999918044;5325403,026399999856949;8,454884043000050;48,080606055000032;1
210091;08240909311010176990;08;3;36;069;2024;09;14;2;3;4;2;0;1;1;1;0;0;0;0;408258,738900000229478;5267935,294800000265241;7,780513889000076;47,558351794000032;1
210093;08240909311010175570;08;3;11;000;2024;09;08;2;3;1;7;0;1;1;1;0;0;0;0;411842,360000000335276;5315465,009999999776483;7,818492654000067;47,986408805000053;1
210094;08240909237100190210;08;2;37;002;2024;09;17;2;3;0;7;0;0;1;0;0;0;0;0;455549,394100000150502;5354712,494899999350309;8,400110951000045;48,344027753000034;1
210095;08240909226600241060;08;2;26;031;2024;09;11;2;2;0;7;0;0;1;0;0;0;0;0;473746,631900000385940;5493582,826400000602007;8,636723792000055;49,594252702000063;1
210096;08240909226200200570;08;2;26;003;2024;09;10;2;3;3;2;0;1;1;1;0;0;0;0;464454,820399999618530;5460349,580199999734759;8,511135401000047;49,294858327000043;1
210097;08240909226100217630;08;2;26;013;2024;09;13;2;3;6;4;0;0;0;1;1;0;0;0;498817,752299999818206;5478914,946100000292063;8,983684657000026;49,462887114000068;1
210099;08240909221011246770;08;2;26;013;2024;09;16;2;3;6;4;0;1;0;0;1;0;0;1;498631,868599999696016;5479107,005100000649691;8,981118747000039;49,464614274000041;1
210100;08240909216100175070;08;2;16;043;2024;09;16;2;3;5;2;0;0;1;1;0;0;0;0;441219,180200000293553;5413226,360999999567866;8,198445484000047;48,869210132000035;1
210101;08240909215402176050;08;2;15;009;2024;09;11;2;2;0;7;0;1;1;0;0;0;0;0;468202,229100000113249;5436748,952800000086427;8,564540208000039;49,082775818000073;1
210102;08240909215102206260;08;2;12;000;2024;09;09;2;3;0;1;0;1;1;0;0;0;0;0;455414,296699999831617;5432606,948599999770522;8,389878983000074;49,044724985000073;1
210103;08240909212402176000;08;2;12;000;2024;09;21;2;3;8;7;2;1;1;0;0;0;0;0;454965,315299999900162;5426561,596599999815226;8,384406352000042;48,990313985000057;1
210105;08240909136200187640;08;1;36;019;2024;09;07;2;3;0;7;0;0;1;0;0;0;0;0;582812,855999999679625;5424252,103499999269843;10,131443965000074;48,965632172000028;1
210110;08240909121500244510;08;1;25;005;2024;09;21;2;2;0;7;2;1;1;0;0;0;0;0;514028,668999999761581;5453288,741000000387430;9,192696559000069;49,232217984000044;1
210112;08240909119010198800;08;1;19;083;2024;09;16;2;3;1;5;0;1;1;1;0;0;0;0;535309,037100000306964;5419746,516699999570847;9,482065072000069;48,929642608000051;1
210114;08240909118400200430;08;1;18;048;2024;09;07;2;3;6;4;0;0;1;0;1;0;0;0;513654,632699999958277;5415432,909399999305606;9,186281760000043;48,891695383000069;1
210116;08240909116400219770;08;1;16;033;2024;09;21;2;3;5;7;2;0;1;1;0;0;0;0;533198,099799999967217;5388774,272600000724196;9,450743385000067;48,651143530000070;1
210119;08240909111310199060;08;1;11;000;2024;09;19;2;3;0;1;1;1;1;0;0;0;0;0;512838,552600000053644;5402241,319800000637770;9,174735378000037;48,773043435000034;1
210120;08240916311010192830;08;3;36;050;2024;09;12;2;3;5;3;0;0;1;1;0;0;0;0;400454,129300000146031;5275201,535700000822544;7,675148394000075;47,622564921000048;1
210121;08240909111140175680;08;1;11;000;2024;09;20;2;3;0;7;2;0;1;0;0;0;0;0;510485,763000000268221;5401903,939999999478459;9,142704935000040;48,770052483000029;1
210122;08240909111110178100;08;1;11;000;2024;09;13;2;3;0;7;0;0;1;0;0;0;0;0;512945,577399999834597;5403429,065500000491738;9,176229400000068;48,783726084000079;1
210123;08240908435200172960;08;4;35;036;2024;09;12;1;3;0;7;0;0;1;0;0;0;0;0;521628,574000000022352;5281299,387900000438094;9,288193315000058;47,684720329000072;1
210124;08240908426000198900;08;4;26;070;2024;09;14;1;2;0;7;0;0;1;0;0;0;0;0;565777,994800000451505;5341225,775000000372529;9,885585854000055;48,220844779000060;1
210126;08240908421200175900;08;4;21;000;2024;09;17;1;3;0;1;0;1;1;0;0;0;0;0;574271,011099999770522;5361314,906999999657273;10,003449415000034;48,400615488000028;1
210128;08240908337010187990;08;3;37;123;2024;09;16;1;2;0;7;0;1;1;0;0;0;0;0;452297,572700000368059;5278853,759099999442697;8,364664719000075;47,661318147000031;1
210129;08240908336100241310;08;3;36;050;2024;09;18;1;3;0;2;1;1;1;0;0;0;0;0;399702,116000000387430;5273586,408999999985099;7,665512441000033;47,607920286000081;1
210130;08240908317600195560;08;3;17;146;2024;09;21;1;2;6;4;2;1;0;1;1;0;0;0;430998,702499999664724;5355138,901799999177456;8,068751360000022;48,345658651000065;1
210131;08240922136000248280;08;1;36;065;2024;09;13;1;3;0;7;0;0;1;0;0;0;0;0;556728,803700000047684;5405365,099799999967217;9,772487269000067;48,798688752000032;1
210132;08240908317100172350;08;3;17;001;2024;09;04;1;3;1;5;2;0;1;1;0;0;0;0;433048,144299999810755;5385524,954700000584126;8,091538804000038;48,619210960000032;1
210134;08240908311010173800;08;3;11;000;2024;09;10;1;3;8;1;0;1;1;0;0;0;0;0;415301,031499999575317;5319466,477399999275804;7,864046732000077;48,022871038000062;1
210135;08240908226200237310;08;2;26;068;2024;09;00;1;3;0;7;2;0;1;0;0;0;0;0;468852,568400000222027;5460242,361800000071526;8,571625538000035;49,294133947000034;1
210139;08240908222301173900;08;2;22;000;2024;09;08;1;3;6;2;0;0;0;1;1;0;0;0;466172,378600000403821;5483832,295499999076128;8,532756974000051;49,506175617000054;1
210141;08240908212010203560;08;2;15;090;2024;09;13;1;2;5;3;0;0;1;0;0;0;0;0;464339,112999999895692;5434929,783999999985099;8,511798421000037;49,066200382000034;1
210143;08240914337200211220;08;3;37;039;2024;09;12;7;3;0;1;0;0;1;0;0;0;0;0;445889,292000000365078;5290517,444900000467896;8,277872805000072;47,765751111000043;1
210145;08240926426100252250;08;4;26;021;2024;09;21;5;3;5;3;2;1;1;1;0;0;0;0;557361,076999999582767;5327730,763599999248981;9,770458060000067;48,100259031000064;1
210146;08240908121600174110;08;1;25;008;2024;09;12;1;3;5;3;0;0;1;0;0;1;0;0;523020,946800000034273;5431610,044600000604987;9,314974157000051;49,036940207000043;1
210147;08240908121300185100;08;1;21;000;2024;09;17;1;3;5;3;0;1;1;1;0;0;0;0;514475,209099999628961;5447064,346200000494719;9,198605797000027;49,176217649000080;1
210149;08240908121100210610;08;1;25;006;2024;09;14;1;3;6;4;0;0;0;1;1;0;0;0;507133,158400000073016;5453789,923200000077486;9,097989567000070;49,236845399000060;1
210150;08240908118400197890;08;1;18;048;2024;09;10;1;2;5;3;0;0;1;1;0;0;0;0;515354,724499999545515;5415449,528999999165535;9,209475539000039;48,891805091000037;1
210152;08240908116500201060;08;1;16;081;2024;09;13;1;3;5;3;0;0;1;1;0;0;0;0;519425,785400000400841;5385836,566400000825524;9,263616429000024;48,625295600000072;1
210153;08240908116500176530;08;1;16;073;2024;09;11;1;3;5;3;0;0;1;1;0;0;0;0;521187,911299999803305;5389552,134800000116229;9,287718999000049;48,658663880000063;1
210156;08240908111230172120;08;1;11;000;2024;09;00;1;3;0;1;2;0;1;0;0;0;0;0;506853,175300000235438;5397402,187599999830127;9,093192764000037;48,729605342000070;1
210159;08240907436200237260;08;4;36;064;2024;09;21;7;3;0;1;2;0;1;0;0;0;0;0;546453,751799999736249;5293086,429700000211596;9,620223832000022;47,789461692000032;1
210161;08240907435100173950;08;4;35;030;2024;09;17;7;3;5;3;0;0;1;0;0;0;0;0;541323,395999999716878;5271194,691099999472499;9,549656142000060;47,592845753000063;1