OID_;UIDENTSTLAE;ULAND;UREGBEZ;UKREIS;UGEMEINDE;UJAHR;UMONAT;USTUNDE;UWOCHENTAG;UKATEGORIE;UART;UTYP1;ULICHTVERH;IstStrassenzustand;IstRad;IstPKW;IstFuss;IstKrad;IstGkfz;IstSonstige;LINREFX;LINREFY;XGCSWGS84;YGCSWGS84;PLST
210163;08240907415400237210;08;4;15;061;2024;09;10;7;3;3;5;0;0;1;1;0;0;0;0;514555,673600000329316;5372575,107899999246001;9,197063303000050;48,506124584000077;1
210165;08240907335400201210;08;3;35;098;2024;09;16;7;2;0;1;0;0;1;0;0;0;0;0;504640,971499999985099;5296030,180199999362230;9,061996953000062;47,817606964000049;1
210166;08240907335100171500;08;3;35;043;2024;09;11;7;2;0;7;0;0;1;0;0;0;0;0;513052,830900000408292;5278823,168999999761581;9,173851190000050;47,662670252000055;1
210168;08240907317600195550;08;3;17;041;2024;09;12;7;2;5;3;0;0;1;0;0;0;0;0;438472,124300000257790;5348061,607300000265241;8,170634267000025;48,282765368000071;1
210169;08240919221200261990;08;2;21;000;2024;09;19;5;3;5;3;0;0;1;1;0;0;0;0;479049,874400000087917;5473196,088199999183416;8,711186658000031;49,411086846000046;1
210176;08240907311200215350;08;3;11;000;2024;09;18;7;3;2;6;0;0;1;1;0;0;0;0;414082,112499999813735;5319113,222400000318885;7,847773235000034;48,019530601000042;1
210177;08240907311010194920;08;3;11;000;2024;09;18;7;3;0;1;0;0;1;0;0;0;0;0;412282,509800000116229;5317019,202700000256300;7,824072705000049;48,000449754000044;1
210180;08240907225100380670;08;2;25;033;2024;09;15;7;3;0;1;0;0;1;0;0;0;0;0;507251,435200000181794;5462460,400900000706315;9,099771541000052;49,314836439000032;1
210181;08240907222400172790;08;2;26;028;2024;09;18;7;2;0;7;0;0;1;0;0;0;0;0;471534,592500000260770;5483962,182900000363588;8,606811024000024;49,507619312000031;1
210183;08240907216200226440;08;2;16;028;2024;09;17;7;3;1;6;0;0;1;1;0;0;0;0;426170,474100000225008;5395492,932399999350309;7,996452136000073;48,708096716000057;1
210185;08240907215202215570;08;2;15;097;2024;09;12;7;3;3;6;0;0;1;0;0;1;0;0;475534,150500000454485;5443773,811699999496341;8,664520481000068;49,146301523000034;1
210186;08240907212702208050;08;2;15;017;2024;09;18;7;3;1;5;0;0;1;1;0;0;0;0;456341,810999999754131;5421581,715299999341369;8,403755384000021;48,945617918000039;1
210187;08240907212010207950;08;2;12;000;2024;09;21;7;2;1;5;2;0;1;1;0;0;0;0;457375,559899999760091;5429670,925499999895692;8,417024535000053;49,018453922000049;1
210188;08240907212010195740;08;2;12;000;2024;09;16;7;2;5;3;0;0;1;0;0;0;0;1;456575,984299999661744;5428253,206199999898672;8,406241007000062;49,005645610000045;1
210189;08240907212010195410;08;2;12;000;2024;09;15;7;3;6;7;0;0;0;1;1;0;0;0;455455,108599999919534;5428658,501900000497699;8,390871121000032;49,009211401000073;1
210190;08240907136100213050;08;1;36;088;2024;09;17;7;3;0;7;0;0;1;0;0;0;0;0;582734,992300000041723;5406751,021600000560284;10,126837607000027;48,808237057000042;1
210192;08240907135100192520;08;1;35;016;2024;09;07;7;2;0;1;0;0;1;0;0;0;0;0;590185,154299999587238;5385976,379200000315905;10,223743695000053;48,620353399000066;1
210193;08240907127202185800;08;1;27;014;2024;09;14;7;3;0;7;0;0;1;1;0;0;0;0;578764,544599999673665;5442690,087300000712276;10,079728979000038;49,131991576000075;1
210194;08240907126200179420;08;1;26;058;2024;09;20;7;3;0;7;2;0;1;0;0;0;0;0;541779,227800000458956;5448468,244300000369549;9,573360740000055;49,187593733000028;1
210195;08240929212502251240;08;2;12;000;2024;09;14;1;3;0;3;0;0;1;1;0;0;0;0;454637,661899999715388;5432301,400800000876188;8,379286189000027;49,041919904000054;1
210198;08240907119200195620;08;1;19;020;2024;09;17;7;3;6;4;0;0;0;1;1;0;0;0;520299,615500000305474;5406441,470699999481440;9,276488525000048;48,810628628000075;1
210201;08240907117010195440;08;1;17;024;2024;09;17;7;2;1;3;0;0;1;1;0;0;0;0;562223,090099999681115;5384565,538000000640750;9,844160817000045;48,611068997000075;1
210203;08240907116010173090;08;1;16;035;2024;09;15;7;2;5;3;0;0;1;1;0;0;0;0;526756,284900000318885;5391633,213999999687076;9,363467330000049;48,677171498000064;1
210204;08240907116000214190;08;4;16;025;2024;09;12;7;3;0;3;0;0;1;1;0;0;0;0;504159,828700000420213;5361424,155099999159575;9,056207530000052;48,405960318000041;1
210207;08240907111500174010;08;1;11;000;2024;09;18;7;3;6;4;0;0;0;0;1;1;0;0;517088,015700000338256;5399319,358899999409914;9,232449701000064;48,746655516000033;1
210209;08240907111250189010;08;1;11;000;2024;09;18;7;3;5;3;0;0;1;0;0;0;0;1;515234,155899999663234;5403852,522199999541044;9,207399540000040;48,787483611000027;1
210211;08240906436200170250;08;4;36;064;2024;09;12;6;3;8;1;0;0;1;0;0;0;0;0;544543,865399999544024;5290493,022900000214577;9,594459538000024;47,766263622000054;1
210212;08240906435100194620;08;4;35;016;2024;09;12;6;3;6;7;0;0;1;0;1;0;0;0;535750,371399999596179;5278232,131100000813603;9,476104961000033;47,656496136000044;1
210214;08240906416200182870;08;4;16;041;2024;09;16;6;3;0;1;0;0;1;0;0;0;0;0;504278,898099999874830;5374052,915699999779463;9,057945570000072;48,519573597000033;1
210216;08240906415400189750;08;4;15;061;2024;09;19;6;3;6;4;1;0;0;1;1;0;0;0;514721,034300000406802;5369500,494799999520183;9,199193667000031;48,478460407000057;1
210217;08240925118400268150;08;1;18;048;2024;09;09;4;3;5;3;0;0;1;1;0;0;0;0;511313,200199999846518;5418826,655799999833107;9,154433219000055;48,922271782000053;1
210219;08240906336400195330;08;3;36;045;2024;09;17;6;3;5;2;0;0;1;1;0;0;0;0;399071,829699999652803;5284392,939300000667572;7,654633543000045;47,705029868000054;1
210220;08240906336300191430;08;3;36;081;2024;09;21;6;3;0;7;2;0;1;0;0;0;0;0;411297,232699999585748;5277990,752599999308586;7,818859845000077;47,649231973000042;1
210221;08240906336200196340;08;3;36;105;2024;09;15;6;3;0;7;0;0;1;0;0;0;0;0;398792,161700000055134;5267804,081900000572205;7,654742116000023;47,555764705000058;1
210223;08240906326200194490;08;3;26;074;2024;09;16;6;3;5;3;0;0;1;1;0;0;0;0;465642,591599999926984;5323578,282299999147654;8,538841012000034;48,064556256000060;1
210225;08240906316100212100;08;3;16;011;2024;09;15;6;3;0;6;0;0;0;1;1;0;0;1;414376,145299999974668;5329205,126800000667572;7,849694456000066;48,110349510000049;1
210227;08240906311500171770;08;3;15;113;2024;09;18;6;3;5;3;0;0;1;1;0;0;0;0;440548,536100000143051;5307797,641100000590086;8,204230972000062;47,920743039000058;1
210229;08240906311010176970;08;3;11;000;2024;09;07;6;2;3;6;0;0;1;1;0;0;0;0;414172,722799999639392;5317494,330199999734759;7,849312201000032;48,004980278000062;1
210231;08240906311010170810;08;3;11;000;2024;09;09;6;3;5;3;0;0;1;1;0;0;0;0;414482,949199999682605;5317807,174000000581145;7,853408170000023;48,007836007000037;1
210232;08240906226600172420;08;2;26;040;2024;09;16;6;3;8;7;0;0;1;0;0;0;0;0;474409,831100000068545;5495260,547499999403954;8,645791206000069;49,609371406000037;1
210235;08240906222200180790;08;2;22;000;2024;09;20;6;3;5;3;2;0;1;1;0;0;0;0;461254,990199999883771;5481961,610600000247359;8,465022058000045;49,489055607000068;1
210236;08240927118400231740;08;1;18;048;2024;09;15;6;2;6;4;0;0;0;1;1;0;0;0;511887,021399999968708;5417154,078900000080466;9,162217531000067;48,907215004000079;1
210240;08240906212702208030;08;2;15;017;2024;09;17;6;3;5;3;0;0;1;1;0;0;0;0;456558,742999999783933;5422039,143999999389052;8,406669097000076;48,949747863000027;1
210241;08240906212502183520;08;2;12;000;2024;09;18;6;3;3;6;0;0;1;1;0;0;0;0;454300,747000000439584;5429322,260999999940395;8,375012046000052;49,015097548000028;1
210242;08240906212102170560;08;2;12;000;2024;09;09;6;3;0;7;0;0;1;0;0;0;0;0;461397,875599999912083;5427500,275100000202656;8,472241676000067;48,999193257000059;1
210244;08240906212010214890;08;2;12;000;2024;09;16;6;2;3;2;0;0;1;0;0;1;0;0;455137,156299999915063;5430585,629300000146031;8,386310468000033;49,026523018000034;1
210245;08240906136100180470;08;1;36;021;2024;09;11;6;3;7;7;0;0;1;0;0;0;0;0;575276,657300000078976;5406976,960000000894070;10,025315531000047;48,811217431000046;1
210247;08240906127100180200;08;1;27;100;2024;09;12;6;3;0;7;0;0;1;0;0;0;0;0;553451,684999999590218;5433890,332200000062585;9,731605014000024;49,055563633000077;1
210251;08240918231102250480;08;2;36;028;2024;09;13;4;3;6;7;0;0;1;1;1;0;0;0;495517,325600000098348;5422267,449300000444055;8,938770366000028;48,953311316000054;1
210257;08240906116500197340;08;1;16;071;2024;09;16;6;3;5;3;0;0;1;1;0;0;0;0;529325,376000000163913;5390758,542999999597669;9,398303951000059;48,669187642000054;1
210258;08240906116200176560;08;1;16;077;2024;09;13;6;3;0;1;0;0;1;0;0;0;0;0;515240,988800000399351;5388734,415699999779463;9,206933943000024;48,651480994000053;1
210259;08240906115300223870;08;1;15;042;2024;09;06;6;3;0;3;0;0;1;1;0;0;0;0;495204,219700000248849;5406089,942299999296665;8,934683371000062;48,807779382000035;1
210264;08240923222601242810;08;2;22;000;2024;09;22;2;3;3;6;2;0;1;1;0;0;0;0;460406,820399999618530;5484390,346000000834465;8,453067957000030;49,510845933000041;1
210265;08240906111370189640;08;1;11;000;2024;09;23;6;2;1;1;2;0;1;1;0;0;0;0;511410,722299999557436;5406656,395899999886751;9,155425024000067;48,812788877000060;1
210266;08240906111240170310;08;1;11;000;2024;09;16;6;3;3;6;0;0;1;0;0;0;0;0;518490,513500000350177;5403717,962200000882149;9,251725503000046;48,786184833000050;1
210268;08240905335300190750;08;3;35;075;2024;09;07;5;3;0;2;0;0;1;1;0;0;0;0;488586,383899999782443;5288795,846499999985099;8,847720356000025;47,752431580000064;1
210269;08240905335200221650;08;3;35;063;2024;09;14;5;3;1;5;0;0;1;1;0;0;0;0;495104,071800000034273;5288777,612500000745058;8,934678986000051;47,752349951000042;1
210270;08240905327100228840;08;3;27;050;2024;09;09;5;2;6;2;0;0;0;1;1;0;0;0;486335,507799999788404;5314399,403599999845028;8,816879820000054;47,982751971000027;1
210274;08240905326000174430;08;3;35;098;2024;09;13;5;3;0;1;0;0;1;0;0;0;0;0;504059,385800000280142;5296043,892100000753999;9,054227906000051;47,817734270000074;1
210275;08240905326000174410;08;3;35;100;2024;09;12;5;3;5;3;0;0;1;1;0;0;0;0;487496,161799999885261;5286219,625000000000000;8,833248788000049;47,729231658000060;1
210276;08240905317000189760;08;3;17;057;2024;09;18;5;3;8;7;0;1;1;0;0;0;0;0;413637,508399999700487;5379384,805500000715256;7,829485719000047;48,561605724000060;1
210277;08240905311400193360;08;3;15;006;2024;09;15;5;3;5;3;0;0;1;1;0;0;0;0;403830,076000000350177;5307920,933000000193715;7,712823804000038;47,917395365000061;1
210278;08240917317000198080;08;3;17;059;2024;09;19;3;3;5;3;0;0;1;1;0;0;0;0;412794,414400000125170;5349949,431500000879169;7,824186021000060;48,296729419000030;1
210280;08240905311100180980;08;3;15;115;2024;09;16;5;3;6;4;0;0;0;1;1;0;0;0;408699,194799999706447;5320401,342900000512600;7,775326149000023;48,030370734000030;1
210281;08240905311010177030;08;3;11;000;2024;09;13;5;3;5;3;0;0;1;0;0;0;0;1;409928,679999999701977;5315821,633999999612570;7,792776124000056;47,989350071000047;1
210282;08240905311010169750;08;3;11;000;2024;09;14;5;3;5;3;0;0;1;1;0;0;0;0;414995,746799999848008;5317013,456000000238419;7,860439515000053;48,000764610000033;1
210285;08240909317000197900;08;3;17;096;2024;09;15;2;3;5;3;0;0;1;1;0;0;0;0;422170,164200000464916;5366331,444900000467896;7,947545538000043;48,445309927000039;1
210286;08240905231202169630;08;2;36;043;2024;09;10;5;3;6;7;0;0;0;0;1;0;0;1;469031,297899999655783;5411101,829299999400973;8,577845785000022;48,852111393000030;1
210287;08240905222500170910;08;2;22;000;2024;09;21;5;3;0;7;2;1;1;0;0;0;0;0;465154,935600000433624;5474421,744599999859929;8,519532472000037;49,421474118000049;1
210289;08240905221200231200;08;2;21;000;2024;09;11;5;3;1;5;0;0;1;1;0;0;0;0;476898,946100000292063;5472843,819299999624491;8,681555439000022;49,407840383000064;1
210290;08240905221200176330;08;2;21;000;2024;09;10;5;3;3;2;0;0;1;1;0;0;0;0;477064,384899999946356;5472548,003299999982119;8,683853036000073;49,405185822000078;1
210294;08240905212010174440;08;2;12;000;2024;09;11;5;3;5;3;0;0;1;0;0;0;0;1;456742,200899999588728;5428284,879499999806285;8,408510271000068;49,005942188000063;1
210295;08240905136100179010;08;1;36;050;2024;09;12;5;3;8;7;0;0;1;0;0;0;0;0;582522,980999999679625;5404971,059200000017881;10,123592945000041;48,792255913000076;1
210296;08240905136100170880;08;1;36;088;2024;09;17;5;3;0;7;0;0;1;0;0;0;0;0;579899,789200000464916;5412876,090399999171495;10,089424058000077;48,863698419000059;1
210298;08240905127100180230;08;1;27;076;2024;09;07;5;3;4;6;0;0;1;1;0;0;0;0;554200,926199999637902;5439649,372600000351667;9,742631149000033;49,107299206000050;1
210300;08240905121200169980;08;1;21;000;2024;09;14;5;3;6;4;0;0;0;1;1;0;0;0;517163,473199999891222;5443595,569299999624491;9,235341685000037;49,144945679000045;1
210301;08240905119400180770;08;1;19;079;2024;09;17;5;3;4;6;0;0;1;1;0;0;0;0;522617,332100000232458;5409298,737199999392033;9,308213831000046;48,836251883000045;1
210302;08240905119300187940;08;1;19;067;2024;09;09;5;3;0;2;0;0;1;1;0;0;0;0;539123,240299999713898;5405438,471599999815226;9,532769109000071;48,800706089000073;1
210303;08240905119100176190;08;1;19;008;2024;09;10;5;3;5;2;0;0;1;1;0;0;0;0;530996,624400000087917;5422814,484500000253320;9,423424039000054;48,957471427000030;1
210304;08240905118100191140;08;1;18;007;2024;09;20;5;2;5;3;2;0;1;1;0;0;0;0;510410,498999999836087;5427717,538100000470877;9,142338168000038;49,002266870000028;1
210305;08240905118100177150;08;1;18;076;2024;09;18;5;3;4;6;0;0;1;0;0;1;0;0;505541,636300000362098;5422114,205399999395013;9,075692082000046;48,951924198000029;1
210307;08240905117100177800;08;1;17;019;2024;09;05;5;3;5;3;2;1;1;1;0;0;0;0;551330,464700000360608;5394443,159700000658631;9,697621592000075;48,700911377000068;1
210308;08240905116400189600;08;1;16;033;2024;09;16;5;3;5;2;0;0;1;1;0;0;0;0;531489,366399999707937;5389273,520400000736117;9,427581922000059;48,655723164000051;1
210311;08240905111500169940;08;1;11;000;2024;09;13;5;2;6;4;0;0;0;1;1;0;0;0;509409,670199999585748;5406803,752800000831485;9,128172225000071;48,814148010000054;1
210316;08240905111000586880;08;1;11;000;2024;09;11;5;3;0;6;0;0;0;1;1;0;0;0;516512,323900000192225;5409317,439699999988079;9,225020422000057;48,836612521000063;1
210317;08240904436400168230;08;4;36;082;2024;09;13;4;3;8;7;0;0;1;0;0;0;0;0;548920,908599999733269;5295372,591399999335408;9,653419603000032;47,809847395000077;1
210318;08240904436400167810;08;4;36;082;2024;09;22;4;3;1;5;2;0;1;1;0;0;0;0;547760,604700000025332;5294992,847899999469519;9,637880995000046;47,806518035000067;1
210320;08240904426200167510;08;4;26;070;2024;09;19;4;3;0;1;0;0;1;0;0;0;0;0;565926,056900000199676;5339631,155899999663234;9,887331104000054;48,206484581000041;1
210322;08240904421200166770;08;4;21;000;2024;09;07;4;3;0;1;0;0;1;0;0;0;0;0;573372,711600000038743;5362104,344000000506639;9,991452726000034;48,407821831000035;1
210323;08240904416200168960;08;4;16;041;2024;09;13;4;3;6;4;0;0;0;0;1;0;0;1;504057,550800000317395;5374135,725999999791384;9,054948854000031;48,520320059000028;1
210325;08240904415400227750;08;4;15;061;2024;09;21;4;2;5;3;2;0;1;1;0;0;0;0;515278,774199999868870;5371105,358999999240041;9,206799212000021;48,492885043000058;1
210326;08240904415100168860;08;4;15;050;2024;09;17;4;3;5;3;0;0;1;1;0;0;0;0;521178,743700000457466;5376716,869400000199676;9,286939749000055;48,543196483000031;1
210327;08240904415100168180;08;4;15;050;2024;09;19;4;3;0;1;0;0;1;0;0;0;0;0;521203,082000000402331;5378021,436599999666214;9,287335928000061;48,554931822000071;1
210328;08240904335200169340;08;3;35;063;2024;09;16;4;3;0;1;0;0;1;0;0;0;0;0;497791,492200000211596;5287645,905999999493361;8,970540035000056;47,742182133000028;1
210330;08240904317000188340;08;3;17;057;2024;09;20;4;3;0;7;0;0;1;0;0;0;0;0;413720,447100000455976;5379615,591499999165535;7,830561726000042;48,563692933000027;1
210332;08240904317000177020;08;3;17;152;2024;09;14;4;3;1;5;0;0;1;1;0;0;0;0;408213,371500000357628;5348408,211300000548363;7,762768263000055;48,282218709000063;1
210333;08240904316100175340;08;3;16;043;2024;09;07;4;3;3;6;0;1;1;0;0;0;0;1;409996,538999999873340;5332463,789999999105930;7,790182074000029;48,139057212000068;1
210336;08240904311010213550;08;3;36;050;2024;09;13;4;3;0;7;0;0;1;0;0;0;0;0;399270,726300000213087;5274868,809699999168515;7,659479482000052;47,619388997000044;1
210337;08240904311010188090;08;3;11;000;2024;09;11;4;3;5;2;0;0;1;0;0;0;0;1;412527,202899999916553;5315264,218399999663234;7,827709971000047;47,984696651000036;1
210340;08240904226400218020;08;2;26;084;2024;09;12;4;3;0;7;0;1;1;0;0;0;0;0;469106,145100000314415;5469963,074200000613928;8,574359539000056;49,381583069000044;1
210342;08240904212010181200;08;2;12;000;2024;09;08;4;3;4;7;0;0;1;1;0;0;0;0;453862,168200000189245;5429081,718599999323487;8,369041720000041;49,012901215000056;1
210343;08240904212010174090;08;2;12;000;2024;09;16;4;2;5;2;0;0;1;0;0;0;0;1;456578,821999999694526;5424972,404999999329448;8,406630376000066;48,976134519000027;1
210345;08240904128300188180;08;1;28;131;2024;09;16;4;3;0;1;0;0;1;0;0;0;0;0;535947,648500000126660;5514272,256300000473857;9,499316807000071;49,779838897000047;1
210347;08240904121200187120;08;1;21;000;2024;09;08;4;3;5;3;0;1;1;1;0;0;0;0;516425,159099999815226;5443199,470399999991059;9,225202026000034;49,141402831000050;1
210349;08240904121200177920;08;1;21;000;2024;09;14;4;3;6;4;0;0;0;1;1;0;0;0;516146,901399999856949;5443861,626499999314547;9,221413457000040;49,147366517000080;1
210351;08240913119300206030;08;1;19;086;2024;09;13;6;3;8;1;0;1;1;0;0;0;0;0;534747,786000000312924;5404835,229100000113249;9,473136640000064;48,795539533000067;1
210352;08240904118010184900;08;1;18;046;2024;09;18;4;2;5;3;1;0;1;0;0;0;0;0;513381,929999999701977;5411913,163100000470877;9,182446286000072;48,860038520000046;1
210353;08240904117300227720;08;1;17;026;2024;09;18;4;3;0;7;0;0;1;0;0;0;0;0;545684,530299999751151;5395339,057199999690056;9,620993023000040;48,709409516000051;1
210356;08240904111240167660;08;1;11;000;2024;09;07;4;2;1;5;0;0;1;1;0;0;0;0;515100,926699999719858;5403747,426599999889731;9,205581893000044;48,786541432000035;1
210358;08240904111120176090;08;1;11;000;2024;09;09;4;3;0;1;0;1;1;0;0;0;0;0;513576,424300000071526;5402797,436799999326468;9,184796274000064;48,778030557000079;1
210360;08240903437100165900;08;4;37;100;2024;09;08;3;3;4;2;0;0;1;1;0;0;0;0;537308,211600000038743;5318407,159700000658631;9,500313659000028;48,017867028000069;1
210361;08240903436000170090;08;4;35;034;2024;09;08;3;3;4;2;0;0;1;1;0;0;0;0;529026,433799999766052;5284999,061100000515580;9,387011517000076;47,717718050000030;1
210367;08241030121200375660;08;1;21;000;2024;10;18;4;3;6;7;2;0;0;0;1;0;0;1;515835,863900000229478;5443143,586899999529123;9,217120185000056;49,140915616000029;1
210369;08241030119400348330;08;1;19;079;2024;10;13;4;3;1;5;0;0;1;1;0;0;0;0;523705,929999999701977;5410378,469499999657273;9,323110744000076;48,845924242000081;1
210371;08241030117300360990;08;1;17;026;2024;10;20;4;3;6;2;2;0;0;1;1;0;0;0;548463,483599999919534;5394739,419399999082088;9,658694595000043;48,703805710000040;1
210372;08241030117200362000;08;1;17;024;2024;10;17;4;3;0;1;0;0;1;0;0;0;0;0;561080,165199999697506;5385800,816500000655651;9,828838716000064;48,622293272000036;1
210374;08241029436300368660;08;4;36;081;2024;10;15;3;3;5;3;0;0;1;1;0;0;0;0;563048,144999999552965;5280940,010299999266863;9,840001845000074;47,678773889000070;1
210377;08241029416200378690;08;4;16;041;2024;10;12;3;2;5;3;0;0;1;1;0;0;0;0;503549,478600000031292;5374520,622700000181794;9,048071631000028;48,523785808000071;1
210380;08241029415100346930;08;4;15;050;2024;10;13;3;3;5;3;0;0;1;0;0;0;0;0;521040,881000000052154;5377414,541200000792742;9,285107196000070;48,549477529000058;1
210383;08241029326400343180;08;3;26;074;2024;10;10;3;3;5;2;0;0;1;1;0;0;0;0;459805,218700000084937;5322392,704900000244379;8,460604210000042;48,053548814000067;1
210384;08241029326000373190;08;3;26;003;2024;10;14;3;3;6;2;0;0;0;1;1;0;0;0;464995,373800000175834;5318831,263800000771880;8,530542322000031;48,021813007000048;1
210385;08241029326000367290;08;3;35;043;2024;10;15;3;3;0;1;0;0;1;0;0;0;0;0;512706,068199999630451;5280699,078700000420213;9,169287240000074;47,679555966000066;1
210388;08241029311500347010;08;3;15;113;2024;10;14;3;3;5;3;0;0;1;1;0;0;0;0;436650,863900000229478;5305755,707200000062585;8,152365679000070;47,901999766000074;1
210392;08241029226700359300;08;2;26;098;2024;10;18;3;3;5;3;2;0;1;1;0;0;0;0;477965,897599999792874;5460574,901200000196695;8,696941716000026;49,297521794000033;1
210395;08241029221300369690;08;2;21;000;2024;10;19;3;3;0;7;2;0;1;0;0;0;0;0;475370,033099999651313;5474051,486899999901652;8,660405047000040;49,418643163000070;1
210396;08241029221300342540;08;2;21;000;2024;10;09;3;3;1;5;0;0;1;1;0;0;0;0;476697,864000000059605;5475023,422199999913573;8,678655619000040;49,427437854000061;1
210397;08241029221011372830;08;2;21;000;2024;10;11;3;3;1;5;0;0;1;1;0;0;0;0;477270,759499999694526;5472566,511800000444055;8,686696622000056;49,405360046000055;1
210398;08241029216100375560;08;2;16;043;2024;10;12;3;3;5;3;0;0;1;0;0;0;0;0;441449,223899999633431;5412061,058499999344349;8,201748848000022;48,858750051000072;1
210399;08241029215102369180;08;2;15;105;2024;10;15;3;3;0;7;0;0;1;0;0;0;0;0;456853,505699999630451;5441475,840800000354648;8,408625753000024;49,124603147000073;1
210400;08241029121500342390;08;1;25;065;2024;10;16;3;3;6;7;1;0;1;0;1;0;0;0;516559,156899999827147;5448577,715399999171495;9,227260523000041;49,189778087000036;1
210403;08241029119200374000;08;1;19;093;2024;10;07;3;3;6;7;0;0;0;1;1;0;0;0;523153,625900000333786;5406613,762900000438094;9,315370381000037;48,812078740000061;1
210405;08241029118400360920;08;1;18;048;2024;10;13;3;3;6;3;0;0;1;0;1;0;0;0;514209,758999999612570;5415928,354000000283122;9,193872196000029;48,896139787000038;1
210406;08241029118400342970;08;1;18;048;2024;10;12;3;3;0;1;0;0;1;0;0;0;0;0;514545,516300000250340;5415610,489099999889731;9,198441786000046;48,893272569000032;1
210409;08241029111250392470;08;1;11;000;2024;10;17;3;3;5;2;1;0;1;1;0;0;0;0;512583,320899999700487;5401241,536900000646710;9,171231055000021;48,764054663000081;1
210410;08241029111240382050;08;1;11;000;2024;10;09;3;3;6;2;0;0;0;1;1;0;0;0;516268,530500000342727;5405693,483300000429153;9,221554444000049;48,804018458000030;1
210413;08241028426100352370;08;4;26;021;2024;10;10;2;3;0;1;0;0;1;0;0;0;0;0;559346,698200000450015;5326645,713300000876188;9,796974869000053;48,090315846000067;1
210414;08241028417200377910;08;4;17;002;2024;10;14;2;3;0;1;0;0;1;0;0;0;0;0;486886,294599999673665;5342006,576099999248981;8,823412174000055;48,231144581000081;1
210415;08241028336400370350;08;3;36;050;2024;10;21;2;3;5;3;2;0;1;1;0;0;0;0;399241,015700000338256;5274636,858599999919534;7,659137556000076;47,617297902000075;1
210417;08241028317600369730;08;3;17;040;2024;10;15;2;3;5;3;0;0;1;1;0;0;0;0;432111,794999999925494;5347640,664000000804663;8,084978594000063;48,278328532000046;1
210418;08241028311400379190;08;3;15;074;2024;10;15;2;3;5;3;0;0;1;1;0;0;0;0;396305,087100000120699;5296119,017300000414252;7,614967048000040;47,810067002000039;1
210419;08241028311100346960;08;3;15;013;2024;10;13;2;3;5;3;0;0;1;1;0;0;0;0;404948,617200000211596;5324743,717700000852346;7,724065400000029;48,068882630000076;1
210421;08241028231000368960;08;2;37;074;2024;10;06;2;2;6;1;2;0;0;0;1;0;0;1;471047,545599999837577;5370054,408700000494719;8,608202908000067;48,482949197000039;1
210422;08241028222700343760;08;2;22;000;2024;10;12;2;3;0;7;0;0;1;0;0;0;0;0;461401,997600000351667;5481508,583900000900030;8,467096024000057;49,484990244000073;1
210427;08241028221011341530;08;2;21;000;2024;10;11;2;3;3;2;0;0;1;1;0;0;0;0;475774,483799999579787;5472571,115199999883771;8,666071801000044;49,405343730000027;1
210429;08241028215502357680;08;2;15;099;2024;10;17;2;3;5;2;2;0;1;0;0;0;0;1;463101,389999999664724;5446496,239800000563264;8,493796839000026;49,170168671000056;1
210430;08241028212010364370;08;2;12;000;2024;10;16;2;3;5;2;0;0;1;1;0;0;0;0;455026,303500000387430;5428795,806099999696016;8,384992568000030;49,010415361000071;1
210431;08241028212010355020;08;2;12;000;2024;10;15;2;3;5;3;0;0;1;1;0;0;0;0;456022,728500000201166;5426984,692199999466538;8,398813839000070;48,994195998000066;1
210432;08241028212010341940;08;2;12;000;2024;10;12;2;3;6;7;0;0;0;1;1;0;0;0;452792,675400000065565;5427921,740100000053644;8,354551706000052;49,002386271000034;1
210433;08241028212010341350;08;2;12;000;2024;10;05;2;2;5;3;2;0;1;1;0;0;0;0;454294,460799999535084;5429156,435200000181794;8,374944757000037;49,013605469000026;1
210434;08241028136200355260;08;1;36;019;2024;10;15;2;2;0;7;0;0;1;0;0;0;0;0;582096,981300000101328;5423670,241900000721216;10,121547813000063;48,960494444000062;1
210435;08241028136100377940;08;1;36;045;2024;10;17;2;2;3;6;0;0;1;0;0;0;0;0;595893,059999999590218;5403882,911199999973178;10,305333651000069;48,780551498000079;1
210436;08241028135010364900;08;1;35;026;2024;10;10;2;3;0;1;0;0;1;0;0;0;0;0;591506,991100000217557;5394881,020899999886751;10,243644594000045;48,700250066000081;1
210437;08241028118300367700;08;1;18;046;2024;10;11;2;3;6;4;0;0;0;1;1;0;0;0;513111,463399999774992;5410864,750499999150634;9,178725246000056;48,850612986000044;1
210440;08241028115300342920;08;1;15;028;2024;10;17;2;3;6;2;2;0;0;1;1;0;0;0;500238,730299999937415;5404962,733799999579787;9,003250758000036;48,797657557000036;1
210441;08241028115200367230;08;1;15;021;2024;10;16;2;3;6;4;0;0;0;1;1;0;0;0;489294,691800000146031;5381712,551999999210238;8,854830089000075;48,588405188000081;1
210443;08241028111230383190;08;1;11;000;2024;10;08;2;3;1;6;0;0;1;1;0;0;0;0;507861,836400000378489;5398412,444499999284744;9,106928270000026;48,738681722000081;1
210444;08241027416200355450;08;4;16;041;2024;10;16;1;3;5;7;0;0;1;1;0;0;0;0;504288,103400000371039;5374974,665200000628829;9,058079709000026;48,527865924000025;1
210447;08241027311400365370;08;3;15;076;2024;10;17;1;3;4;6;1;0;1;0;0;0;0;0;391925,790400000289083;5297228,538000000640750;7,556215753000060;47,819326173000036;1