OID_;UIDENTSTLAE;ULAND;UREGBEZ;UKREIS;UGEMEINDE;UJAHR;UMONAT;USTUNDE;UWOCHENTAG;UKATEGORIE;UART;UTYP1;ULICHTVERH;IstStrassenzustand;IstRad;IstPKW;IstFuss;IstKrad;IstGkfz;IstSonstige;LINREFX;LINREFY;XGCSWGS84;YGCSWGS84;PLST
210448;08241027311010361330;08;3;15;047;2024;10;19;1;3;7;7;2;0;1;0;0;0;0;0;416121,373999999836087;5322589,153999999165535;7,874434953000048;48,051068988000054;1
210449;08241027311010349940;08;3;11;000;2024;10;11;1;3;5;3;0;0;1;1;0;0;0;0;414117,212000000290573;5317946,653000000864267;7,848477545000037;48,009041626000055;1
210450;08241027311010333780;08;3;11;000;2024;10;01;1;3;0;7;2;0;1;0;0;0;0;0;413246,565899999812245;5316894,891000000759959;7,837019058000067;47,999463088000027;1
210452;08241027226600335540;08;2;26;096;2024;10;16;1;3;0;7;0;0;1;1;1;0;0;0;475655,863099999725819;5487923,122400000691414;8,663492044000066;49,543425989000070;1
210453;08241027225200355210;08;2;25;109;2024;10;16;1;3;0;1;0;0;1;0;0;0;0;0;531705,489699999801815;5485656,845499999821186;9,438078628000028;49,522701283000060;1
210455;08241027215102353230;08;2;12;000;2024;10;10;1;3;1;1;0;0;1;1;0;0;0;0;454764,503899999894202;5433860,071200000122190;8,380847653000046;49,055949488000067;1
210458;08241027118500355630;08;1;18;063;2024;10;15;1;2;8;1;0;0;1;0;0;0;0;0;514453,860999999567866;5422378,574999999254942;9,197431207000022;48,954158268000072;1
210461;08241027118010368950;08;1;18;040;2024;10;18;1;2;5;2;2;0;1;1;0;0;0;0;510989,818599999882281;5431655,991000000387430;9,150365609000062;49,037685394000050;1
210463;08241026437200336570;08;4;37;104;2024;10;18;7;3;6;7;2;0;0;0;1;0;0;1;515735,504700000397861;5326319,286900000646710;9,211312050000060;48,089948386000060;1
210465;08241026426000375810;08;4;26;021;2024;10;14;7;3;5;3;0;0;1;1;0;0;0;0;559483,201600000262260;5326191,761299999430776;9,798744566000039;48,086219288000052;1
210467;08241026416100362600;08;4;16;036;2024;10;14;7;3;0;7;0;0;1;0;0;0;0;0;495177,567999999970198;5368720,872999999672174;8,934755385000074;48,471600457000079;1
210468;08241028119200354520;08;1;19;093;2024;10;11;2;3;4;6;0;0;1;0;0;0;0;0;525049,806699999608099;5404539,514900000765920;9,341070829000046;48,793345740000063;1
210469;08241026415400334540;08;4;15;061;2024;10;17;7;3;3;6;0;0;1;1;0;0;0;0;515221,375000000000000;5372108,390000000596046;9,206058882000036;48,501910051000038;1
210474;08241026317000357470;08;3;17;065;2024;10;20;7;3;1;1;2;1;1;0;0;0;0;1;414959,255699999630451;5354652,442299999296665;7,852420456000061;48,339327131000061;1
210475;08241026317000349670;08;3;17;100;2024;10;17;7;3;4;6;0;0;1;0;0;0;0;0;423909,790099999867380;5366189,072300000116229;7,971091518000037;48,444241995000027;1
210476;08241026311010362590;08;3;11;000;2024;10;16;7;3;0;7;0;1;1;0;0;0;0;0;415002,565100000239909;5318789,390599999576807;7,860178905000055;48,016740743000071;1
210478;08241026237200339180;08;2;37;040;2024;10;14;7;2;0;7;0;0;1;0;0;0;0;0;477119,854500000365078;5365540,349300000816584;8,690621492000048;48,442589614000042;1
210479;08241026231102371930;08;2;36;033;2024;10;16;7;2;5;3;0;0;1;1;0;0;0;0;481408,494199999608099;5427362,226900000125170;8,745823693000034;48,998878458000036;1
210480;08241026226600373450;08;2;26;096;2024;10;12;7;3;0;7;0;0;1;0;0;0;0;0;474653,084999999962747;5489026,824699999764562;8,649559946000068;49,553312201000040;1
210487;08241026212010356410;08;2;12;000;2024;10;20;7;3;0;7;2;0;1;0;0;0;0;0;456358,590099999681115;5428406,224300000816584;8,403252185000042;49,007006692000061;1
210489;08241026136000363560;08;1;36;079;2024;10;11;7;3;0;7;0;0;0;1;1;0;0;0;559320,121500000357628;5397517,042099999263883;9,806638809000049;48,727852868000070;1
210490;08241026136000363020;08;1;36;065;2024;10;20;7;3;0;7;2;0;1;0;0;0;0;0;557170,268299999646842;5405186,511800000444055;9,778473343000030;48,797041893000028;1
210491;08241026136000348470;08;1;36;009;2024;10;19;7;3;0;7;2;1;1;0;0;0;0;0;567800,755599999800324;5406576,970200000330806;9,923437546000059;48,808480304000057;1
210493;08241026116500360060;08;1;16;049;2024;10;09;7;2;6;7;0;0;0;1;1;0;0;0;524963,358699999749660;5385828,522700000554323;9,338762025000051;48,625026727000034;1
210495;08241026116000366670;08;4;15;061;2024;10;17;7;2;0;1;0;0;1;0;0;0;0;0;514037,226499999873340;5376733,038100000470877;9,190184300000055;48,543542425000055;1
210496;08241025436200359740;08;4;36;064;2024;10;16;6;3;5;3;0;0;1;1;0;0;0;0;546604,100700000301003;5293325,608200000599027;9,622256770000035;47,791602714000078;1
210497;08241025436200347100;08;4;36;064;2024;10;07;6;3;5;2;1;0;1;1;0;0;0;0;546328,237800000235438;5291659,278100000694394;9,618395835000058;47,776630645000068;1
210498;08241025436100332090;08;4;36;055;2024;10;15;6;2;0;7;0;0;1;0;0;0;0;0;576839,959200000390410;5296980,116800000891089;10,026559098000064;47,821580728000072;1
210499;08241025426300346810;08;4;26;097;2024;10;21;6;2;4;6;2;0;1;1;0;0;0;0;535467,436700000427663;5333290,210799999535084;9,476865342000053;48,151870855000027;1
210502;08241025416200331730;08;4;16;041;2024;10;12;6;3;0;6;0;0;1;1;0;0;0;0;503804,112099999561906;5373759,286000000312924;9,051513261000025;48,516935053000054;1
210503;08241025416010332400;08;4;16;036;2024;10;15;6;3;0;1;0;0;1;0;0;0;0;0;489423,627600000239909;5366339,603199999779463;8,856968402000064;48,450107063000075;1
210506;08241025415400356940;08;4;15;061;2024;10;07;6;3;5;3;0;0;1;1;0;0;0;0;516866,942999999970198;5373130,946000000461936;9,228376860000026;48,511067259000072;1
210508;08241025326000373840;08;3;26;003;2024;10;15;6;3;5;3;0;0;1;1;0;0;0;0;464666,092000000178814;5319621,923000000417233;8,526061171000038;48,028908311000066;1
210510;08241025317000362920;08;3;17;057;2024;10;11;6;3;5;3;0;0;1;1;0;0;0;0;412143,638100000098348;5381069,688699999824166;7,808887157000072;48,576552557000070;1
210511;08241025317000359920;08;3;17;073;2024;10;16;6;3;1;3;0;0;1;0;0;0;0;1;411292,397599999792874;5348077,497999999672174;7,804331669000021;48,279682992000062;1
210512;08241025317000359420;08;3;17;153;2024;10;15;6;3;3;6;0;0;1;1;0;0;0;0;421393,691599999554455;5392722,103099999949336;7,932061164000061;48,682590630000050;1
210514;08241025311010373870;08;3;11;000;2024;10;13;6;3;5;2;0;1;1;1;0;0;0;0;414455,237999999895692;5318024,223500000312924;7,852993405000063;48,009784739000054;1
210515;08241025237100361130;08;2;37;004;2024;10;10;6;3;5;3;0;1;1;1;0;0;0;0;453796,194299999624491;5369930,697399999946356;8,374775637000027;48,480804945000045;1
210516;08241025231202359990;08;2;36;004;2024;10;17;6;3;5;3;0;0;1;1;0;0;0;0;472673,118599999696016;5413003,016200000420213;8,627361666000070;48,869384871000079;1
210517;08241025231000366130;08;2;31;000;2024;10;13;6;3;6;4;0;0;0;1;1;0;0;0;477359,997499999590218;5415375,191700000315905;8,691141054000070;48,890913016000070;1
210521;08241025221300332100;08;2;21;000;2024;10;13;6;3;5;2;0;0;1;1;0;0;0;0;475668,080099999904633;5473547,936200000345707;8,664545279000038;49,414125815000034;1
210523;08241025215402361190;08;2;15;009;2024;10;11;6;3;5;3;0;0;1;1;0;0;0;0;468697,140700000338256;5440157,358799999579787;8,571053534000043;49,113460517000078;1
210524;08241025215102377160;08;2;12;000;2024;10;13;6;3;5;3;0;0;1;1;0;0;0;0;459344,245699999853969;5431109,234899999573827;8,443804762000070;49,031524622000063;1
210527;08241025212402333240;08;2;12;000;2024;10;09;6;3;5;3;0;0;1;0;0;0;0;1;454738,453499999828637;5427905,522700000554323;8,381155758000034;49,002386143000081;1
210529;08241025126200361970;08;1;26;066;2024;10;17;6;2;5;3;0;0;1;1;0;0;0;0;536131,951999999582767;5448657,827400000765920;9,495880203000070;49,189657769000064;1
210530;08241025121400367430;08;1;25;013;2024;10;17;6;3;5;2;0;0;1;0;0;0;0;1;507560,819500000216067;5436273,828500000759959;9,103535477000037;49,079276791000041;1
210533;08241025121200356660;08;1;21;000;2024;10;10;6;3;6;7;0;0;0;1;1;0;0;0;514039,906600000336766;5440913,463899999856949;9,192418924000037;49,120898532000069;1
210535;08241025119500362260;08;1;19;085;2024;10;16;6;3;6;4;0;0;1;0;1;0;0;0;529354,631400000303984;5413686,608200000599027;9,400337778000051;48,875441516000080;1
210536;08241025119400358840;08;1;19;079;2024;10;09;6;3;6;7;0;0;0;1;1;0;0;0;523001,505199999548495;5408954,333300000056624;9,313429675000066;48,833139600000038;1
210537;08241025118400330010;08;1;18;048;2024;10;19;6;3;5;3;2;0;1;1;0;0;0;0;512936,958499999716878;5416727,305600000545382;9,176532020000025;48,903354827000044;1
210538;08241025118200333590;08;1;18;080;2024;10;15;6;3;5;3;0;0;1;0;0;1;0;0;508045,991999999620020;5411070,881999999284744;9,109680914000023;48,852553669000031;1
210539;08241025117300363590;08;1;17;026;2024;10;15;6;3;5;3;0;0;1;1;0;0;0;0;553069,503299999982119;5399460,888199999928474;9,721900293000033;48,745902005000062;1
210540;08241025117100345450;08;1;17;019;2024;10;17;6;3;3;6;0;0;1;1;0;0;0;0;552362,868999999947846;5394613,005799999460578;9,711673204000022;48,702353400000050;1
210541;08241025116200331500;08;1;16;078;2024;10;18;6;3;5;3;2;0;1;1;0;0;0;0;511932,523299999535084;5393419,706000000238419;9,162148786000046;48,693702245000054;1
210542;08241025111320345040;08;1;11;000;2024;10;10;6;3;0;7;0;0;1;0;0;0;0;0;516786,059299999848008;5406903,264900000765920;9,228651876000072;48,814887702000078;1
210544;08241024436200326360;08;4;36;064;2024;10;06;5;3;5;3;1;1;1;1;0;0;0;0;546577,086000000126660;5293639,873800000175834;9,621929829000067;47,794432110000059;1
210545;08241026121200362570;08;1;21;000;2024;10;16;7;2;6;4;0;0;0;1;1;0;0;0;516024,115299999713898;5446472,498700000345707;9,219833692000066;49,170855314000050;1
210546;08241024436200324530;08;4;36;064;2024;10;07;5;3;0;6;1;0;1;1;0;0;0;0;546361,899600000120699;5292896,931199999526143;9,618977304000055;47,787763394000081;1
210547;08241024435200357110;08;4;35;059;2024;10;13;5;3;5;3;0;0;1;1;0;0;0;0;514807,161999999545515;5291757,087999999523163;9,197656757000061;47,779006355000035;1
210550;08241024416100368850;08;4;16;036;2024;10;16;5;3;6;3;0;0;0;1;1;0;0;0;495311,806099999696016;5369664,402899999171495;8,936560963000034;48,480089876000079;1
210551;08241024416000359070;08;4;16;025;2024;10;12;5;3;5;3;0;0;1;1;0;0;0;0;503109,208999999798834;5361304,256300000473857;9,042010692000076;48,404887702000053;1
210553;08241024415400326860;08;4;15;061;2024;10;20;5;3;2;4;2;0;0;1;1;0;0;0;515475,841099999845028;5371304,599799999967217;9,209473890000027;48,494672660000049;1
210555;08241024336300345000;08;3;36;081;2024;10;18;5;3;5;3;1;1;1;0;0;0;0;1;411885,247200000099838;5278097,853599999099970;7,826666393000039;47,650275770000064;1
210557;08241024335300341800;08;3;35;075;2024;10;13;5;3;0;1;0;0;1;0;0;0;0;0;488037,225899999961257;5289654,372500000521541;8,840369933000034;47,760146243000065;1
210558;08241024335100325740;08;3;35;043;2024;10;13;5;2;0;1;0;0;1;0;0;0;0;0;513218,390700000338256;5279898,288599999621511;9,176088811000056;47,672340460000044;1
210560;08241024311300364730;08;3;11;000;2024;10;17;5;3;0;1;0;0;1;0;0;0;0;1;412740,998800000175834;5315929,060799999162555;7,830439469000055;47,990706331000069;1
210564;08241024222500376810;08;2;22;000;2024;10;17;5;3;5;3;0;0;1;1;0;0;0;0;463113,178000000305474;5478761,609699999913573;8,490976565000039;49,460388947000069;1
210565;08241024222400343750;08;2;22;000;2024;10;08;5;3;0;7;0;0;1;0;0;0;0;0;468893,975100000388920;5477198,343000000342727;8,570869459000050;49,446651458000076;1
210568;08241024212502409680;08;2;12;000;2024;10;15;5;3;5;3;0;0;1;1;0;0;0;0;454640,066999999806285;5429684,165999999269843;8,379611882000063;49,018377946000044;1
210569;08241024212402343080;08;2;12;000;2024;10;08;5;3;0;1;0;0;1;0;0;0;0;0;456777,027499999850988;5427185,665599999949336;8,409103435000077;48,996057050000047;1
210570;08241024128300330980;08;1;28;131;2024;10;13;5;3;5;3;0;0;1;1;0;0;0;0;535785,906000000424683;5512030,404999999329448;9,496864115000051;49,759685179000030;1
210572;08241024128100343490;08;1;28;007;2024;10;23;5;3;5;3;2;0;1;1;0;0;0;0;555737,752999999560416;5482287,609999999403954;9,769635052000069;49,490664740000057;1
210573;08241024127100361290;08;1;27;076;2024;10;13;5;3;2;6;0;0;1;0;0;0;0;0;550414,700699999928474;5443561,036199999973178;9,691247394000072;49,142805747000068;1
210576;08241024119300338330;08;1;19;084;2024;10;21;5;3;6;2;2;0;0;1;1;0;0;0;546472,679200000129640;5413614,775900000706315;9,633772966000038;48,873748572000068;1
210577;08241024117300343890;08;1;17;026;2024;10;18;5;3;6;6;1;0;0;0;1;0;0;1;548115,398699999786913;5394642,573599999770522;9,653952613000058;48,702961483000081;1
210578;08241024117300327550;08;1;17;026;2024;10;18;5;3;6;2;1;0;0;1;1;0;0;1;545147,066899999976158;5395268,194499999284744;9,613679934000061;48,708811209000032;1
210580;08241024116500359330;08;1;16;071;2024;10;13;5;3;4;3;0;0;1;0;0;0;0;1;527714,075000000186265;5390461,572100000455976;9,376399503000073;48,666589698000053;1
210582;08241024116500328150;08;1;16;071;2024;10;13;5;3;0;7;0;0;1;1;0;0;0;0;528166,729100000113249;5391355,381999999284744;9,382607968000059;48,674610100000052;1
210585;08241024116100358570;08;1;16;056;2024;10;15;5;2;5;3;0;0;1;1;0;0;0;0;534166,445199999958277;5395450,872600000351667;9,464442417000043;48,711152832000039;1
210586;08241024116100354910;08;1;16;019;2024;10;11;5;3;6;7;0;0;0;0;1;0;0;1;524304,782999999821186;5396565,928999999538064;9,330456160000040;48,721646152000062;1
210588;08241024111320347590;08;1;11;000;2024;10;17;5;3;6;7;0;0;1;0;1;0;0;0;514053,250500000081956;5408803,316400000825524;9,191492174000075;48,832048092000036;1
210589;08241023436400364980;08;4;36;012;2024;10;19;4;3;0;7;2;1;1;0;0;0;0;0;547071,847900000400841;5300188,922399999573827;9,629247539000062;47,853317407000077;1
210590;08241023426100342510;08;4;26;021;2024;10;07;4;3;8;6;1;1;1;1;0;0;0;0;559476,801799999549985;5327905,557700000703335;9,798897440000076;48,101637478000043;1
210591;08241023421300338230;08;4;21;000;2024;10;12;4;3;1;5;0;1;1;1;0;0;0;0;571940,781799999997020;5360403,926999999210238;9,971815204000052;48,392691219000028;1
210592;08241023421200326950;08;4;21;000;2024;10;17;4;3;0;1;0;1;1;0;1;0;0;0;573360,764499999582767;5361421,959799999371171;9,991172031000076;48,401685037000050;1
210593;08241023417300356530;08;4;17;051;2024;10;16;4;3;6;4;0;0;0;1;1;0;0;0;491020,275899999774992;5358238,117000000551343;8,878734367000050;48,377246719000027;1
210594;08241023415400373960;08;4;15;061;2024;10;13;4;3;5;3;0;0;1;0;0;0;0;1;515387,311200000345707;5370444,930400000885129;9,208243928000059;48,486940942000047;1
210595;08241023335300356400;08;3;35;075;2024;10;18;4;3;5;2;2;0;1;1;0;0;0;0;488812,418100000359118;5287643,301699999719858;8,850765723000052;47,742065456000034;1
210597;08241023311300328510;08;3;15;098;2024;10;12;4;3;1;1;0;0;1;1;0;0;0;0;407637,451000000350177;5312591,328999999910593;7,762768601000062;47,959966260000044;1
210598;08241023311010375980;08;3;11;000;2024;10;10;4;3;5;3;0;0;1;0;0;0;0;1;413778,755599999800324;5315599,616100000217557;7,844412078000062;47,987883618000069;1
210604;08241023226700343130;08;2;26;095;2024;10;17;4;3;5;3;0;0;1;1;0;0;0;0;473742,951200000010431;5461658,494000000879169;8,638788953000073;49,307101757000055;1
210607;08241023216300376030;08;2;16;024;2024;10;13;4;3;0;7;0;0;1;0;0;0;0;0;445129,102099999785423;5409005,950400000438094;8,252323027000045;48,831605478000029;1
210609;08241023212010341730;08;2;12;000;2024;10;07;4;3;2;2;1;0;1;1;0;0;0;0;455710,500000000000000;5432714,698999999091029;8,393920280000032;49,045715561000065;1
210613;08241023121200337770;08;1;21;000;2024;10;16;4;3;5;3;0;0;1;1;0;0;0;0;515633,086699999868870;5442248,892799999564886;9,214305297000067;49,132872733000056;1
210614;08241023121200323040;08;1;21;000;2024;10;07;4;3;5;2;0;0;1;1;0;0;0;0;514860,736899999901652;5441225,414799999445677;9,203679939000040;49,123685348000038;1
210615;08241023119500322990;08;1;19;085;2024;10;08;4;3;6;4;0;0;0;1;1;0;0;0;528797,846699999645352;5414098,767500000074506;9,392773577000071;48,879175248000081;1
210616;08241023119400589010;08;1;19;090;2024;10;10;4;3;3;6;0;0;1;1;0;0;0;0;534039,432000000029802;5406495,081800000742078;9,463629415000071;48,810510141000066;1
210619;08241023118010379220;08;1;15;045;2024;10;16;4;3;6;4;0;0;1;0;1;0;0;0;497702,519899999722838;5396869,156799999997020;8,968760715000030;48,724843623000027;1
210620;08241023117200339730;08;1;17;024;2024;10;19;4;3;4;6;2;0;1;1;0;0;0;0;560320,892699999734759;5385230,210799999535084;9,818453740000052;48,617234188000054;1
210625;08241022421300318840;08;4;21;000;2024;10;08;3;3;5;3;0;0;1;1;0;0;0;0;571123,157599999569356;5360199,826199999079108;9,960737351000034;48,390948024000068;1
210626;08241029111250382120;08;1;11;000;2024;10;13;3;3;6;4;0;0;0;1;1;0;0;0;515221,319000000134110;5402890,763699999079108;9,207189163000066;48,778832044000069;1
210627;08241022421200349380;08;4;21;000;2024;10;07;3;3;5;3;0;0;1;1;0;0;0;0;571683,146399999968708;5366767,594799999147654;9,969423401000029;48,449963259000072;1
210629;08241022416200353480;08;4;16;041;2024;10;12;3;3;0;1;0;1;1;0;0;0;0;0;504074,493599999696016;5374445,903400000184774;9,055181330000039;48,523110418000044;1
210632;08241022337100406960;08;3;37;096;2024;10;18;3;2;6;4;2;1;0;1;1;0;0;0;420338,923600000329316;5267588,825699999928474;7,941124172000059;47,556829649000065;1
210634;08241022335100344540;08;3;35;002;2024;10;09;3;3;5;3;0;1;1;1;0;0;0;0;505410,002000000327826;5285149,962999999523163;9,072134638000023;47,719705719000046;1
210637;08241022316200354410;08;3;16;009;2024;10;14;3;3;1;7;0;1;1;1;0;0;0;0;417895,540199999697506;5324593,245799999684095;7,897853052000073;48,069327389000080;1
210638;08241022311010322710;08;3;15;073;2024;10;15;3;2;4;6;0;0;1;1;0;0;0;0;412369,165300000458956;5312818,511499999091029;7,826091262000034;47,962675060000038;1
210639;08241022311000359860;08;3;15;013;2024;10;13;3;3;6;4;0;0;0;0;1;0;0;1;404686,618800000287592;5325354,882400000467896;7,720413038000061;48,074340848000077;1
210641;08241022231302334340;08;2;31;000;2024;10;08;3;3;0;1;0;1;1;0;0;0;0;0;481319,271399999968708;5417481,296499999240041;8,745057216000021;48,909990880000066;1
210643;08241022226300370540;08;2;26;049;2024;10;12;3;3;6;6;0;0;0;1;1;0;0;0;486115,920099999755621;5463505,620699999853969;8,808934812000075;49,324123451000048;1
210644;08241022226300362770;08;2;26;104;2024;10;07;3;3;6;7;0;0;0;1;1;0;0;0;492305,743700000457466;5469594,478499999269843;8,893997979000062;49,379002460000038;1
210645;08241022226200364910;08;2;26;032;2024;10;14;3;3;0;7;0;0;1;1;0;0;0;0;467860,877100000157952;5462176,464700000360608;8,557831472000032;49,311479596000027;1
210646;08241022226200349280;08;2;26;068;2024;10;10;3;3;5;3;0;0;1;1;0;0;0;0;468418,573300000280142;5460948,565099999308586;8,565601105000042;49,300463889000071;1
210648;08241022225100322720;08;2;25;064;2024;10;16;3;2;0;1;0;1;1;0;0;0;0;0;505395,874499999918044;5471582,793199999257922;9,074364760000037;49,396912050000026;1
210650;08241022222014337320;08;2;22;000;2024;10;15;3;2;6;4;0;0;0;1;1;0;0;0;463061,430800000205636;5483777,350299999117851;8,489793957000074;49,505499900000075;1
210654;08241022212702323490;08;2;15;108;2024;10;14;3;3;4;6;0;0;1;0;0;0;0;0;450024,005699999630451;5424779,330499999225140;8,317085857000052;48,973902351000049;1
210655;08241022211100381510;08;2;11;000;2024;10;21;3;2;0;4;2;0;0;0;1;0;0;1;440820,786000000312924;5404099,730299999937415;8,194330666000042;48,787078252000072;1
210658;08241022121200336450;08;1;21;000;2024;10;13;3;3;0;7;0;0;1;1;0;0;0;0;516239,962000000290573;5443464,449999999254942;9,222673526000051;49,143791333000081;1
210661;08241022118010344500;08;1;18;011;2024;10;07;3;3;6;4;0;0;0;1;1;0;0;0;502671,570199999958277;5409424,372300000861287;9,036407457000053;48,837788319000026;1
210662;08241022116400349420;08;1;16;033;2024;10;07;3;3;8;1;0;1;1;0;0;0;0;0;530392,693500000052154;5388358,725600000470877;9,412623880000069;48,647548046000054;1
210663;08241022116200332470;08;1;16;078;2024;10;19;3;3;6;4;2;0;0;1;1;0;0;0;512447,733599999919534;5393674,502499999478459;9,169157528000028;48,695984343000077;1
210664;08241022116010365010;08;1;16;019;2024;10;17;3;1;6;1;0;1;0;1;1;0;0;0;520308,742499999701977;5398551,668700000271201;9,276223179000056;48,739652741000043;1
210665;08241022111330381470;08;1;11;000;2024;10;06;3;3;5;3;2;0;1;1;0;0;0;0;516834,041000000201166;5408976,746999999508262;9,229390568000042;48,833539076000079;1
210671;08241021421200349310;08;4;21;000;2024;10;14;2;3;5;3;0;0;1;1;0;0;0;0;574215,479899999685585;5361226,590199999511242;10,002683658000024;48,399827602000073;1
210672;08241021417300349450;08;4;17;031;2024;10;07;2;2;5;2;2;0;1;1;0;0;0;0;497348,349899999797344;5356479,712500000372529;8,964202153000031;48,361485385000037;1
210680;08241021325202351660;08;3;25;049;2024;10;17;2;3;2;6;0;0;1;1;0;0;0;0;472252,676699999719858;5332613,186599999666214;8,626974357000051;48,146163587000046;1
210685;08241021317000317840;08;3;17;057;2024;10;17;2;3;0;1;0;0;1;0;0;0;0;0;411943,725999999791384;5380860,844200000166893;7,806221692000065;48,574646077000068;1
210687;08241021316100316230;08;3;16;011;2024;10;17;2;3;5;2;0;0;1;1;0;0;0;0;414638,074000000022352;5329435,027000000700355;7,853166562000069;48,112452675000043;1
210688;08241021311010341550;08;3;36;050;2024;10;16;2;2;3;6;0;0;1;1;0;0;0;0;398906,875300000421703;5273033,398199999704957;7,655062108000038;47,602822212000035;1
210690;08241021311010316080;08;3;36;084;2024;10;07;2;3;5;3;1;0;1;1;0;0;0;0;405488,613699999637902;5277503,828199999406934;7,741637849000028;47,644029561000082;1
210691;08241021231202350090;08;2;36;004;2024;10;15;2;3;5;3;0;0;1;0;0;0;0;0;469803,688000000081956;5413030,399000000208616;8,588232153000035;48,869498108000073;1
210694;08241021222700374430;08;2;22;000;2024;10;07;2;2;5;3;1;0;1;1;0;0;0;0;462208,515800000168383;5481703,392799999564886;8,478212119000034;49,486793208000051;1
210695;08241021222600370480;08;2;22;000;2024;10;06;2;3;0;7;1;0;0;1;1;0;0;0;463073,371100000105798;5482415,415899999439716;8,490086173000066;49,493250738000029;1
210696;08241021222400336300;08;2;26;038;2024;10;12;2;3;4;2;0;0;1;1;0;0;0;0;471517,626000000163913;5480056,632999999448657;8,606858103000036;49,472489511000049;1
210697;08241021221400373400;08;2;21;000;2024;10;17;2;3;2;6;0;0;1;1;0;0;0;0;477257,860000000335276;5469757,466900000348687;8,686679566000066;49,380092579000063;1
210700;08241021212010318070;08;2;12;000;2024;10;14;2;3;6;7;0;0;0;1;1;0;0;0;455615,110600000247359;5428573,632200000807643;8,393068218000053;49,008459519000041;1
210703;08241021128200352220;08;1;28;137;2024;10;16;2;3;6;4;0;0;0;1;1;0;0;0;561304,408999999985099;5497336,221000000834465;9,848834588000045;49,625471424000068;1
210704;08241021128100332790;08;1;28;007;2024;10;12;2;3;1;7;0;0;1;1;0;0;0;0;556191,744500000029802;5482280,521900000050664;9,775902223000060;49,490559116000043;1
210709;08241021116500315540;08;1;16;046;2024;10;20;2;2;1;1;2;0;1;0;0;0;0;1;527630,678799999877810;5378372,723200000822544;9,374461831000076;48,557841721000045;1
210710;08241021115400353980;08;1;15;054;2024;10;13;2;3;5;3;0;0;1;1;0;0;0;0;493110,907100000418723;5395723,792500000447035;8,906346848000055;48,714506036000046;1
210714;08241020336400336840;08;3;36;014;2024;10;13;1;3;5;3;0;0;0;1;1;0;0;0;389203,091199999675155;5282551,770600000396371;7,523594607000064;47,686851696000076;1
210716;08241023231000338640;08;2;31;000;2024;10;08;4;3;6;2;0;0;0;1;1;0;0;0;477242,487800000235438;5415524,064999999478459;8,689529699000047;48,892247924000060;1
210717;08241020311010357000;08;3;15;125;2024;10;09;1;3;5;3;0;0;1;1;0;0;0;0;411519,019600000232458;5310830,235600000247359;7,815114168000036;47,944672905000061;1
210718;08241020311010315110;08;3;11;000;2024;10;18;1;3;1;7;2;0;1;1;0;0;0;0;415008,429700000211596;5315998,473899999633431;7,860810529000048;47,991636114000073;1
210721;08241020231402328920;08;2;31;000;2024;10;08;1;3;0;1;0;0;1;0;0;0;0;0;475870,662800000049174;5412921,274000000208616;8,670968449000043;48,868782210000063;1
210722;08241020216100310770;08;2;16;043;2024;10;13;1;3;0;1;0;0;1;0;0;0;0;0;440949,814699999988079;5407308,875299999490380;8,195625597000060;48,815956906000054;1
210723;08241020215102546320;08;2;15;105;2024;10;03;1;3;0;7;2;0;1;0;0;0;0;0;456827,354199999943376;5441332,732499999925494;8,408282652000025;49,123314060000041;1
210724;08241020212010373720;08;2;12;000;2024;10;22;1;3;1;5;2;0;1;1;0;0;0;0;456052,465400000102818;5428555,476800000295043;8,399050353000064;49,008327511000061;1
210725;08241020136100325530;08;1;36;088;2024;10;20;1;3;0;7;2;0;1;0;0;0;0;0;580390,723000000230968;5410313,899199999868870;10,095613602000071;48,840590122000037;1
210727;08241020128200348510;08;1;28;115;2024;10;17;1;3;5;3;1;0;1;1;0;0;0;0;547426,747299999929965;5496556,994899999350309;9,656602436000071;49,619712378000031;1
210729;08241020127100329710;08;1;27;056;2024;10;16;1;3;0;7;0;0;1;0;0;0;0;0;555695,638899999670684;5436319,165500000119209;9,762649999000075;49,077211528000078;1
210732;08241020119500346580;08;1;19;085;2024;10;19;1;3;5;2;2;0;1;1;0;0;0;0;528483,350100000388920;5413407,179400000721216;9,388436093000053;48,872968525000033;1
210735;08241020111000384300;08;1;11;000;2024;10;18;1;3;5;3;1;0;1;1;0;0;0;0;511365,264899999834597;5409851,721799999475479;9,154894420000062;48,841534398000078;1
210737;08241019436200311990;08;4;36;064;2024;10;12;7;3;0;1;0;0;1;0;0;0;0;0;545927,854700000025332;5291994,358599999919534;9,613087224000026;47,779674040000032;1
210738;08241019421200326790;08;4;21;000;2024;10;06;7;3;5;3;2;0;1;1;0;0;0;0;573262,737599999643862;5361388,755899999290705;9,989842007000050;48,401397762000045;1
210741;08241019337010325520;08;3;37;002;2024;10;13;7;2;8;1;0;0;1;0;0;0;0;0;435521,129300000146031;5272829,671800000593066;8,142133999000066;47,605666163000080;1
210745;08241019311010359550;08;3;36;079;2024;10;10;7;3;6;4;0;0;0;1;1;0;0;0;417122,404199999757111;5292832,750099999830127;7,893587453000066;47,783522215000062;1
210746;08241019237200357160;08;2;37;040;2024;10;13;7;2;5;3;0;0;1;1;0;0;0;0;476892,215900000184774;5365478,918199999257922;8,687546868000027;48,442028642000025;1