OID_;UIDENTSTLAE;ULAND;UREGBEZ;UKREIS;UGEMEINDE;UJAHR;UMONAT;USTUNDE;UWOCHENTAG;UKATEGORIE;UART;UTYP1;ULICHTVERH;IstStrassenzustand;IstRad;IstPKW;IstFuss;IstKrad;IstGkfz;IstSonstige;LINREFX;LINREFY;XGCSWGS84;YGCSWGS84;PLST
210747;08241019231102348610;08;2;36;050;2024;10;18;7;3;5;3;0;0;1;1;0;0;0;0;486252,721699999645352;5423620,066400000825524;8,812178311000025;48,965342381000028;1
210749;08241019222500333080;08;2;22;000;2024;10;10;7;3;0;7;0;0;1;0;0;0;0;0;461594,263100000098348;5479884,063100000843406;8,469908158000067;49,470390716000054;1
210750;08241019222014372660;08;2;22;000;2024;10;20;7;3;6;4;2;0;0;0;1;0;0;1;461973,576999999582767;5488365,180999999865890;8,474326610000048;49,546697514000073;1
210753;08241019127100309500;08;1;27;063;2024;10;13;7;3;0;7;0;0;1;0;0;0;0;0;564715,836900000460446;5433736,912699999287724;9,885737805000076;49,053103495000073;1
210754;08241019118500342850;08;1;18;049;2024;10;09;7;3;8;7;0;0;1;0;0;0;0;0;518480,040199999697506;5422083,022500000894070;9,252412527000047;48,951392362000036;1
210757;08241019117200379620;08;1;17;007;2024;10;18;7;2;0;1;0;0;1;0;0;0;0;0;559212,455699999816716;5383946,414000000804663;9,803232457000036;48,605791890000035;1
210758;08241019116200326100;08;1;16;078;2024;10;12;7;3;6;6;0;0;0;1;1;0;0;0;512248,967500000260770;5392614,601099999621511;9,166424997000036;48,686453337000046;1
210760;08241018435200305970;08;4;35;015;2024;10;08;6;3;8;1;0;1;1;0;0;0;0;0;522122,961400000378489;5294966,987199999392033;9,295475919000069;47,807677375000026;1
210761;08241018421300307740;08;4;21;000;2024;10;08;6;3;3;2;0;0;1;1;0;0;0;0;571177,669700000435114;5360586,280400000512600;9,961539098000060;48,394418145000031;1
210762;08241027311010361440;08;3;11;000;2024;10;00;1;2;0;7;2;1;1;0;0;0;0;0;410427,487099999561906;5314261,249600000679493;7,799785553000049;47,975384102000078;1
210763;08241018421200355250;08;4;21;000;2024;10;12;6;3;6;7;0;0;0;0;1;0;0;1;573396,169900000095367;5360934,856499999761581;9,991565151000032;48,397299319000069;1
210764;08241018417200367280;08;4;17;054;2024;10;15;6;3;6;6;0;0;0;1;1;0;0;0;477600,991700000129640;5349603,823100000619888;8,697976234000066;48,299234306000074;1
210766;08241018416100323180;08;4;16;036;2024;10;10;6;3;0;1;0;0;1;0;0;0;0;0;494626,305999999865890;5368888,037000000476837;8,927294998000036;48,473099868000077;1
210770;08241018335300337090;08;3;35;075;2024;10;08;6;2;5;3;0;0;1;1;0;0;0;0;489049,577100000344217;5288911,072499999776483;8,853897323000069;47,753476364000051;1
210771;08241018335300309230;08;3;35;075;2024;10;14;6;3;9;1;0;0;1;0;0;0;0;0;490854,691700000315905;5289401,260700000450015;8,877971140000056;47,757914989000028;1
210772;08241018335100340620;08;3;35;043;2024;10;12;6;3;4;2;0;0;1;0;0;0;0;1;512745,048100000247359;5279495,399599999189377;9,169771449000052;47,668724902000065;1
210773;08241018335100320040;08;3;35;043;2024;10;10;6;3;6;2;0;0;0;1;1;0;0;0;512692,459999999962747;5278213,301999999210238;9,169033704000071;47,657190034000052;1
210775;08241018317500305990;08;3;17;096;2024;10;09;6;3;0;1;0;1;1;0;0;0;0;0;421491,570600000210106;5368805,927799999713898;7,937906672000054;48,467483431000062;1
210776;08241018311010326140;08;3;15;039;2024;10;13;6;3;5;3;0;0;1;1;0;0;0;0;446895,064100000075996;5304856,399800000712276;8,289535527000055;47,894838957000047;1
210779;08241018311010307310;08;3;11;000;2024;10;16;6;3;3;2;0;0;1;1;0;0;0;0;413906,429999999701977;5317147,125000000000000;7,845812443000057;48,001821230000076;1
210780;08241018311010305430;08;3;11;000;2024;10;15;6;3;0;7;0;0;1;0;0;0;0;0;411474,088000000454485;5318576,996099999174476;7,812915971000052;48,014351043000033;1
210783;08241018231000305100;08;2;37;028;2024;10;11;6;1;6;2;0;0;0;1;1;0;0;0;456383,458999999798834;5368235,491000000387430;8,409961053000075;48,465739774000042;1
210787;08241018222200368080;08;2;22;000;2024;10;18;6;3;6;2;0;0;0;1;1;0;0;0;461256,672699999995530;5481953,706100000068545;8,465046063000045;49,488984618000075;1
210788;08241018221400357800;08;2;21;000;2024;10;14;6;3;0;1;0;1;1;0;0;0;0;0;477506,807000000029802;5471336,743000000715256;8,690019919000065;49,394307220000030;1
210789;08241020416010340220;08;4;16;041;2024;10;18;1;2;1;1;1;0;1;1;0;0;0;0;503483,701299999840558;5374886,930299999192357;9,047183851000057;48,527081611000028;1
210790;08241018215502309310;08;2;15;106;2024;10;08;6;3;1;7;0;0;1;1;0;0;0;0;466666,313400000333786;5453912,223799999803305;8,542085901000064;49,237079538000046;1
210791;08241018212010362910;08;2;12;000;2024;10;07;6;3;5;2;1;0;1;0;0;1;0;0;455013,039800000376999;5426660,825899999588728;8,385047689000032;48,991210042000034;1
210792;08241018212010345630;08;2;12;000;2024;10;11;6;3;5;3;0;1;1;1;0;0;0;0;455401,817699999548495;5432619,088800000026822;8,389706891000060;49,044833283000060;1
210793;08241018212010320340;08;2;12;000;2024;10;13;6;3;5;3;0;0;1;1;0;0;0;0;454300,961799999698997;5428359,858200000599027;8,375123335000069;49,006440689000044;1
210794;08241018136000306460;08;1;36;028;2024;10;21;6;3;9;7;2;1;1;0;0;0;0;0;568625,907300000078976;5405254,169600000604987;9,934453370000028;48,796491501000048;1
210797;08241018118400340110;08;1;18;048;2024;10;11;6;3;0;7;0;0;1;0;0;0;0;0;513639,784099999815226;5415539,158800000324845;9,186082738000039;48,892651502000035;1
210798;08241018118400338250;08;1;18;048;2024;10;19;6;3;0;1;2;1;1;0;0;0;0;0;513621,607599999755621;5415931,287599999457598;9,185847839000076;48,896179388000064;1
210799;08241018118400307570;08;1;18;048;2024;10;16;6;3;0;7;0;0;1;0;0;0;0;0;513455,831699999980628;5415688,120300000533462;9,183578061000048;48,893995542000027;1
210800;08241018118200349800;08;1;18;080;2024;10;13;6;3;5;3;0;0;1;0;0;0;0;1;506573,384600000455976;5411435,502699999138713;9,089612587000033;48,855851084000051;1
210806;08241017436200301730;08;4;36;064;2024;10;15;5;3;0;7;0;0;1;0;0;0;0;0;545460,751600000075996;5292563,093900000676513;9,606911823000075;47,784824099000048;1
210807;08241017436000304830;08;4;36;009;2024;10;11;5;3;0;1;0;1;1;0;0;0;0;0;556694,582999999634922;5308377,792999999597669;9,758947437000074;47,926212148000047;1
210808;08241017426200303180;08;4;26;070;2024;10;09;5;3;5;3;0;0;1;1;0;0;0;0;565474,758000000379980;5342346,567999999970198;9,881676965000054;48,230958541000064;1
210809;08241017426100364830;08;4;26;021;2024;10;19;5;3;1;6;2;0;1;1;0;0;0;0;558556,675300000235438;5327706,316099999472499;9,786512097000070;48,099930315000051;1
210811;08241019311300312160;08;3;11;000;2024;10;14;7;3;3;2;0;0;1;1;0;0;0;0;410372,860000000335276;5315707,623199999332428;7,798751902000049;47,988386924000054;1
210812;08241017415300337100;08;4;15;019;2024;10;18;5;3;1;7;2;0;1;1;0;0;0;0;518793,188799999654293;5370161,895099999383092;9,254324157000042;48,484302043000071;1
210816;08241017335100352420;08;3;35;043;2024;10;18;5;3;2;2;1;0;1;1;0;0;0;0;512958,146300000138581;5278336,247700000181794;9,172575649000066;47,658290994000026;1
210817;08241017335100304110;08;3;35;043;2024;10;13;5;3;5;2;0;0;1;1;0;0;0;0;512787,227599999867380;5278982,730599999427795;9,170318295000072;47,664111242000047;1
210819;08241017326000312820;08;3;26;055;2024;10;13;5;3;0;6;0;0;1;1;0;0;0;0;440178,517300000414252;5332543,126000000163913;8,195822287000055;48,143325266000033;1
210820;08241017317000369930;08;3;17;065;2024;10;14;5;3;0;3;0;0;1;0;0;1;0;0;416225,061999999918044;5354246,150000000372529;7,869579162000036;48,335841698000081;1
210821;08241017317000369910;08;3;17;065;2024;10;14;5;3;0;2;0;0;1;1;0;0;0;0;416006,717699999921024;5354665,450999999418855;7,866549910000060;48,339584277000029;1
210825;08241017311010371220;08;3;15;047;2024;10;14;5;3;2;6;0;0;1;0;0;0;0;0;416016,820000000298023;5321752,186300000175834;7,873196481000036;48,043526402000055;1
210826;08241017311010304470;08;3;11;000;2024;10;17;5;3;5;2;0;0;1;1;0;0;0;0;413123,428000000305474;5318258,451999999582767;7,835092484000029;48,011712029000080;1
210827;08241017311010303800;08;3;11;000;2024;10;12;5;3;0;7;0;0;1;0;0;0;0;0;413200,841099999845028;5317227,962500000372529;7,836338834000060;48,002452969000046;1
210828;08241017226700315990;08;2;26;095;2024;10;06;5;3;5;3;2;1;1;1;0;0;0;0;474419,055499999783933;5459509,474099999293685;8,648227350000070;49,287800060000052;1
210830;08241017222200334660;08;2;22;000;2024;10;21;5;3;0;1;2;1;1;0;0;0;0;0;461721,615799999795854;5482455,281899999827147;8,471416964000070;49,493525532000035;1
210832;08241017212502332600;08;2;12;000;2024;10;19;5;3;5;2;2;0;1;1;0;0;0;0;454312,711400000378489;5428878,010399999096990;8,375225672000056;49,011102373000028;1
210833;08241017212402353680;08;2;12;000;2024;10;08;5;3;5;2;0;0;1;1;0;0;0;0;456520,063000000081956;5426831,768999999389052;8,405628572000069;48,992855656000074;1
210834;08241017212010308860;08;2;12;000;2024;10;17;5;3;5;2;0;0;1;1;0;0;0;0;454798,508000000379980;5428811,575999999418855;8,381875938000064;49,010540568000067;1
210835;08241017136100335060;08;1;36;088;2024;10;16;5;3;6;7;0;0;0;0;1;0;0;1;580285,549599999561906;5410074,338899999856949;10,094133573000022;48,838449074000039;1
210836;08241017136000304560;08;1;36;065;2024;10;08;5;3;6;7;0;0;0;1;1;0;0;0;561213,538200000301003;5404839,357999999076128;9,833471925000026;48,793534292000061;1
210838;08241017127100304490;08;1;27;076;2024;10;14;5;3;6;7;0;0;0;0;1;0;0;1;553464,145800000056624;5440714,786299999803305;9,732678179000061;49,116946782000070;1
210839;08241017121200302040;08;1;21;000;2024;10;11;5;3;5;3;0;0;1;1;0;0;0;0;515849,871500000357628;5443232,040400000289083;9,217315716000030;49,141710923000062;1
210840;08241017119500322460;08;1;19;085;2024;10;16;5;3;6;7;0;0;0;1;1;0;0;0;528968,996600000187755;5413540,123999999836087;9,395068255000069;48,874141942000051;1
210841;08241017119500315930;08;1;19;085;2024;10;08;5;3;0;7;0;0;1;0;0;0;0;0;530555,182199999690056;5413550,615499999374151;9,416700257000059;48,874160178000068;1
210842;08241017119400320410;08;1;19;091;2024;10;17;5;3;5;3;0;0;1;1;0;0;0;0;527287,788099999539554;5402940,488700000569224;9,371435712000050;48,778867087000037;1
210843;08241017119300328850;08;1;19;001;2024;10;13;5;1;0;1;0;1;1;0;0;0;0;0;547261,436200000345707;5410136,545900000259280;9,644127382000022;48,842401334000044;1
210844;08241017118400318010;08;1;18;048;2024;10;18;5;3;5;3;2;0;1;1;0;0;0;0;514244,125799999572337;5415927,404300000518560;9,194341046000034;48,896130455000048;1
210846;08241017116500336760;08;1;16;035;2024;10;07;5;3;2;6;2;0;1;1;0;0;0;0;526975,002700000070035;5391889,217499999329448;9,366455115000065;48,679465077000032;1
210848;08241017116200371350;08;1;16;080;2024;10;15;5;3;2;6;0;0;1;0;0;0;0;0;519069,194199999794364;5397244,566700000315905;9,259303550000027;48,727933306000068;1
210849;08241017116100332230;08;1;16;019;2024;10;18;5;3;6;4;1;0;0;1;1;0;0;0;524545,519899999722838;5397411,073999999091029;9,333779554000046;48,729239554000060;1
210850;08241017115400306810;08;1;15;001;2024;10;17;5;3;2;2;1;0;1;0;0;1;0;0;488837,814299999736249;5392238,952099999412894;8,848351044000026;48,683094353000058;1
210851;08241019115300346950;08;1;15;028;2024;10;18;7;3;5;3;0;0;1;1;0;0;0;0;500462,826299999840558;5404727,076199999079108;9,006301977000021;48,795537470000056;1
210854;08241017111500381000;08;1;11;000;2024;10;09;5;3;0;3;0;1;1;1;0;0;0;0;512883,634200000204146;5397814,255200000479817;9,175210409000044;48,733216800000037;1
210855;08241017111330381020;08;1;11;000;2024;10;07;5;3;5;3;1;0;1;1;0;0;0;0;510850,070000000298023;5409395,981000000610948;9,147860912000056;48,837443847000031;1
210856;08241017111320304230;08;1;11;000;2024;10;19;5;3;0;7;2;0;1;0;0;0;0;0;514857,629900000058115;5406113,510600000619888;9,202355300000022;48,807832296000072;1
210859;08241017216300335510;08;2;16;017;2024;10;13;5;3;0;1;0;0;1;0;0;0;0;0;451321,667500000447035;5401985,808199999853969;8,337529504000031;48,768973352000046;1
210860;08241016436200329330;08;4;36;064;2024;10;22;4;3;3;2;2;0;1;1;0;0;0;0;545019,953999999910593;5291518,357799999415874;9,600919077000071;47,775455532000080;1
210862;08241016421200312480;08;4;21;000;2024;10;21;4;3;6;7;2;0;0;1;1;0;0;0;573074,486999999731779;5360947,457900000736117;9,987222156000030;48,397450039000034;1
210864;08241016416100297180;08;4;16;036;2024;10;00;4;3;0;1;2;1;1;0;0;0;0;0;495200,855600000359118;5369440,617000000551343;8,935062189000064;48,478075765000028;1
210865;08241016415400336350;08;4;15;061;2024;10;07;4;3;6;4;0;0;1;0;1;0;0;0;515418,827999999746680;5371543,130499999970198;9,208711000000051;48,496819967000079;1
210868;08241016221200329320;08;2;21;000;2024;10;19;4;3;0;7;2;0;1;0;0;0;0;0;476682,663099999539554;5472850,281199999153614;8,678573679000067;49,407890257000076;1
210869;08241016221011368200;08;2;21;000;2024;10;13;4;3;5;7;0;0;1;1;0;0;0;0;476839,828999999910593;5474408,829399999231100;8,680649214000027;49,421915131000048;1
210871;08241016212502299490;08;2;12;000;2024;10;08;4;3;6;4;0;0;1;0;1;0;0;0;453587,203200000338256;5429206,906400000676513;8,365267359000029;49,014006663000032;1
210872;08241016212102333410;08;2;12;000;2024;10;07;4;3;0;2;0;0;1;1;0;0;0;0;458832,992899999953806;5427248,847300000488758;8,437202456000023;48,996765898000035;1
210873;08241016212010316160;08;2;12;000;2024;10;17;4;2;5;3;0;0;1;1;0;0;0;0;455408,916000000201166;5432613,709000000730157;8,389804613000024;49,044785405000027;1
210877;08241016119400335830;08;1;19;090;2024;10;13;4;2;0;7;0;0;1;0;0;0;0;0;530280,701100000180304;5407192,233799999579787;9,412487055000042;48,816976027000067;1
210878;08241016119300333390;08;1;19;067;2024;10;17;4;3;3;6;0;0;1;1;0;0;0;0;539097,883999999612570;5405674,818099999800324;9,532446334000042;48,802833748000069;1
210881;08241016116100336470;08;1;16;019;2024;10;13;4;3;0;7;0;0;1;0;0;0;0;0;522209,565899999812245;5398511,982899999246001;9,302074152000046;48,739230861000067;1
210882;08241016116010337240;08;1;16;019;2024;10;14;4;3;6;7;0;0;0;1;1;0;0;0;521618,439500000327826;5400756,956000000238419;9,294152161000056;48,759447189000070;1
210883;08241016115100335850;08;1;15;003;2024;10;17;4;3;0;4;0;0;0;0;1;0;0;1;500397,663800000213087;5392729,157099999487400;9,005403124000054;48,687603974000069;1
210884;08241015436400313030;08;4;36;082;2024;10;19;3;3;6;4;2;1;0;1;1;0;0;0;546705,642699999734759;5294617,921700000762939;9,623751622000043;47,803222265000045;1
210885;08241015436300313160;08;4;36;081;2024;10;16;3;3;6;4;0;1;1;0;1;0;0;0;561790,548799999989569;5280976,962500000372529;9,823253697000041;47,679227771000058;1
210888;08241015435200299590;08;4;35;066;2024;10;17;3;3;4;2;0;1;1;1;0;0;0;0;517550,441700000315905;5285553,342299999669194;9,234025376000034;47,723119228000030;1
210889;08241015426100341130;08;4;26;021;2024;10;19;3;2;4;2;2;0;1;1;0;0;0;0;557733,764600000344217;5328375,095499999821186;9,775550617000022;48,106021901000076;1
210891;08241029311010368720;08;3;11;000;2024;10;13;3;3;0;2;0;0;1;1;0;0;0;0;413336,905199999921024;5317067,492399999871850;7,838194987000065;48,001027949000047;1
210892;08241015421300296370;08;4;21;000;2024;10;19;3;3;1;1;2;0;1;0;0;0;0;1;572667,030299999751151;5355951,705199999734759;9,980854713000042;48,352558960000067;1
210893;08241017121300302850;08;1;21;000;2024;10;20;5;3;1;7;2;0;1;1;0;0;0;0;513247,922199999913573;5443666,882699999958277;9,181655200000023;49,145684112000026;1
210898;08241015317000295140;08;3;17;065;2024;10;09;3;3;6;4;0;0;0;1;1;0;0;0;415681,566100000403821;5354816,445599999278784;7,862132809000059;48,340899140000033;1
210899;08241015311010328320;08;3;11;000;2024;10;11;3;3;3;6;0;0;1;0;0;0;0;0;413853,609600000083447;5315926,267400000244379;7,845349555000041;47,990832056000045;1
210901;08241015222600299670;08;2;22;000;2024;10;16;3;3;5;3;0;0;1;1;0;0;0;0;463163,176599999889731;5483867,010099999606609;8,491190877000065;49,506312532000038;1
210905;08241015221300296440;08;2;21;000;2024;10;08;3;3;1;7;0;1;1;1;0;0;0;0;476752,958999999798834;5473389,253000000491738;8,679511124000044;49,412740908000046;1
210906;08241015216200298920;08;2;16;007;2024;10;15;3;3;1;1;0;0;1;1;0;0;0;0;436062,535899999551475;5393545,474199999123812;8,131196824000028;48,691671867000082;1
210910;08241015212502297460;08;2;12;000;2024;10;16;3;3;1;5;0;0;1;1;0;0;0;0;453217,782899999991059;5430199,632699999958277;8,360101103000034;49,022908362000067;1
210911;08241015212010325070;08;2;12;000;2024;10;10;3;3;5;3;0;1;1;1;0;0;0;0;454277,429100000299513;5428995,149900000542402;8,374730020000072;49,012153437000052;1
210914;08241015119500331520;08;1;19;068;2024;10;13;3;3;0;7;0;0;1;0;0;0;0;0;525829,250500000081956;5413403,479900000616908;9,352241849000052;48,873051491000069;1
210915;08241015116400295820;08;1;16;033;2024;10;16;3;3;0;1;0;0;1;0;0;0;0;0;531569,271900000050664;5389490,496700000017881;9,428683445000047;48,657671029000028;1
210921;08241015111140381230;08;1;11;000;2024;10;19;3;3;3;2;2;0;1;0;0;1;0;0;512570,433600000105798;5401712,704900000244379;9,171070085000053;48,768293523000068;1
210922;08241014436400331540;08;4;36;011;2024;10;08;2;3;0;7;0;0;1;1;0;0;0;0;548928,681400000117719;5297327,132699999958277;9,653744138000036;47,827431591000050;1
210923;08241014436400325230;08;4;36;082;2024;10;17;2;3;5;3;0;0;1;1;0;0;0;0;547176,968000000342727;5295709,403999999165535;9,630164536000052;47,813007897000034;1
210924;08241014436200330740;08;4;36;064;2024;10;16;2;3;4;2;0;0;1;1;0;0;0;0;546089,319899999536574;5292418,999700000509620;9,615287563000038;47,783483008000076;1
210925;08241014426100312180;08;4;26;135;2024;10;17;2;2;6;1;0;0;0;0;1;1;0;0;571580,009200000204146;5330458,750800000503659;9,961875595000038;48,123360288000072;1
210926;08241014337101324710;08;3;37;027;2024;10;15;2;3;3;6;0;0;1;1;0;0;0;0;433220,463100000284612;5286547,315600000321865;8,109431293000057;47,728845693000039;1
210927;08241014335300292210;08;3;35;035;2024;10;09;2;3;5;3;0;0;1;1;0;0;0;0;483513,144700000062585;5290144,746200000867248;8,779982837000034;47,764458542000057;1
210928;08241014335100347230;08;3;35;043;2024;10;12;2;3;2;6;0;0;1;0;0;0;0;0;513360,571100000292063;5279764,552300000563264;9,177978766000024;47,671134223000081;1
210931;08241014316200330760;08;3;16;009;2024;10;17;2;2;0;3;0;0;1;0;0;0;0;1;416388,753899999894202;5325340,132999999448657;7,877484240000058;48,075850122000077;1
210932;08241014311010347320;08;3;11;000;2024;10;12;2;3;5;3;0;0;1;1;0;0;0;0;412727,935200000181794;5317410,497999999672174;7,829963114000066;48,004030540000031;1
210934;08241014311010304710;08;3;36;050;2024;10;07;2;3;3;6;0;0;1;0;0;0;0;0;398784,876099999994040;5273116,160599999129772;7,653420390000065;47,603547647000028;1
210935;08241014311010295020;08;3;15;047;2024;10;15;2;3;0;1;0;1;1;0;0;0;0;0;415832,299499999731779;5320959,180800000205636;7,870877172000064;48,036368715000037;1
210938;08241014222200294060;08;2;22;000;2024;10;09;2;3;3;2;0;0;1;1;0;0;0;0;461405,573699999600649;5481661,288100000470877;8,467130489000056;49,486363964000077;1
210941;08241014212402297170;08;2;12;000;2024;10;14;2;3;0;7;0;1;1;0;0;0;0;0;455786,736999999731779;5426352,201999999582767;8,395656752000036;48,988489813000058;1
210942;08241014212010313130;08;2;12;000;2024;10;11;2;3;2;6;0;1;1;1;0;0;0;0;452868,242999999783933;5428909,137000000104308;8,355470220000029;49,011273717000051;1
210943;08241014212010296500;08;2;12;000;2024;10;16;2;3;5;3;0;1;1;1;0;0;0;0;460477,946899999864399;5426792,929600000381470;8,459734041000047;48,992772315000082;1
210945;08241014119500321950;08;1;19;085;2024;10;10;2;3;0;7;0;0;1;0;0;0;0;0;532175,431400000117719;5412196,754399999976158;9,438689480000050;48,861899474000040;1
210948;08241014118400308130;08;1;18;048;2024;10;18;2;3;0;7;0;1;1;0;0;0;0;0;513330,991399999707937;5415093,788000000640750;9,181855481000071;48,888651781000078;1
210952;08241014115300311640;08;1;15;028;2024;10;14;2;3;3;2;0;1;1;1;0;0;0;0;500093,802400000393391;5405001,335300000384450;9,001277303000052;48,798004853000066;1
210953;08241014111500488710;08;1;11;000;2024;10;06;2;2;4;6;2;0;1;0;0;0;0;0;516772,423499999567866;5407535,899900000542402;9,228492001000063;48,820579148000036;1
210954;08241014111500380920;08;1;11;000;2024;10;14;2;3;0;4;0;0;0;1;1;0;0;0;513319,094299999997020;5403756,809499999508262;9,181324717000052;48,786666553000032;1
210955;08241014111500323790;08;1;11;000;2024;10;06;2;3;5;2;2;0;1;1;0;0;0;0;506805,623499999754131;5408032,568600000813603;9,092722090000052;48,825236279000080;1
210956;08241014111330381600;08;1;11;000;2024;10;17;2;2;0;3;0;0;1;0;0;0;0;0;511803,695700000040233;5406699,217100000008941;9,160778910000033;48,813166750000050;1
210957;08241014111130381550;08;1;11;000;2024;10;09;2;3;1;5;0;1;1;1;0;0;0;0;511953,263700000010431;5401835,061599999666214;9,162674658000071;48,769406398000058;1
210958;08241013421300317920;08;4;25;028;2024;10;12;1;3;6;7;0;0;0;1;1;0;0;0;579514,516200000420213;5340433,730799999088049;10,070344987000055;48,212147047000030;1
210961;08241013311010326550;08;3;11;000;2024;10;13;1;3;0;7;0;0;1;0;0;0;0;0;414102,773099999874830;5315245,635800000280142;7,848824658000069;47,984743029000072;1
210963;08241013226600293770;08;2;26;096;2024;10;15;1;3;0;7;0;0;1;0;0;0;0;0;475086,764000000432134;5487564,196200000122190;8,655648248000034;49,540174447000027;1
210964;08241013221300307020;08;2;21;000;2024;10;18;1;3;1;7;1;0;1;0;0;0;0;1;481622,920400000177324;5475238,931099999696016;8,746563044000027;49,429545108000070;1
210965;08241013221200294500;08;2;21;000;2024;10;16;1;3;6;4;0;0;0;1;1;0;0;0;477002,781399999745190;5472450,467100000008941;8,683009549000076;49,404306174000055;1
210966;08241013212010322890;08;2;12;000;2024;10;18;1;2;2;6;0;0;1;0;0;0;0;0;462832,629999999888241;5427052,524000000208616;8,491897414000050;48,995253669000078;1
210967;08241013212010319900;08;2;12;000;2024;10;19;1;3;6;2;2;0;0;1;1;0;0;0;456771,553600000217557;5425156,620100000873208;8,409244409000053;48,977805082000032;1
210968;08241013126100320620;08;1;26;039;2024;10;16;1;3;3;6;0;0;1;0;0;0;0;0;546977,899500000290573;5460759,551500000059605;9,646141551000028;49,297773720000066;1
210969;08241013121200326180;08;1;21;000;2024;10;18;1;3;5;2;1;0;1;1;0;0;0;0;516769,344999999739230;5444110,321000000461936;9,229958961000023;49,149586919000058;1
210970;08241013118100317330;08;1;18;079;2024;10;10;1;3;5;3;0;0;1;1;0;0;0;0;508914,179899999871850;5422170,184800000861287;9,121758106000073;48,952388347000067;1
210972;08241013118010321210;08;1;18;080;2024;10;18;1;2;5;2;1;0;1;1;0;0;0;0;508272,179200000129640;5408693,888699999079108;9,112716241000044;48,831167626000081;1
210973;08241013115400358010;08;1;15;045;2024;10;16;1;3;5;3;0;0;1;1;0;0;0;0;499766,184600000269711;5395412,670900000259280;8,996821592000060;48,711745182000072;1
210977;08241012436300302690;08;4;36;078;2024;10;12;7;3;0;1;0;0;1;0;0;0;0;0;557819,859199999831617;5292348,261900000274181;9,771866411000076;47,781900379000035;1
210978;08241012421200313390;08;4;21;000;2024;10;22;7;3;3;2;2;1;1;1;0;0;0;0;573360,682000000029802;5361423,370600000023842;9,991171163000047;48,401697737000063;1
210979;08241018216200306250;08;2;16;007;2024;10;10;6;3;0;7;0;1;1;0;0;0;0;0;436261,885599999688566;5394077,120300000533462;8,133823293000034;48,696474454000054;1
210981;08241012416010294540;08;4;16;015;2024;10;10;7;3;0;1;0;0;1;0;0;0;0;0;507435,139399999752641;5367717,379399999976158;9,100575094000021;48,462547122000046;1
210982;08241012336100358410;08;3;36;050;2024;10;10;7;3;5;3;0;0;1;1;0;0;0;0;398595,294999999925494;5272530,092000000178814;7,651034448000075;47,598246142000050;1
210983;08241012335100320240;08;3;35;043;2024;10;19;7;3;0;1;2;1;1;0;0;0;0;0;513370,522900000214577;5278279,441800000146031;9,178065886000070;47,657771480000065;1
210987;08241012221400373250;08;2;21;000;2024;10;22;7;3;0;7;2;1;1;0;0;0;0;0;473886,598600000143051;5475784,892500000074506;8,639837934000070;49,434172876000048;1
210988;08241012221400358370;08;2;21;000;2024;10;23;7;3;0;7;2;1;1;0;0;0;0;0;474757,639000000432134;5472597,371099999174476;8,652054056000054;49,405538570000033;1
210990;08241012212301329300;08;2;12;000;2024;10;14;7;3;6;6;0;0;1;0;1;0;0;0;455719,895200000144541;5428277,585300000384450;8,394533278000040;49,005804075000071;1
210991;08241012212010332550;08;2;15;084;2024;10;21;7;3;0;7;2;1;1;0;0;0;0;0;473262,733000000007451;5447916,278000000864267;8,633099892000075;49,183469037000066;1
210994;08241012118500316790;08;1;18;078;2024;10;17;7;3;4;6;0;0;1;1;0;0;0;0;514383,266400000080466;5419690,717199999839067;9,196372048000057;48,929980874000080;1
210995;08241012118500302950;08;1;18;070;2024;10;12;7;3;5;3;0;0;1;1;0;0;0;0;520904,603600000031292;5424156,945900000631809;9,285634915000060;48,969971262000058;1
210996;08241012118400358330;08;1;18;048;2024;10;12;7;3;9;7;0;0;1;0;0;0;0;0;515232,014700000174344;5415909,541200000792742;9,207818644000042;48,895946263000042;1
211001;08241011436300291430;08;4;36;081;2024;10;11;6;3;6;6;0;1;0;1;1;0;0;0;562524,214300000108778;5281799,360999999567866;9,833145286000047;47,686556126000028;1
211002;08241011436100310320;08;4;36;010;2024;10;07;6;2;5;3;0;0;1;0;0;0;0;1;564983,610000000335276;5305504,292999999597669;9,869463723000024;47,899574461000043;1
211003;08241011436000307760;08;4;36;064;2024;10;07;6;2;5;3;0;0;1;1;0;0;0;0;545176,554800000041723;5291025,195100000128150;9,602957945000071;47,771007563000069;1
211004;08241011435100302940;08;4;35;016;2024;10;18;6;3;4;2;0;0;1;1;0;0;0;0;536804,720999999903142;5277939,512499999254942;9,490121084000066;47,653804205000029;1
211006;08241011421300287740;08;4;21;000;2024;10;18;6;3;3;2;0;0;1;1;0;0;0;0;570807,269000000320375;5361289,391300000250340;9,956654667000066;48,400784548000047;1
211009;08241011416010308100;08;4;16;041;2024;10;14;6;3;0;1;0;0;1;0;0;0;0;0;504666,907599999569356;5375325,843800000846386;9,063214307000067;48,531022547000077;1
211013;08241024121200369430;08;1;21;000;2024;10;10;5;3;5;3;0;0;1;1;0;0;0;0;515815,781100000254810;5443286,390100000426173;9,216850443000055;49,142200695000042;1
211014;08241011415100356210;08;4;15;078;2024;10;13;6;3;5;3;0;0;1;1;0;0;0;0;527227,070000000298023;5372799,445000000298023;9,368627948000039;48,507721261000029;1