OID_;UIDENTSTLAE;ULAND;UREGBEZ;UKREIS;UGEMEINDE;UJAHR;UMONAT;USTUNDE;UWOCHENTAG;UKATEGORIE;UART;UTYP1;ULICHTVERH;IstStrassenzustand;IstRad;IstPKW;IstFuss;IstKrad;IstGkfz;IstSonstige;LINREFX;LINREFY;XGCSWGS84;YGCSWGS84;PLST
211015;08241011335400356110;08;3;35;099;2024;10;17;6;3;2;6;0;0;1;1;0;0;0;0;496714,910000000149012;5298848,150800000876188;8,956094360000066;47,842969872000026;1
211016;08241011335100288920;08;3;35;043;2024;10;10;6;3;0;1;0;0;1;0;0;0;0;0;513319,896999999880791;5279077,533500000834465;9,177415992000022;47,664953496000066;1
211023;08241012212010355620;08;2;12;000;2024;10;16;7;3;5;3;0;0;1;1;0;0;0;0;454342,152499999850988;5429764,885600000619888;8,375528473000031;49,019082046000051;1
211024;08241011221011345460;08;2;21;000;2024;10;16;6;3;5;5;0;0;1;1;0;0;0;0;476630,859100000001490;5471931,610400000587106;8,677913635000039;49,399624971000037;1
211025;08241011216200294510;08;2;16;007;2024;10;08;6;3;0;7;0;0;1;0;0;0;0;0;436293,614000000059605;5393648,065999999642372;8,134320593000041;48,692618322000044;1
211026;08241011215202286950;08;2;15;039;2024;10;12;6;3;6;2;0;0;0;1;1;0;0;0;473684,060399999842048;5452197,546299999579787;8,638600876000055;49,221997782000074;1
211027;08241011212010312880;08;2;12;000;2024;10;17;6;3;3;2;0;0;1;1;0;0;0;0;455776,747600000351667;5428256,548699999228120;8,395312899000032;49,005618924000032;1
211028;08241011212010285270;08;2;12;000;2024;10;12;6;3;5;2;0;0;1;1;0;0;0;0;459950,272199999541044;5428145,293999999761581;8,452387732000034;49,004903111000033;1
211029;08241011128200316610;08;1;28;139;2024;10;17;6;3;0;1;0;1;1;0;0;0;0;0;551833,345099999569356;5489975,467800000682473;9,716737146000071;49,560156129000063;1
211030;08241011121400319390;08;1;25;038;2024;10;16;6;3;5;3;0;0;1;1;0;0;0;0;500389,859199999831617;5434935,224700000137091;9,005337323000049;49,067281688000037;1
211035;08241011118010317390;08;1;15;029;2024;10;06;6;2;2;6;2;1;1;1;0;0;0;0;498478,767599999904633;5399179,906400000676513;8,979306976000032;48,745633577000035;1
211038;08241011111310287000;08;1;11;000;2024;10;16;6;3;6;7;0;0;0;1;1;0;0;0;516020,743599999696016;5405480,579700000584126;9,218171654000059;48,802109644000041;1
211039;08241010435200282810;08;4;35;036;2024;10;15;5;2;0;7;0;0;1;0;0;0;0;0;521147,671400000341237;5282346,211899999529123;9,281836274000057;47,694155113000079;1
211041;08241010417000317340;08;4;17;063;2024;10;13;5;3;6;4;0;0;0;0;1;0;0;1;506620,774899999611080;5336522,795800000429153;9,089069261000077;48,181908862000057;1
211043;08241025212010366750;08;2;12;000;2024;10;07;6;3;2;6;0;1;1;1;0;0;0;0;454287,836900000460446;5425239,384600000455976;8,375294938000025;48,978370767000058;1
211045;08241010336100354190;08;3;36;050;2024;10;19;5;3;0;7;2;0;1;0;0;0;0;0;401999,018500000238419;5276304,748500000685453;7,695456765000074;47,632724384000028;1
211046;08241010335300282860;08;3;35;080;2024;10;15;5;2;0;7;0;0;1;0;0;0;0;0;477253,443099999800324;5297957,132400000467896;8,696038407000060;47,834558995000066;1
211047;08241010335100283330;08;3;35;043;2024;10;08;5;3;5;7;0;0;1;1;0;0;0;0;513095,069899999536574;5281028,498600000515580;9,174479900000051;47,682512207000059;1
211048;08241010326400311480;08;3;26;074;2024;10;10;5;3;5;3;0;0;1;1;0;0;0;0;459815,082000000402331;5322694,922000000253320;8,460708173000057;48,056268392000050;1
211049;08241010317500310000;08;3;17;096;2024;10;10;5;3;1;3;0;0;1;1;0;0;0;0;421682,713100000284612;5370243,776499999687076;7,940222720000065;48,480440570000042;1
211050;08241025435100356900;08;4;35;016;2024;10;10;6;3;4;6;0;0;1;0;0;0;0;0;535540,190799999982119;5278336,639399999752641;9,473314481000045;47,657448021000050;1
211051;08241015111370382110;08;1;11;000;2024;10;08;3;3;5;2;0;1;1;1;0;0;0;0;512887,457600000314415;5406461,821499999612570;9,175533377000022;48,811009637000041;1
211052;08241010317000304580;08;3;17;034;2024;10;07;5;3;5;3;0;0;1;1;0;0;0;0;427070,475499999709427;5361175,445599999278784;8,014696352000044;48,399517627000080;1
211053;08241010317000303520;08;3;17;065;2024;10;07;5;3;6;2;0;0;0;1;1;0;0;0;415965,934600000269711;5354116,848300000652671;7,866109118000054;48,334644231000027;1
211061;08241010311010304170;08;3;36;084;2024;10;11;5;1;6;2;0;0;0;1;1;0;0;0;404500,541600000113249;5277393,594100000336766;7,728509656000028;47,642892915000061;1
211063;08241010237200342630;08;2;37;040;2024;10;09;5;2;0;3;0;0;0;1;1;0;0;0;476794,446100000292063;5365454,092599999159575;8,686226265000073;48,441801705000046;1
211064;08241010226700308090;08;2;26;098;2024;10;06;5;3;5;3;2;1;1;1;0;0;0;0;476659,177500000223517;5459580,702999999746680;8,679027371000075;49,288530434000052;1
211065;08241014111500380890;08;1;11;000;2024;10;13;2;3;5;3;0;0;1;1;0;0;0;0;512929,156000000424683;5403567,282999999821186;9,176010203000033;48,784969818000036;1
211066;08241010226400314900;08;2;26;063;2024;10;14;5;3;1;5;0;1;1;1;0;0;0;0;470136,106599999591708;5470731,431199999526143;8,588491740000052;49,388545643000043;1
211072;08241010221011313790;08;2;26;085;2024;10;17;5;1;6;2;0;1;0;1;1;0;0;0;490998,355399999767542;5455699,176400000229478;8,876299841000048;49,253994912000053;1
211074;08241010212502285530;08;2;12;000;2024;10;18;5;3;5;3;1;1;1;1;0;0;0;0;454092,493300000205636;5429883,053400000557303;8,372100677000049;49,020126442000048;1
211075;08241010212010354250;08;2;12;000;2024;10;22;5;3;5;3;2;1;1;1;0;0;0;0;453237,906000000424683;5429296,810799999162555;8,360480388000042;49,014788981000038;1
211078;08241010121500316180;08;1;25;005;2024;10;22;5;3;0;7;2;1;1;0;0;0;0;0;514209,744300000369549;5453384,275599999353290;9,195187164000060;49,233073161000050;1
211080;08241010121400284320;08;1;25;058;2024;10;15;5;2;8;1;0;0;0;1;1;0;0;0;508850,809500000439584;5443567,270099999383092;9,121360082000024;49,144867171000044;1
211081;08241010121200310470;08;1;21;000;2024;10;15;5;3;6;7;0;0;0;0;1;0;0;1;515956,508799999952316;5443092,277499999850988;9,218772263000062;49,140450949000069;1
211083;08241015111120299400;08;1;11;000;2024;10;15;3;2;1;5;0;0;1;1;0;0;0;0;514081,542100000195205;5403791,885800000280142;9,191705742000067;48,786965299000030;1
211084;08241010118400310330;08;1;18;048;2024;10;16;5;3;3;6;0;1;1;1;0;0;0;0;513428,828300000168383;5416176,867499999701977;9,183225722000032;48,898392768000065;1
211085;08241010118400310230;08;1;18;048;2024;10;12;5;3;0;7;0;0;1;1;0;0;0;0;513066,560499999672174;5416380,579199999570847;9,178289408000069;48,900233051000043;1
211086;08241010118300328590;08;1;18;003;2024;10;07;5;3;5;2;1;0;1;1;0;0;0;0;511264,001400000415742;5415535,550200000405312;9,153670812000030;48,892666785000074;1
211088;08241010116400335330;08;1;16;033;2024;10;18;5;3;6;7;1;0;1;0;1;0;0;0;532144,236499999649823;5388425,166799999773502;9,436408016000030;48,648058108000043;1
211092;08241010115100372190;08;1;15;024;2024;10;14;5;3;0;7;0;0;1;0;0;0;0;0;500903,513299999758601;5387632,092800000682473;9,012265054000068;48,641749531000073;1
211095;08241010115100312330;08;1;15;046;2024;10;13;5;3;6;7;0;0;0;1;1;0;0;0;509016,803000000305474;5390331,265000000596046;9,122460360000048;48,665967277000050;1
211096;08241010111250345510;08;1;11;000;2024;10;19;5;3;3;6;2;1;1;1;0;0;0;0;514613,934899999760091;5404052,624099999666214;9,198962952000045;48,789298591000033;1
211097;08241009436300309570;08;4;36;052;2024;10;14;4;3;0;3;0;0;1;1;0;0;0;0;566870,674300000071526;5292851,997199999168515;9,892753769000024;47,785556180000071;1
211098;08241009435100279970;08;4;35;057;2024;10;09;4;3;6;4;0;0;0;1;1;0;0;0;544349,690700000151992;5280165,711799999698997;9,590816859000029;47,673360660000071;1
211099;08241009426100281220;08;4;26;021;2024;10;07;4;2;5;3;1;1;1;1;0;0;0;0;559184,696499999612570;5326786,263299999758601;9,794819029000053;48,091595325000071;1
211104;08241009335100305040;08;3;35;043;2024;10;11;4;3;2;6;0;0;1;1;0;0;0;0;513841,891300000250340;5279565,772700000554323;9,184384193000028;47,669335547000060;1
211105;08241013119300293530;08;1;19;061;2024;10;16;1;3;0;1;0;0;1;0;0;0;0;0;540555,767099999822676;5416837,773299999535084;9,553404924000063;48,903155891000040;1
211106;08241009317000292720;08;3;17;026;2024;10;07;4;3;6;4;2;0;1;0;1;0;0;0;411715,104600000195205;5345600,569800000637770;7,810545147000028;48,257462553000039;1
211109;08241009311010351330;08;3;11;000;2024;10;08;4;3;5;2;0;0;1;1;0;0;0;0;412498,259600000455976;5315166,622999999672174;7,827342051000073;47,983814790000054;1
211111;08241009235100351450;08;2;37;040;2024;10;15;4;3;0;1;0;0;1;0;0;0;0;0;477545,023099999874830;5366820,313100000843406;8,696301758000061;48,454119935000051;1
211113;08241009226700311710;08;2;26;098;2024;10;15;4;3;5;3;0;1;1;1;0;0;0;0;477733,861299999989569;5460424,652200000360608;8,693758696000032;49,296161887000039;1
211115;08241009226400292730;08;2;26;084;2024;10;11;4;3;0;7;0;1;1;0;0;0;0;0;468101,110299999825656;5472229,509899999946356;8,560331172000076;49,401917259000072;1
211116;08241009222200281000;08;2;22;000;2024;10;07;4;3;0;7;0;1;1;0;0;0;0;0;460717,246199999935925;5482283,694000000134110;8,457565409000040;49,491917994000062;1
211119;08241009215302296130;08;2;15;007;2024;10;13;4;3;0;7;0;1;1;0;0;0;0;0;478183,241499999538064;5431706,548900000751019;8,701496193000025;49,037852097000041;1
211124;08241009212000314130;08;2;12;000;2024;10;14;4;2;5;3;0;1;1;1;0;0;0;0;458527,884200000204146;5429227,606699999421835;8,432829390000052;49,014544748000048;1
211126;08241009136000293410;08;1;36;042;2024;10;11;4;3;0;7;0;0;1;0;0;0;0;0;546781,243599999696016;5403990,909099999815226;9,636882579000030;48,787155558000052;1
211129;08241009118300289960;08;1;18;081;2024;10;06;4;3;3;3;2;0;1;1;0;0;0;0;520169,504700000397861;5413800,557399999350309;9,275078708000024;48,876833427000065;1
211130;08241009118300281680;08;1;18;046;2024;10;16;4;3;6;7;0;0;0;0;1;0;0;1;515168,524500000290573;5412505,206399999558926;9,206826110000065;48,865323293000074;1
211131;08241011215102315060;08;2;15;102;2024;10;08;6;3;5;3;1;0;1;1;0;0;0;0;456424,469499999657273;5436344,556099999696016;8,403299257000072;49,078417133000073;1
211133;08241009117100281040;08;1;17;019;2024;10;19;4;3;5;3;2;0;1;1;0;0;0;0;551978,752299999818206;5394074,559100000187755;9,706385241000021;48,697541982000075;1
211134;08241009116500308500;08;1;16;049;2024;10;07;4;3;5;2;0;0;1;1;0;0;0;0;525119,131199999712408;5384599,738600000739098;9,340801455000076;48,613966282000035;1
211137;08241009116200291320;08;1;16;080;2024;10;09;4;3;0;1;0;0;1;0;0;0;0;0;519997,743999999947846;5396273,280099999159575;9,271882755000036;48,719166557000051;1
211143;08241009111120283420;08;1;11;000;2024;10;18;4;3;3;1;0;0;1;1;0;0;0;0;513956,160099999979138;5404447,457900000736117;9,190021072000036;48,792865584000026;1
211144;08241008426000280720;08;4;25;033;2024;10;14;3;2;6;4;0;0;0;1;1;0;0;0;554215,165500000119209;5348157,982699999585748;9,730815230000076;48,284300960000053;1
211147;08241008415100289220;08;4;15;050;2024;10;10;3;3;5;3;0;0;1;1;0;0;0;0;521185,742399999871850;5376061,735099999234080;9,287001249000070;48,537302511000064;1
211148;08241026335100377730;08;3;35;043;2024;10;14;7;3;5;2;0;0;1;1;0;0;0;0;512291,436800000257790;5280667,345799999311566;9,163762096000028;47,679278462000070;1
211151;08241014426300328760;08;4;26;013;2024;10;15;2;2;6;7;0;0;0;1;1;0;0;0;546030,293200000189245;5323316,968699999153614;9,617800778000060;48,061469719000058;1
211153;08241008311400348060;08;3;15;006;2024;10;13;3;3;5;3;0;1;1;1;0;0;0;0;403091,881000000052154;5308042,709000000730157;7,702918738000051;47,918379585000025;1
211155;08241008311010305180;08;3;11;000;2024;10;16;3;3;0;7;0;1;0;0;1;0;0;1;414103,867300000041723;5316120,444499999284744;7,848664287000076;47,992612418000078;1
211157;08241008311010278690;08;3;11;000;2024;10;11;3;3;5;3;0;1;1;1;0;0;0;0;412467,929999999701977;5315631,869000000879169;7,826840830000037;47,987995677000072;1
211159;08241014135200324470;08;1;35;019;2024;10;19;2;2;1;1;2;1;1;1;0;0;0;0;585862,457399999722838;5395616,410199999809265;10,167101497000033;48,707666763000077;1
211160;08241008226700354090;08;2;26;098;2024;10;19;3;3;0;2;0;0;0;0;1;0;0;1;477960,044800000265241;5460419,976299999281764;8,696869763000052;49,296128029000045;1
211161;08241008226400278910;08;2;26;037;2024;10;19;3;3;6;5;2;1;0;1;1;0;0;0;465386,563099999912083;5468468,473200000822544;8,523244765000072;49,367939534000072;1
211164;08241008222200279880;08;2;22;000;2024;10;16;3;3;6;4;0;1;1;0;1;0;0;0;460715,012600000016391;5482764,776200000196695;8,457486743000061;49,496244915000034;1
211168;08241008216300306930;08;2;16;017;2024;10;07;3;3;6;4;1;1;0;1;1;0;0;0;451072,296000000089407;5402034,669999999925494;8,334130198000025;48,769393326000056;1
211169;08241008212302327250;08;2;12;000;2024;10;07;3;3;3;6;1;1;1;0;0;0;0;1;460439,345999999903142;5427755,510900000110269;8,459112648000030;49,001428473000033;1
211170;08241008212010303770;08;2;12;000;2024;10;11;3;3;6;6;0;1;1;0;1;0;0;0;462303,667700000107288;5427972,366599999368191;8,484581082000034;49,003495816000054;1
211171;08241008212010284660;08;2;12;000;2024;10;16;3;3;1;5;0;0;1;1;0;0;0;0;455666,405299999751151;5428546,101199999451637;8,393772602000070;49,008215562000032;1
211172;08241008212010278100;08;2;12;000;2024;10;07;3;3;5;3;0;1;1;1;0;0;0;0;451399,284699999727309;5431194,200300000607967;8,335109760000023;49,031713856000067;1
211173;08241008128100293370;08;1;28;007;2024;10;15;3;3;5;3;0;1;1;1;0;0;0;0;556701,484199999831617;5482376,422900000587106;9,782953838000026;49,491374230000076;1
211176;08241008118400347890;08;1;18;048;2024;10;07;3;3;0;2;0;1;1;0;0;0;0;0;513635,874400000087917;5415705,010500000789762;9,186034935000066;48,894143546000066;1
211178;08241008118010282430;08;1;15;024;2024;10;07;3;3;6;2;1;1;0;1;1;0;0;0;500947,452499999664724;5387770,658900000154972;9,012861839000038;48,642996031000052;1
211180;08241008111500279670;08;1;11;000;2024;10;14;3;3;5;3;0;1;1;1;0;0;0;0;516356,611600000411272;5405422,484999999403954;9,222743179000076;48,801578284000072;1
211182;08241007435200285560;08;4;35;059;2024;10;07;2;3;0;1;1;0;1;0;0;0;0;0;512686,386400000192225;5289943,066600000485778;9,169294262000051;47,762729940000042;1
211184;08241007435100278000;08;4;35;029;2024;10;15;2;3;0;7;0;0;1;0;0;0;0;0;544084,917000000365078;5272338,277100000530481;9,586501100000021;47,602953111000033;1
211188;08241007335200290260;08;3;35;063;2024;10;14;2;3;5;2;0;0;1;1;0;0;0;0;498588,913099999539554;5287887,948799999430776;8,981176292000043;47,744362172000081;1
211190;08241007326400316490;08;3;26;074;2024;10;22;2;3;5;3;2;1;1;1;0;0;0;0;460171,315000000409782;5323934,366800000891089;8,465373241000066;48,067441641000073;1
211191;08241007326200306370;08;3;26;074;2024;10;17;2;3;6;4;1;1;0;1;1;0;0;0;464542,300099999643862;5323338,074899999424815;8,524092897000060;48,062334943000053;1
211194;08241007317000332670;08;3;17;065;2024;10;12;2;3;6;6;0;1;0;0;1;0;0;1;416464,766900000162423;5354746,241399999707937;7,872713799000053;48,340371714000071;1
211195;08241007316100276820;08;3;16;011;2024;10;08;2;3;5;3;1;1;1;1;0;0;0;0;414699,200199999846518;5329067,481799999251962;7,854061135000052;48,109154719000060;1
211196;08241007311400279180;08;3;15;074;2024;10;15;2;3;5;3;0;1;1;1;0;0;0;0;397387,925800000317395;5295567,944599999114871;7,629556442000023;47,805283724000049;1
211197;08241007311010322140;08;3;11;000;2024;10;15;2;3;5;3;0;1;1;1;0;0;0;0;415051,252999999560416;5315487,793999999761581;7,861485450000032;47,987048021000078;1
211198;08241007311010320150;08;3;11;000;2024;10;14;2;2;0;1;0;1;1;0;0;0;0;0;414109,499900000169873;5316169,997199999168515;7,848729853000066;47,993058920000067;1
211199;08241007311010308310;08;3;36;050;2024;10;16;2;2;5;3;0;1;1;1;0;0;0;0;401538,290099999867380;5276305,642100000753999;7,689325214000064;47,632662527000036;1
211200;08241007226600488780;08;2;26;096;2024;10;16;2;3;1;7;0;1;1;1;0;0;0;0;474852,790900000371039;5487894,151499999687076;8,652393272000040;49,543132595000031;1
211201;08241007226600311490;08;2;26;082;2024;10;07;2;3;1;5;0;0;1;1;0;0;0;0;474903,971199999563396;5479818,137900000438094;8,653613956000072;49,470493733000069;1
211204;08241007226000278010;08;2;26;076;2024;10;07;2;3;2;6;1;1;1;0;0;0;0;0;474691,815999999642372;5464749,343000000342727;8,651645917000053;49,334943842000030;1
211206;08241007222200319620;08;2;22;000;2024;10;10;2;3;6;2;0;0;0;1;1;0;0;0;462404,639399999752641;5481155,744599999859929;8,480971957000065;49,481879575000050;1
211207;08241007222200317460;08;2;22;000;2024;10;16;2;3;0;1;0;1;1;0;0;0;0;0;461722,079099999740720;5482455,781899999827147;8,471423313000059;49,493530058000033;1
211208;08241007222200317450;08;2;22;000;2024;10;17;2;3;0;1;0;1;1;0;0;0;0;0;461722,431200000457466;5482456,162000000476837;8,471428138000022;49,493533499000080;1
211210;08241007221200344090;08;2;21;000;2024;10;17;2;3;1;5;0;1;1;1;0;0;0;0;475709,369199999608099;5473035,373400000855327;8,665145868000025;49,409517056000027;1
211212;08241007221200303600;08;2;21;000;2024;10;18;2;3;6;7;1;1;0;1;1;0;0;0;476484,486800000071526;5472649,478199999779463;8,675853783000036;49,406076441000039;1
211214;08241007216100287480;08;2;16;043;2024;10;09;2;3;5;3;0;1;1;1;0;0;0;0;441480,261400000192225;5412643,619699999690056;8,202088658000037;48,863993095000069;1
211215;08241007216100275780;08;2;16;043;2024;10;05;2;3;0;1;2;1;1;0;0;0;0;0;442804,049499999731779;5411747,377100000157952;8,220261861000040;48,856054878000066;1
211221;08241007136100298670;08;1;36;088;2024;10;07;2;3;0;7;0;0;1;0;0;0;0;0;580130,332700000144541;5409673,810699999332428;10,091940366000074;48,834866682000040;1
211222;08241007136100277590;08;1;36;088;2024;10;14;2;3;8;1;0;0;1;0;0;0;0;0;580589,283599999733269;5411083,693499999120831;10,098470617000032;48,847488065000050;1
211223;08241007135200311530;08;1;35;019;2024;10;10;2;3;6;4;0;0;0;1;1;0;0;0;584910,417600000277162;5392222,082499999552965;10,153465801000038;48,677267600000050;1
211225;08241007118200277890;08;1;18;019;2024;10;16;2;3;5;3;0;1;1;1;0;0;0;0;504700,166000000201166;5405616,331000000238419;9,064008979000050;48,803519546000075;1
211230;08241006436100275140;08;4;36;055;2024;10;10;1;3;3;1;0;0;1;0;0;0;0;0;571733,387199999764562;5293316,667199999094009;9,957740933000025;47,789213232000066;1
211231;08241006415400277190;08;4;15;061;2024;10;14;1;3;0;1;0;0;1;0;0;0;0;0;512740,769999999552965;5371667,063999999314547;9,172464475000027;48,497994937000044;1
211234;08241006311400292460;08;3;15;076;2024;10;00;1;3;0;1;2;0;1;0;0;0;0;0;394079,175200000405312;5299525,427300000563264;7,584412254000028;47,840344170000037;1
211235;08241006311010292700;08;3;36;057;2024;10;16;1;3;5;3;0;0;1;1;0;0;0;0;408233,263500000350177;5277262,836999999359250;7,778223065000077;47,642256633000045;1
211236;08241008435100304050;08;4;35;016;2024;10;20;3;3;0;7;2;1;1;0;0;0;0;0;534444,116700000129640;5278438,066700000315905;9,458725752000021;47,658419895000065;1
211238;08241019111500381630;08;1;11;000;2024;10;12;7;3;6;4;0;0;0;1;1;0;0;0;515563,060200000181794;5404003,204700000584126;9,211882956000068;48,788830990000065;1
211239;08241006222200294730;08;2;22;000;2024;10;02;1;3;1;1;2;0;0;1;1;0;0;0;460481,832200000062585;5481564,724600000306964;8,454386733000035;49,485435977000066;1
211241;08241023435200322700;08;4;35;059;2024;10;08;4;3;5;3;0;1;1;1;0;0;0;0;512380,225700000301003;5290316,099600000306964;9,165219328000035;47,766092266000044;1
211242;08241006212402291580;08;2;12;000;2024;10;12;1;3;0;7;0;0;1;0;0;0;0;0;455862,575500000268221;5427030,454299999400973;8,396619642000076;48,994596206000040;1
211243;08241006211100274990;08;2;11;000;2024;10;19;1;3;6;6;2;1;0;0;1;0;0;1;442782,710199999623001;5402805,756100000813603;8,221217901000045;48,775622386000066;1
211247;08241006121600277080;08;1;25;102;2024;10;14;1;3;5;3;0;0;1;1;0;0;0;0;520301,778400000184774;5444320,499399999156594;9,278409463000060;49,151370904000032;1
211249;08241006111240277370;08;1;11;000;2024;10;16;1;3;1;5;0;0;1;1;0;0;0;0;515445,044700000435114;5403615,479499999433756;9,210261676000073;48,785345999000072;1
211250;08241006111130277340;08;1;11;000;2024;10;17;1;3;5;3;0;0;1;1;0;0;0;0;512293,214100000448525;5402413,314300000667572;9,167318383000065;48,774601699000073;1
211251;08241005435200311150;08;4;35;066;2024;10;20;7;3;6;2;2;0;0;1;1;0;0;0;519957,600700000301003;5287000,866699999198318;9,266189523000037;47,736073408000038;1
211252;08241005435200274250;08;4;35;059;2024;10;13;7;3;3;5;0;0;1;0;0;0;0;1;514295,130699999630451;5288871,948999999091029;9,190726909000034;47,753058867000050;1
211256;08241005325202274110;08;3;25;049;2024;10;12;7;3;6;4;0;0;0;1;1;0;0;0;472438,988199999555945;5334634,054600000381470;8,629348086000050;48,164352942000050;1
211258;08241005317000273350;08;3;17;026;2024;10;09;7;3;5;3;0;0;1;1;0;0;0;0;411406,979000000283122;5346097,808399999514222;7,806290595000064;48,261892114000034;1
211259;08241005311200275380;08;3;11;000;2024;10;16;7;3;4;6;0;0;1;1;0;0;0;0;413840,928999999538064;5318155,822399999946356;7,844731875000036;48,010885987000052;1
211262;08241005226600273870;08;2;26;031;2024;10;09;7;3;1;5;0;0;1;1;0;0;0;0;473909,022099999710917;5493211,541500000283122;8,638995438000052;49,590920206000078;1
211263;08241005222014588540;08;2;26;082;2024;10;09;7;3;6;4;0;0;0;1;1;0;0;0;475373,196000000461936;5480406,382999999448657;8,660053659000027;49,475804044000029;1
211265;08241005216100292440;08;2;16;023;2024;10;23;7;3;0;1;2;0;1;0;0;0;0;0;437332,125500000081956;5408014,975700000301003;8,146243565000077;48,821953836000034;1
211267;08241005212010336980;08;2;12;000;2024;10;16;7;3;0;3;0;0;1;1;0;0;0;0;459353,074599999934435;5428222,383899999782443;8,444214748000036;49,005557508000038;1
211269;08241005212010308470;08;2;15;009;2024;10;03;7;2;1;1;2;1;0;1;1;0;0;0;470171,742100000381470;5441411,660299999639392;8,591166878000024;49,124816518000046;1
211270;08241005128300280250;08;1;28;039;2024;10;13;7;3;0;7;0;1;1;0;0;0;0;0;523236,530199999921024;5509995,804600000381470;9,322506506000025;49,742001552000033;1
211274;08241005111130274060;08;1;11;000;2024;10;10;7;3;0;1;0;0;1;0;0;0;0;0;512393,948099999688566;5402018,118300000205636;9,168677520000074;48,771044544000063;1
211277;08241004416010294200;08;4;15;061;2024;10;20;6;3;3;2;2;1;1;1;0;0;0;0;513295,477800000458956;5371806,272199999541044;9,179977631000042;48,499235809000027;1
211278;08241004415100273900;08;4;15;050;2024;10;14;6;3;5;3;0;1;1;0;0;0;0;1;521862,132600000128150;5375611,848999999463558;9,296140513000068;48,533232028000043;1
211280;08241004336100334200;08;3;36;050;2024;10;13;6;3;5;3;0;0;1;1;0;0;0;0;399714,370000000111759;5274700,344000000506639;7,665420475000076;47,617942421000066;1
211281;08241012216100287230;08;2;16;009;2024;10;13;7;3;5;3;0;0;1;0;0;0;0;1;447764,380800000391901;5421239,518100000917912;8,286665087000074;48,941874891000055;1
211289;08241004222500336910;08;2;22;000;2024;10;13;6;3;6;2;0;0;0;1;1;0;0;0;462989,027999999932945;5478771,260600000619888;8,489262513000028;49,460468200000037;1
211291;08241004212010309220;08;2;12;000;2024;10;21;6;3;6;4;2;1;0;0;1;0;0;1;457462,856200000271201;5429115,861999999731779;8,418276608000042;49,013467081000044;1
211292;08241007231302285370;08;2;31;000;2024;10;23;2;3;6;4;2;0;0;1;1;0;0;0;477927,033599999733269;5415299,066700000315905;8,698880661000032;48,890248680000070;1
211293;08241004212010279740;08;2;12;000;2024;10;23;6;3;0;7;2;1;1;0;0;0;0;0;456067,224899999797344;5427988,207299999892712;8,399313547000077;49,003225909000037;1
211294;08241004128200287640;08;1;28;131;2024;10;15;6;3;5;3;0;1;1;1;0;0;0;0;536720,057900000363588;5512757,418800000101328;9,509902249000049;49,766167645000053;1
211295;08241016136100345240;08;1;36;088;2024;10;08;4;3;5;3;1;0;1;1;0;0;0;0;579853,117899999953806;5409693,185799999162555;10,088167233000036;48,835076662000063;1
211296;08241004118400289570;08;1;18;048;2024;10;19;6;3;8;7;2;1;1;0;0;0;0;0;512052,235000000335276;5414989,842000000178814;9,164408266000066;48,887742898000056;1
211297;08241022221200365110;08;2;21;000;2024;10;14;3;3;5;3;0;0;1;0;0;0;0;1;478381,061999999918044;5473013,392999999225140;8,701976650000063;49,409420134000072;1
211298;08241004118010297590;08;1;15;021;2024;10;19;6;2;5;2;2;1;1;1;0;0;0;0;489784,572399999946356;5382446,176400000229478;8,861455079000052;48,595013225000059;1
211299;08241021311010333510;08;3;11;000;2024;10;19;2;2;6;4;2;0;0;0;1;0;0;1;413644,086699999868870;5315750,851399999111891;7,842577126000037;47,989225865000037;1
211303;08241004111120273650;08;1;11;000;2024;10;16;6;3;6;2;0;0;0;1;1;0;0;0;513689,080000000074506;5402322,857999999076128;9,186313886000050;48,773758815000065;1
211305;08241003326400327190;08;3;26;074;2024;10;16;5;3;4;6;0;1;1;0;0;0;0;0;459583,700799999758601;5324549,444599999114871;8,457427801000051;48,072938326000042;1
211306;08241003311010271530;08;3;11;000;2024;10;13;5;3;1;5;0;1;1;1;0;0;0;0;413320,039300000295043;5316499,910299999639392;7,838083590000053;47,995920070000068;1
211308;08241003222014294410;08;2;22;000;2024;10;13;5;2;2;6;0;0;1;1;0;0;0;0;464440,186200000345707;5476823,555700000375509;8,509462013000075;49,443036105000033;1
211309;08241016216100300580;08;2;16;043;2024;10;16;4;3;1;7;0;0;1;1;0;0;0;0;438047,385099999606609;5412317,674900000914931;8,155336212000066;48,860727880000070;1
211312;08241003121100278700;08;1;25;026;2024;10;22;5;2;0;7;2;0;1;0;0;0;0;0;493100,780299999751151;5442156,547700000926852;8,905423733000021;49,132202201000041;1
211314;08241003115100279770;08;1;15;003;2024;10;18;5;3;6;4;0;0;0;1;1;0;0;0;500899,960400000214577;5392254,967800000682473;9,012226879000025;48,683337593000033;1
211316;08241002435100271370;08;4;35;035;2024;10;12;4;3;0;6;0;0;1;1;0;0;0;0;540018,103900000452995;5279961,589600000530481;9,533096421000039;47,671806722000042;1
211317;08241002426100272030;08;4;26;128;2024;10;18;4;3;8;1;1;0;1;0;0;0;0;0;559189,139299999922514;5330813,399000000208616;9,795437600000071;48,127823618000036;1
211321;08241002336200271820;08;3;36;069;2024;10;17;4;3;0;1;0;0;1;0;0;0;0;0;404815,999699999578297;5267548,721000000834465;7,734845715000063;47,554378651000036;1