OID_;UIDENTSTLAE;ULAND;UREGBEZ;UKREIS;UGEMEINDE;UJAHR;UMONAT;USTUNDE;UWOCHENTAG;UKATEGORIE;UART;UTYP1;ULICHTVERH;IstStrassenzustand;IstRad;IstPKW;IstFuss;IstKrad;IstGkfz;IstSonstige;LINREFX;LINREFY;XGCSWGS84;YGCSWGS84;PLST
211322;08241002317500287680;08;3;17;096;2024;10;20;4;3;3;3;2;0;1;1;0;0;0;0;423675,038900000043213;5369067,370799999684095;7,967392721000067;48,470103885000071;1
211324;08241002311010271580;08;3;11;000;2024;10;12;4;3;0;7;0;1;1;0;0;0;0;0;413407,663999999873340;5316609,189999999478459;7,839235870000039;47,996914952000054;1
211325;08241025415100370820;08;4;15;014;2024;10;12;6;3;5;3;0;0;1;1;0;0;0;0;526432,405500000342727;5374451,746700000017881;9,357973892000075;48,522619650000081;1
211326;08241002311000362690;08;3;15;006;2024;10;15;4;3;5;3;0;0;1;1;0;0;0;0;402775,488599999807775;5307668,295800000429153;7,698769525000046;47,914963836000027;1
211327;08241002235200288750;08;2;35;046;2024;10;12;4;3;6;2;0;0;0;1;1;0;0;0;479756,989000000059605;5377282,259899999946356;8,725710366000044;48,548313761000031;1
211329;08241002222700279250;08;2;22;000;2024;10;17;4;3;0;1;0;0;1;0;0;0;0;0;461719,559100000187755;5481791,159600000828505;8,471452884000030;49,487551977000066;1
211330;08241002222200331240;08;2;22;000;2024;10;16;4;3;3;6;0;0;1;1;0;0;0;0;461457,196700000204146;5482147,151399999856949;8,467795837000040;49,490737324000065;1
211331;08241002221200290510;08;2;21;000;2024;10;12;4;3;5;3;0;0;1;1;0;0;0;0;476131,396999999880791;5472681,283999999985099;8,670984840000074;49,406348783000055;1
211332;08241002216100269910;08;2;16;043;2024;10;02;4;3;0;1;2;1;1;0;0;0;0;0;441412,722000000067055;5411570,819599999114871;8,201321409000059;48,854336922000073;1
211334;08241002212010298420;08;2;12;000;2024;10;10;4;3;1;3;0;1;1;1;0;0;0;0;451181,485899999737740;5428262,472400000318885;8,332483083000056;49,005325829000071;1
211335;08241002212010274670;08;2;12;000;2024;10;21;4;2;5;2;2;0;1;0;0;0;1;0;453552,263199999928474;5429853,763800000771880;8,364715513000021;49,019822539000074;1
211336;08241002136100286390;08;1;36;088;2024;10;03;4;3;0;7;2;1;1;0;0;0;0;0;581358,168300000019372;5409251,710699999704957;10,108585125000047;48,830910559000074;1
211337;08241002136000276620;08;1;36;065;2024;10;07;4;3;5;3;0;1;1;1;0;0;0;0;558434,044999999925494;5406919,779899999499321;9,795926857000040;48,812515234000045;1
211338;08241002128300290560;08;1;28;131;2024;10;13;4;3;6;7;0;0;0;1;1;0;0;0;537040,464100000448525;5512088,053600000217557;9,514287597000020;49,760127670000031;1
211340;08241002118300290640;08;1;18;081;2024;10;17;4;3;6;7;0;0;0;1;1;0;0;0;516858,297600000165403;5413417,789599999785423;9,229903955000054;48,873489032000066;1
211342;08241002115300288630;08;1;15;028;2024;10;10;4;3;6;7;0;0;0;0;1;0;0;1;500230,195399999618530;5405112,177300000563264;9,003134623000051;48,799001944000054;1
211343;08241002115100271270;08;1;15;002;2024;10;17;4;3;1;2;0;0;1;1;0;0;0;0;499698,844899999909103;5386404,156199999153614;8,995912758000031;48,630703364000055;1
211346;08241002111230298910;08;1;11;000;2024;10;08;4;3;6;4;0;1;0;1;1;0;0;0;508227,263000000268221;5397115,774000000208616;9,111872518000041;48,727012131000038;1
211349;08241001435200287430;08;4;35;015;2024;10;13;3;3;5;3;0;1;1;0;0;0;0;1;520693,987900000065565;5295388,300100000575185;9,276410794000071;47,811515626000073;1
211350;08241001435100284860;08;4;35;016;2024;10;16;3;3;5;3;0;1;1;1;0;0;0;0;532929,307699999772012;5280410,528500000014901;9,438700882000035;47,676245900000026;1
211352;08241001421300286140;08;4;21;000;2024;10;07;3;3;4;6;0;0;1;0;0;0;0;0;572825,830000000074506;5360165,324999999254942;9,983727720000047;48,390443339000058;1
211354;08241001416000282140;08;4;16;031;2024;10;11;3;3;0;7;0;0;1;1;0;0;0;0;502603,501699999906123;5363268,884999999776483;9,035189924000065;48,422564845000068;1
211355;08241001415400284830;08;4;15;061;2024;10;11;3;3;5;3;0;0;1;1;0;0;0;0;515553,426199999637902;5370508,475999999791384;9,210494393000033;48,487508532000049;1
211357;08241001415100323810;08;4;15;050;2024;10;09;3;3;5;3;0;0;1;1;0;0;0;0;521384,197999999858439;5376702,975999999791384;9,289722592000032;48,543064524000044;1
211360;08241001335100303430;08;3;35;043;2024;10;15;3;3;0;6;0;1;1;1;0;0;0;0;512943,411999999545515;5278266,211999999359250;9,172377346000076;47,657661129000076;1
211362;08241012335200291000;08;3;35;063;2024;10;19;7;3;6;6;2;1;1;0;1;0;0;0;496255,800699999555945;5288329,120200000703335;8,950049100000058;47,748322324000071;1
211364;08241001317000349890;08;3;17;026;2024;10;08;3;3;0;7;0;1;1;0;1;0;0;0;412650,858300000429153;5344980,965700000524521;7,823277608000069;48,252018990000067;1
211365;08241001317000310350;08;3;17;057;2024;10;09;3;3;5;7;0;0;1;1;0;0;0;0;411884,133200000040233;5381632,634700000286102;7,805250385000022;48,581579430000033;1
211366;08241001317000270250;08;3;17;031;2024;10;18;3;2;0;7;0;1;1;0;0;0;0;0;416985,824000000022352;5358541,404999999329448;7,878995158000066;48,374577526000053;1
211367;08241001317000270240;08;3;17;065;2024;10;13;3;3;0;7;0;0;1;0;0;0;0;0;416023,680999999865890;5353888,278699999675155;7,866933704000076;48,332595948000062;1
211370;08241001231102275020;08;2;36;050;2024;10;10;3;3;0;7;0;1;1;0;0;0;0;0;485879,691800000146031;5423462,944800000637770;8,807087286000069;48,963920565000080;1
211371;08241001231000289900;08;2;31;000;2024;10;16;3;2;0;1;0;0;1;0;0;0;0;0;476861,623800000175834;5415519,751900000497699;8,684334072000070;48,892195020000031;1
211372;08241002226300279980;08;2;26;049;2024;10;12;4;3;1;5;0;0;1;1;0;0;0;0;487109,741299999877810;5462942,372800000011921;8,822629367000047;49,319078796000042;1
211373;08241001231000288640;08;2;31;000;2024;10;17;3;3;5;3;0;0;1;1;0;0;0;0;475416,583599999547005;5413027,614199999719858;8,664770271000066;48,869720976000053;1
211374;08241001226600295170;08;2;26;096;2024;10;07;3;3;6;4;0;0;0;0;1;1;0;0;475360,540300000458956;5488916,675100000575185;8,659347750000052;49,552350656000044;1
211375;08241001226600275100;08;2;26;096;2024;10;07;3;3;0;7;0;1;1;0;0;0;0;0;476290,308199999853969;5488719,799599999561906;8,672213858000021;49,550616963000039;1
211377;08241001222400323880;08;2;26;028;2024;10;14;3;3;1;7;0;0;1;1;0;0;0;0;473352,144299999810755;5484347,563799999654293;8,631890057000021;49,511168268000063;1
211378;08241001222400295800;08;2;26;038;2024;10;10;3;3;0;7;0;0;1;0;0;0;0;0;471604,610600000247359;5480937,196299999952316;8,607995510000023;49,480413953000038;1
211379;08241001222200348420;08;2;22;000;2024;10;06;3;3;4;6;0;0;1;0;0;0;0;0;460837,759800000116229;5482817,756200000643730;8,459176512000056;49,496729376000076;1
211380;08241001221400269410;08;2;21;000;2024;10;08;3;3;0;7;0;1;1;0;0;0;0;0;474486,178999999538064;5474795,810499999672174;8,648170950000065;49,425301765000029;1
211381;08241001215402314830;08;2;15;009;2024;10;06;3;3;5;3;2;1;1;1;0;0;0;0;468390,674999999813735;5442048,038599999621511;8,566705986000045;49,130451820000076;1
211387;08241001119200286790;08;1;19;020;2024;10;18;3;3;6;4;2;1;0;0;1;0;0;1;519994,104399999603629;5407365,797800000756979;9,272372438000048;48,818953600000043;1
211388;08241001119200274640;08;1;19;020;2024;10;14;3;3;6;4;0;0;0;1;1;0;0;0;520353,114400000311434;5406611,065999999642372;9,277225603000034;48,812152524000055;1
211389;08241001118600271080;08;1;18;073;2024;10;13;3;3;6;4;0;0;0;1;1;0;0;0;496912,040900000371039;5420145,366599999368191;8,957837104000021;48,934230231000072;1
211390;08241001116200273400;08;1;16;077;2024;10;08;3;3;6;6;0;0;1;0;1;0;0;0;515772,286799999885261;5390589,435399999842048;9,214218270000060;48,668155728000045;1
211392;08241001116010279780;08;1;16;058;2024;10;06;3;3;5;3;2;0;1;1;0;0;0;0;533363,105999999679625;5395106,764000000432134;9,453494749000072;48,708100803000036;1
211393;08241001115400285290;08;1;15;045;2024;10;09;3;3;5;3;0;0;1;0;0;0;0;1;501013,596400000154972;5394453,405799999833107;9,013776134000068;48,703114781000068;1
211394;08241001111500274540;08;1;11;000;2024;10;17;3;3;0;7;0;0;1;1;0;0;0;0;512998,098000000230968;5404307,868499999865890;9,176972162000027;48,791630618000056;1
211395;08241001111370269930;08;1;11;000;2024;10;12;3;3;5;3;0;0;1;0;0;0;0;1;511746,461000000126660;5407641,303999999538064;9,160026289000029;48,821642724000071;1
211399;08241001111140269750;08;1;11;000;2024;10;08;3;3;6;4;0;0;0;1;1;0;0;0;512131,679999999701977;5402792,406799999997020;9,165130997000063;48,778015159000063;1
211400;08240930436100261610;08;4;36;055;2024;09;17;2;3;5;3;0;0;1;1;0;0;0;0;576584,396999999880791;5297590,841800000518560;10,023253408000073;47,827105305000032;1
211402;08240930426300269440;08;4;26;045;2024;09;14;2;3;6;2;0;0;0;1;1;0;0;0;535337,481700000353158;5327539,397399999201298;9,474641199000075;48,100139865000074;1
211403;08241203317000492220;08;3;17;065;2024;12;16;3;3;6;4;2;1;1;0;1;0;0;0;414238,549899999983609;5355049,894999999552965;7,842616032000024;48,342804717000035;1
211404;08241203311400492650;08;3;15;006;2024;12;08;3;3;5;3;0;1;1;1;0;0;0;0;402642,216400000266731;5307337,054199999198318;7,697061129000076;47,911964098000055;1
211405;08241203311010511820;08;3;15;098;2024;12;19;3;3;5;3;2;1;1;1;0;0;0;0;407988,873200000263751;5312680,415300000458956;7,767455841000071;47,960818213000039;1
211407;08241203311010498290;08;3;11;000;2024;12;12;3;3;3;6;0;0;1;0;0;0;1;0;413184,212000000290573;5316779,559499999508262;7,836206681000021;47,998417179000057;1
211408;08241203311010492610;08;3;11;000;2024;12;10;3;3;5;2;0;0;1;1;0;0;0;0;412971,240100000053644;5316379,804999999701977;7,833433410000055;47,994792300000029;1
211409;08241203231202540680;08;2;36;004;2024;12;07;3;3;6;4;1;1;0;1;1;0;0;0;473207,012900000438094;5413398,397500000894070;8,634615970000027;48,872964875000036;1
211411;08241203226600515970;08;2;26;082;2024;12;10;3;3;0;7;0;1;0;1;1;0;0;0;475721,115500000305474;5480425,034800000488758;8,664855079000063;49,475985826000056;1
211419;08241203221200501950;08;2;21;000;2024;12;13;3;3;1;5;0;0;1;1;0;0;0;0;478108,631299999542534;5472879,988500000908971;8,698228523000068;49,408210440000062;1
211421;08241203212502498910;08;2;12;000;2024;12;18;3;3;5;3;2;0;1;1;0;0;0;0;453517,697999999858439;5429765,826999999582767;8,364252856000064;49,019028941000045;1
211423;08241203121200515060;08;1;21;000;2024;12;16;3;3;5;3;2;1;1;0;0;0;0;0;516131,942400000058115;5442949,899399999529123;9,221171833000028;49,139165628000057;1
211425;08241203118300494240;08;1;18;081;2024;12;07;3;3;0;2;0;1;1;0;0;0;0;1;516400,309500000439584;5412728,414300000295043;9,223630583000045;48,867299867000042;1
211428;08241203116000492260;08;4;16;025;2024;12;18;3;3;6;4;2;1;0;1;1;0;0;0;502910,760900000110269;5361341,797599999234080;9,039329582000050;48,405226392000031;1
211429;08241203115200492160;08;1;15;021;2024;12;13;3;3;6;4;0;0;0;1;1;0;0;0;489287,008299999870360;5382346,741699999198318;8,854709541000034;48,594110372000046;1
211430;08241203115100532750;08;1;15;003;2024;12;18;3;3;3;2;2;1;1;1;0;0;0;0;500441,813199999742210;5391989,248900000005960;9,006002198000033;48,680947647000039;1
211432;08241202425000491900;08;4;25;033;2024;12;11;2;3;1;6;0;1;1;1;0;0;0;0;553542,201899999752641;5347866,207699999213219;9,721707518000073;48,281733431000077;1
211434;08241202337010497100;08;3;37;096;2024;12;16;2;2;6;4;2;1;0;1;1;0;0;0;420886,075799999758601;5267371,197799999266863;7,948434971000040;47,554938696000079;1
211436;08241202335100498030;08;3;35;043;2024;12;07;2;2;5;3;1;0;1;0;0;0;0;0;514963,825500000268221;5280116,947799999266863;9,199347979000038;47,674269838000043;1
211439;08241202317000501680;08;3;17;150;2024;12;19;2;3;1;5;2;1;1;1;0;0;0;0;408030,909699999727309;5356098,298900000751019;7,758632250000062;48,351361316000066;1
211440;08241202316100549250;08;3;16;011;2024;12;07;2;3;5;2;2;1;1;1;0;0;0;0;414679,418600000441074;5329064,797199999913573;7,853795979000040;48,109127921000038;1
211441;08241202311010520920;08;3;15;047;2024;12;10;2;3;5;3;0;1;1;1;0;0;0;0;415330,218000000342727;5320979,939400000497699;7,864138933000049;48,036489059000075;1
211442;08241202311010511960;08;3;11;000;2024;12;16;2;3;6;3;1;1;1;0;1;0;0;0;413738,702700000256300;5315813,238900000229478;7,843832455000040;47,989799833000063;1
211443;08241202311010509720;08;3;11;000;2024;12;17;2;3;3;6;2;1;1;1;0;0;0;0;414526,982099999673665;5316702,121200000867248;7,854218611000022;47,997901527000067;1
211444;08241202311010503290;08;3;36;050;2024;12;11;2;3;5;2;0;1;1;1;0;0;0;1;399119,207100000232458;5273595,384199999272823;7,657756819000042;47,607910546000028;1
211447;08241202221400549350;08;2;21;000;2024;12;08;2;3;6;7;0;1;0;1;1;0;0;0;474832,654500000178814;5473237,688500000163913;8,653047479000065;49,411301211000080;1
211448;08241202221400526600;08;2;21;000;2024;12;09;2;3;5;3;0;0;1;1;0;0;0;0;474362,153900000266731;5473953,961500000208616;8,646515106000038;49,417724298000053;1
211449;08241202216300492250;08;2;16;015;2024;12;12;2;3;0;7;0;1;1;0;0;0;0;0;449933,707200000062585;5406039,613399999216199;8,318148048000069;48,805328481000060;1
211451;08241202215402498710;08;2;15;009;2024;12;07;2;3;5;3;2;0;1;1;0;0;0;0;470331,711000000126660;5442960,353299999609590;8,593245436000075;49,138755038000056;1
211452;08241202212502491570;08;2;12;000;2024;12;22;2;2;0;1;2;1;1;0;0;0;0;0;454888,930200000293553;5428130,309800000861287;8,383188073000042;49,004419139000049;1
211453;08241202136100490860;08;1;36;088;2024;12;09;2;3;6;4;0;1;0;1;1;0;0;0;580110,088899999856949;5410066,913399999961257;10,091741393000063;48,838404954000055;1
211454;08241202136000509950;08;1;36;002;2024;12;07;2;2;0;7;0;2;1;0;0;0;0;0;575630,573400000110269;5416198,913200000301003;10,031838570000048;48,894120294000061;1
211455;08241202119300514160;08;1;19;067;2024;12;17;2;3;6;7;2;0;0;1;1;0;0;0;538382,667000000365078;5405971,898000000044703;9,522734502000048;48,805550722000078;1
211456;08241202119200498450;08;1;19;020;2024;12;13;2;3;5;3;0;1;1;1;0;0;0;0;520194,097199999727309;5406992,005200000479817;9,275078435000069;48,815584568000077;1
211457;08241202117300513780;08;1;17;026;2024;12;17;2;3;6;4;2;1;1;0;1;0;0;0;546860,922100000083447;5393910,282099999487400;9,636820608000050;48,696469641000078;1
211458;08241202116500498650;08;1;16;071;2024;12;08;2;3;0;1;0;2;1;0;0;0;0;0;529072,071399999782443;5390675,422499999403954;9,394857753000053;48,668451741000069;1
211459;08241202116500498520;08;1;16;035;2024;12;13;2;3;5;3;0;0;1;1;0;0;0;0;527002,253499999642372;5391682,426599999889731;9,366811802000029;48,677603621000060;1
211460;08241202116400553160;08;1;16;033;2024;12;05;2;2;0;1;2;2;1;0;0;0;0;0;533261,000000000000000;5387552,963999999687076;9,451499293000040;48,640153424000061;1
211464;08241202111320491690;08;1;11;000;2024;12;08;2;3;5;3;0;0;1;1;0;0;0;0;516413,888000000268221;5405918,106499999761581;9,223542973000065;48,806035314000042;1
211465;08241202111110508910;08;1;11;000;2024;12;19;2;3;6;2;2;1;0;1;1;0;0;0;512529,801099999807775;5403271,847300000488758;9,170564631000047;48,782320277000053;1
211468;08241201311010506480;08;3;15;056;2024;12;12;1;3;6;7;0;0;0;0;1;0;0;1;414736,308000000193715;5309741,048000000417233;7,858404953000047;47,935311497000043;1
211473;08241130436300456990;08;4;36;081;2024;11;12;7;3;1;7;0;0;0;1;1;0;0;0;562521,528500000014901;5281850,939899999648333;9,833116891000032;47,687020427000050;1
211475;08241130421200588650;08;4;21;000;2024;11;10;7;3;5;3;0;0;1;1;0;0;0;0;572472,365100000053644;5361163,113299999386072;9,979126075000067;48,399459416000070;1
211476;08241130416100487540;08;4;16;036;2024;11;16;7;3;6;6;1;0;0;1;1;0;0;0;494469,091000000014901;5368964,535000000149012;8,925166900000022;48,473786714000028;1
211477;08241130415100479190;08;4;15;050;2024;11;16;7;3;0;1;2;0;1;0;0;0;0;0;520614,049800000153482;5375869,651200000196695;9,279247177000059;48,535593524000035;1
211483;08241130221011486770;08;2;21;000;2024;11;15;7;3;6;4;0;0;0;0;1;0;0;1;477723,824900000356138;5473073,200799999758601;8,692913225000041;49,409934390000046;1
211484;08241130212402479360;08;2;12;000;2024;11;13;7;3;1;5;0;0;1;1;0;0;0;0;456750,429499999620020;5427184,292799999937415;8,408739983000032;48,996042839000040;1
211487;08241130111230508080;08;1;11;000;2024;11;13;7;3;3;2;0;0;1;0;0;1;0;0;511084,651700000278652;5397580,698999999091029;9,150739042000055;48,731150329000059;1
211490;08241129436200455610;08;4;36;064;2024;11;15;6;3;0;7;0;0;1;0;0;0;0;1;539254,588299999944866;5288340,730299999937415;9,523680468000066;47,747242908000032;1
211492;08241129421200452970;08;4;21;000;2024;11;13;6;3;0;4;0;0;0;0;1;0;0;1;573160,754200000315905;5360914,025699999183416;9,988381603000050;48,397139304000063;1
211493;08241129417100486410;08;4;17;079;2024;11;19;6;3;6;4;2;0;0;1;1;0;0;0;501909,714300000108778;5344832,666400000452995;9,025728829000059;48,256703084000037;1
211494;08241129416200484970;08;4;16;041;2024;11;11;6;3;0;7;0;0;1;0;0;0;0;0;502678,610999999567866;5375672,066800000146031;9,036284618000025;48,534148927000047;1
211495;08241129415200486910;08;4;15;053;2024;11;21;6;3;6;4;2;1;0;1;1;0;0;0;536520,896099999547005;5362414,411199999973178;9,493546491000075;48,413824467000040;1
211497;08241129337010475490;08;3;37;096;2024;11;13;6;3;6;4;0;0;0;1;1;0;0;0;420899,164200000464916;5267427,375199999660254;7,948598798000035;47,555445683000073;1
211501;08241129335200453330;08;3;35;063;2024;11;13;6;3;4;6;0;0;1;0;0;0;0;0;497989,470300000160933;5287605,716700000688434;8,973181111000031;47,741821173000062;1
211502;08241129335100454450;08;3;35;043;2024;11;19;6;3;5;3;2;0;1;1;0;0;0;0;513327,962000000290573;5278967,674799999222159;9,177520063000031;47,663964857000053;1
211507;08241129316100453220;08;3;16;011;2024;11;12;6;3;0;7;0;0;1;1;0;0;0;0;414290,638000000268221;5330218,765499999746680;7,848342194000054;48,119455877000064;1
211508;08241129311010486270;08;3;11;000;2024;11;10;6;2;5;3;0;0;1;1;0;0;0;0;413614,426900000311434;5318807,059100000187755;7,841564231000064;48,016713493000054;1
211509;08241129311010476580;08;3;11;000;2024;11;11;6;3;4;7;0;0;1;1;0;0;0;0;414370,466599999926984;5316081,246600000187755;7,852244811000048;47,992295575000071;1
211510;08241129311010467340;08;3;36;050;2024;11;12;6;3;5;3;0;0;1;1;0;0;0;0;400011,425300000235438;5275095,890599999576807;7,669282223000039;47,621546420000072;1
211511;08241129311010453300;08;3;11;000;2024;11;12;6;2;4;6;0;0;1;0;0;0;0;0;413279,679399999789894;5316706,430400000885129;7,837500959000067;47,997772315000077;1
211514;08241129226200475120;08;2;26;032;2024;11;11;6;3;1;5;0;0;1;1;0;0;0;0;467129,615399999544024;5463224,817199999466538;8,547684791000052;49,320870431000060;1
211518;08241129222200486300;08;2;22;000;2024;11;11;6;3;3;2;0;0;1;0;0;0;0;1;461263,704099999740720;5481956,237500000745058;8,465142897000021;49,489007835000052;1
211519;08241129221300478080;08;2;21;000;2024;11;08;6;3;0;7;0;0;1;0;0;0;0;0;477159,628399999812245;5474074,492000000551343;8,685078036000050;49,418919919000075;1
211520;08241130316100456790;08;3;16;011;2024;11;21;7;3;3;6;2;0;1;0;0;0;0;0;414326,638000000268221;5330207,872999999672174;7,848828006000076;48,119362743000067;1
211525;08241129215102483650;08;2;12;000;2024;11;15;6;3;5;2;0;0;1;1;0;0;0;0;458591,722000000067055;5431704,919999999925494;8,433449460000077;49,036832806000064;1
211527;08241129212010456680;08;2;12;000;2024;11;16;6;3;2;2;1;0;1;1;0;0;0;0;455718,699099999852479;5428260,153899999335408;8,394518825000034;49,005647191000037;1
211529;08241129121200466550;08;1;21;000;2024;11;11;6;3;6;7;0;0;0;1;1;0;0;0;516002,309799999929965;5442325,231100000441074;9,219369762000042;49,133549917000039;1
211532;08241129115200483700;08;1;15;021;2024;11;17;6;2;6;3;2;0;0;1;1;0;0;0;489097,213600000366569;5384123,423900000751019;8,852088878000075;48,610090504000027;1
211536;08241128417300468260;08;4;17;031;2024;11;15;5;3;5;3;0;0;1;1;0;0;0;0;497006,242800000123680;5358287,870899999514222;8,959570760000076;48,377751140000044;1
211537;08241128415100466500;08;4;15;014;2024;11;13;5;2;6;3;0;0;0;1;1;0;0;0;525596,718000000342727;5375046,468000000342727;9,346692916000052;48,528004515000077;1
211538;08241128326100475430;08;3;26;012;2024;11;17;5;3;0;7;2;1;1;1;0;0;0;0;462674,568400000222027;5310766,618000000715256;8,500119566000023;47,949125062000064;1
211539;08241128325202475990;08;3;25;049;2024;11;07;5;3;6;2;1;1;0;1;1;0;0;0;471995,057099999859929;5335546,870799999684095;8,623317914000040;48,172545895000042;1
211540;08241128311400475960;08;3;15;033;2024;11;07;5;3;6;6;2;1;1;0;1;0;0;0;398212,494199999608099;5306487,411499999463558;7,637995687000057;47,903633901000035;1
211541;08241128311300468180;08;3;11;000;2024;11;17;5;3;1;7;2;0;1;1;0;0;0;0;412146,208999999798834;5314620,632300000637770;7,822736747000022;47,978855174000046;1
211542;08241128311010482440;08;3;11;000;2024;11;14;5;3;0;7;0;0;1;0;0;1;0;0;414448,792000000365078;5318024,434000000357628;7,852906951000023;48,009785769000075;1
211543;08241128311010476600;08;3;11;000;2024;11;14;5;2;6;7;0;0;1;1;1;1;0;0;410487,762099999934435;5315651,955499999225140;7,800303160000055;47,987902273000032;1
211544;08241128226700486970;08;2;26;098;2024;11;16;5;3;5;2;1;0;1;1;0;0;0;0;477760,253800000064075;5460425,699599999934435;8,694121627000072;49,296172270000056;1
211546;08241128215402454410;08;2;15;009;2024;11;15;5;3;6;4;0;0;0;1;1;0;0;0;474040,032599999569356;5438336,083599999547005;8,644383220000066;49,097326447000057;1
211547;08241128212010477160;08;2;12;000;2024;11;08;5;3;6;7;0;0;0;0;1;0;0;1;455731,992600000463426;5428746,551999999210238;8,394647546000044;49,010023345000036;1
211548;08241128135010461700;08;1;35;016;2024;11;08;5;2;6;4;0;1;0;0;1;0;1;0;591859,452700000256300;5386091,900900000706315;10,246482677000074;48,621148798000036;1
211549;08241128127202467030;08;1;27;014;2024;11;18;5;2;4;6;2;1;1;0;0;0;0;0;578992,271999999880791;5442827,922000000253320;10,082877157000041;49,133202000000040;1
211550;08241128121200466850;08;1;21;000;2024;11;16;5;3;6;7;0;0;0;1;1;0;0;0;516516,301900000311434;5441477,291699999943376;9,226381103000051;49,125908809000066;1
211551;08241128121200454270;08;1;21;000;2024;11;15;5;3;5;3;0;0;1;1;0;0;0;0;514461,564500000327826;5440568,165200000628829;9,198185394000063;49,117782664000060;1
211552;08241128118010477720;08;1;18;078;2024;11;05;5;2;6;4;2;1;0;1;1;0;0;0;514004,981999999843538;5419598,063999999314547;9,191204250000055;48,929156073000058;1
211553;08241128117100486080;08;1;17;019;2024;11;06;5;3;5;3;2;1;1;1;0;0;0;0;551997,002999999560416;5394178,696000000461936;9,706646358000057;48,698477215000025;1
211554;08241128116500479970;08;1;16;020;2024;11;19;5;3;5;7;2;1;1;1;0;0;0;0;526507,672399999573827;5382266,426300000399351;9,359490983000057;48,592918375000067;1
211556;08241128116010476750;08;1;16;019;2024;11;11;5;3;6;2;0;0;0;1;1;0;0;0;523402,708300000056624;5396247,191500000655651;9,318173360000060;48,718813337000029;1
211557;08241128115400451200;08;1;15;045;2024;11;18;5;3;4;3;2;0;1;1;0;0;0;0;498843,172299999743700;5394381,407899999991059;8,984277362000057;48,702466833000074;1
211558;08241128115300483030;08;1;15;041;2024;11;17;5;3;6;2;2;0;0;0;1;0;1;0;494244,782399999909103;5402410,877199999988079;8,921667763000073;48,774674605000030;1
211559;08241128111500500580;08;1;11;000;2024;11;21;5;3;0;7;2;0;1;1;0;0;0;0;514004,145999999716878;5402827,671000000089407;9,190619229000049;48,778293060000067;1
211560;08241128111500490110;08;1;11;000;2024;11;16;5;3;5;3;2;0;1;0;0;1;0;0;513053,071000000461936;5407004,217000000178814;9,177806353000051;48,815885497000068;1
211561;08241128111120492030;08;1;11;000;2024;11;18;5;3;0;7;2;0;1;0;0;0;0;0;513594,109500000253320;5404015,613299999386072;9,185077286000023;48,788988776000053;1
211564;08241127435100473580;08;4;35;016;2024;11;12;4;3;5;3;0;0;1;1;0;0;0;0;536405,125199999660254;5278839,337200000882149;9,484874896000065;47,661922899000047;1
211565;08241127425000472130;08;4;25;071;2024;11;06;4;2;5;3;2;1;1;1;0;0;0;0;554783,555800000205636;5371390,125800000503659;9,741506561000051;48,493244303000040;1
211567;08241127416200445660;08;4;16;041;2024;11;13;4;3;0;7;0;0;1;0;0;0;0;0;505602,769500000402331;5373730,815999999642372;9,075869321000027;48,516665451000051;1
211568;08241201136100491770;08;1;36;088;2024;12;15;1;3;7;7;0;1;1;0;0;0;0;0;580369,302000000141561;5410746,055999999865890;10,095406492000052;48,844479808000074;1
211569;08241127416100476040;08;4;16;036;2024;11;14;4;2;5;2;0;0;1;1;0;0;0;0;494701,628899999894202;5368589,630100000649691;8,928317882000044;48,470415908000064;1
211570;08241127415400484630;08;4;15;061;2024;11;07;4;3;4;2;0;0;1;0;0;0;0;1;514509,449000000022352;5369713,699999999254942;9,196338078000053;48,480383401000040;1
211571;08241127415400480630;08;4;15;061;2024;11;09;4;3;5;2;0;0;1;1;0;0;0;0;515849,339700000360608;5371278,850899999961257;9,214528382000026;48,494431703000032;1
211574;08241127317600473540;08;3;17;146;2024;11;19;4;3;5;3;2;1;1;1;0;0;0;0;430704,542500000447035;5355121,071900000795722;8,064784830000065;48,345466057000067;1
211576;08241127226500463380;08;2;26;085;2024;11;10;4;3;6;7;0;0;0;0;1;0;0;1;491007,831000000238419;5455471,266000000759959;8,876435171000026;49,251944952000031;1
211577;08241127222400475660;08;2;22;000;2024;11;15;4;3;5;3;0;0;1;0;0;0;0;1;467207,530000000260770;5482756,552999999374151;8,547143798000036;49,496556656000052;1
211581;08241127212702485510;08;2;15;046;2024;11;13;4;2;2;3;0;0;1;1;0;0;0;0;450026,895700000226498;5414923,383199999108911;8,318333316000064;48,885247468000046;1
211582;08241127212702450630;08;2;15;017;2024;11;13;4;3;0;7;0;0;1;0;0;0;0;0;456557,655199999921024;5422274,674300000071526;8,406629116000033;48,951866432000031;1
211583;08241127212010449060;08;2;12;000;2024;11;12;4;3;5;2;0;0;1;1;0;0;0;0;453547,086600000038743;5429832,712099999189377;8,364647125000033;49,019632789000070;1
211584;08241127212010448630;08;2;12;000;2024;11;18;4;3;5;3;2;1;1;1;0;0;0;0;456183,198800000362098;5428842,914400000125170;8,400806906000071;49,010922340000036;1
211585;08241127211000469410;08;3;17;001;2024;11;18;4;2;6;4;2;1;0;1;1;0;0;0;431181,669800000265241;5386596,704900000244379;8,066038438000021;48,628648824000038;1