OID_;UIDENTSTLAE;ULAND;UREGBEZ;UKREIS;UGEMEINDE;UJAHR;UMONAT;USTUNDE;UWOCHENTAG;UKATEGORIE;UART;UTYP1;ULICHTVERH;IstStrassenzustand;IstRad;IstPKW;IstFuss;IstKrad;IstGkfz;IstSonstige;LINREFX;LINREFY;XGCSWGS84;YGCSWGS84;PLST
211586;08241127136200444730;08;1;36;019;2024;11;05;4;3;0;7;2;0;1;0;0;0;0;0;582714,215599999763072;5424070,765699999406934;10,130059692000032;48,964014444000043;1
211587;08241127128100448000;08;1;28;058;2024;11;14;4;3;5;3;0;0;1;1;0;0;0;0;558710,882299999706447;5482868,253299999982119;9,810770498000068;49,495606618000068;1
211590;08241127119500462320;08;1;19;068;2024;11;14;4;3;3;5;0;0;1;0;0;0;0;1;525895,596099999733269;5413113,670199999585748;9,353128260000062;48,870441698000036;1
211592;08241127119400447480;08;1;19;091;2024;11;09;4;3;6;4;0;0;0;1;1;0;0;0;526854,466099999845028;5406733,111300000920892;9,365785512000059;48,813003441000035;1
211594;08241127117300444990;08;1;17;026;2024;11;07;4;3;5;3;1;0;1;1;0;0;0;0;547068,240699999965727;5393837,341000000014901;9,639629487000036;48,695797891000041;1
211598;08241127111500526820;08;1;11;000;2024;11;09;4;3;5;2;0;0;1;1;0;0;0;0;512421,557900000363588;5403458,994000000879169;9,169096809000052;48,784006005000037;1
211599;08241126435100473370;08;4;35;016;2024;11;17;3;3;0;7;2;0;1;0;0;0;0;0;536349,481399999931455;5278492,331700000911951;9,484104947000048;47,658803881000040;1
211601;08241126415400463300;08;4;15;061;2024;11;13;3;3;5;3;0;0;1;0;0;0;0;1;515313,325500000268221;5371402,606899999082088;9,207277763000036;48,495558348000031;1
211602;08241126335300471280;08;3;35;075;2024;11;07;3;3;5;2;0;0;1;1;0;0;0;0;488375,407599999569356;5290419,220000000670552;8,844862119000027;47,767034167000077;1
211603;08241126335100446960;08;3;35;043;2024;11;07;3;3;5;3;1;0;1;1;0;0;0;0;512518,157999999821186;5278774,960999999195337;9,166728510000041;47,662247061000073;1
211604;08241126335100443870;08;3;35;043;2024;11;21;3;3;0;7;2;0;1;0;0;0;0;0;512493,263899999670684;5278889,479699999094009;9,166400223000039;47,663277945000061;1
211606;08241126316100484180;08;3;16;011;2024;11;13;3;3;3;6;0;1;1;1;0;0;0;0;412633,995099999941885;5331236,025100000202656;7,825878503000069;48,128381034000029;1
211609;08241126222014478670;08;2;22;000;2024;11;09;3;2;6;4;0;0;0;0;1;0;0;1;461736,220300000160933;5484406,833100000396371;8,471429579000073;49,511079578000079;1
211610;08241126222014445640;08;2;22;000;2024;11;17;3;2;5;3;2;1;1;1;0;0;0;0;461546,320000000298023;5488622,230000000447035;8,468395432000023;49,548982528000067;1
211611;08241126221400471610;08;2;21;000;2024;11;09;3;3;5;3;0;0;1;0;0;0;0;0;476813,333999999798834;5471276,757999999448657;8,680466778000039;49,393741647000070;1
211612;08241126221400462690;08;2;21;000;2024;11;12;3;3;5;3;0;1;1;1;0;0;0;0;473376,996600000187755;5476139,253000000491738;8,632785740000031;49,437338157000056;1
211613;08241126221300460510;08;2;21;000;2024;11;09;3;3;0;6;0;1;1;0;0;0;0;0;476549,041400000452995;5473185,034600000828505;8,676711981000039;49,410896173000026;1
211614;08241126221200460290;08;2;21;000;2024;11;08;3;3;4;6;0;1;1;0;0;0;0;0;476200,922299999743700;5472866,462300000712276;8,671932092000077;49,408017153000060;1
211617;08241126212502473410;08;2;12;000;2024;11;18;3;2;0;1;2;1;1;0;0;0;0;0;454131,441599999554455;5428981,031199999153614;8,372735318000025;49,012015603000066;1
211618;08241126212010451660;08;2;12;000;2024;11;17;3;3;5;3;2;1;1;1;0;0;0;0;452853,409699999727309;5431315,070900000631809;8,354987764000043;49,032913986000040;1
211619;08241126212000485260;08;2;12;000;2024;11;17;3;3;5;2;2;0;1;1;0;0;0;0;458410,963999999687076;5428325,677999999374151;8,431322886000032;49,006423888000029;1
211621;08241126136000471360;08;1;36;065;2024;11;07;3;3;0;7;1;1;1;0;0;0;0;0;557504,526100000366569;5404721,562300000339746;9,782959317000063;48,792828799000063;1
211622;08241126127202444610;08;1;27;014;2024;11;14;3;3;0;7;0;1;1;0;0;0;0;0;578694,155000000260770;5444356,149900000542402;10,079089531000022;49,146984830000065;1
211623;08241126119200472900;08;1;19;020;2024;11;20;3;3;1;5;2;0;1;1;0;0;0;0;519909,634800000116229;5405814,083699999377131;9,271146471000066;48,804997387000071;1
211625;08241126116200485290;08;1;16;078;2024;11;08;3;3;6;4;0;0;0;1;1;0;0;0;510592,721199999563396;5393536,549900000914931;9,143945531000043;48,694777566000027;1
211626;08241126115100472920;08;1;15;003;2024;11;07;3;3;5;3;2;1;1;1;0;0;0;0;501295,044400000013411;5391359,218100000172853;9,017591691000064;48,675278627000068;1
211627;08241125436200454820;08;4;36;064;2024;11;07;2;3;6;4;1;0;0;1;1;0;0;0;546038,707399999722838;5292969,340099999681115;9,614670307000040;47,788438044000031;1
211628;08241125436200441290;08;4;36;064;2024;11;15;2;3;5;2;0;0;1;0;0;0;0;0;546046,068400000222027;5292393,298299999907613;9,614707468000063;47,783254866000050;1
211629;08241203111210492310;08;1;11;000;2024;12;07;3;3;5;3;1;1;1;1;0;0;0;0;508269,129800000227988;5399305,565099999308586;9,112485755000023;48,746710964000044;1
211631;08241125335300484760;08;3;35;075;2024;11;14;2;3;5;3;0;0;1;1;0;0;0;0;489505,253499999642372;5289369,073799999430776;8,859965971000065;47,757604830000048;1
211632;08241125335200467470;08;3;35;063;2024;11;10;2;3;9;7;0;0;1;0;0;0;0;0;497757,429200000129640;5287554,199500000104308;8,970086131000073;47,741356878000033;1
211633;08241125335100472390;08;3;35;043;2024;11;18;2;3;0;3;2;0;1;0;0;1;0;0;511249,382100000046194;5280705,448000000789762;9,149879556000030;47,679640267000082;1
211635;08241125311010439870;08;3;11;000;2024;11;23;2;3;5;3;2;1;1;1;0;0;0;0;413432,599799999967217;5317248,875700000673532;7,839440994000029;48,002672519000043;1
211636;08241125226600479600;08;2;26;082;2024;11;08;2;3;5;3;0;0;1;0;0;0;0;0;475621,491600000299513;5480188,360799999907613;8,663494483000022;49,473853018000057;1
211639;08241125222014463990;08;2;22;000;2024;11;19;2;3;6;4;1;1;0;1;1;0;0;0;461727,348699999973178;5481903,983899999409914;8,471549509000056;49,488567263000050;1
211640;08241125222014444170;08;2;22;000;2024;11;07;2;3;5;3;1;0;1;1;0;0;0;0;461188,024699999950826;5482242,020999999716878;8,464069929000061;49,491573466000034;1
211641;08241125222014439260;08;2;22;000;2024;11;14;2;3;5;3;0;0;1;1;0;0;0;0;463366,423999999649823;5478111,292799999937415;8,494531277000021;49,454554965000057;1
211642;08241125221400437990;08;2;26;018;2024;11;06;2;3;6;3;2;0;0;1;1;0;0;0;473212,986899999901652;5472423,882600000128150;8,630774404000022;49,403912047000063;1
211643;08241125221300457280;08;2;21;000;2024;11;08;2;3;4;2;0;0;1;1;0;0;0;0;475668,704900000244379;5473549,623299999162555;8,664553790000070;49,414141015000041;1
211644;08241125221200479430;08;2;21;000;2024;11;18;2;3;6;7;2;0;0;1;1;0;0;0;477622,651499999687076;5472659,256100000813603;8,691541855000025;49,406207308000035;1
211645;08241125216100469710;08;2;16;043;2024;11;12;2;2;5;2;0;0;1;0;0;0;0;0;441869,405000000260770;5411380,815999999642372;8,207573393000075;48,852670798000077;1
211647;08241125212010451610;08;2;15;017;2024;11;17;2;2;6;4;2;1;0;1;1;0;0;0;456496,786199999973178;5421176,248500000685453;8,405915074000063;48,941981575000057;1
211648;08241125212010445520;08;2;12;000;2024;11;12;2;2;5;3;0;0;1;1;0;0;0;0;454342,403900000266731;5429764,814099999144673;8,375531919000025;49,019081421000067;1
211649;08241125136000458340;08;1;36;065;2024;11;15;2;3;0;6;0;0;1;0;0;0;0;0;563959,940299999900162;5406936,911699999123812;9,871188737000068;48,812125101000049;1
211655;08241125118300440520;08;1;18;046;2024;11;17;2;3;2;6;2;0;1;1;0;0;0;0;513579,515700000338256;5411492,397900000214577;9,185126153000056;48,856249110000078;1
211657;08241125118100471450;08;1;18;079;2024;11;18;2;3;5;2;2;1;1;1;0;0;0;0;509560,561300000175834;5423222,059800000861287;9,130611660000056;48,961841000000049;1
211658;08241125118100470650;08;1;18;079;2024;11;19;2;3;0;7;2;0;1;0;0;0;0;0;510627,732300000265241;5421600,964700000360608;9,145148462000066;48,947240754000063;1
211659;08241125116500443920;08;1;16;049;2024;11;16;2;3;4;2;0;0;1;1;0;0;0;0;524662,647199999541044;5386245,801500000059605;9,334706155000049;48,628792517000079;1
211660;08241125115200453060;08;1;15;021;2024;11;10;2;3;2;6;0;0;1;1;0;0;0;0;489936,250199999660254;5382259,557700000703335;8,863516698000069;48,593336817000079;1
211662;08241124415400439370;08;4;15;061;2024;11;14;1;3;0;1;0;1;1;0;0;0;0;0;510282,737700000405312;5366011,051699999719858;9,139052515000060;48,447156131000042;1
211664;08241124215202453050;08;2;15;100;2024;11;17;1;3;6;2;2;0;0;1;1;0;0;0;474737,626500000245869;5452208,573000000789762;8,653068614000063;49,222141328000077;1
211665;08241124212302439610;08;2;12;000;2024;11;17;1;3;0;1;2;1;1;0;0;0;0;0;456032,135200000368059;5428771,374299999326468;8,398748985000054;49,010268083000028;1
211669;08241124115100439930;08;1;15;048;2024;11;14;1;3;5;3;0;0;1;1;0;0;0;0;510935,990699999965727;5386935,571100000292063;9,148435746000075;48,635388501000079;1
211672;08241124111110490350;08;1;11;000;2024;11;14;1;3;0;1;0;0;1;0;0;0;0;0;512744,617300000041723;5402150,098899999633431;9,173454079000066;48,772224749000031;1
211674;08241123436300462190;08;4;36;049;2024;11;08;7;3;0;7;0;2;1;0;0;0;0;0;578040,117700000293553;5282928,554400000721216;10,040067531000034;47,695027263000043;1
211675;08241123436000461860;08;4;35;034;2024;11;10;7;2;6;2;0;1;0;0;1;0;0;1;528924,302199999801815;5285459,156099999323487;9,385680372000024;47,721862305000059;1
211677;08241123336100470770;08;3;36;050;2024;11;10;7;3;0;7;0;0;1;0;0;0;0;0;399187,237900000065565;5272625,178200000897050;7,658884848000071;47,599193796000066;1
211679;08241123311010467770;08;3;11;000;2024;11;16;7;3;0;7;0;0;1;0;0;0;0;0;414648,115000000223517;5317310,611999999731779;7,855721029000051;48,003391322000027;1
211680;08241123311010445330;08;3;11;000;2024;11;09;7;3;0;7;0;2;1;0;0;0;0;0;415113,146599999628961;5315873,874399999156594;7,862238461000061;47,990529198000047;1
211681;08241123311010433300;08;3;11;000;2024;11;09;7;3;0;7;0;1;1;0;0;0;0;0;415119,200799999758601;5315873,650100000202656;7,862319635000063;47,990527984000039;1
211684;08241123222200467650;08;2;22;000;2024;11;12;7;3;1;7;0;0;1;0;0;0;0;1;461938,002399999648333;5482004,974600000306964;8,474448261000020;49,489488871000049;1
211685;08241123222014484730;08;2;22;000;2024;11;16;7;3;6;6;0;0;0;0;1;0;0;1;460710,077300000004470;5482729,015699999406934;8,457422147000045;49,495922949000033;1
211690;08241123212010449950;08;2;12;000;2024;11;19;7;3;2;6;2;0;1;1;0;0;0;0;456378,928399999625981;5428283,940899999812245;8,403543411000044;49,005908176000048;1
211691;08241123128100454430;08;1;28;007;2024;11;13;7;3;6;4;0;0;0;1;1;0;0;0;555743,423999999649823;5482280,570000000298023;9,769712358000049;49,490600901000050;1
211692;08241202212010491880;08;2;12;000;2024;12;07;2;3;5;3;0;1;1;1;0;0;0;0;456789,765800000168383;5424210,013199999928474;8,409593843000039;48,969291457000054;1
211701;08241123116200435880;08;1;16;077;2024;11;14;7;2;5;3;0;0;1;1;0;0;0;0;514774,727500000037253;5391557,498199999332428;9,200704155000039;48,676888892000079;1
211702;08241123111500492640;08;1;11;000;2024;11;11;7;3;6;4;0;0;0;0;1;0;0;1;509319,242700000293553;5402922,913000000640750;9,126852430000042;48,779237675000047;1
211704;08241203226600516500;08;2;26;031;2024;12;18;3;3;5;3;2;1;1;1;0;0;0;0;474389,219800000078976;5492978,517500000074506;8,645654682000043;49,588844798000082;1
211705;08241123111370492140;08;1;11;000;2024;11;17;7;3;6;4;2;0;0;1;1;0;0;0;511650,271099999547005;5406548,340900000184774;9,158684828000048;48,811812382000028;1
211706;08241123111320489650;08;1;11;000;2024;11;14;7;3;5;3;0;0;1;1;0;0;0;0;516201,660099999979138;5405138,929700000211596;9,220621889000029;48,799031518000049;1
211708;08241122421200438730;08;4;25;005;2024;11;14;6;2;0;7;0;0;1;0;0;0;0;0;575371,414599999785423;5381500,209200000390410;10,021956590000059;48,582051410000076;1
211709;08241122415400483870;08;4;15;061;2024;11;18;6;3;5;2;2;1;1;1;0;0;0;0;516070,283999999985099;5371860,191600000485778;9,217541322000045;48,499656030000040;1
211724;08241122221400429190;08;2;26;018;2024;11;07;6;3;5;3;0;0;1;1;0;0;0;0;473452,618400000035763;5472077,574200000613928;8,634100500000045;49,400807571000030;1
211725;08241126317000481960;08;3;17;065;2024;11;21;3;3;5;3;2;0;1;1;0;0;0;0;416337,518099999986589;5354320,918299999088049;7,871081437000043;48,336529133000056;1
211727;08241122216300463630;08;2;16;015;2024;11;20;6;3;0;1;2;1;1;0;0;0;0;0;449943,797199999913573;5405866,831700000911951;8,318306519000032;48,803775073000054;1
211728;08241122212302465660;08;2;12;000;2024;11;12;6;3;3;6;0;0;1;0;0;0;0;0;456126,821399999782443;5428243,130100000649691;8,400100810000026;49,005523208000056;1
211730;08241122136201477470;08;1;36;088;2024;11;12;6;3;6;4;0;1;0;1;1;0;0;0;578183,704300000332296;5409469,093000000342727;10,065379361000055;48,833273562000045;1
211734;08241122128200446930;08;1;28;061;2024;11;12;6;3;5;7;0;0;1;1;0;0;0;0;544162,797199999913573;5496564,682800000533462;9,611418161000074;49,620028988000058;1
211738;08241122119000452500;08;1;19;044;2024;11;12;6;2;6;4;0;2;0;1;1;0;0;0;542371,894299999810755;5425460,619000000879169;9,579082346000064;48,980598953000026;1
211740;08241122117300433490;08;1;17;026;2024;11;15;6;3;5;3;0;0;1;1;0;0;0;0;549827,025299999862909;5394387,109999999403954;9,677183410000055;48,700529088000053;1
211742;08241122116200462970;08;1;16;077;2024;11;09;6;3;0;1;0;1;1;0;0;0;0;0;513826,048100000247359;5389588,049100000411272;9,187751266000021;48,659193283000036;1
211743;08241122116010452680;08;1;16;080;2024;11;14;6;3;6;4;0;0;0;1;1;0;0;0;519950,974499999545515;5396535,020700000226498;9,271259561000022;48,721522662000041;1
211744;08241122111500489480;08;1;11;000;2024;11;19;6;3;6;7;2;1;0;1;1;0;0;0;518524,264999999664724;5402883,751000000163913;9,252147389000072;48,778679372000056;1
211745;08241122111330490430;08;1;11;000;2024;11;10;6;3;6;4;0;0;1;0;1;0;0;0;511444,487700000405312;5410871,833100000396371;9,156002626000031;48,850709684000037;1
211750;08241121335100460190;08;3;35;043;2024;11;08;5;3;4;6;0;0;1;1;0;0;0;0;513234,343999999575317;5280007,482400000095367;9,176304641000058;47,673322622000057;1
211753;08241121317500459640;08;3;17;096;2024;11;19;5;3;6;2;2;1;0;1;1;0;0;0;421596,556400000117719;5368981,848899999633431;7,939293728000052;48,469078922000051;1
211754;08241121317000457290;08;3;17;065;2024;11;08;5;2;4;2;0;0;1;1;0;0;0;0;414028,482900000177324;5354998,482499999925494;7,839792196000076;48,342313715000046;1
211756;08241124136200453390;08;1;36;019;2024;11;12;1;3;5;3;0;0;1;1;0;0;0;0;582178,251899999566376;5423378,278799999505281;10,122598909000033;48,957857743000034;1
211757;08241121311400442080;08;3;15;006;2024;11;16;5;3;5;3;2;2;1;1;0;0;0;0;403459,647900000214577;5307848,697899999096990;7,707883331000062;47,916689936000068;1
211758;08241121311400441220;08;3;15;074;2024;11;10;5;3;1;5;0;0;1;1;0;0;0;0;397155,227099999785423;5295670,333799999207258;7,626425253000036;47,806167565000067;1
211761;08241121311010444600;08;3;36;050;2024;11;17;5;3;6;4;2;2;0;1;1;0;0;0;402076,032700000330806;5276696,023499999195337;7,696394118000057;47,636255723000033;1
211762;08241127111250490010;08;1;11;000;2024;11;08;4;3;1;5;0;0;1;0;0;0;1;0;515271,123100000433624;5403646,655300000682473;9,207895163000046;48,785630748000074;1
211763;08241121311010430160;08;3;11;000;2024;11;18;5;2;2;2;2;1;1;1;0;0;0;0;411637,870900000445545;5316012,892200000584126;7,815639884000063;47,991308940000067;1
211764;08241121226700446490;08;2;26;098;2024;11;13;5;3;5;3;0;0;1;1;0;0;0;0;477752,927199999801815;5460121,388199999928474;8,694037803000072;49,293434714000057;1
211766;08241121222400482900;08;2;22;000;2024;11;00;5;3;3;3;2;0;1;0;0;0;0;1;469094,547299999743700;5475494,773199999704957;8,573769243000072;49,431338627000059;1
211767;08241121221300469950;08;2;21;000;2024;11;11;5;3;3;2;0;0;1;0;0;0;0;0;476941,801099999807775;5475098,691999999806285;8,682015164000063;49,428124190000062;1
211768;08241121121500460530;08;1;25;005;2024;11;13;5;3;5;3;0;0;1;0;0;0;0;1;515855,232400000095367;5452567,242000000551343;9,217757368000036;49,225683386000071;1
211772;08241128212010452340;08;2;12;000;2024;11;10;5;3;5;2;0;0;1;1;0;0;0;0;452830,497499999590218;5428719,375600000843406;8,354976133000036;49,009563923000030;1
211774;08241121111240489380;08;1;11;000;2024;11;08;5;3;4;2;0;0;1;1;0;0;0;0;514320,225499999709427;5402133,520300000905991;9,194897387000026;48,772041342000080;1
211778;08241120435200469380;08;4;35;034;2024;11;15;4;3;1;5;0;0;1;1;0;0;0;0;529231,639299999922514;5285202,744599999859929;9,389761139000029;47,719541417000073;1
211782;08241120416200471290;08;4;16;041;2024;11;16;4;3;5;3;0;1;1;1;0;0;0;0;503857,408999999985099;5374837,744999999180436;9,052244956000038;48,526636937000035;1
211783;08241120416010449330;08;4;16;041;2024;11;14;4;2;6;4;0;0;0;1;1;0;0;0;506457,281700000166893;5374852,422199999913573;9,087457965000056;48,526747613000055;1
211786;08241123316100467690;08;3;16;011;2024;11;14;7;3;5;2;0;0;1;1;0;0;0;0;414740,817999999970198;5330128,461300000548363;7,854407968000032;48,118704023000078;1
211788;08241120327100482700;08;3;27;050;2024;11;17;4;2;6;7;2;0;0;1;1;0;0;0;486390,655600000172853;5315463,967499999329448;8,817585114000053;47,992331200000081;1
211790;08241120317000467990;08;3;17;057;2024;11;12;4;2;8;1;0;0;1;0;0;0;0;0;412581,505199999548495;5379675,030700000002980;7,815115367000033;48,564069743000061;1
211794;08241120311010425300;08;3;11;000;2024;11;16;4;3;5;2;0;0;1;0;0;0;0;1;411854,735299999825656;5314334,096300000324845;7,818890579000026;47,976237600000047;1
211796;08241120231000461750;08;2;31;000;2024;11;07;4;2;6;4;1;1;0;1;1;0;0;0;477941,272099999710917;5415592,031400000676513;8,699059083000066;48,892884598000080;1
211797;08241120231000422480;08;2;36;071;2024;11;07;4;2;6;4;2;1;0;1;1;0;0;0;468261,689000000245869;5420525,387000000104308;8,566622939000069;48,936842351000053;1
211798;08241120222200483670;08;2;22;000;2024;11;08;4;3;5;3;0;1;1;1;0;0;0;0;461240,594499999657273;5482193,971200000494719;8,464800511000021;49,491144645000077;1
211799;08241120221200456670;08;2;21;000;2024;11;09;4;3;1;5;0;0;1;1;0;0;0;0;476869,344899999909103;5472938,630100000649691;8,681141874000048;49,408692066000071;1
211800;08241120221011449870;08;2;21;000;2024;11;10;4;3;2;6;0;0;1;1;0;0;0;1;476114,199799999594688;5472694,158500000834465;8,670747016000064;49,406463912000049;1
211802;08241120212302442890;08;2;12;000;2024;11;07;4;3;0;1;0;1;1;0;0;0;0;0;456738,520800000056624;5430258,326500000432134;8,408249579000028;49,023693309000066;1
211803;08241120136100427770;08;1;36;088;2024;11;13;4;3;6;4;0;0;0;0;1;0;0;1;580366,539699999615550;5410317,822899999096990;10,095284850000041;48,840628544000026;1
211804;08241120136000427240;08;1;36;065;2024;11;15;4;3;5;2;0;0;1;1;0;0;0;0;558363,281200000084937;5405165,755300000309944;9,794713737000052;48,796744335000028;1
211808;08241120116010450040;08;1;16;056;2024;11;14;4;3;6;4;0;0;0;1;1;0;0;0;530507,367600000463426;5395606,639200000092387;9,414715613000055;48,712743838000051;1
211813;08241119437200423620;08;4;37;104;2024;11;09;3;3;0;1;0;1;1;0;0;0;0;0;514918,474700000137091;5326179,761099999770522;9,200335353000071;48,088712725000050;1
211814;08241119437100452830;08;4;37;100;2024;11;17;3;3;5;3;2;0;1;0;0;0;0;1;537323,910600000061095;5317731,714999999850988;9,500465369000040;48,011789256000043;1
211815;08241119436200449140;08;4;36;064;2024;11;06;3;3;5;3;2;1;1;1;0;0;0;0;543904,798000000417233;5291952,837999999523163;9,586078899000029;47,779441540000050;1
211816;08241119436200421020;08;4;36;064;2024;11;11;3;3;6;2;0;1;0;1;1;0;0;0;545653,368999999947846;5293194,266899999231100;9,609549556000047;47,790489146000027;1
211817;08241119436100449380;08;4;36;055;2024;11;08;3;3;5;3;0;1;1;1;0;0;0;0;575464,138500000350177;5296964,445900000631809;10,008178779000048;47,821602632000065;1
211819;08241119337010449650;08;3;37;126;2024;11;17;3;3;4;2;2;1;1;1;0;0;0;0;444890,984299999661744;5275463,574699999764562;8,266453412000033;47,630228014000068;1
211821;08241119335100481340;08;3;35;043;2024;11;20;3;3;6;2;0;0;0;1;1;0;0;0;512714,025999999605119;5279867,153000000864267;9,169369040000049;47,672070426000062;1
211822;08241119327100481410;08;3;27;050;2024;11;18;3;3;6;4;2;1;0;1;1;0;0;0;486620,281399999745190;5314693,432900000363588;8,820686938000051;47,985403422000047;1
211824;08241119317000456770;08;3;17;065;2024;11;07;3;3;6;4;1;0;0;1;1;0;0;0;415889,221199999563396;5354667,324699999764562;7,864964299000064;48,339585498000076;1
211826;08241119311010448780;08;3;15;064;2024;11;18;3;3;6;3;2;0;0;1;1;0;0;0;424014,254399999976158;5312675,712400000542402;7,982087481000065;47,962878823000040;1
211827;08241119311010444100;08;3;36;050;2024;11;16;3;3;6;6;2;1;1;0;1;0;0;0;398755,851700000464916;5272371,058299999684095;7,653206409000063;47,596840675000067;1
211828;08241119311010424580;08;3;11;000;2024;11;17;3;3;3;6;2;0;1;1;0;0;0;0;412895,100899999961257;5316232,794900000095367;7,832442867000054;47,993459528000074;1
211829;08241119311010422050;08;3;11;000;2024;11;16;3;3;5;3;0;0;1;1;0;0;0;0;413789,555900000035763;5320259,470200000330806;7,843620013000020;48,029802046000043;1
211830;08241119311010419110;08;3;36;050;2024;11;10;3;3;3;6;0;1;1;0;0;0;0;1;399236,174700000323355;5275097,051799999549985;7,658967282000049;47,621436734000042;1
211831;08241119226700423670;08;2;26;041;2024;11;15;3;3;0;7;0;1;1;0;0;0;0;0;476395,201999999582767;5465451,824999999254942;8,675050136000038;49,341330912000046;1
211832;08241119226100422430;08;2;26;013;2024;11;17;3;3;6;7;2;1;0;1;1;0;0;0;499163,394999999552965;5479129,916500000283122;8,988454167000043;49,464821324000070;1
211834;08241119222014418830;08;2;22;000;2024;11;07;3;2;5;2;1;1;1;1;0;0;0;0;463222,073599999770522;5482848,545700000599027;8,492099185000029;49,497155551000048;1
211835;08241119221300481390;08;2;21;000;2024;11;07;3;3;0;2;2;1;1;1;0;0;0;0;476528,237499999813735;5473841,735799999907613;8,676386358000059;49,416802283000038;1
211836;08241119221200462360;08;2;21;000;2024;11;16;3;3;0;7;0;1;1;0;0;0;0;1;477149,421000000089407;5471984,213999999687076;8,685057600000050;49,400117821000038;1
211837;08241119215302420640;08;2;15;007;2024;11;08;3;3;6;7;0;1;0;1;1;0;0;0;478263,844399999827147;5431519,333399999886751;8,702609052000071;49,036170859000038;1
211838;08241121118010462290;08;1;15;028;2024;11;18;5;2;6;4;2;0;0;0;1;0;0;1;500964,220999999903142;5403896,167999999597669;9,013127162000046;48,788062092000075;1
211840;08241119215000422170;08;2;12;000;2024;11;09;3;3;5;3;0;1;1;1;0;0;0;0;454903,554100000299513;5432502,254599999636412;8,382901939000021;49,043746100000078;1
211842;08241119121600436780;08;1;25;046;2024;11;20;3;3;6;4;2;1;0;1;1;0;0;0;519094,025100000202656;5434082,972200000658631;9,261362962000021;49,059319431000063;1
211843;08241119121600436430;08;1;25;110;2024;11;11;3;3;2;6;0;1;1;1;0;0;0;0;526175,634700000286102;5442512,356599999591708;9,358841960000063;49,134883962000060;1
211844;08241119121400419660;08;1;25;056;2024;11;15;3;3;0;1;0;0;1;0;0;0;0;0;512478,368200000375509;5435827,678200000897050;9,170860820000030;49,075183423000055;1
211847;08241119117400481320;08;1;17;018;2024;11;19;3;3;5;3;2;1;1;0;0;0;0;1;539143,458999999798834;5396065,997999999672174;9,532153080000057;48,716393736000043;1
211849;08241119116100449370;08;1;16;056;2024;11;21;3;3;6;2;2;1;0;1;1;0;0;0;531380,672199999913573;5395173,871200000867248;9,426554024000040;48,708807395000065;1
211854;08241118437200467550;08;4;37;104;2024;11;17;2;2;1;5;2;0;1;1;0;0;0;0;515506,509899999946356;5326463,859300000593066;9,208242152000025;48,091254715000048;1
211857;08241118426300490280;08;4;26;014;2024;11;18;2;3;0;1;2;0;1;0;0;0;0;0;549220,322999999858439;5316622,600999999791384;9,659843951000028;48,001005395000050;1
211860;08241118317000419460;08;3;17;065;2024;11;16;2;3;6;4;1;1;0;0;1;0;0;1;416925,427799999713898;5354879,333699999377131;7,878902803000074;48,341629618000070;1
211861;08241118311400480240;08;3;15;074;2024;11;10;2;2;6;4;0;0;0;1;1;0;0;0;397103,503700000233948;5295313,332000000402331;7,625819364000051;47,802948101000027;1
211863;08241118231202445310;08;2;36;072;2024;11;11;2;3;5;3;0;1;1;1;0;0;0;0;465335,082899999804795;5411487,221799999475479;8,527429378000022;48,855382719000033;1
211865;08241118222200480280;08;2;22;000;2024;11;19;2;3;4;6;2;1;1;0;0;0;0;0;461782,925400000065565;5482531,553200000897050;8,472256169000048;49,494215416000031;1
211870;08241118212010452740;08;2;12;000;2024;11;15;2;3;0;4;0;1;0;0;1;0;0;1;457453,516800000332296;5428649,198699999600649;8,418197808000059;49,009268738000060;1
211871;08241118212010426590;08;2;12;000;2024;11;10;2;3;2;3;0;1;1;1;0;0;0;0;454188,441399999894202;5428253,096799999475479;8,373596902000031;49,005472021000060;1
211872;08241118212010418610;08;2;12;000;2024;11;11;2;3;1;5;0;1;1;1;0;0;0;0;456879,610500000417233;5428887,195399999618530;8,410325073000024;49,011369712000032;1
211873;08241118136100435900;08;1;36;088;2024;11;17;2;3;6;7;2;1;0;1;1;0;0;0;582300,712000000290573;5408617,239600000903010;10,121298307000075;48,825079820000042;1
211874;08241127415400462930;08;4;15;061;2024;11;06;4;2;7;1;2;0;1;0;0;0;0;0;515875,140800000168383;5370567,485999999567866;9,214850572000046;48,488031363000061;1
211875;08241118135010437020;08;4;25;072;2024;11;16;2;3;1;2;1;1;1;1;0;0;0;0;583368,717899999581277;5372458,226800000295043;10,128561029000025;48,499709207000080;1
211878;08241118121100432760;08;1;25;006;2024;11;16;2;3;0;1;2;1;1;0;0;0;0;0;506365,851200000382960;5453632,428899999707937;9,087446433000025;49,235437161000050;1
211879;08241118118600431830;08;1;18;068;2024;11;07;2;3;6;7;0;0;0;1;1;0;0;0;501025,925699999555945;5423035,285000000149012;9,014015238000070;48,960233922000043;1
211880;08241118118400449710;08;1;18;048;2024;11;17;2;3;6;2;2;1;0;1;1;0;0;0;514905,043600000441074;5415917,145999999716878;9,203357907000054;48,896022626000047;1
211881;08241118118400434360;08;1;18;048;2024;11;18;2;3;0;7;2;1;1;0;0;0;0;0;514189,573800000362098;5415928,639499999582767;9,193596808000052;48,896142818000044;1