OID_;UIDENTSTLAE;ULAND;UREGBEZ;UKREIS;UGEMEINDE;UJAHR;UMONAT;USTUNDE;UWOCHENTAG;UKATEGORIE;UART;UTYP1;ULICHTVERH;IstStrassenzustand;IstRad;IstPKW;IstFuss;IstKrad;IstGkfz;IstSonstige;LINREFX;LINREFY;XGCSWGS84;YGCSWGS84;PLST
211882;08241118118200434810;08;1;18;011;2024;11;17;2;3;6;2;2;1;0;1;1;0;0;0;505327,786999999545515;5407794,229000000283122;9,072584474000053;48,823106640000049;1
211886;08241117421300476090;08;4;21;000;2024;11;17;1;3;6;2;2;1;0;0;1;0;0;1;570742,423600000329316;5362208,522800000384450;9,955933625000057;48,409059690000049;1
211887;08241117335100417140;08;3;35;066;2024;11;12;1;3;0;1;0;0;1;0;0;0;0;0;509476,788999999873340;5281842,790999999269843;9,126287424000054;47,689902113000073;1
211888;08241124111500490960;08;1;11;000;2024;11;02;1;3;6;7;2;1;0;0;1;0;0;1;513159,245799999684095;5402762,346599999815226;9,179116731000022;48,777723853000055;1
211890;08241117119400413720;08;1;19;090;2024;11;10;1;3;0;1;0;0;1;0;0;0;0;0;532094,852300000376999;5405859,812200000509620;9,437094693000063;48,804898954000066;1
211892;08241117111500489120;08;1;11;000;2024;11;17;1;3;6;4;0;0;0;1;1;0;0;0;512852,244300000369549;5403395,123800000175834;9,174957792000043;48,783422683000026;1
211897;08241116415400444370;08;4;15;061;2024;11;17;7;3;4;2;2;0;1;1;0;0;0;0;515061,626000000163913;5375252,037000000476837;9,204009816000053;48,530195152000033;1
211898;08241116326300430560;08;3;26;031;2024;11;12;7;3;4;6;0;0;1;1;0;0;0;0;457084,866299999877810;5332080,174799999222159;8,423126000000025;48,140525728000057;1
211900;08241116311200428020;08;3;11;000;2024;11;13;7;3;5;3;0;0;1;1;0;0;0;0;415143,053799999877810;5319862,148299999535084;7,861850060000052;48,026409277000027;1
211904;08241116311010414080;08;3;11;000;2024;11;13;7;2;0;7;0;0;1;0;0;0;0;0;412176,250300000421703;5314431,411000000312924;7,823177907000058;47,977157192000050;1
211905;08241116311010412250;08;3;11;000;2024;11;16;7;3;5;3;0;0;1;0;0;0;0;0;414675,904500000178814;5316343,891499999910593;7,856285758000070;47,994699001000072;1
211906;08241116235200476350;08;2;35;006;2024;11;13;7;3;6;4;0;0;0;1;1;0;0;0;470863,735899999737740;5381385,419099999591708;8,604923290000045;48,584875993000026;1
211908;08241116226100423240;08;2;26;013;2024;11;09;7;3;4;6;0;0;1;0;0;0;0;0;499002,573099999688566;5479962,568800000473857;8,986232594000057;49,472310691000075;1
211910;08241116221200476390;08;2;21;000;2024;11;14;7;3;0;1;0;0;1;0;0;0;0;0;477122,872700000181794;5472451,154100000858307;8,684664804000022;49,404316880000067;1
211911;08241116221011415900;08;2;26;085;2024;11;12;7;3;5;2;0;0;1;1;0;0;0;0;491242,693599999882281;5455468,970699999481440;8,879662551000024;49,251927712000054;1
211913;08241116216100411190;08;2;16;043;2024;11;10;7;3;0;3;0;0;1;1;0;0;0;0;442020,755699999630451;5411200,827199999243021;8,209661859000050;48,851065961000074;1
211914;08241116215502476490;08;2;15;106;2024;11;19;7;3;6;4;2;0;0;0;1;0;0;1;464596,032599999569356;5452390,665899999439716;8,513781257000062;49,223276999000063;1
211917;08241116116400427720;08;1;16;033;2024;11;09;7;2;5;3;0;0;1;1;0;0;0;0;533440,696000000461936;5388489,687000000849366;9,454014115000064;48,648570495000058;1
211919;08241116111140489990;08;1;11;000;2024;11;17;7;3;5;3;2;0;1;1;0;0;0;0;511564,138000000268221;5401762,021400000900030;9,157376926000040;48,768756685000028;1
211920;08241115435100411300;08;4;35;016;2024;11;15;6;3;5;3;0;0;1;1;0;0;0;0;535795,016200000420213;5278396,059499999508262;9,476712922000047;47,657968599000071;1
211923;08241115335200474740;08;3;35;063;2024;11;11;6;3;5;3;0;0;1;1;0;0;0;0;497530,286700000055134;5287272,900800000876188;8,967057853000028;47,738825036000037;1
211924;08241115326200409560;08;3;26;074;2024;11;07;6;3;5;3;0;0;1;1;0;0;0;0;464339,927899999544024;5323312,872899999842048;8,521378892000030;48,062096925000048;1
211925;08241115317000437100;08;3;17;057;2024;11;08;6;3;0;1;0;0;1;0;0;0;0;0;411945,963200000114739;5380305,886099999770522;7,806369525000036;48,569654913000079;1
211926;08241115311010437790;08;3;36;091;2024;11;08;6;3;6;2;0;0;0;1;1;0;0;0;396330,377799999900162;5272371,565600000321865;7,620951106000064;47,596461935000036;1
211928;08241115226600475260;08;2;26;096;2024;11;14;6;3;6;6;0;0;0;0;1;0;0;1;475091,003899999894202;5488962,932199999690056;8,655618427000036;49,552755690000026;1
211929;08241119316200436450;08;3;16;056;2024;11;07;3;3;5;3;1;1;1;1;0;0;0;0;422070,866999999620020;5327073,450999999418855;7,953439025000023;48,092162116000054;1
211930;08241115222201487460;08;2;22;000;2024;11;20;6;3;3;5;2;0;1;1;0;0;0;0;461224,590499999932945;5482167,916799999773502;8,464582090000022;49,490909278000061;1
211932;08241115221400443320;08;2;21;000;2024;11;12;6;3;0;7;0;0;1;0;0;0;0;0;475828,333999999798834;5470229,974799999967217;8,666956479000021;49,384287673000074;1
211936;08241129436000452810;08;4;36;009;2024;11;10;6;3;5;3;0;0;1;1;0;0;0;0;555542,536000000312924;5307651,880000000819564;9,743433222000021;47,919782313000042;1
211937;08241115212402416050;08;2;12;000;2024;11;14;6;3;5;3;0;0;1;1;0;0;0;0;455965,592000000178814;5425768,402000000700355;8,398164593000047;48,983251229000075;1
211938;08241115212010442360;08;2;12;000;2024;11;10;6;3;5;3;0;0;1;1;0;0;0;0;455022,111999999731779;5429576,650000000372529;8,384848716000022;49,017438806000030;1
211939;08241115212010420040;08;2;12;000;2024;11;16;6;3;5;2;1;0;1;0;0;1;0;0;456384,736800000071526;5425945,425899999216199;8,403873889000067;48,984873326000070;1
211941;08241115135100408450;08;1;35;016;2024;11;15;6;3;0;7;0;0;1;0;0;0;0;0;592032,145600000396371;5385913,177699999883771;10,248785788000021;48,619515966000051;1
211942;08241127119300450860;08;1;19;076;2024;11;12;4;3;5;3;0;0;1;1;0;0;0;0;542386,805999999865890;5406486,234099999070168;9,577317327000060;48,809917228000074;1
211944;08241115121200439220;08;1;21;000;2024;11;12;6;3;4;6;0;0;1;1;0;0;0;0;517056,577399999834597;5443049,436300000175834;9,233852850000062;49,140036017000057;1
211945;08241115121200419340;08;1;21;000;2024;11;11;6;3;6;4;0;1;1;0;1;0;0;0;515573,290300000458956;5443033,805800000205636;9,213515911000059;49,139934812000035;1
211946;08241115119500411650;08;1;19;068;2024;11;17;6;3;5;3;2;0;1;1;0;0;0;0;525612,606499999761581;5413710,705600000917912;9,349306703000025;48,875824171000033;1
211947;08241118437100421540;08;4;37;100;2024;11;14;2;3;6;4;0;0;0;1;1;0;0;0;537378,193300000391901;5317965,383099999278784;9,501213574000076;48,013888354000073;1
211949;08241115117200435230;08;1;17;024;2024;11;21;6;3;6;4;2;0;0;1;1;0;0;0;560174,893799999728799;5386395,549599999561906;9,816642091000062;48,627730813000028;1
211951;08241115111110489690;08;1;11;000;2024;11;11;6;2;6;7;0;0;1;0;1;0;0;0;512841,822100000455976;5402670,479199999943376;9,174793279000028;48,776904054000056;1
211952;08241114421200406690;08;4;21;000;2024;11;09;5;3;0;1;0;1;1;0;0;0;0;0;573994,209999999962747;5361465,512000000104308;9,999736796000036;48,402002759000027;1
211953;08241114416010432500;08;4;16;041;2024;11;08;5;3;2;6;0;0;1;0;0;0;0;1;502843,053000000305474;5375348,456000000238419;9,038509951000037;48,531236888000080;1
211957;08241114336100442980;08;3;36;050;2024;11;21;5;3;5;2;2;0;1;1;0;0;0;0;401111,043600000441074;5276035,135500000789762;7,683700573000067;47,630164106000052;1
211962;08241114311010416380;08;3;11;000;2024;11;19;5;2;5;3;2;0;1;0;0;0;0;1;413778,533099999651313;5315597,023600000888109;7,844409617000053;47,987860268000077;1
211963;08241114311010407170;08;3;11;000;2024;11;14;5;3;5;2;0;0;1;0;0;0;0;0;406086,863300000317395;5316846,010500000789762;7,741072803000066;47,998011728000051;1
211964;08241114311010405940;08;3;11;000;2024;11;07;5;3;3;2;0;0;1;0;0;0;0;1;413828,561900000087917;5317012,364600000903010;7,844795815000055;48,000598520000040;1
211965;08241114237100434930;08;2;37;028;2024;11;07;5;3;6;4;1;1;0;1;1;0;0;0;457065,781000000424683;5367851,412399999797344;8,419230341000059;48,462331554000059;1
211969;08241114222700451920;08;2;22;000;2024;11;20;5;3;1;5;2;0;1;1;0;0;0;0;461436,490699999965727;5481642,723899999633431;8,467559148000021;49,486198954000031;1
211970;08241114222500438900;08;2;22;000;2024;11;15;5;3;4;6;0;0;1;0;0;0;0;0;462125,700500000268221;5478999,642000000923872;8,477327586000058;49,462469162000048;1
211973;08241114221400405340;08;2;21;000;2024;11;13;5;3;5;3;0;1;1;1;0;0;0;0;474469,172399999573827;5474241,900000000372529;8,647972082000024;49,420318745000031;1
211974;08241114221011429670;08;2;21;000;2024;11;10;5;3;5;3;0;1;1;0;0;0;0;1;477590,490399999544024;5472645,188500000163913;8,691099334000057;49,406079589000058;1
211976;08241114216300439550;08;2;16;015;2024;11;16;5;3;6;7;0;1;0;1;1;0;0;0;450228,904799999669194;5406084,240399999544024;8,322162633000062;48,805753624000033;1
211977;08241114215402406200;08;2;15;009;2024;11;11;5;3;5;2;0;1;1;1;0;0;0;0;466917,563000000081956;5437334,553400000557303;8,546899778000068;49,087975704000030;1
211979;08241114212402420990;08;2;12;000;2024;11;10;5;3;0;1;0;1;1;0;0;0;0;0;456836,386500000022352;5427190,296299999579787;8,409914388000061;48,996102857000039;1
211980;08241114212010442330;08;2;12;000;2024;11;05;5;3;5;3;2;1;1;1;0;0;0;0;453167,145899999886751;5428822,903200000524521;8,359567417000051;49,010520799000062;1
211981;08241114212010429680;08;2;12;000;2024;11;09;5;3;5;3;0;1;1;1;0;0;0;0;455181,939399999566376;5433356,516100000590086;8,386616610000033;49,051450510000052;1
211983;08241114212010428410;08;2;12;000;2024;11;17;5;3;5;3;2;1;1;1;0;0;0;0;455411,307599999941885;5428771,048399999737740;8,390259838000077;49,010220604000040;1
211984;08241114136100423860;08;1;36;088;2024;11;15;5;3;5;3;0;1;1;1;0;0;0;0;580007,623399999924004;5410341,224600000306964;10,090398815000071;48,840885387000071;1
211989;08241114121300453320;08;1;21;000;2024;11;17;5;3;5;3;1;1;1;1;0;0;0;0;514920,100200000219047;5445987,921399999409914;9,204669925000076;49,166524237000033;1
211990;08241114118600458210;08;1;18;076;2024;11;15;5;3;6;4;0;1;0;1;1;0;0;0;504606,947499999776483;5423118,838700000196695;9,062936736000040;48,960969228000067;1
211993;08241114118200435570;08;1;18;080;2024;11;13;5;3;6;7;0;0;0;1;1;0;0;0;507171,951000000350177;5411635,756999999284744;9,097776124000063;48,857645907000062;1
211998;08241114111500489360;08;1;11;000;2024;11;17;5;3;4;2;2;1;1;1;0;0;0;0;510778,774000000208616;5396882,164000000804663;9,146561194000071;48,724871665000080;1
212001;08241114111330489580;08;1;11;000;2024;11;08;5;3;5;3;0;0;1;0;0;0;0;0;517101,608300000429153;5409693,539499999955297;9,233066478000069;48,839979884000059;1
212002;08241114111130489590;08;1;11;000;2024;11;08;5;3;5;3;0;0;1;1;0;0;0;0;511683,507600000128150;5403079,234400000423193;9,159038851000048;48,780604018000076;1
212003;08241114111110489620;08;1;11;000;2024;11;08;5;3;5;3;0;0;1;1;0;0;0;0;512810,567599999718368;5403455,138299999758601;9,174392320000038;48,783963428000050;1
212005;08241114111000589050;08;1;11;000;2024;11;16;5;2;4;1;1;1;1;0;0;0;0;0;514500,073900000192225;5400443,276300000026822;9,197285531000034;48,756831856000076;1
212006;08241113436400402870;08;4;36;082;2024;11;13;4;3;0;1;0;0;1;0;0;0;0;0;547197,616000000387430;5294148,617699999362230;9,630270419000055;47,798964070000068;1
212010;08241128222400483150;08;2;22;000;2024;11;13;5;3;7;7;0;0;1;0;0;0;0;1;468656,872999999672174;5477095,093299999833107;8,567606726000065;49,445710580000082;1
212012;08241113327100454360;08;3;27;050;2024;11;13;4;3;6;4;0;0;0;1;1;0;0;0;486609,896700000390410;5314727,941899999976158;8,820546689000025;47,985713688000033;1
212013;08241113311010431980;08;3;11;000;2024;11;19;4;2;0;7;2;0;1;0;0;0;0;0;414015,593899999745190;5315210,073400000110269;7,847663668000052;47,984411417000047;1
212014;08241113222500429040;08;2;22;000;2024;11;14;4;3;5;3;0;1;1;1;0;0;0;0;463685,748999999836087;5478022,142000000923872;8,498945308000032;49,453772264000065;1
212016;08241113215302416110;08;2;15;007;2024;11;16;4;3;5;3;0;1;1;1;0;0;0;0;478997,766300000250340;5431627,326199999079108;8,712644736000072;49,037167741000076;1
212017;08241113212102408250;08;2;12;000;2024;11;06;4;3;1;5;1;0;1;1;0;0;0;0;454384,338299999944866;5429323,647199999541044;8,376155023000024;49,015116203000048;1
212019;08241113212010429340;08;2;15;105;2024;11;17;4;1;6;4;2;1;0;1;1;0;0;0;457752,775299999862909;5442714,225600000470877;8,420820905000028;49,135804833000066;1
212020;08241113212010428330;08;2;12;000;2024;11;08;4;3;5;3;0;0;1;1;0;0;0;0;454366,801300000399351;5428334,105100000277162;8,376026445000036;49,006213910000042;1
212021;08241113212010415120;08;2;12;000;2024;11;17;4;3;5;3;2;1;1;1;0;0;0;0;455117,278699999675155;5430677,443099999800324;8,386028413000076;49,027347442000064;1
212022;08241113121400403690;08;1;25;056;2024;11;07;4;3;5;3;0;1;1;1;0;0;0;0;511320,287600000388920;5435675,490000000223517;9,154999535000059;49,073836802000073;1
212025;08241113119300418170;08;1;19;067;2024;11;19;4;3;5;2;2;1;1;1;0;0;0;0;538259,048899999819696;5405495,529600000008941;9,521006627000077;48,801273148000064;1
212026;08241113118400416610;08;1;18;048;2024;11;08;4;3;1;5;1;0;1;1;0;0;0;0;511873,010400000028312;5414765,727499999105930;9,161956907000047;48,885730278000040;1
212028;08241113117100417960;08;1;17;042;2024;11;17;4;3;6;4;1;0;0;1;1;0;0;0;554325,535600000061095;5392949,354399999603629;9,738127078000048;48,687220428000046;1
212032;08241113115100471100;08;1;15;003;2024;11;13;4;3;3;2;0;0;1;1;0;0;0;0;500318,252999999560416;5392289,948100000619888;9,004323818000046;48,683652847000076;1
212033;08241113111500489220;08;1;11;000;2024;11;17;4;3;5;3;2;0;1;1;0;0;0;0;512065,438400000333786;5403419,669399999082088;9,164247760000023;48,783659254000042;1
212034;08241113111500426060;08;1;11;000;2024;11;16;4;2;5;2;1;0;1;1;0;0;0;0;512345,084699999541044;5402129,428700000047684;9,168015850000074;48,772046856000031;1
212035;08241112436400426160;08;4;36;082;2024;11;11;3;3;5;2;0;0;1;1;0;0;0;0;547195,544900000095367;5295859,788000000640750;9,630429038000045;47,814359530000047;1
212036;08241112436200403430;08;4;36;064;2024;11;15;3;2;6;4;0;0;1;0;1;0;0;0;543018,867999999783933;5291997,580000000074506;9,574257798000076;47,779903861000037;1
212037;08241112426000431900;08;4;26;021;2024;11;17;3;3;0;1;1;0;1;0;0;0;0;0;558626,763899999670684;5327459,069900000467896;9,787419441000054;48,097699597000030;1
212039;08241112415400433280;08;4;15;061;2024;11;17;3;3;3;2;2;0;1;1;0;0;0;0;513296,159300000406802;5372043,999500000849366;9,179994428000043;48,501374474000045;1
212040;08241112335300468760;08;3;35;075;2024;11;22;3;3;0;1;2;0;1;0;0;0;0;0;488230,480700000189245;5290932,550499999895692;8,842914073000031;47,771650236000028;1
212042;08241112317500402040;08;3;17;096;2024;11;16;3;3;6;7;0;0;0;0;1;0;0;1;421837,789900000207126;5370485,166699999943376;7,942275676000065;48,482631151000078;1
212045;08241112311010425750;08;3;11;000;2024;11;08;3;2;5;3;0;1;1;1;0;0;0;0;414435,145100000314415;5315445,317500000819564;7,853238316000045;47,986583797000037;1
212048;08241112222014428960;08;2;26;032;2024;11;11;3;2;1;5;0;0;0;1;1;0;0;0;466471,375000000000000;5462810,446399999782443;8,538662150000050;49,317107436000072;1
212049;08241112216300399940;08;2;16;015;2024;11;07;3;3;5;3;0;0;1;1;0;0;0;0;449896,529900000430644;5405682,246300000697374;8,317685379000068;48,802110866000078;1
212051;08241112212010399260;08;2;12;000;2024;11;09;3;3;0;3;0;1;1;1;0;0;0;0;460093,959999999962747;5427200,175000000745058;8,454445192000037;48,996410878000063;1
212053;08241112121500426360;08;1;25;069;2024;11;10;3;3;6;4;0;0;0;1;1;0;0;0;524697,682500000111759;5453868,803700000047684;9,339278805000049;49,237098298000035;1
212054;08241112121100399450;08;1;25;006;2024;11;11;3;3;6;7;0;1;0;1;1;0;0;0;507308,686700000427663;5453914,062100000679493;9,100403092000022;49,237959987000067;1
212055;08241112118500431030;08;1;18;060;2024;11;11;3;3;6;6;0;0;0;1;1;0;0;0;523327,380699999630451;5430113,630300000309944;9,319080648000067;49,023467799000059;1
212056;08241112118400416550;08;1;18;048;2024;11;16;3;3;6;3;0;0;0;1;1;0;0;0;513853,328499999828637;5416113,337799999862909;9,189015504000054;48,897811924000052;1
212059;08241112118010430000;08;1;15;028;2024;11;09;3;2;0;7;0;1;1;0;0;0;0;0;500082,451100000180304;5404617,244400000199676;9,001122656000064;48,794549597000071;1
212060;08241112118010428870;08;1;18;079;2024;11;09;3;3;6;7;0;0;0;1;1;0;0;0;509146,911199999973178;5422053,130599999800324;9,124934328000052;48,951331967000044;1
212061;08241112117300441660;08;1;17;026;2024;11;12;3;3;5;3;0;0;1;0;0;0;0;1;547836,349399999715388;5394497,849500000476837;9,650143447000062;48,701681080000071;1
212062;08241112117200432210;08;1;17;024;2024;11;13;3;3;0;1;0;0;1;0;0;0;0;0;561716,082999999634922;5385837,517000000923872;9,837472427000023;48,622560983000028;1
212066;08241112111140400500;08;1;11;000;2024;11;19;3;3;6;3;2;0;0;1;1;0;0;0;510690,779199999757111;5402375,383999999612570;9,145507328000065;48,774290079000082;1
212069;08241111436200414020;08;4;36;064;2024;11;12;2;2;0;7;0;0;1;0;0;0;0;0;546200,684000000357628;5291711,323100000619888;9,616698868000071;47,777108055000042;1
212070;08241111435100398240;08;4;35;016;2024;11;11;2;3;6;7;0;0;1;0;1;0;0;0;535924,354399999603629;5278280,390200000256300;9,478425860000073;47,656920705000061;1
212072;08241111415400411990;08;4;15;061;2024;11;17;2;3;7;1;2;1;1;0;0;0;0;0;515784,095900000073016;5371942,806800000369549;9,213670383000022;48,500406520000070;1
212073;08241111336200398960;08;3;36;069;2024;11;12;2;3;0;7;0;0;1;0;0;0;0;0;408021,391099999658763;5268234,656099999323487;7,777296979000027;47,561011212000039;1
212075;08241111335100430010;08;3;35;043;2024;11;19;2;3;6;6;2;0;1;0;1;0;0;0;511937,773400000296533;5279261,413300000131130;9,159011730000032;47,666634976000068;1
212076;08241111335100397150;08;3;35;043;2024;11;14;2;3;0;1;0;0;1;0;0;0;0;0;515045,666799999773502;5280881,364800000563264;9,200464605000036;47,681145888000060;1
212077;08241202421300509380;08;4;21;000;2024;12;14;2;2;5;2;0;0;1;0;0;0;0;0;571007,928399999625981;5360919,809699999168515;9,959302804000060;48,397437481000054;1
212078;08241111317010438910;08;3;17;065;2024;11;17;2;2;6;2;0;1;0;0;1;0;0;1;416225,035500000230968;5354242,778200000524521;7,869579475000023;48,335811366000030;1
212079;08241111316100430610;08;3;16;011;2024;11;19;2;3;2;2;2;1;1;1;0;0;0;0;414814,014000000432134;5330296,409700000658631;7,855357705000074;48,120224552000082;1
212080;08241128231000448560;08;2;31;000;2024;11;07;5;3;6;2;2;1;0;1;1;0;0;0;477301,313400000333786;5414504,000600000843406;8,690388874000064;48,883073928000044;1
212083;08241111311010397800;08;3;11;000;2024;11;06;2;3;5;3;2;1;1;0;0;1;0;0;415177,025899999774992;5317924,191500000655651;7,862689130000035;48,008981125000048;1
212084;08241111231202400660;08;2;36;004;2024;11;13;2;3;0;7;0;0;1;0;0;0;0;0;469856,266099999658763;5413199,327199999243021;8,588936660000059;48,871020275000035;1
212085;08241111231000461410;08;2;31;000;2024;11;13;2;2;0;1;0;0;1;0;0;0;0;0;478334,275000000372529;5415434,547599999234080;8,704428985000050;48,891481794000072;1
212087;08241111226500426810;08;2;26;085;2024;11;07;2;3;6;7;0;0;0;1;1;0;0;0;490928,590099999681115;5455348,875499999150634;8,875349067000059;49,250842855000030;1
212088;08241111226400412570;08;2;26;084;2024;11;14;2;3;6;7;0;0;0;1;1;0;0;0;469064,785600000061095;5470689,881699999794364;8,573733174000040;49,388118432000056;1
212089;08241111222700395590;08;2;22;000;2024;11;00;2;3;4;6;2;1;1;0;0;0;0;0;461338,781999999657273;5481142,303999999538064;8,466259089000062;49,481691726000065;1
212092;08241111222200588770;08;2;22;000;2024;11;15;2;3;6;4;0;1;1;0;1;0;0;0;461306,442900000140071;5482035,631400000303984;8,465725221000071;49,489724668000065;1
212094;08241111221400425470;08;2;21;000;2024;11;07;2;3;5;3;0;0;1;1;0;0;0;0;474406,888600000180304;5472254,131200000643730;8,647241453000049;49,402436541000043;1
212095;08241111221300438700;08;2;21;000;2024;11;19;2;2;1;5;2;1;1;0;0;0;0;1;477257,066800000146031;5473535,921299999579787;8,686452352000060;49,414079218000040;1
212096;08241111221011444490;08;2;26;103;2024;11;07;2;3;5;3;0;1;1;0;0;0;0;1;472197,346300000324845;5457230,507099999114871;8,617834942000059;49,267203752000057;1
212097;08241111216200432250;08;2;16;007;2024;11;17;2;3;5;7;2;1;1;0;0;0;0;1;436766,975999999791384;5392924,205099999904633;8,140862937000065;48,686155277000069;1
212098;08241111212102400630;08;2;12;000;2024;11;16;2;3;0;1;0;1;1;0;0;0;0;0;461608,873200000263751;5427513,410299999639392;8,475125012000035;48,999324569000066;1
212100;08241111136000398520;08;1;36;042;2024;11;06;2;3;5;3;0;0;1;1;0;0;0;0;551622,408999999985099;5405048,632600000128150;9,702918451000073;48,796287058000075;1
212102;08241111121300426920;08;1;21;000;2024;11;19;2;3;6;4;2;0;0;1;1;0;0;0;510959,423999999649823;5448951,077800000086427;9,150419422000027;49,193262240000081;1
212104;08241119221400481400;08;2;21;000;2024;11;16;3;3;6;4;1;1;0;1;1;0;0;0;475807,130499999970198;5470224,208200000226498;8,666664688000026;49,384234962000050;1
212107;08241116117400425930;08;1;17;003;2024;11;12;7;3;9;1;0;0;1;1;0;0;0;0;541727,482400000095367;5394147,369500000029802;9,567087021000077;48,698966862000077;1
212109;08241111118100427090;08;1;18;079;2024;11;22;2;3;0;7;2;1;1;0;0;0;0;0;507456,839999999850988;5421572,162699999287724;9,101841498000056;48,947028024000076;1
212110;08241111117300466300;08;1;17;026;2024;11;19;2;3;6;4;2;1;0;1;1;0;0;0;547813,613199999555945;5394638,915300000458956;9,649850797000056;48,702951781000081;1
212111;08241111116500398780;08;1;16;050;2024;11;16;2;3;5;3;1;1;1;1;0;0;0;0;526938,769500000402331;5388087,759199999272823;9,365715402000035;48,645268866000038;1
212112;08241111115400409880;08;1;15;029;2024;11;08;2;3;6;7;0;0;0;1;1;0;0;0;497377,838600000366569;5398834,077600000426173;8,964333460000034;48,742518833000076;1
212115;08241111115100403860;08;1;15;003;2024;11;07;2;3;4;6;0;1;1;1;0;0;0;0;500863,023299999535084;5393174,176500000059605;9,011726971000030;48,691606944000057;1
212117;08241111317000423250;08;3;17;034;2024;11;18;2;2;6;4;2;1;0;1;1;0;0;0;426949,046400000341237;5361675,909499999135733;8,012968955000076;48,404005349000045;1
212118;08241110416200408800;08;4;16;041;2024;11;09;1;3;0;1;0;0;1;0;0;0;0;0;504449,177000000141561;5373873,279600000008941;9,060249598000041;48,517956341000058;1
212120;08241110335400396130;08;3;35;079;2024;11;15;1;3;9;1;0;0;1;0;0;0;0;0;504146,457799999974668;5302167,576300000771880;9,055449760000045;47,872831114000064;1
212121;08241113436200404980;08;4;36;064;2024;11;13;4;3;4;6;0;0;1;0;0;0;0;0;546083,450100000016391;5292715,891400000080466;9,615240727000071;47,786154565000061;1
212124;08241110221300411250;08;2;21;000;2024;11;13;1;3;1;5;0;0;1;1;0;0;0;0;476922,616999999620020;5473880,647199999541044;8,681821459000048;49,417167374000030;1
212125;08241110216300463900;08;2;16;015;2024;11;22;1;3;1;5;2;0;1;1;0;0;0;0;448970,449400000274181;5406338,217499999329448;8,304993337000042;48,807936160000054;1
212127;08241110118100405730;08;1;18;071;2024;11;01;1;3;0;1;2;1;1;0;0;0;0;0;509156,864000000059605;5419193,427999999374151;9,125006014000064;48,925606817000073;1
212128;08241110116100422260;08;1;16;058;2024;11;16;1;3;0;1;0;0;1;0;0;0;0;0;534047,076700000092387;5395209,571000000461936;9,462799926000059;48,708988665000049;1
212129;08241110416010420260;08;4;16;041;2024;11;18;1;3;0;1;2;0;1;0;0;0;0;0;505084,582899999804795;5373351,635800000280142;9,068847734000030;48,513258616000030;1
212131;08241109416200408900;08;4;16;041;2024;11;17;7;3;0;1;2;0;1;0;0;0;0;0;504974,632100000046194;5373797,313300000503659;9,067364263000059;48,517268977000072;1
212133;08241109337010414930;08;3;37;126;2024;11;11;7;2;5;4;0;0;1;0;1;0;0;0;444451,719999999739230;5275285,763199999928474;8,260629505000054;47,628590707000058;1
212136;08241109325202419500;08;3;25;069;2024;11;14;7;3;0;7;0;0;1;0;0;0;0;0;469737,764999999664724;5334885,595000000670552;8,593003921000047;48,166493101000071;1
212137;08241109317600395220;08;3;17;145;2024;11;14;7;3;5;2;0;0;1;1;0;0;0;0;442246,974299999885261;5349400,222200000658631;8,221329307000076;48,295163095000078;1
212138;08241109317000452360;08;3;17;065;2024;11;19;7;3;9;1;2;0;1;0;0;0;0;0;414565,052899999544024;5354628,243300000205636;7,847106925000048;48,339056277000054;1
212139;08241109316200434470;08;3;16;056;2024;11;10;7;3;1;5;0;0;1;1;0;0;0;0;422667,410099999979138;5327328,071499999612570;7,961402892000024;48,094525247000036;1
212141;08241109226700423570;08;2;26;060;2024;11;15;7;3;0;7;0;0;1;0;0;0;0;0;477582,170199999585748;5463473,655500000342727;8,691501213000038;49,323582126000076;1
212142;08241109226500421310;08;2;26;085;2024;11;12;7;3;5;2;0;0;1;1;0;0;0;0;490259,516300000250340;5455243,940700000151992;8,866157850000036;49,249888660000067;1
212143;08241109222014414640;08;2;22;000;2024;11;17;7;3;6;2;0;0;0;1;1;0;0;0;461712,024799999780953;5482143,717199999839067;8,471314712000037;49,490722570000059;1
212144;08241109136000404120;08;1;36;065;2024;11;11;7;2;0;7;0;0;1;0;0;0;0;0;554792,721400000154972;5403261,991800000891089;9,745845187000043;48,779944571000044;1
212148;08241109121200415570;08;1;21;000;2024;11;19;7;3;5;2;2;0;1;1;0;0;0;0;514890,331899999640882;5442850,858699999749660;9,204145589000063;49,138306075000060;1
212149;08241109119200393140;08;1;19;020;2024;11;13;7;3;1;5;0;0;1;1;0;0;0;0;519751,632299999706447;5409999,048699999228120;9,269196237000074;48,842649509000069;1
212150;08241112116400431770;08;1;16;033;2024;11;15;3;3;0;1;0;0;1;0;0;0;0;0;532865,316999999806285;5388412,669099999591708;9,446196507000025;48,647908175000055;1
212151;08241109119100419550;08;1;19;008;2024;11;14;7;3;3;6;0;0;1;1;0;0;0;0;531517,680599999614060;5422771,515900000929832;9,430538302000059;48,957058561000053;1
212152;08241109119100404300;08;1;19;008;2024;11;09;7;3;5;3;0;0;1;1;0;0;0;0;531891,661000000312924;5422537,050000000745058;9,435628435000069;48,954930261000072;1
212162;08241109111110434690;08;1;11;000;2024;11;19;7;3;6;1;2;0;0;0;1;0;0;1;513164,379300000146031;5402759,899299999698997;9,179186527000070;48,777701728000068;1