OID_;UIDENTSTLAE;ULAND;UREGBEZ;UKREIS;UGEMEINDE;UJAHR;UMONAT;USTUNDE;UWOCHENTAG;UKATEGORIE;UART;UTYP1;ULICHTVERH;IstStrassenzustand;IstRad;IstPKW;IstFuss;IstKrad;IstGkfz;IstSonstige;LINREFX;LINREFY;XGCSWGS84;YGCSWGS84;PLST
212163;08241108437200394110;08;4;37;104;2024;11;13;6;3;6;7;0;0;1;0;1;0;0;0;516291,948400000110269;5327142,311599999666214;9,218815890000030;48,097339134000038;1
212164;08241108436500391550;08;4;36;055;2024;11;12;6;2;6;3;0;0;0;1;1;0;0;0;576381,779500000178814;5297209,381699999794364;10,020479384000055;47,823697774000038;1
212166;08241108436000396770;08;4;36;049;2024;11;07;6;2;9;1;1;0;1;0;0;0;0;0;578227,866600000299513;5283071,001199999824166;10,042594846000043;47,696286034000082;1
212168;08241108415100392490;08;4;15;050;2024;11;14;6;3;5;2;0;0;1;1;0;0;0;0;520623,111499999649823;5375885,468299999833107;9,279370712000059;48,535735521000049;1
212169;08241108335100412850;08;3;35;043;2024;11;10;6;3;0;7;0;0;1;0;0;0;0;0;512877,811400000005960;5278379,213600000366569;9,171507026000029;47,658679191000033;1
212172;08241108317100392660;08;3;17;001;2024;11;15;6;2;1;5;0;0;1;1;0;0;0;0;431491,162999999709427;5386149,581199999898672;8,070312002000037;48,624660920000053;1
212173;08241108317000416150;08;3;17;065;2024;11;16;6;3;6;4;1;0;0;1;1;0;0;0;416155,569500000216067;5354857,778599999845028;7,868519899000034;48,341334017000065;1
212174;08241108316100417060;08;3;16;017;2024;11;11;6;3;2;7;0;0;1;1;0;0;0;0;409017,839700000360608;5341939,739099999889731;7,775000183000031;48,224152701000037;1
212175;08241108311010416390;08;3;11;000;2024;11;09;6;3;6;4;0;0;0;1;1;0;0;0;411566,726400000043213;5314535,081700000911951;7,814990859000034;47,978005780000046;1
212179;08241108311000403040;08;3;11;000;2024;11;10;6;3;3;2;0;0;1;1;0;0;0;0;412981,238300000317395;5316374,655999999493361;7,833568445000026;47,994747344000075;1
212180;08241108222700414690;08;2;22;000;2024;11;23;6;3;6;7;2;0;0;1;1;0;0;0;461651,107200000435114;5481343,593599999323487;8,470551207000028;49,483522035000078;1
212181;08241108216200407270;08;2;16;007;2024;11;14;6;3;6;4;0;0;0;1;1;0;0;0;436576,015499999746680;5393492,675400000065565;8,138181432000067;48,691249340000070;1
212182;08241108212010425770;08;2;12;000;2024;11;19;6;3;6;7;2;0;0;0;1;0;0;1;456849,938599999994040;5428619,427899999544024;8,409947794000061;49,008959036000078;1
212187;08241119222500449610;08;2;22;000;2024;11;09;3;3;5;3;0;1;1;0;0;0;0;1;462210,226800000295043;5478755,576799999922514;8,478517311000076;49,460279177000075;1
212188;08241108121200406240;08;1;21;000;2024;11;15;6;3;5;3;0;0;1;1;0;0;0;0;516424,644000000320375;5443063,402599999681115;9,225189418000070;49,140178870000057;1
212193;08241108117400402900;08;1;17;060;2024;11;07;6;3;6;4;0;0;0;1;1;0;0;0;542107,576799999922514;5388729,414200000464916;9,571700605000046;48,650203140000031;1
212194;08241108117200420460;08;1;17;024;2024;11;12;6;3;6;4;0;0;0;1;1;0;0;0;562254,572999999858439;5384656,381999999284744;9,844601517000058;48,611883030000058;1
212195;08241108116500392360;08;1;16;046;2024;11;13;6;3;1;5;0;0;1;1;0;0;0;0;527374,168700000271201;5379059,112999999895692;9,371030740000037;48,564027816000078;1
212196;08241108116200458000;08;1;16;080;2024;11;15;6;3;5;3;0;0;1;0;0;0;1;0;521943,191700000315905;5396097,686300000175834;9,298322724000059;48,717521482000052;1
212199;08241108116200399330;08;1;16;078;2024;11;09;6;3;0;1;0;0;1;0;0;0;0;0;512925,453300000168383;5390973,329600000753999;9,175564953000048;48,671674688000053;1
212201;08241108116010405630;08;1;16;068;2024;11;11;6;2;6;4;0;0;0;1;1;0;0;0;526262,034300000406802;5389614,101800000295043;9,356625190000045;48,659028628000044;1
212202;08241108115400401550;08;1;15;029;2024;11;22;6;3;5;3;2;0;1;1;0;0;0;0;497452,138399999588728;5398787,127800000831485;8,965344373000050;48,742096780000054;1
212203;08241108115100414450;08;1;15;044;2024;11;20;6;3;5;3;2;0;1;1;0;0;0;0;504344,527200000360608;5390443,513900000602007;9,059005779000074;48,667027062000045;1
212204;08241108111330478180;08;1;11;000;2024;11;13;6;3;6;6;0;0;0;1;1;0;0;0;510913,669400000013411;5408963,100999999791384;9,148716092000029;48,833548611000026;1
212205;08241108111240391730;08;1;11;000;2024;11;12;6;3;5;2;0;0;1;0;0;0;0;1;518220,778599999845028;5401772,244300000369549;9,247967206000055;48,768689347000077;1
212207;08241114421300440370;08;4;21;000;2024;11;15;5;2;6;4;0;0;0;1;1;0;0;0;572082,857499999925494;5355813,628100000321865;9,972947127000054;48,351383867000038;1
212208;08241107415400454910;08;4;15;061;2024;11;13;5;3;5;2;0;0;1;1;0;0;0;0;515357,286799999885261;5372418,195900000631809;9,207910169000058;48,504693861000078;1
212209;08241115231102441570;08;2;36;040;2024;11;16;6;3;5;3;0;0;1;1;0;0;0;0;485380,065100000239909;5420006,742300000041723;8,800385448000043;48,932818185000031;1
212213;08241107326200439970;08;3;26;074;2024;11;16;5;3;3;6;0;0;1;1;0;0;0;0;463276,783999999985099;5320852,655799999833107;8,507321337000064;48,039902585000050;1
212214;08241107326100412630;08;3;26;012;2024;11;09;5;3;6;4;0;1;1;0;1;0;0;0;462421,944299999624491;5311491,616299999877810;8,496673097000041;47,955633035000062;1
212215;08241107325302392140;08;3;25;053;2024;11;13;5;3;5;3;0;0;1;1;0;0;0;0;461784,203499999828637;5345780,691099999472499;8,485058731000038;48,264082186000053;1
212216;08241107317500444380;08;3;17;096;2024;11;10;5;3;5;2;0;1;1;1;0;0;0;0;422616,268199999816716;5369283,730599999427795;7,953030950000027;48,471920634000071;1
212219;08241107316100405750;08;3;16;012;2024;11;18;5;3;4;2;2;0;1;1;0;0;0;0;403557,690899999812245;5333496,688599999994040;7,703419919000055;48,147404276000032;1
212220;08241107311400389960;08;3;15;006;2024;11;22;5;3;0;1;2;0;1;0;0;0;0;0;403223,449099999852479;5308204,499500000849366;7,704642932000070;47,919854767000061;1
212221;08241107311010407410;08;3;36;050;2024;11;13;5;2;5;3;0;1;1;1;0;0;0;0;399647,095900000073016;5272892,399900000542402;7,664939474000050;47,601668905000054;1
212223;08241107311010390550;08;3;36;069;2024;11;06;5;3;6;3;2;0;0;1;1;0;0;0;408158,691399999894202;5268683,927100000903010;7,779027811000049;47,565072218000068;1
212225;08241107311010389520;08;3;11;000;2024;11;09;5;3;0;1;0;1;1;0;0;0;0;0;413860,281999999657273;5316075,728000000119209;7,845408975000055;47,992177409000078;1
212226;08241107235100483980;08;2;35;079;2024;11;18;5;3;3;6;0;0;1;0;0;0;0;0;466865,420300000347197;5400051,187799999490380;8,549214012000050;48,752591841000026;1
212227;08241107235100391030;08;2;35;057;2024;11;15;5;2;1;5;0;1;1;1;0;0;0;0;488477,220300000160933;5396892,524499999359250;8,843322157000046;48,724951557000054;1
212228;08241107231000390740;08;2;31;000;2024;11;11;5;3;0;1;0;1;1;0;0;0;0;0;474577,630900000222027;5416259,925599999725819;8,653129143000058;48,898763837000047;1
212232;08241107222301408170;08;2;22;000;2024;11;03;5;3;5;3;2;0;1;1;0;0;0;0;465287,218999999575317;5484920,652000000700355;8,520435486000054;49,515914819000045;1
212234;08241107127202417450;08;1;27;103;2024;11;06;5;3;8;6;2;0;1;1;0;0;0;0;569637,518099999986589;5436664,959699999541044;9,953593164000040;49,078902547000041;1
212235;08241107118010422680;08;1;15;041;2024;11;06;5;2;0;7;2;0;1;0;0;0;0;0;495059,130199999548495;5402807,294399999082088;8,932746792000046;48,778247759000067;1
212236;08241107117400391630;08;1;17;018;2024;11;14;5;3;9;1;0;0;1;0;0;0;0;0;540169,411799999885261;5396453,145400000736117;9,546137897000051;48,719811119000042;1
212239;08241107111370458010;08;1;11;000;2024;11;11;5;3;6;4;0;0;1;0;1;0;0;0;511565,163700000382960;5406549,631799999624491;9,157525647000057;48,811825585000065;1
212241;08241106436400415770;08;4;36;082;2024;11;15;4;3;6;6;0;0;0;0;1;0;0;1;546972,424999999813735;5294270,747600000351667;9,627276663000032;47,800079340000082;1
212242;08241106436200387980;08;4;36;064;2024;11;06;4;2;5;3;2;0;1;0;0;0;0;1;545474,890100000426173;5292630,210100000724196;9,607107596000048;47,785426947000076;1
212244;08241107416200399410;08;4;16;041;2024;11;16;5;3;0;1;0;0;1;0;0;0;0;0;504286,420800000429153;5374088,182000000029802;9,058047806000047;48,519890815000053;1
212245;08241106435100417820;08;4;35;016;2024;11;17;4;3;1;7;1;0;1;1;0;0;0;0;536076,417999999597669;5279645,087999999523163;9,480563587000063;47,669190976000039;1
212246;08241112421200399780;08;4;21;000;2024;11;17;3;3;0;1;2;1;1;0;0;0;0;0;574043,645399999804795;5361931,722699999809265;10,000486864000038;48,406190603000027;1
212247;08241106435100389080;08;4;35;029;2024;11;15;4;2;6;4;0;0;1;0;1;0;0;0;545707,802000000141561;5271666,773000000044703;9,608020554000063;47,596798964000072;1
212248;08241106435100387570;08;4;35;016;2024;11;07;4;2;0;1;0;1;1;0;0;0;0;0;530943,364900000393391;5280861,753100000321865;9,412275860000022;47,680403881000075;1
212250;08241106421300387970;08;4;21;000;2024;11;10;4;2;0;1;0;0;1;0;0;0;0;0;569704,526899999938905;5353630,778300000354648;9,940488583000047;48,332015196000043;1
212256;08241106317500388790;08;3;17;096;2024;11;16;4;3;4;6;0;0;1;1;0;0;0;0;422225,480000000447035;5370259,535000000149012;7,947563130000049;48,480649703000040;1
212257;08241106317200397360;08;3;17;057;2024;11;17;4;3;1;5;2;0;1;0;0;0;0;1;412980,877600000239909;5379521,565099999308586;7,820559427000035;48,562744986000041;1
212258;08241106317000415960;08;3;17;096;2024;11;16;4;3;0;6;0;0;1;1;0;0;0;0;422421,661999999545515;5369309,346599999815226;7,950393717000054;48,472127069000067;1
212259;08241114116010421690;08;1;16;033;2024;11;13;5;1;0;1;0;0;1;0;0;0;0;0;535885,573400000110269;5387238,369200000539422;9,487097852000034;48,637178214000073;1
212260;08241106311400410470;08;3;15;074;2024;11;15;4;3;2;6;0;0;1;1;0;0;0;0;397479,095099999569356;5295945,543899999931455;7,630684416000065;47,808694727000045;1
212261;08241106311010413530;08;3;11;000;2024;11;17;4;3;6;6;0;0;0;0;1;0;0;1;414151,395100000314415;5316295,814799999818206;7,849266130000046;47,994196323000040;1
212262;08241106311010394970;08;3;11;000;2024;11;10;4;3;5;3;0;0;1;0;0;1;0;0;410768,609000000171363;5316123,026000000536442;7,803968470000029;47,992178912000043;1
212263;08241106311010388720;08;3;15;056;2024;11;15;4;2;0;7;0;0;1;0;0;0;0;0;413548,053600000217557;5310420,962999999523163;7,842362216000026;47,941268404000027;1
212264;08241203311010492420;08;3;11;000;2024;12;11;3;3;4;2;0;0;1;0;0;0;0;0;413857,694699999876320;5316238,053200000897050;7,845341724000036;47,993637235000051;1
212265;08241106311010388340;08;3;11;000;2024;11;08;4;3;3;2;0;0;1;1;0;0;0;0;411586,219399999827147;5315933,949200000613928;7,814963988000045;47,990591686000073;1
212269;08241106226700388230;08;2;26;095;2024;11;21;4;3;5;3;2;0;1;1;0;0;0;0;473605,754900000058115;5461071,358799999579787;8,636940425000034;49,301814585000045;1
212270;08241106222200451520;08;2;22;000;2024;11;09;4;3;6;6;0;0;1;0;1;0;0;0;460638,883299999870360;5481983,665400000289083;8,456513267000048;49,489214325000034;1
212271;08241106221400428760;08;2;26;018;2024;11;13;4;3;5;3;0;0;1;1;0;0;0;0;472945,821899999864399;5471915,252599999308586;8,627126591000035;49,399325205000082;1
212272;08241109226700423560;08;2;26;041;2024;11;11;7;3;0;7;0;0;1;0;0;0;0;0;477266,871399999596179;5466231,142500000074506;8,687005114000044;49,348373938000066;1
212273;08241106216200416020;08;2;16;007;2024;11;07;4;3;5;7;1;0;1;1;0;0;0;0;436078,213700000196695;5393654,739700000733137;8,131392927000036;48,692656324000041;1
212274;08241119326300454800;08;3;26;052;2024;11;17;3;2;6;4;2;1;0;1;1;0;0;0;450297,077499999664724;5330503,632200000807643;8,332073120000075;48,125848428000040;1
212275;08241106212702389770;08;2;15;017;2024;11;16;4;3;1;7;1;0;1;0;0;0;1;0;455532,363699999637902;5422024,394700000062585;8,392652992000023;48,949542235000081;1
212276;08241106136100388350;08;1;36;088;2024;11;06;4;3;2;6;0;1;1;1;0;0;0;0;580297,615199999883771;5410219,180099999532104;10,094326354000032;48,839750248000030;1
212278;08241106121200389740;08;1;21;000;2024;11;14;4;3;5;2;0;0;1;1;0;0;0;0;518736,651800000108778;5442613,264299999922514;9,256866869000021;49,136063565000029;1
212279;08241106118010415430;08;1;15;003;2024;11;05;4;2;5;3;2;0;1;1;0;0;0;0;498608,480499999597669;5391970,345399999991059;8,981095749000076;48,680776195000078;1
212281;08241106116010404740;08;1;16;019;2024;11;18;4;3;6;4;2;0;0;0;1;0;0;1;522637,186700000427663;5398309,395500000566244;9,307879041000035;48,737393013000030;1
212282;08241106115200400310;08;1;15;037;2024;11;16;4;3;6;4;0;0;0;1;1;0;0;0;491686,406899999827147;5385884,937699999660254;8,887179416000038;48,625977187000046;1
212283;08241106111500444510;08;1;11;000;2024;11;15;4;3;2;6;0;0;1;1;0;0;0;0;518382,728199999779463;5401634,213700000196695;9,250164994000045;48,767442875000029;1
212285;08241106111230387080;08;1;11;000;2024;11;05;4;3;5;3;2;0;1;1;0;0;0;0;507441,311800000257790;5396936,003399999812245;9,101182100000074;48,725404789000038;1
212286;08241106111130388610;08;1;11;000;2024;11;18;4;3;5;1;2;0;1;1;0;0;0;0;512960,894500000402331;5402247,453099999576807;9,176400662000049;48,773096073000033;1
212287;08241105436200389920;08;4;36;064;2024;11;15;3;3;6;4;0;0;0;1;1;0;0;0;546964,656299999915063;5293466,654699999839067;9,627085869000041;47,792845508000028;1
212288;08241105436100387900;08;4;36;010;2024;11;18;3;3;6;4;2;0;0;1;1;0;0;0;566880,240299999713898;5306296,375099999830127;9,894959810000046;47,906505290000041;1
212289;08241105417300454860;08;4;17;031;2024;11;17;3;3;5;3;0;0;1;1;0;0;0;0;497217,138899999670684;5357891,271099999547005;8,962421435000067;48,374184058000026;1
212292;08241202317100499550;08;3;17;001;2024;12;15;2;3;5;3;0;1;1;1;0;0;0;0;431382,484000000171363;5386339,160000000149012;8,068806020000068;48,626354270000036;1
212294;08241105416010413370;08;4;16;041;2024;11;17;3;3;5;3;2;0;1;1;0;0;0;0;502887,846699999645352;5375466,335599999874830;9,039117511000029;48,532297170000049;1
212295;08241124317000443000;08;3;17;127;2024;11;13;1;3;1;5;0;0;1;1;0;0;0;0;421209,576799999922514;5350989,168099999427795;7,937434223000025;48,307185982000078;1
212296;08241118437100415500;08;4;37;100;2024;11;07;2;2;6;4;0;0;0;1;1;0;0;0;537140,205699999816716;5318013,779200000688434;9,498026656000036;48,014337643000033;1
212298;08241105326000391180;08;3;26;005;2024;11;11;3;3;0;7;0;0;0;1;1;0;0;0;465476,766999999992549;5301943,066999999806285;8,538353215000029;47,869896451000045;1
212299;08241105317000404930;08;3;17;065;2024;11;17;3;2;5;7;2;0;0;1;1;1;0;0;414597,856499999761581;5354034,731100000441074;7,847669823000047;48,333722168000065;1
212302;08241129116200477010;08;1;16;080;2024;11;12;6;3;2;7;0;0;1;0;0;0;1;0;516880,733599999919534;5396212,031199999153614;9,229502787000058;48,718707763000054;1
212303;08241105311010399350;08;3;36;091;2024;11;07;3;3;6;4;1;0;0;1;1;0;0;0;396709,917399999685585;5272069,084499999880791;7,626069611000048;47,593801625000026;1
212304;08241105311010397900;08;3;11;000;2024;11;18;3;3;5;2;2;0;1;1;0;0;0;0;411747,814100000075996;5321119,840900000184774;7,816061890000071;48,037262368000029;1
212305;08241105311010388140;08;3;11;000;2024;11;13;3;3;5;3;0;0;1;0;0;0;0;0;412945,256099999882281;5316683,554700000211596;7,833023566000065;47,997521090000077;1
212306;08241105311010386170;08;3;11;000;2024;11;08;3;3;6;4;0;0;1;0;1;0;0;0;413394,609500000253320;5315423,662000000476837;7,839300110000067;47,986248942000032;1
212307;08241105235200427250;08;2;35;080;2024;11;16;3;1;0;7;0;0;1;0;0;0;0;0;480960,057699999772012;5384576,649700000882149;8,741677416000073;48,613973101000056;1
212309;08241105221400388260;08;2;21;000;2024;11;15;3;3;1;5;0;0;1;1;0;0;0;0;474606,447900000028312;5474549,934800000861287;8,649845133000042;49,423095200000034;1
212310;08241105216200386140;08;2;16;007;2024;11;08;3;3;0;7;0;0;1;0;0;0;0;0;437688,618800000287592;5395823,161299999803305;8,152946273000055;48,712324388000070;1
212311;08241105212010401590;08;2;12;000;2024;11;16;3;3;5;2;0;0;1;1;0;0;0;0;453976,171799999661744;5430338,441299999132752;8,370458125000027;49,024214005000033;1
212314;08241105118400392970;08;1;18;048;2024;11;10;3;3;5;3;0;0;1;1;0;0;0;0;516810,114400000311434;5417206,062000000849366;9,229402715000049;48,907568563000041;1
212315;08241106416010404140;08;4;16;036;2024;11;15;4;3;6;3;0;0;0;0;1;0;0;1;495214,958300000056624;5372658,851500000804663;8,935216142000058;48,507028420000040;1
212316;08241105118300407910;08;1;18;046;2024;11;08;3;3;0;7;0;0;1;0;0;0;0;0;514665,733900000341237;5411771,041600000113249;9,199944187000028;48,858731002000070;1
212318;08241105116500411440;08;1;16;049;2024;11;14;3;3;5;2;0;0;1;1;0;0;0;0;525473,905700000002980;5386010,180400000885129;9,345701368000050;48,626640341000041;1
212319;08241105116200392840;08;1;16;078;2024;11;10;3;3;1;7;0;0;1;1;0;0;0;0;513456,927899999544024;5391334,112700000405312;9,182795615000032;48,674909094000043;1
212320;08241105115300407870;08;1;15;028;2024;11;09;3;3;6;4;0;0;0;1;1;0;0;0;500729,952700000256300;5404866,215800000354648;9,009939495000026;48,796788905000028;1
212321;08241105111500394670;08;1;11;000;2024;11;09;3;3;4;2;0;0;1;1;0;0;0;0;513847,698900000192225;5402777,880100000649691;9,188488064000069;48,777848647000042;1
212322;08241105111140405070;08;1;11;000;2024;11;08;3;3;4;6;0;0;1;0;0;0;1;0;511169,014100000262260;5400626,619999999180436;9,151968866000061;48,758549882000068;1
212323;08241104436100386250;08;4;36;004;2024;11;16;2;3;0;1;0;0;1;0;0;0;0;0;581346,590200000442564;5310173,027100000530481;10,089240666000023;47,939706742000055;1
212325;08241104421300407760;08;4;21;000;2024;11;13;2;3;5;3;0;0;1;1;0;0;0;0;571611,911899999715388;5360469,467800000682473;9,967384488000050;48,393318213000043;1
212326;08241104416010405720;08;4;16;041;2024;11;17;2;3;5;3;2;0;1;0;0;1;0;0;505606,462000000290573;5373731,240000000223517;9,075919328000055;48,516669233000073;1
212327;08241104416010402190;08;4;16;041;2024;11;11;2;3;2;6;0;0;1;1;0;0;0;0;505869,136699999682605;5375337,536599999293685;9,079498919000059;48,531117646000041;1
212328;08241104415400407330;08;4;15;061;2024;11;15;2;3;5;3;0;0;1;1;0;0;0;0;514037,479000000283122;5370735,777000000700355;9,189985879000062;48,489589106000039;1
212333;08241104335100409120;08;3;35;043;2024;11;14;2;3;6;7;0;0;0;0;1;0;0;1;511054,212199999950826;5280632,810699999332428;9,147277407000047;47,678990068000076;1
212334;08241202128300491980;08;1;28;131;2024;12;14;2;3;5;3;0;1;1;1;0;0;0;0;535783,866999999620020;5512036,953999999910593;9,496836408000036;49,759744203000025;1
212337;08241104317600395330;08;3;17;040;2024;11;15;2;3;5;3;0;0;1;1;0;0;0;0;431279,658499999903142;5348918,975899999961257;8,073556330000031;48,289737886000069;1
212338;08241104317000384530;08;3;17;145;2024;11;11;2;3;0;1;0;1;1;0;0;0;0;0;442253,671000000089407;5350322,763299999758601;8,221293374000027;48,303462780000075;1
212339;08241104311010422090;08;3;11;000;2024;11;09;2;3;0;2;0;0;1;1;0;0;0;0;412393,467799999751151;5314492,610200000926852;7,826075467000067;47,977737480000030;1
212340;08241104311010393080;08;3;11;000;2024;11;18;2;2;0;1;2;0;1;0;0;0;0;0;415028,808500000275671;5316816,773700000718236;7,860921600000040;47,998999768000033;1
212341;08241104311010386090;08;3;36;050;2024;11;18;2;3;5;3;2;0;1;1;0;0;0;0;401750,818599999882281;5276405,315400000661612;7,692131155000027;47,633591413000033;1
212343;08241104225100422370;08;2;25;058;2024;11;17;2;3;6;4;2;0;0;0;1;1;0;0;507644,006299999542534;5465462,100099999457598;9,105230397000071;49,341832196000041;1
212345;08241104221400407280;08;2;21;000;2024;11;14;2;3;5;3;0;0;1;1;0;0;0;0;474590,442800000309944;5472490,642999999225140;8,649756262000039;49,404571613000030;1
212348;08241104212702406340;08;2;15;017;2024;11;09;2;3;6;7;0;0;0;1;1;0;0;0;456897,619300000369549;5420832,513800000771880;8,411424952000061;48,938917662000051;1
212350;08241104135100457820;08;1;35;016;2024;11;14;2;3;0;4;0;0;0;1;1;0;0;0;591446,380699999630451;5386572,607499999925494;10,240984896000043;48,625532839000073;1
212353;08241104118400473030;08;1;18;048;2024;11;07;2;3;5;2;0;1;1;0;0;0;0;0;514079,388500000350177;5415602,163000000640750;9,192082242000026;48,893208437000055;1
212356;08241104118010387380;08;1;18;048;2024;11;12;2;3;6;7;0;0;0;1;1;0;0;0;514089,246799999848008;5416054,377199999988079;9,192232333000049;48,897276210000030;1
212358;08241104117100405010;08;1;17;019;2024;11;14;2;3;5;3;0;0;1;1;0;0;0;0;552007,378999999724329;5394197,908999999985099;9,706789778000029;48,698649179000029;1
212359;08241104116500385390;08;1;16;071;2024;11;16;2;3;5;3;1;0;1;1;0;0;0;0;527975,795900000259280;5390483,023099999874830;9,379955442000039;48,666771001000029;1
212360;08241104116010390250;08;1;16;078;2024;11;13;2;3;3;5;0;0;1;0;0;0;0;1;510915,153500000014901;5394215,209499999880791;9,148345018000043;48,700877271000081;1
212367;08241104111370407020;08;1;11;000;2024;11;18;2;3;0;1;2;0;1;0;0;0;0;0;511640,184399999678135;5406516,605399999767542;9,158546541000021;48,811527083000044;1
212368;08241104111000387470;08;1;11;000;2024;11;15;2;2;0;1;0;0;1;0;0;0;0;0;507979,804999999701977;5406441,240000000223517;9,108688550000068;48,810906893000038;1
212370;08241103317000383750;08;3;17;065;2024;11;09;1;3;0;1;0;0;1;0;0;0;0;0;414383,228400000371039;5353657,037299999967217;7,844851206000044;48,330295829000079;1
212371;08241103311400414530;08;3;15;006;2024;11;09;1;3;0;7;0;0;1;0;0;0;0;0;403415,774799999780953;5308482,952500000596046;7,707154123000066;47,922388462000072;1
212373;08241103231000390860;08;2;36;074;2024;11;17;1;3;0;1;1;0;1;0;0;0;0;0;472167,468000000342727;5421862,091000000014901;8,619862544000057;48,949054730000057;1
212378;08241103212702393880;08;2;15;017;2024;11;12;1;3;6;7;0;0;0;1;1;1;0;0;456557,619599999859929;5421237,858400000259280;8,406739206000054;48,942540046000033;1
212379;08241103212502384210;08;2;12;000;2024;11;14;1;3;0;7;0;0;1;0;0;0;0;0;454947,167200000025332;5429351,459499999880791;8,383848779000061;49,015407733000075;1
212380;08241103136100393970;08;1;36;088;2024;11;17;1;3;5;3;2;0;1;1;0;0;0;0;578933,245199999772012;5409323,496899999678135;10,075563161000048;48,831869198000049;1
212381;08241103128200384930;08;1;28;115;2024;11;16;1;3;0;1;0;0;1;0;0;0;0;0;548896,805200000293553;5497818,817999999970198;9,677110539000068;49,630944012000043;1
212385;08241102417200389260;08;4;17;002;2024;11;13;7;3;5;3;0;0;1;1;0;0;0;0;489023,134999999776483;5345158,376099999994040;8,852104814000029;48,259541196000043;1
212388;08241102335300396730;08;3;35;075;2024;11;11;7;3;5;3;0;0;1;1;0;0;0;0;487919,589300000108778;5290459,602399999275804;8,838777823000044;47,767389125000079;1
212389;08241102317500383120;08;3;17;096;2024;11;19;7;3;8;1;2;0;1;0;0;0;0;0;422895,290099999867380;5368582,753299999982119;7,956934585000056;48,465649648000067;1
212392;08241102316100399310;08;3;16;043;2024;11;10;7;3;8;1;0;0;1;0;0;0;0;0;411750,364099999889731;5331381,406600000336766;7,813975799000048;48,129566832000080;1
212397;08241102216300391740;08;2;16;024;2024;11;12;7;3;4;6;0;0;1;0;0;1;0;0;447301,144600000232458;5408422,542099999263883;8,281992028000047;48,826545755000041;1
212398;08241102216300387520;08;2;16;015;2024;11;09;7;3;6;7;0;0;0;1;1;0;0;0;449981,065899999812245;5405880,076600000262260;8,318812414000035;48,803897215000063;1
212400;08241127119200447960;08;1;19;020;2024;11;14;4;3;6;4;0;0;0;1;1;0;0;0;520236,925300000235438;5406005,151100000366569;9,275613159000045;48,806705624000074;1
212402;08241102215202447830;08;2;15;009;2024;11;21;7;3;0;7;2;0;1;0;0;0;0;0;470416,681800000369549;5442111,696000000461936;8,594472639000060;49,131125311000062;1
212404;08241102212010410290;08;2;12;000;2024;11;08;7;3;5;3;0;0;1;0;0;0;0;0;456626,059200000017881;5427882,991100000217557;8,406965213000035;49,002318999000067;1
212405;08241102136000396790;08;1;36;002;2024;11;16;7;3;6;6;0;0;0;1;1;0;0;0;573468,973799999803305;5415451,436699999496341;10,002217955000049;48,887657268000055;1
212406;08241102128100403580;08;1;28;020;2024;11;12;7;3;6;7;0;0;0;1;1;0;0;0;574763,412800000049174;5480277,511700000613928;10,031924999000069;49,470541220000030;1
212407;08241102119010384480;08;1;19;020;2024;11;23;7;3;6;7;2;0;0;1;1;0;0;0;520118,053899999707937;5406969,329500000923872;9,274041495000063;48,815383048000058;1
212410;08241102111250382880;08;1;11;000;2024;11;07;7;3;5;3;0;1;1;1;0;0;0;0;515275,847599999979138;5403478,505200000479817;9,207953230000044;48,784117972000047;1
212411;08241123212402491070;08;2;12;000;2024;11;09;7;3;2;2;0;0;1;0;0;0;0;0;456913,418999999761581;5427296,630999999120831;8,410956155000065;48,997064734000048;1
212414;08241101425000396710;08;4;25;033;2024;11;17;6;3;0;1;2;0;1;0;0;0;0;0;552902,916600000113249;5348231,496899999678135;9,713136888000065;48,285073340000054;1
212416;08241101416010434190;08;1;16;078;2024;11;17;6;2;5;2;1;0;1;1;0;0;0;0;512759,685800000093877;5392752,120999999344349;9,173368269000036;48,687680243000045;1
212418;08241101415100400250;08;4;15;078;2024;11;14;6;3;5;3;0;0;1;1;0;0;0;0;529129,762000000104308;5371360,620799999684095;9,394287523000060;48,494691958000033;1
212419;08241101317500392270;08;3;17;096;2024;11;01;6;3;6;4;2;0;0;1;1;0;0;0;421903,508600000292063;5369353,528500000014901;7,943376278000073;48,472460342000034;1
212420;08241101311010396780;08;3;11;000;2024;11;12;6;3;3;3;0;0;1;1;0;0;0;0;413876,198099999688566;5317726,526300000026822;7,845290899000076;48,007029076000038;1
212421;08241101311010383310;08;3;11;000;2024;11;12;6;2;0;7;0;0;1;0;0;0;0;0;418355,030000000260770;5314744,633999999612570;7,905896660000053;47,980793169000037;1
212424;08241101212302395880;08;2;12;000;2024;11;02;6;3;0;7;2;1;1;0;0;0;0;0;455626,478299999609590;5428918,990700000897050;8,393185902000027;49,011566869000035;1
212425;08241101212010408410;08;2;12;000;2024;11;19;6;3;5;2;2;0;1;1;0;0;0;0;458284,913999999873340;5428080,652000000700355;8,429624576000037;49,004211332000068;1
212427;08241101121200388330;08;1;21;000;2024;11;20;6;3;5;3;2;0;1;1;0;0;0;0;515978,080299999564886;5443431,435499999672174;9,219081465000045;49,143501225000080;1
212429;08241101118010397430;08;1;15;045;2024;11;08;6;3;0;7;0;0;1;0;0;0;0;0;500527,500599999912083;5393890,404200000688434;9,007168721000028;48,698050571000067;1