OID_;UIDENTSTLAE;ULAND;UREGBEZ;UKREIS;UGEMEINDE;UJAHR;UMONAT;USTUNDE;UWOCHENTAG;UKATEGORIE;UART;UTYP1;ULICHTVERH;IstStrassenzustand;IstRad;IstPKW;IstFuss;IstKrad;IstGkfz;IstSonstige;LINREFX;LINREFY;XGCSWGS84;YGCSWGS84;PLST
212434;08241031437200371820;08;4;37;104;2024;10;15;5;3;0;1;0;1;1;0;0;0;0;0;515685,413300000131130;5326232,320399999618530;9,210636183000076;48,089167185000065;1
212437;08241103222600384060;08;2;22;000;2024;11;21;1;3;6;4;2;0;0;0;1;0;0;1;461866,998999999836087;5482663,371999999508262;8,473404379000044;49,495406346000038;1
212438;08241031421200395100;08;4;21;000;2024;10;09;5;3;6;7;0;1;0;1;1;0;0;0;573696,403400000184774;5360905,831599999219179;9,995615505000046;48,397003210000037;1
212439;08241031416100363570;08;4;16;036;2024;10;13;5;3;6;7;0;0;0;1;1;0;0;0;495995,864699999801815;5368987,090800000354648;8,945823894000057;48,474001212000076;1
212442;08241031337100360100;08;3;37;096;2024;10;20;5;2;0;7;2;0;1;0;0;0;0;0;420691,723399999551475;5266584,797900000587106;7,945994007000024;47,547840240000028;1
212443;08241031337010349880;08;3;37;116;2024;10;06;5;3;5;3;1;0;1;1;0;0;0;0;417475,079699999652803;5275231,046299999579787;7,901626554000075;47,625222706000045;1
212444;08241111435100401120;08;4;35;016;2024;11;17;2;3;0;1;1;1;1;1;0;0;0;0;536845,820000000298023;5279792,199300000444055;9,490824596000039;47,670471209000027;1
212447;08241031317000375750;08;3;17;057;2024;10;14;5;3;6;4;0;1;0;1;1;0;0;0;413619,752199999988079;5380228,861899999901652;7,829069849000064;48,569195073000060;1
212448;08241118128200451240;08;1;28;115;2024;11;05;2;3;6;6;2;1;0;0;1;1;0;0;548934,372999999672174;5497735,602800000458956;9,677620347000072;49,630192530000045;1
212449;08241031311010370430;08;3;11;000;2024;10;07;5;3;5;2;1;1;1;1;0;0;0;0;413734,932400000281632;5318371,652899999171495;7,843267490000073;48,012813154000071;1
212450;08241031311010368070;08;3;36;050;2024;10;10;5;2;9;7;0;0;1;0;0;0;0;0;399559,050400000065565;5273994,348200000822544;7,663515953000058;47,611567685000068;1
212451;08241031311010352100;08;3;11;000;2024;10;18;5;3;5;3;2;0;1;1;0;0;0;0;414563,019600000232458;5318187,735799999907613;7,854405690000021;48,011270011000079;1
212452;08241031311010350480;08;3;11;000;2024;10;08;5;3;5;2;0;1;1;1;0;0;0;0;415036,153900000266731;5320548,956599999219179;7,860280323000040;48,032573152000055;1
212454;08241114127202424380;08;1;27;014;2024;11;12;5;3;6;2;0;1;0;0;1;0;0;1;577127,124699999578297;5442166,012099999934435;10,057186532000060;49,127485817000036;1
212456;08241031222014352620;08;2;22;000;2024;10;20;5;3;6;7;2;1;0;1;1;0;0;0;461598,819400000385940;5481657,901200000196695;8,469798822000030;49,486345760000063;1
212460;08241031212010374130;08;2;12;000;2024;10;18;5;3;6;7;2;0;1;0;1;0;0;0;456079,529299999587238;5428710,722699999809265;8,399403614000050;49,009725891000073;1
212461;08241202316200509600;08;3;16;056;2024;12;16;2;3;3;5;2;1;1;1;0;0;0;0;422406,806099999696016;5327170,359699999913573;7,957932179000068;48,093074860000058;1
212462;08241031212010364600;08;2;12;000;2024;10;07;5;3;0;5;0;0;1;1;0;0;0;0;460038,186999999918044;5427719,688500000163913;8,453631644000041;49,001080403000060;1
212463;08241031212010349900;08;2;12;000;2024;10;12;5;3;0;3;0;0;1;1;0;0;0;0;454435,086699999868870;5428548,481599999591708;8,376936040000032;49,008147287000043;1
212465;08241031135200350410;08;1;35;019;2024;10;11;5;2;6;7;0;0;0;1;1;0;0;0;583563,937500000000000;5392765,341399999335408;10,135288130000049;48,682335536000039;1
212466;08241031128100371790;08;1;28;007;2024;10;10;5;3;6;7;0;0;0;0;1;0;0;1;556618,368800000287592;5482956,268799999728799;9,781889338000042;49,496597129000065;1
212467;08241031121200471380;08;1;21;000;2024;10;16;5;3;5;3;0;0;1;1;0;0;0;0;516054,413999999873340;5442157,969000000506639;9,220077374000027;49,132043978000070;1
212468;08241031121200356230;08;2;21;000;2024;10;22;5;3;6;7;2;0;0;0;1;0;0;1;478381,587299999780953;5473202,537399999797344;8,701973592000058;49,411121478000041;1
212474;08241031116500359670;08;1;16;049;2024;10;10;5;3;5;3;0;0;1;1;0;0;0;0;525676,035299999639392;5384325,859899999573827;9,348340106000023;48,611479848000045;1
212479;08241031111500394790;08;1;11;000;2024;10;16;5;3;0;7;1;0;1;0;1;0;0;0;511879,781299999915063;5401046,634299999102950;9,161651858000027;48,762315154000078;1
212480;08241031111240382440;08;1;11;000;2024;10;19;5;3;1;7;1;0;1;1;0;0;0;0;515436,431800000369549;5403658,879300000146031;9,210146055000052;48,785736633000056;1
212481;08241110235100411150;08;2;35;047;2024;11;01;1;3;1;5;2;0;1;1;0;0;0;0;478565,747899999842048;5390266,595899999141693;8,708898877000024;48,665082790000042;1
212482;08241031111130393100;08;1;11;000;2024;10;19;5;3;3;6;2;0;1;0;0;0;0;0;512428,051199999637902;5401444,177100000903010;9,169124310000029;48,765880723000066;1
212483;08241030436500345150;08;4;36;003;2024;10;08;4;3;0;1;0;0;1;0;0;0;0;0;580491,618599999696016;5304746,125199999660254;10,076781134000043;47,890995806000035;1
212484;08241030435200371050;08;4;35;059;2024;10;10;4;3;6;6;0;0;0;1;1;0;0;0;512221,035400000400841;5290778,893799999728799;9,163107893000074;47,770259302000056;1
212485;08241030326300372390;08;3;26;052;2024;10;16;4;2;6;6;0;0;0;1;1;0;0;0;451065,806300000287592;5330267,989099999889731;8,342429941000034;48,123788059000049;1
212487;08241030326000362020;08;3;35;035;2024;10;09;4;3;0;1;0;1;1;0;0;0;0;0;483749,586500000208616;5290116,924300000071526;8,783139171000073;47,764214219000053;1
212490;08241030311010378980;08;3;11;000;2024;10;07;4;3;4;2;0;0;1;1;0;0;0;0;414455,593000000342727;5316053,146999999880791;7,853391185000021;47,992054202000077;1
212494;08241030226400347480;08;2;26;068;2024;10;08;4;3;5;2;0;0;1;1;0;0;0;0;467767,413700000382960;5460064,223899999633431;8,556716102000053;49,292475330000059;1
212496;08241030221300360770;08;2;21;000;2024;10;19;4;3;5;2;2;0;1;0;0;0;0;0;476782,343600000254810;5475332,044700000435114;8,679802536000068;49,430217085000038;1
212808;08241231437100572990;08;4;37;100;2024;12;14;3;3;5;3;0;0;1;1;0;0;0;0;537866,010400000028312;5317853,801200000569224;9,507744716000047;48,012855748000050;1
212810;08241231436200575020;08;4;36;064;2024;12;11;3;3;5;2;0;0;1;1;0;0;0;0;545461,815600000321865;5291867,047299999743700;9,606853139000066;47,778561675000049;1
212811;08241231317500567090;08;3;17;047;2024;12;19;3;3;6;6;2;0;0;1;1;0;0;0;418462,506299999542534;5362962,945699999108911;7,898073504000024;48,414541408000048;1
212813;08241231311010583830;08;3;36;050;2024;12;17;3;3;2;6;2;0;1;0;0;1;0;0;399322,169900000095367;5273311,723400000482798;7,660521684000059;47,605390481000029;1
212816;08241231121500573650;08;1;25;065;2024;12;11;3;2;6;7;0;0;0;1;1;0;0;0;516607,258500000461936;5447936,398700000718236;9,227894175000074;49,184007980000047;1
212817;08241231119400577010;08;1;19;079;2024;12;14;3;3;6;7;0;0;0;1;1;0;0;0;522224,229100000113249;5407167,592900000512600;9,302741460000050;48,817094811000061;1
212822;08241230311010573790;08;3;11;000;2024;12;14;2;2;5;3;0;0;1;1;0;0;0;0;413231,967899999581277;5315430,338300000876188;7,837119475000065;47,986286954000036;1
212823;08241230212702580450;08;2;15;017;2024;12;17;2;3;5;3;2;0;1;1;0;0;0;0;455112,861800000071526;5420273,459100000560284;8,387116589000073;48,933761924000066;1
212825;08241230121500580560;08;1;25;027;2024;12;15;2;3;3;6;0;0;1;1;0;0;0;0;518857,359000000171363;5446647,312999999150634;9,258710569000073;49,172347282000032;1
212826;08241230119400583420;08;1;19;091;2024;12;05;2;3;0;1;2;2;1;0;0;0;0;0;526831,028599999845028;5407190,845200000330806;9,365496208000025;48,817122101000052;1
212827;08241230111500565390;08;1;11;000;2024;12;21;2;3;6;2;2;0;0;1;1;0;0;0;510501,818699999712408;5406189,926599999889731;9,143032987000026;48,808608600000071;1
212832;08241229311400578560;08;3;15;006;2024;12;05;1;3;0;1;2;2;1;0;0;0;0;0;402165,142500000074506;5308175,018400000408292;7,690487967000024;47,919428948000075;1
212834;08241229311010561570;08;3;11;000;2024;12;09;1;3;1;5;0;0;1;1;0;0;0;0;414080,374800000339746;5315947,855499999597669;7,848384011000064;47,991056758000070;1
212835;08241229237100579380;08;2;37;004;2024;12;15;1;3;6;1;0;1;0;1;1;0;0;0;455525,494599999859929;5374981,658900000154972;8,397636754000075;48,526367609000033;1
212838;08241229118300572770;08;1;18;046;2024;12;23;1;3;0;1;2;2;1;0;0;0;0;0;513895,746899999678135;5411051,997500000521541;9,189422282000066;48,852280356000051;1
212840;08241228421300571310;08;4;21;000;2024;12;19;7;3;0;1;2;2;1;0;0;0;0;0;572182,611999999731779;5360194,413499999791384;9,975045477000037;48,390778952000062;1
212844;08241228311400559460;08;3;15;006;2024;12;22;7;3;0;1;2;2;1;0;0;0;0;0;402678,724999999627471;5307580,065999999642372;7,697494730000074;47,914155530000073;1
212846;08241228311010586710;08;3;11;000;2024;12;12;7;2;6;4;0;0;1;0;1;0;0;0;415386,616100000217557;5315906,539499999955297;7,865896664000047;47,990859278000073;1
212847;08241228222500586690;08;2;22;000;2024;12;12;7;3;6;3;0;0;0;1;1;0;0;0;463058,864400000311434;5478881,322000000625849;8,490215920000026;49,461462403000041;1
212849;08241228121400578480;08;1;25;017;2024;12;11;7;2;6;7;0;0;0;1;1;0;0;0;502042,450199999846518;5431753,754699999466538;9,027945886000055;49,038659408000058;1
212851;08241228119400560300;08;1;19;079;2024;12;14;7;3;0;7;0;0;1;0;0;0;0;0;523482,859500000253320;5409251,631999999284744;9,320005770000023;48,835796002000052;1
212856;08241227336100579130;08;3;36;084;2024;12;11;6;2;4;2;0;0;1;1;0;0;0;0;405304,460099999792874;5277775,629200000315905;7,739127721000045;47,646447648000049;1
212858;08241227317100575600;08;3;17;001;2024;12;22;6;3;0;1;2;0;1;0;0;0;0;0;431572,455000000074506;5387676,617699999362230;8,071162911000044;48,638405529000067;1
212862;08241227221400577560;08;2;21;000;2024;12;12;6;3;6;7;0;0;0;1;1;0;0;0;478495,445000000298023;5469095,263699999079108;8,703765437000072;49,374181074000035;1
212868;08241227111500577140;08;1;11;000;2024;12;14;6;3;5;3;0;0;1;1;0;0;0;0;508669,237999999895692;5406367,729000000283122;9,118077366000023;48,810236359000044;1
212874;08241226128100579640;08;1;28;007;2024;12;18;5;3;0;6;2;0;1;1;0;0;0;0;555430,834499999880791;5482098,582499999552965;9,765370968000070;49,488992734000078;1
212877;08241226118400573870;08;1;18;048;2024;12;11;5;2;6;2;0;0;0;1;1;0;0;0;515785,503200000151992;5416347,427300000563264;9,215387057000044;48,899871505000078;1
212878;08241226117300553540;08;1;17;038;2024;12;15;5;3;4;6;0;1;1;1;0;0;0;0;548626,031899999827147;5399020,787000000476837;9,661408545000029;48,742305892000047;1
212881;08241225436400573730;08;4;36;082;2024;12;15;4;3;6;4;0;0;0;1;1;0;0;0;547788,805900000035763;5295049,523600000888109;9,638263867000035;47,807025848000080;1
212884;08241224226200572630;08;2;26;059;2024;12;07;3;3;6;2;1;0;0;1;1;0;0;0;465563,192900000140071;5459978,757400000467896;8,526410614000042;49,291586313000039;1
212886;08241224211000571680;08;2;16;015;2024;12;01;3;2;9;1;2;1;1;0;0;0;0;0;449261,672399999573827;5407043,161100000143051;8,308872250000036;48,814301154000077;1
212888;08241224121500583970;08;1;25;039;2024;12;17;3;3;6;6;2;0;0;0;1;0;0;1;514940,252000000327826;5456931,864000000059605;9,205353770000045;49,264966928000035;1
212889;08241224121100548200;08;1;25;026;2024;12;11;3;3;6;4;0;0;0;1;1;0;0;0;492857,459599999710917;5442399,709599999710917;8,902083927000035;49,134386758000062;1
212891;08241224118010585520;08;1;15;054;2024;12;23;3;3;6;7;2;0;0;1;1;0;0;0;493479,884399999864399;5395690,529899999499321;8,911363396000070;48,714210771000069;1
212892;08241224118010572460;08;1;15;003;2024;12;11;3;2;6;7;0;0;0;1;1;0;0;0;501153,654199999757111;5392960,605699999257922;9,015675537000050;48,689685170000075;1
212896;08241223436400548130;08;4;36;008;2024;12;18;2;2;6;4;2;1;0;1;1;0;0;0;547620,798299999907613;5311386,694599999114871;9,637821779000035;47,954020869000033;1
212897;08241223421200555590;08;4;21;000;2024;12;21;2;2;0;1;2;1;1;0;0;0;0;0;572947,854100000113249;5361635,795800000429153;9,985631255000044;48,403656459000047;1
212900;08241223327100572030;08;3;27;050;2024;12;22;2;3;1;6;2;0;1;0;1;0;0;0;486034,999599999748170;5314766,288100000470877;8,812840749000031;47,986046400000077;1
212909;08241223226200567910;08;2;26;032;2024;12;04;2;3;6;6;2;1;1;0;1;0;0;0;466742,827100000344217;5463667,500800000503659;8,542325638000023;49,324831340000060;1
212912;08241223221300585310;08;2;26;012;2024;12;12;2;3;6;4;0;1;0;1;1;0;0;0;475761,380800000391901;5478086,275599999353290;8,665554112000052;49,454950917000076;1
212913;08241230119300570540;08;1;19;076;2024;12;01;2;3;0;1;2;2;1;0;0;0;0;0;542626,968000000342727;5406884,760399999096990;9,580629604000023;48,813485724000031;1
212914;08241223221200584990;08;2;21;000;2024;12;19;2;3;6;4;2;1;0;1;1;0;0;0;477906,979100000113249;5472951,868499999865890;8,695444799000029;49,408849702000055;1
212915;08241223212010544140;08;2;15;108;2024;12;10;2;2;6;2;0;1;0;1;1;0;0;0;449697,424200000241399;5424914,951500000432134;8,312606734000042;48,975095761000034;1
212917;08241223121500555600;08;1;25;065;2024;12;09;2;3;5;3;0;1;1;1;0;0;0;0;516537,780500000342727;5448707,266899999231100;9,226972483000054;49,190944012000045;1
212918;08241223111000563900;08;1;11;000;2024;12;10;2;3;6;4;0;1;0;1;1;0;0;0;518209,373800000175834;5401736,119100000709295;9,247810400000049;48,768364702000042;1
212922;08241222311010551750;08;3;11;000;2024;12;03;1;2;8;7;2;1;1;0;0;0;0;0;413379,043399999849498;5316557,618300000205636;7,838862704000064;47,996447170000067;1
212923;08241222311010541720;08;3;11;000;2024;12;18;1;3;3;6;2;0;1;1;0;0;0;0;414330,372299999929965;5317119,679400000721216;7,851500193000049;48,001631305000046;1
212928;08241222212000569590;08;2;12;000;2024;12;02;1;2;6;2;2;1;0;1;1;0;0;0;456851,828499999828637;5428640,972599999979138;8,409971346000020;49,009152965000055;1
212929;08241222136000545710;08;1;36;065;2024;12;16;1;3;0;7;0;0;1;0;0;0;0;0;558734,131199999712408;5405090,580199999734759;9,799752219000027;48,796033206000061;1
212931;08241222111230552410;08;1;11;000;2024;12;11;1;3;2;6;0;1;1;1;0;0;0;0;508707,430399999953806;5398045,263000000268221;9,118421349000073;48,735367308000036;1
212937;08241221316100567980;08;3;16;011;2024;12;15;7;3;5;3;0;0;1;0;0;0;0;1;415533,231700000353158;5328870,841000000014901;7,865302244000077;48,107497054000078;1
212939;08241221222700569220;08;2;22;000;2024;12;14;7;3;6;4;0;0;0;1;1;0;0;0;461819,695600000210106;5480894,867900000885129;8,472921976000066;49,479496609000080;1
212940;08241221222700566770;08;2;22;000;2024;12;17;7;3;5;3;2;0;1;1;0;0;0;0;461402,265599999576807;5481509,025699999183416;8,467099681000036;49,484994234000055;1
212942;08241221222400541670;08;2;26;036;2024;12;13;7;3;5;3;0;0;1;1;0;0;0;0;467468,890800000168383;5480866,841499999165535;8,550908520000064;49,479573574000028;1
212943;08241221221011577860;08;2;21;000;2024;12;18;7;2;5;3;2;1;1;1;0;0;0;0;479508,287999999709427;5473532,081000000238419;8,717488811000067;49,414124666000077;1
212946;08241221211100540500;08;2;11;000;2024;12;15;7;3;5;7;0;0;1;1;0;0;0;0;445093,633899999782443;5399849,063400000333786;8,253063436000048;48,749234509000075;1
212947;08241221121500563450;08;1;25;079;2024;12;21;7;3;6;7;2;1;0;1;1;0;0;0;512048,246799999848008;5454267,077400000765920;9,165523188000066;49,241060497000035;1
212951;08241221116200556770;08;1;16;077;2024;12;15;7;3;6;7;0;0;0;1;1;0;0;0;516126,653400000184774;5391506,129799999296665;9,219066968000050;48,676393320000045;1
212953;08241221111140576220;08;1;11;000;2024;12;14;7;3;5;3;0;0;1;1;0;0;0;0;511940,427099999971688;5402235,563599999994040;9,162511589000076;48,773009536000075;1
212956;08241220416200565170;08;4;16;041;2024;12;19;6;3;0;1;2;2;1;0;0;0;0;0;504313,956000000238419;5373422,117300000041723;9,058413805000043;48,513898462000043;1
212959;08241220325000576210;08;3;26;052;2024;12;08;6;1;6;7;1;2;0;0;1;0;1;0;447367,792000000365078;5326965,077500000596046;8,293147988000044;48,093778924000048;1
212962;08241220316100538810;08;3;16;043;2024;12;07;6;3;0;1;1;0;1;0;0;0;0;0;408882,873700000345707;5328732,917500000447035;7,776013431000024;48,105339714000081;1
212964;08241220311010562470;08;3;11;000;2024;12;07;6;3;5;2;2;1;1;1;0;0;0;0;413636,547500000335276;5320477,260399999096990;7,841524163000031;48,031740459000048;1
212968;08241220221011563540;08;2;21;000;2024;12;15;6;3;4;6;0;0;1;1;0;0;0;0;478696,563400000333786;5469892,004599999636412;8,706493218000048;49,381354750000071;1
212970;08241220212010566380;08;2;12;000;2024;12;17;6;3;6;4;2;0;0;0;1;0;0;1;455288,221400000154972;5427068,425100000575185;8,388764224000056;48,994896431000029;1
212973;08241220127010538500;08;1;27;014;2024;12;16;6;3;5;3;2;0;1;1;0;0;0;0;579062,696999999694526;5441988,786000000312924;10,083677892000026;49,125645919000078;1
212976;08241220119300566080;08;1;19;067;2024;12;18;6;3;6;4;2;0;0;1;1;0;0;0;539080,408400000073016;5407041,957499999552965;9,532338527000036;48,815132987000027;1
212977;08241220116100561130;08;1;16;019;2024;12;10;6;3;0;1;0;0;1;0;0;0;0;0;520734,476099999621511;5398903,591900000348687;9,282031304000043;48,742804587000080;1
212981;08241219436300572470;08;4;36;081;2024;12;16;5;3;6;4;2;1;0;1;1;0;0;0;562412,493400000035763;5282318,227199999615550;9,831730967000055;47,691235023000047;1
212982;08241219436000532040;08;4;36;049;2024;12;15;5;3;4;2;0;1;1;1;0;0;0;0;578778,612099999561906;5283737,981699999421835;10,050054217000024;47,702219368000044;1
212983;08241219421300579920;08;4;21;000;2024;12;17;5;3;6;2;2;1;0;1;1;0;0;0;571384,953800000250340;5360771,284800000488758;9,964370340000073;48,396058880000055;1
212984;08241219421200536310;08;4;21;000;2024;12;17;5;3;6;2;2;1;0;1;1;0;0;0;572865,164400000125170;5361114,394999999552965;9,984423657000036;48,398975905000043;1
212988;08241219415100562050;08;4;15;050;2024;12;10;5;3;6;4;0;1;0;1;1;0;0;0;520867,520600000396371;5376403,303700000047684;9,282707494000022;48,540386006000062;1
212990;08241219336400551350;08;3;36;091;2024;12;18;5;3;4;2;2;1;1;1;0;0;0;0;396038,009100000374019;5274400,051400000229478;7,616581970000027;47,614661721000061;1
212992;08241219335200560860;08;3;35;063;2024;12;18;5;3;6;4;2;1;0;1;1;0;0;0;497015,598299999721348;5287404,955099999904633;8,960191803000043;47,740011031000051;1
212994;08241219327100565420;08;3;27;050;2024;12;17;5;3;6;4;2;1;0;1;1;0;0;0;486820,361700000241399;5314691,021600000560284;8,823368446000075;47,985385882000060;1
212998;08241219226500535640;08;2;26;106;2024;12;09;5;3;6;4;0;1;0;1;1;0;0;0;498207,075500000268221;5463573,188999999314547;8,975326370000062;49,324886528000036;1
213002;08241219225100572610;08;2;25;058;2024;12;08;5;3;0;7;0;1;1;0;0;0;0;0;509720,471199999563396;5466047,223300000652671;9,133830029000023;49,347065852000071;1
213003;08241219222600560080;08;2;22;000;2024;12;11;5;3;5;3;0;1;1;1;0;0;0;0;462493,268000000156462;5486038,236999999731779;8,481731825000054;49,525800440000069;1
213004;08241219222401569910;08;2;22;000;2024;12;22;5;3;6;4;2;0;0;1;1;0;0;0;462457,169400000013411;5481611,756400000303984;8,481653838000057;49,485984420000079;1
213005;08241219222014582480;08;2;22;000;2024;12;17;5;3;5;3;2;1;1;1;0;0;0;0;461160,991100000217557;5481932,696000000461936;8,463727051000035;49,488789527000051;1
213006;08241219221400561390;08;2;21;000;2024;12;17;5;3;6;2;2;1;0;1;1;0;0;0;474369,786000000312924;5472388,457000000402331;8,646721398000068;49,403643216000034;1
213009;08241219221011582520;08;2;21;000;2024;12;19;5;3;1;5;2;1;1;1;0;0;0;0;477303,173000000417233;5474896,581599999219179;8,687010161000046;49,426319840000076;1
213011;08241219212102532790;08;2;12;000;2024;12;14;5;3;3;6;0;1;1;1;0;0;0;0;455975,215599999763072;5428049,244000000879169;8,398048972000026;49,003768385000058;1
213012;08241219212010544170;08;2;12;000;2024;12;07;5;3;6;4;2;1;0;1;1;0;0;0;455738,123900000005960;5428506,469299999997020;8,394757562000052;49,007864217000076;1
213013;08241220215502561060;08;2;15;106;2024;12;09;6;3;0;7;0;0;1;0;0;0;0;0;466456,294900000095367;5454450,621700000017881;8,539155858000072;49,241910928000038;1
213015;08241219128100561310;08;1;28;007;2024;12;18;5;3;5;3;2;1;1;1;0;0;0;0;556632,291000000201166;5482136,078999999910593;9,781964052000035;49,489219037000055;1
213017;08241219116100544270;08;1;16;019;2024;12;07;5;3;3;2;2;1;1;1;0;0;0;0;524126,525399999693036;5398389,925300000235438;9,328139301000022;48,738061552000033;1
213018;08241219115000535020;08;1;15;013;2024;12;07;5;3;6;3;2;1;0;1;1;0;0;0;495985,235500000417233;5389613,436000000685453;8,945480990000021;48,659561772000075;1
213024;08241218416200557480;08;4;16;041;2024;12;07;4;2;5;3;2;1;1;1;0;0;0;0;507120,974999999627471;5374336,547000000253320;9,096438259000024;48,522099439000044;1
213026;08241218416100579760;08;4;16;036;2024;12;14;4;3;5;3;0;0;1;1;0;0;0;0;495814,389600000344217;5369897,153899999335408;8,943359416000021;48,482187350000061;1
213028;08241218416010529860;08;4;15;050;2024;12;20;4;3;5;3;2;0;1;1;0;0;0;0;520906,842799999751151;5376046,346699999645352;9,283222299000045;48,537173430000053;1
213030;08241218335300532960;08;3;35;075;2024;12;14;4;3;6;4;0;0;0;1;1;0;0;0;487483,584200000390410;5290772,722999999299645;8,832950011000037;47,770198110000081;1
213031;08241218317000529640;08;3;17;065;2024;12;09;4;3;0;1;0;1;1;0;0;0;0;0;415227,547399999573827;5354811,609200000762939;7,856008121000059;48,340794873000050;1
213033;08241218311010570290;08;3;11;000;2024;12;15;4;3;5;3;0;0;1;1;0;0;0;0;409895,329400000162423;5316877,759500000625849;7,792107501000032;47,998845428000038;1
213034;08241218311000543620;08;3;37;045;2024;12;17;4;3;8;1;1;0;1;0;0;0;0;0;437856,969100000336766;5289391,001700000837445;8,170850416000064;47,754892491000078;1
213035;08241218225100554510;08;2;25;058;2024;12;18;4;2;6;7;2;0;0;0;1;0;0;1;510173,154400000348687;5466308,173900000751019;9,140069150000045;49,349405730000058;1
213036;08241218225100530440;08;2;25;058;2024;12;13;4;3;6;2;0;1;0;1;1;0;0;0;507619,140899999998510;5466416,614600000903010;9,104906343000039;49,350418422000075;1
213037;08241218221300558660;08;2;21;000;2024;12;12;4;2;0;3;0;0;1;1;0;0;0;0;476688,570399999618530;5475840,394600000232458;8,678479435000042;49,434786001000077;1
213040;08241218212502546850;08;2;12;000;2024;12;14;4;3;5;3;0;0;1;1;0;0;0;0;451403,784099999815226;5431200,827099999412894;8,335170516000062;49,031773819000080;1
213042;08241218121500554780;08;1;25;007;2024;12;06;4;3;5;3;2;0;1;1;0;0;0;0;511015,446000000461936;5452403,974999999627471;9,151283064000040;49,224320938000062;1
213045;08241218121400530460;08;1;25;013;2024;12;15;4;3;6;4;0;0;0;1;1;0;0;0;507307,088100000284612;5436420,276100000366569;9,100063612000042;49,080597221000062;1
213046;08241218121100530370;08;1;25;026;2024;12;18;4;3;0;1;2;0;1;0;0;0;0;0;493091,663599999621511;5442352,630999999120831;8,905295399000067;49,133965945000057;1
213048;08241218118400570380;08;1;18;048;2024;12;16;4;3;0;1;0;0;1;0;0;0;0;0;512911,625199999660254;5416540,217700000852346;9,176180419000048;48,901672364000035;1
213051;08241218117100533280;08;1;17;049;2024;12;15;4;3;5;3;0;0;1;0;0;0;0;1;555495,419200000353158;5392146,803300000727177;9,753913233000048;48,679898282000067;1
213052;08241218115400529840;08;1;15;045;2024;12;08;4;3;6;3;0;0;0;1;1;0;0;0;500400,422699999995530;5395053,569499999284744;9,005442864000031;48,708514595000054;1
213053;08241218115100562060;08;1;15;003;2024;12;17;4;3;5;3;2;0;1;1;0;0;0;0;500555,986499999649823;5391095,316199999302626;9,007552083000064;48,672905627000034;1
213055;08241218111500531780;08;1;11;000;2024;12;12;4;3;6;4;0;0;0;1;1;0;0;0;510718,477500000037253;5402967,659399999305606;9,145899755000073;48,779617675000054;1
213056;08241218111240541400;08;1;11;000;2024;12;09;4;3;6;7;0;1;0;1;1;0;0;0;515235,023099999874830;5403487,324999999254942;9,207397808000053;48,784198315000026;1
213058;08241217436400544760;08;4;36;082;2024;12;17;3;3;6;4;2;0;0;1;1;0;0;0;548058,198499999940395;5295183,087600000202656;9,641876429000035;47,808207453000080;1
213060;08241217436000534220;08;4;37;076;2024;12;08;3;3;1;5;1;1;1;1;0;0;0;0;524701,126799999736249;5321848,278799999505281;9,331451255000047;48,049438587000054;1
213061;08241217436000528540;08;4;36;005;2024;12;11;3;3;5;2;0;0;1;1;0;0;0;0;540275,066200000233948;5309032,247400000691414;9,539219341000035;47,933342417000063;1
213064;08241217335100524980;08;3;35;043;2024;12;14;3;3;5;3;0;0;1;1;0;0;0;0;513638,632500000298023;5279958,184599999338388;9,181688904000055;47,672870655000054;1
213069;08241217311010546030;08;3;11;000;2024;12;12;3;3;4;6;0;0;1;0;0;0;0;0;415558,805999999865890;5315902,941999999806285;7,868204827000056;47,990849678000075;1
213071;08241217311010529090;08;3;15;047;2024;12;13;3;3;1;5;0;0;1;1;0;0;0;0;415946,768500000238419;5321559,296599999070168;7,872294665000027;48,041782066000053;1
213080;08241217221300556840;08;2;21;000;2024;12;16;3;3;4;6;1;0;1;0;0;0;0;1;477313,258299999870360;5473546,015300000086427;8,687226453000051;49,414172110000038;1
213083;08241217121200555680;08;1;21;000;2024;12;17;3;3;6;1;1;0;0;1;1;0;0;0;516112,605600000359118;5442603,688999999314547;9,220892885000069;49,136051858000030;1
213087;08241217116400545130;08;1;16;033;2024;12;17;3;3;5;3;2;0;1;1;0;0;0;0;533413,440999999642372;5387566,857699999585748;9,453569646000062;48,640270280000038;1
213089;08241217111500542000;08;1;11;000;2024;12;06;3;3;6;4;2;1;1;0;1;0;0;0;513809,165900000371039;5399815,828999999910593;9,187864163000029;48,751203077000071;1
213092;08241216436500522590;08;4;36;052;2024;12;08;2;2;6;4;0;1;0;1;1;0;0;0;566836,866200000047684;5292853,851800000295043;9,892302757000039;47,785576374000073;1
213093;08241216425000524030;08;4;25;033;2024;12;12;2;2;6;6;0;0;0;1;1;0;0;0;554661,179700000211596;5348626,130400000140071;9,736887527000022;48,288474052000026;1
213097;08241216416200522020;08;4;16;041;2024;12;07;2;3;0;1;0;0;1;0;0;0;0;0;504292,978699999861419;5372988,624199999496341;9,058125298000050;48,509998738000036;1
213098;08241216416200521490;08;4;16;022;2024;12;16;2;3;6;4;0;0;0;1;1;0;0;0;510885,788499999791384;5375509,237500000745058;9,147455023000020;48,532595346000051;1