OID_;UIDENTSTLAE;ULAND;UREGBEZ;UKREIS;UGEMEINDE;UJAHR;UMONAT;USTUNDE;UWOCHENTAG;UKATEGORIE;UART;UTYP1;ULICHTVERH;IstStrassenzustand;IstRad;IstPKW;IstFuss;IstKrad;IstGkfz;IstSonstige;LINREFX;LINREFY;XGCSWGS84;YGCSWGS84;PLST
213100;08241216335100551680;08;3;35;043;2024;12;20;2;3;0;1;2;0;1;0;0;0;0;0;513772,924899999983609;5280001,919999999925494;9,183479269000031;47,673261325000055;1
213103;08241216317500523270;08;3;17;096;2024;12;15;2;3;5;3;0;0;1;1;0;0;0;0;421732,616899999789894;5369615,995799999684095;7,941015437000033;48,474799963000066;1
213104;08241216311500537850;08;3;15;113;2024;12;13;2;2;6;4;0;0;0;1;1;0;0;0;441035,648900000378489;5306769,327199999243021;8,210891111000024;47,911536842000032;1
213105;08241216311010525620;08;3;11;000;2024;12;17;2;3;5;3;2;0;1;1;0;0;0;0;413734,804999999701977;5318378,065999999642372;7,843264492000060;48,012870825000050;1
213106;08241216226400567430;08;2;26;084;2024;12;22;2;3;4;2;2;0;1;1;0;0;0;0;469829,931300000287592;5469288,678600000217557;8,584382391000076;49,375553306000029;1
213107;08241216226200578880;08;2;26;032;2024;12;13;2;3;5;3;0;0;1;0;0;0;0;1;466997,250300000421703;5463158,006400000303984;8,545868958000028;49,320262337000031;1
213108;08241216222400521540;08;2;22;000;2024;12;15;2;3;5;3;0;0;1;1;0;0;0;0;468603,937699999660254;5478711,718100000172853;8,566748336000046;49,460248822000040;1
213109;08241219119100536060;08;1;19;008;2024;12;17;5;3;6;2;2;1;0;1;1;0;0;0;531449,020499999634922;5420820,567399999126792;9,429449782000063;48,939512409000031;1
213113;08241216212702553390;08;2;15;017;2024;12;08;2;3;0;7;0;0;1;0;0;0;0;0;455555,572800000198185;5421987,497300000861287;8,392973994000045;48,949212005000049;1
213116;08241216211100525490;08;2;11;000;2024;12;13;2;3;2;6;0;0;1;0;0;0;0;1;441076,645999999716878;5404808,041999999433756;8,197712024000054;48,793473854000069;1
213120;08241216128200523050;08;1;28;045;2024;12;22;2;3;0;7;2;1;1;0;0;0;0;0;556800,327899999916553;5505492,813200000673532;9,787659932000054;49,699270048000074;1
213123;08241216118500552500;08;1;18;078;2024;12;17;2;3;6;4;2;0;0;1;1;0;0;0;514283,539499999955297;5420190,685000000521541;9,195028021000041;48,934480730000075;1
213125;08241216116200566780;08;1;16;077;2024;12;14;2;3;6;4;0;0;0;1;1;0;0;0;515118,458499999716878;5389243,991499999538064;9,205288914000050;48,656068167000058;1
213126;08241216116200552570;08;1;16;077;2024;12;12;2;3;6;4;0;0;0;1;1;0;0;0;516047,402700000442564;5391797,079900000244379;9,218001716000060;48,679012766000028;1
213131;08241216111500554210;08;1;11;000;2024;12;12;2;2;4;2;0;0;1;1;0;0;0;0;513144,398000000044703;5404238,408399999141693;9,178961838000021;48,791002687000059;1
213135;08241216111120541900;08;1;11;000;2024;12;15;2;3;0;6;0;0;0;0;1;0;0;1;513933,895899999886751;5405552,288699999451637;9,189755418000061;48,802805013000068;1
213138;08241215335100552120;08;3;35;043;2024;12;19;1;3;5;3;2;0;1;1;0;0;0;0;512743,638000000268221;5278357,311599999666214;9,169719470000075;47,658484781000027;1
213142;08241215226400547970;08;2;26;084;2024;12;21;1;3;0;7;2;0;1;0;0;0;0;0;469241,343999999575317;5469732,411000000312924;8,576240031000054;49,379515148000053;1
213144;08241215222014577270;08;2;21;000;2024;12;01;1;3;6;4;2;0;0;0;1;0;0;1;476530,555499999783933;5472430,742499999701977;8,676501727000073;49,404110727000045;1
213147;08241215212010564810;08;2;12;000;2024;12;22;1;2;0;7;2;0;1;0;0;0;0;0;458042,408200000412762;5429001,232300000265241;8,426213794000034;49,012475654000070;1
213148;08241215135010548150;08;1;35;015;2024;12;00;1;2;9;1;2;0;1;0;0;0;0;0;582631,195199999958277;5383249,847500000149012;10,120720761000030;48,596873018000053;1
213151;08241215111120522720;08;1;11;000;2024;12;18;1;3;5;3;2;0;1;0;0;0;0;1;511792,676799999549985;5401123,303500000387430;9,160468802000025;48,763006523000058;1
213152;08241214421200532200;08;4;21;000;2024;12;15;7;2;6;7;0;0;0;1;1;0;0;0;574077,752000000327826;5361590,486700000241399;10,000887411000065;48,403117117000079;1
213153;08241214327100515770;08;3;27;050;2024;12;19;7;3;6;2;2;1;0;1;1;0;0;0;486217,277700000442564;5314520,293299999088049;8,815291527000056;47,983837099000027;1
213156;08241214311010524280;08;3;36;050;2024;12;18;7;3;5;2;2;1;1;1;0;0;0;0;401107,878700000233948;5276040,777599999681115;7,683657182000047;47,630214376000026;1
213157;08241214225100517160;08;2;25;058;2024;12;19;7;3;0;7;2;0;1;0;0;0;0;1;507962,647599999792874;5466721,639100000262260;9,109642103000056;49,353157743000054;1
213158;08241214221200547820;08;2;21;000;2024;12;12;7;3;0;7;0;0;1;0;0;0;0;0;475931,802299999631941;5472823,247700000181794;8,668224984000062;49,407617861000062;1
213164;08241214118400516600;08;1;18;048;2024;12;22;7;3;6;2;2;0;0;1;1;0;0;0;513816,533300000242889;5415600,138499999418855;9,188496113000042;48,893196143000068;1
213168;08241214111320528700;08;1;11;000;2024;12;11;7;2;0;7;0;0;1;0;0;0;0;0;516552,832000000402331;5406521,232999999076128;9,225459578000027;48,811457262000033;1
213170;08241213421300574710;08;4;21;000;2024;12;07;6;3;4;2;0;0;1;1;0;0;0;0;570510,427000000141561;5363944,412200000137091;9,953090984000028;48,424700511000026;1
213177;08241213311010543940;08;3;11;000;2024;12;14;6;3;5;3;0;0;1;1;0;0;0;0;413880,114500000141561;5317724,140200000256300;7,845343877000062;48,007008140000039;1
213178;08241213311010540860;08;3;16;020;2024;12;10;6;1;4;6;0;0;1;1;0;0;1;0;408864,560200000181794;5338853,870200000703335;7,773599922000074;48,196373949000076;1
213179;08241213311000531730;08;3;16;009;2024;12;08;6;3;6;4;0;0;0;1;1;0;0;0;418247,662899999879301;5324458,801400000229478;7,902604661000055;48,068163241000036;1
213181;08241213222500575910;08;2;26;009;2024;12;16;6;3;6;7;0;0;0;1;1;0;0;0;465064,615399999544024;5473063,237299999222159;8,518406695000067;49,409249642000077;1
213183;08241213212702548540;08;2;15;017;2024;12;14;6;3;4;7;0;0;1;1;0;0;0;0;455530,258899999782443;5421770,725400000810623;8,392651942000043;48,947260280000080;1
213184;08241213212102514070;08;2;12;000;2024;12;08;6;3;5;3;0;0;1;1;0;0;0;0;461362,399000000208616;5427747,206000000238419;8,471733179000069;49,001412238000057;1
213185;08241213212010531880;08;2;12;000;2024;12;17;6;3;6;4;2;0;0;1;1;0;0;0;453855,564699999988079;5428886,435499999672174;8,368973621000066;49,011144140000056;1
213187;08241213136100545930;08;1;36;088;2024;12;04;6;3;5;2;2;1;1;1;0;0;0;0;580947,141200000420213;5409674,880100000649691;10,103069125000047;48,834770349000053;1
213188;08241213128100513970;08;1;28;007;2024;12;11;6;2;5;2;0;0;1;1;0;0;0;0;556184,733400000259280;5481814,154999999329448;9,775739138000063;49,486365249000073;1
213192;08241213121200546870;08;1;21;000;2024;12;17;6;3;1;5;2;0;1;1;0;0;0;0;515449,980499999597669;5440695,250700000673532;9,211735700000077;49,118901798000081;1
213194;08241213118300515080;08;1;18;081;2024;12;07;6;3;6;4;1;0;0;1;1;0;0;0;516431,531200000084937;5413651,618200000375509;9,224093397000047;48,875603951000073;1
213195;08241213118300514020;08;1;18;046;2024;12;21;6;3;6;4;2;0;1;0;1;0;0;0;513781,483199999667704;5413007,229699999094009;9,187930525000070;48,869871754000030;1
213197;08241212415400570000;08;4;15;061;2024;12;13;5;3;5;3;0;1;1;1;0;0;0;0;516495,803100000135601;5371061,814799999818206;9,223269933000040;48,492462532000047;1
213198;08241212415400510520;08;4;15;061;2024;12;07;5;3;0;1;1;0;1;0;0;0;0;0;516277,831600000150502;5372624,233200000599027;9,220380641000077;48,506524256000034;1
213200;08241212337010512770;08;3;37;066;2024;12;18;5;3;4;2;2;0;1;1;0;0;0;0;430878,980299999937415;5268695,963999999687076;8,081031181000071;47,567998052000064;1
213201;08241212335200510810;08;3;35;063;2024;12;11;5;3;0;1;0;0;1;0;0;0;0;0;497066,844899999909103;5288229,049699999392033;8,960869812000055;47,747426131000054;1
213202;08241212316100524050;08;3;16;017;2024;12;10;5;2;0;7;0;0;0;1;1;0;0;0;409202,361999999731779;5341502,294299999251962;7,777577738000048;48,220244419000039;1
213203;08241212311400541910;08;3;15;074;2024;12;09;5;3;5;3;0;0;1;0;0;0;0;1;395437,692999999970198;5296147,673000000417233;7,603378063000036;47,810184403000051;1
213204;08241212311010554160;08;3;15;047;2024;12;08;5;3;0;7;0;0;1;0;1;0;0;0;415638,754999999888241;5321698,052899999544024;7,868135670000072;48,042989597000030;1
213205;08241212311010510130;08;3;11;000;2024;12;13;5;3;6;3;0;0;0;1;1;0;0;0;414145,179499999620020;5316929,665400000289083;7,849056014000041;47,999897212000064;1
213206;08241219117100561000;08;1;17;019;2024;12;18;5;3;6;7;2;1;0;1;1;0;0;0;551539,135599999688566;5393719,935799999162555;9,700367116000052;48,694388470000035;1
213207;08241212231102540630;08;2;36;046;2024;12;12;5;3;6;4;0;0;0;1;1;0;0;0;484303,031100000254810;5418362,359600000083447;8,785743467000032;48,917999474000055;1
213210;08241217436300556400;08;4;36;081;2024;12;10;3;2;6;2;0;0;0;1;1;0;0;0;562035,250199999660254;5283149,808800000697374;9,826822501000038;47,698752866000063;1
213211;08241212226700540030;08;2;26;095;2024;12;08;5;3;3;2;0;0;1;0;0;0;0;1;474259,383399999700487;5459670,645199999213219;8,646021307000069;49,289243088000035;1
213215;08241212215502530020;08;2;15;099;2024;12;14;5;3;5;3;0;0;1;0;0;0;1;0;463277,803999999538064;5446118,912000000476837;8,496251358000052;49,166785189000052;1
213216;08241212212702541470;08;2;15;017;2024;12;23;5;3;3;6;2;0;1;0;0;0;0;0;454060,447200000286102;5419632,365599999204278;8,372820178000040;48,927917923000052;1
213218;08241212212502510750;08;2;12;000;2024;12;07;5;3;5;2;0;0;1;1;0;0;0;0;454188,465499999932945;5428264,230799999088049;8,373595976000047;49,005572173000076;1
213220;08241212211100545300;08;2;11;000;2024;12;12;5;2;0;7;0;0;0;0;1;0;0;1;444391,228799999691546;5400556,783199999481440;8,243413321000048;48,755538277000028;1
213221;08241212136100540390;08;1;36;050;2024;12;07;5;3;6;4;2;0;0;1;1;0;0;0;581212,320899999700487;5403955,584200000390410;10,105550451000056;48,783295014000032;1
213226;08241212111310527800;08;1;11;000;2024;12;19;5;3;6;4;2;0;0;1;1;0;0;0;515915,227199999615550;5403244,702199999243021;9,216648118000023;48,781998673000032;1
213227;08241221317000587500;08;3;17;065;2024;12;19;7;3;6;2;2;1;0;1;1;0;0;0;416112,398799999617040;5354599,399399999529123;7,867988894000064;48,339004192000061;1
213230;08241211426000542670;08;4;26;021;2024;12;12;4;3;5;3;0;0;1;1;0;0;0;0;559316,700400000438094;5326378,530999999493361;9,796534945000076;48,087915020000025;1
213231;08241211421200511080;08;4;21;000;2024;12;15;4;3;3;2;0;0;1;1;0;0;0;0;573705,991399999707937;5361428,066199999302626;9,995836708000070;48,401699694000058;1
213232;08241219212010545020;08;2;12;000;2024;12;18;5;3;6;4;2;1;0;1;1;0;0;0;455816,227699999697506;5428979,662599999457598;8,395773995000070;49,012126235000039;1
213235;08241211416200537810;08;4;16;041;2024;12;13;4;3;6;7;0;0;0;1;1;0;0;0;503776,217600000090897;5372548,200799999758601;9,051124567000045;48,506039839000039;1
213236;08241211337100542210;08;3;37;096;2024;12;18;4;3;5;3;2;0;1;1;0;0;0;0;419301,530100000090897;5267203,541099999099970;7,927408083000046;47,553235387000029;1
213237;08241213311010513920;08;3;11;000;2024;12;11;6;3;0;6;0;0;1;0;0;0;0;1;411909,557500000111759;5317283,407600000500679;7,819019811000032;48,002775064000048;1
213238;08241211336400541180;08;3;36;091;2024;12;06;4;3;5;3;1;0;1;0;0;0;1;0;395928,764000000432134;5273907,357000000774860;7,615245711000057;47,610212315000069;1
213239;08241211317500526000;08;3;17;096;2024;12;17;4;3;5;3;2;0;1;1;0;0;0;0;421718,081399999558926;5369312,860899999737740;7,940875559000062;48,472071484000026;1
213242;08241211222500525960;08;2;22;000;2024;12;17;4;3;5;3;2;0;1;1;0;0;0;0;462067,803600000217557;5479293,709000000730157;8,476500454000075;49,465110539000079;1
213243;08241211222200550030;08;2;22;000;2024;12;07;4;3;0;7;2;0;1;0;0;0;0;0;461640,303100000135601;5482459,130200000479817;8,470293801000025;49,493555009000033;1
213245;08241211216300549710;08;2;16;024;2024;12;23;4;3;4;2;2;0;1;1;0;0;0;0;446863,285500000230968;5408643,716299999505281;8,275998147000053;48,828497946000027;1
213247;08241211215302524290;08;2;15;007;2024;12;17;4;3;6;4;1;0;0;1;1;0;0;0;479249,757799999788404;5430750,973999999463558;8,716137326000023;49,029293089000078;1
213248;08241211212502508220;08;2;12;000;2024;12;09;4;3;0;7;0;0;1;0;0;0;0;0;453511,751000000163913;5429753,078600000590086;8,364172984000049;49,018913821000069;1
213251;08241211135200509370;08;1;35;019;2024;12;16;4;3;5;3;1;0;1;1;0;0;0;0;585222,595999999903142;5391846,835000000894070;10,157628348000060;48,673849982000036;1
213254;08241211121600560680;08;1;25;001;2024;12;20;4;3;6;6;2;0;0;0;1;0;0;1;520868,342500000260770;5434997,830900000408292;9,285697053000035;49,067491402000030;1
213256;08241211118400517770;08;1;18;048;2024;12;07;4;3;0;7;2;1;1;0;0;0;0;0;513556,464200000278652;5417838,833000000566244;9,185022390000029;48,913340559000062;1
213258;08241211118100506300;08;1;18;079;2024;12;07;4;3;3;6;0;0;1;1;0;0;0;0;509629,192099999636412;5421502,522500000894070;9,131508593000035;48,946371554000052;1
213259;08241211117100538890;08;1;17;019;2024;12;08;4;3;2;2;0;1;1;1;0;0;0;0;551993,944000000134110;5394058,444000000134110;9,706589649000023;48,697395754000070;1
213260;08241211116100540100;08;1;16;019;2024;12;13;4;3;3;3;0;0;1;0;0;0;0;1;522209,228099999949336;5398511,359699999913573;9,302069524000046;48,739225267000052;1
213261;08241211116100511440;08;1;16;058;2024;12;12;4;3;6;4;0;0;0;1;1;0;0;0;533852,915000000037253;5395535,614900000393391;9,460187532000077;48,711932255000079;1
213262;08241211116010530230;08;1;16;071;2024;12;07;4;3;5;2;2;0;1;1;0;0;0;0;528045,238300000317395;5390905,487199999392033;9,380927202000066;48,670568347000028;1
213268;08241211111340508400;08;1;11;000;2024;12;19;4;3;4;6;2;0;1;0;0;0;0;0;512146,860100000165403;5406455,017799999564886;9,165445926000075;48,810963350000065;1
213269;08241211111340508270;08;1;11;000;2024;12;12;4;3;6;4;0;0;0;1;1;0;0;0;511540,454400000162423;5406437,150800000876188;9,157185927000057;48,810814179000033;1
213272;08241210416200571510;08;4;16;041;2024;12;17;3;3;5;3;2;0;1;0;0;0;0;0;503468,673000000417233;5374390,543899999931455;9,046976176000044;48,522616024000058;1
213273;08241210416010526900;08;4;15;060;2024;12;16;3;3;6;3;2;0;0;1;1;0;0;0;514493,620500000193715;5379080,293800000101328;9,196449481000059;48,564648575000035;1
213276;08241210335100504880;08;3;35;043;2024;12;21;3;3;5;3;2;0;1;1;0;0;0;0;512849,984000000171363;5279135,384999999776483;9,171158659000071;47,665483533000042;1
213277;08241210326000509830;08;3;35;022;2024;12;15;3;3;5;2;0;1;1;1;0;0;0;0;482903,664800000376999;5300072,102600000798702;8,771457864000070;47,853763221000065;1
213278;08241210317600507380;08;3;17;051;2024;12;15;3;3;6;2;0;0;0;1;1;0;0;0;442517,982699999585748;5340432,485500000417233;8,226201212000035;48,214514343000076;1
213279;08241210316100535060;08;3;16;011;2024;12;14;3;3;5;3;0;0;1;1;0;0;0;0;413117,317900000140071;5330779,198699999600649;7,832465677000073;48,124337994000030;1
213280;08241210235100531120;08;2;35;065;2024;12;07;3;3;6;4;1;2;0;1;1;0;0;0;473915,415000000037253;5403824,285000000149012;8,644885617000057;48,786869143000047;1
213281;08241210231202585280;08;2;36;071;2024;12;17;3;3;0;6;0;0;1;0;0;0;0;1;469323,547299999743700;5421421,884800000116229;8,581054389000030;48,944960334000029;1
213283;08241210226700534810;08;2;26;076;2024;12;11;3;2;0;7;0;0;1;0;0;0;0;0;475241,345300000160933;5465834,796299999579787;8,659142336000059;49,344729962000031;1
213285;08241210226700504920;08;2;26;095;2024;12;07;3;3;3;2;1;0;1;1;0;0;0;0;474378,583800000138581;5461391,448499999940395;8,647550135000074;49,304726691000042;1
213286;08241210226400517190;08;2;26;084;2024;12;07;3;3;5;3;1;0;1;1;0;0;0;0;468497,653099999763072;5471044,352700000628829;8,565890602000025;49,391277735000074;1
213287;08241210221300536110;08;2;26;012;2024;12;10;3;2;0;7;0;0;1;0;0;0;0;0;476598,339499999769032;5477058,114399999380112;8,677163059000065;49,445735662000061;1
213288;08241210221200538730;08;2;21;000;2024;12;17;3;3;2;6;2;0;1;1;0;0;0;0;477268,363400000147521;5472873,408099999651313;8,686646026000062;49,408120441000051;1
213289;08241210221011527810;08;2;26;095;2024;12;15;3;3;0;7;0;0;1;0;0;0;0;1;473828,893000000156462;5462275,669800000265241;8,639930749000030;49,312656914000058;1
213290;08241210216200538050;08;2;16;007;2024;12;07;3;3;3;2;2;0;1;1;0;0;0;0;436087,599100000225008;5395011,623999999836087;8,131310443000075;48,704862533000039;1
213293;08241210215102532150;08;2;12;000;2024;12;07;3;3;0;3;0;0;1;1;0;0;0;0;459468,759700000286102;5431490,888800000771880;8,445469949000028;49,034965851000038;1
213295;08241210215000509790;08;2;12;000;2024;12;19;3;2;6;6;2;0;1;0;1;0;0;0;452716,221199999563396;5429821,834499999880791;8,353285106000044;49,019471817000067;1
213296;08241210212102504450;08;2;12;000;2024;12;09;3;3;5;3;0;0;1;1;0;0;0;0;458139,539400000125170;5428599,931900000199676;8,427583415000072;49,008872494000059;1
213297;08241210135200537690;08;1;35;025;2024;12;15;3;3;6;7;0;1;0;1;1;0;0;0;581959,921799999661744;5399200,562100000679493;10,114778607000062;48,740428937000047;1
213298;08241210135100504490;08;1;35;020;2024;12;05;3;3;5;3;2;0;1;1;0;0;0;0;586374,133100000210106;5386480,862400000914931;10,172147657000039;48,625428693000060;1
213300;08241210118400508130;08;1;18;048;2024;12;18;3;2;0;7;2;1;1;0;0;0;0;0;513589,805100000463426;5414856,011099999770522;9,185378177000075;48,886507179000034;1
213303;08241210116500521930;08;1;16;071;2024;12;12;3;3;5;3;0;0;1;1;0;0;0;0;527445,307900000363588;5390816,849600000306964;9,372772889000032;48,669797624000068;1
213305;08241210111500569410;08;1;11;000;2024;12;17;3;3;6;3;1;0;0;1;1;0;0;0;509412,950199999846518;5398576,015599999576807;9,128028543000028;48,740131701000053;1
213306;08241211111500511490;08;1;11;000;2024;12;17;4;3;2;4;2;0;0;1;1;0;0;0;512251,468999999575317;5408822,858999999240041;9,166941469000051;48,832262060000062;1
213307;08241210111500505670;08;1;11;000;2024;12;09;3;3;6;4;0;0;0;1;1;0;0;0;516251,604600000195205;5406384,067700000479817;9,221351279000032;48,810231296000040;1
213311;08241210111120507310;08;1;11;000;2024;12;13;3;3;0;7;0;1;1;1;0;0;0;0;513358,275999999605119;5404617,905999999493361;9,181886126000052;48,794412050000062;1
213312;08241210111120503710;08;1;11;000;2024;12;07;3;3;0;5;0;1;1;1;0;0;0;0;512042,930999999865890;5404433,517599999904633;9,163971080000067;48,792780179000033;1
213313;08241209426300533610;08;4;26;097;2024;12;12;2;3;6;7;0;0;0;1;1;0;0;0;535277,074099999852479;5333409,018200000748038;9,474315829000034;48,152950312000030;1
213314;08241209426200536190;08;4;26;070;2024;12;15;2;3;6;4;0;1;0;1;1;0;0;0;565451,792000000365078;5341953,480000000447035;9,881307024000023;48,227424786000029;1
213315;08241209426100516510;08;4;26;021;2024;12;07;2;3;5;3;2;1;1;1;0;0;0;0;557335,123499999754131;5328343,708799999207258;9,770191866000062;48,105775552000068;1
213316;08241209416010567750;08;4;15;061;2024;12;12;2;3;6;4;0;0;0;1;1;0;0;0;513000,871199999935925;5371521,736500000581145;9,175980773000049;48,496682189000069;1
213318;08241209335200534020;08;3;35;063;2024;12;17;2;3;6;4;2;0;1;0;1;0;0;0;497338,550200000405312;5287432,402599999681115;8,964499410000030;47,740259406000064;1
213319;08241209335000503390;08;3;35;063;2024;12;06;2;2;6;4;2;1;0;1;1;0;0;0;497946,717400000430644;5287036,680900000035763;8,972613507000062;47,736701084000060;1
213321;08241209311010532100;08;3;11;000;2024;12;15;2;2;5;3;0;0;1;0;0;0;0;1;413159,858599999919534;5316733,248099999502301;7,835889658000042;47,997997285000054;1
213322;08241209311010531450;08;3;11;000;2024;12;12;2;3;6;4;0;1;0;1;1;0;0;0;413678,715099999681115;5316673,697899999096990;7,842855545000020;47,997531877000029;1
213329;08241209212502504960;08;2;12;000;2024;12;17;2;3;0;6;2;0;1;0;0;0;0;0;453780,436800000257790;5428472,557600000873208;8,367993433000038;49,007415663000074;1
213330;08241209212010530890;08;2;15;109;2024;12;08;2;2;6;2;0;0;0;0;1;0;0;1;461172,190499999560416;5435060,794900000095367;8,468432198000073;49,067187320000073;1
213331;08241209212010520280;08;2;15;046;2024;12;14;2;2;6;2;0;0;0;1;1;0;0;0;450503,520200000144541;5414591,716000000014901;8,324874480000062;48,882302312000036;1
213333;08241209127202517710;08;1;27;014;2024;12;15;2;3;6;4;0;0;0;1;1;0;0;0;576153,299899999983609;5442258,280999999493361;10,043858013000033;49,128437120000058;1
213334;08241209126100518820;08;1;26;046;2024;12;16;2;3;6;7;0;0;0;0;1;0;0;1;549781,237200000323355;5458703,055999999865890;9,684440183000049;49,279054513000062;1
213335;08241209121200544930;08;1;21;000;2024;12;16;2;3;0;7;0;0;1;0;0;0;0;1;516057,721800000406802;5442156,812300000339746;9,220122671000070;49,132033487000058;1
213338;08241209116500517600;08;1;16;036;2024;12;16;2;3;5;3;1;0;1;1;0;0;0;0;524627,747999999672174;5378288,492000000551343;9,333760710000035;48,557209125000043;1
213340;08241209116400528490;08;1;16;033;2024;12;11;2;3;5;3;0;0;1;1;0;0;0;0;533331,228000000119209;5387784,746999999508262;9,452471217000038;48,642234779000034;1
213343;08241209116000509700;08;4;16;026;2024;12;17;2;3;0;1;2;1;1;0;0;0;0;0;504982,668800000101328;5364016,713999999687076;9,067356528000062;48,429278369000031;1
213344;08241209111230516410;08;1;11;000;2024;12;11;2;3;5;3;0;1;1;1;0;0;0;0;509074,482099999673665;5396961,062899999320507;9,123389386000042;48,725608586000078;1
213348;08241208231000565630;08;2;36;074;2024;12;15;1;3;0;7;0;0;1;0;0;0;0;0;472104,376400000415742;5421940,081599999219179;8,618995516000041;48,949753451000049;1
213349;08241208221400568680;08;2;21;000;2024;12;11;1;2;5;3;0;0;1;1;0;0;0;0;475818,853000000119209;5468926,940999999642372;8,666905073000066;49,372566675000030;1
213351;08241208212010499860;08;2;12;000;2024;12;18;1;3;5;3;2;0;1;1;0;0;0;0;455022,111999999731779;5429576,650000000372529;8,384848716000022;49,017438806000030;1
213353;08241208127202532360;08;1;27;014;2024;12;15;1;2;6;7;0;1;0;0;1;0;0;1;578133,441399999894202;5443178,807700000703335;10,071173925000039;49,136467619000030;1
213356;08241208118010535710;08;1;15;003;2024;12;17;1;2;4;2;2;1;1;1;0;0;0;0;500893,319699999876320;5391112,878299999982119;9,012134190000040;48,673063227000057;1
213360;08241207222800511220;08;2;22;000;2024;12;18;7;3;5;3;2;1;1;1;0;0;0;0;462446,365299999713898;5487132,880699999630451;8,480979516000048;49,535643217000029;1
213363;08241207222014498440;08;2;22;000;2024;12;11;7;3;5;2;0;1;1;1;0;0;0;0;461939,875300000421703;5488364,245699999853969;8,473860832000071;49,546686985000065;1
213365;08241207128300521580;08;1;28;131;2024;12;12;7;3;6;7;0;1;0;1;1;0;0;0;541530,115199999883771;5513674,613199999555945;9,576790209000023;49,774103674000060;1
213371;08241207117100510840;08;1;17;049;2024;12;20;7;3;0;7;2;1;0;1;1;0;0;1;555878,825699999928474;5392387,301000000908971;9,759153901000047;48,682027435000066;1
213372;08241207116010500680;08;1;16;081;2024;12;10;7;2;6;4;0;0;0;0;1;0;1;0;515276,484400000423193;5385366,329800000414252;9,207291706000035;48,621180396000057;1
213375;08241206417300496680;08;4;17;031;2024;12;10;6;2;5;3;0;1;1;1;0;0;0;0;498520,035600000061095;5355332,455299999564886;8,980024196000045;48,351167775000079;1
213376;08241206416200523220;08;4;16;041;2024;12;13;6;3;0;1;0;1;1;0;0;0;0;0;503621,636199999600649;5373693,205499999225140;9,049041697000064;48,516341648000036;1
213377;08241206416200507420;08;4;16;041;2024;12;19;6;3;0;1;2;0;1;0;0;0;0;0;504287,579199999570847;5373993,503000000491738;9,058062520000021;48,519039040000052;1
213378;08241206416010514500;08;4;16;041;2024;12;16;6;2;5;3;1;0;1;1;0;0;0;0;503195,614000000059605;5373038,273000000044703;9,043267783000033;48,510451941000042;1
213380;08241206415400521460;08;4;15;061;2024;12;15;6;3;2;6;0;0;1;1;0;0;0;0;516070,285500000230968;5370442,296499999240041;9,217486781000048;48,486900154000068;1
213381;08241216115400542180;08;1;15;045;2024;12;17;2;3;6;2;2;1;0;1;1;0;0;0;497879,498999999836087;5396267,630499999970198;8,971170227000073;48,719432889000075;1
213382;08241212115300520860;08;1;15;041;2024;12;11;5;3;6;3;0;0;0;1;1;0;0;0;495737,543999999761581;5402099,820599999278784;8,941988426000023;48,771888368000077;1
213385;08241206337400559890;08;3;37;124;2024;12;14;6;2;0;7;0;0;1;0;0;0;0;0;454329,532100000418723;5282917,466800000518560;8,391301068000075;47,698026733000063;1
213389;08241206326100498130;08;3;26;012;2024;12;12;6;3;5;3;0;0;1;1;0;0;0;0;462426,934899999760091;5311492,690199999138713;8,496739845000036;47,955642990000058;1
213391;08241206311010517930;08;3;11;000;2024;12;07;6;3;5;2;2;1;1;1;0;0;0;0;412007,518400000408292;5314801,279500000178814;7,820841657000074;47,980461090000063;1
213393;08241206231402558820;08;2;31;000;2024;12;12;6;3;6;4;0;0;0;1;1;0;0;0;478791,105999999679625;5415535,563999999314547;8,710655897000038;48,892406309000080;1
213394;08241206231102552040;08;2;36;040;2024;12;09;6;3;6;7;0;1;0;1;1;0;0;0;488423,146300000138581;5421822,981000000610948;8,841882633000068;48,949220899000068;1
213396;08241206215302499340;08;2;15;094;2024;12;18;6;3;3;6;2;0;1;1;0;0;0;0;486746,617399999871850;5439273,205000000074506;8,818414303000054;49,106161220000047;1
213403;08241206119000501610;08;1;19;044;2024;12;11;6;3;6;7;0;1;0;0;1;0;1;0;542548,093899999745190;5425331,750700000673532;9,581476792000046;48,979427647000080;1
213405;08241206117100507970;08;1;17;049;2024;12;11;6;3;5;3;0;1;1;1;0;0;0;0;556036,966300000436604;5392085,702899999916553;9,761261271000023;48,679300286000057;1
213406;08241206116100559900;08;1;16;058;2024;12;16;6;3;4;3;0;0;1;1;0;0;0;0;533254,099100000225008;5395373,553400000557303;9,452034595000043;48,710506607000070;1
213407;08241206115100526010;08;1;15;044;2024;12;17;6;3;5;2;2;0;1;1;0;0;0;0;505289,876199999824166;5390537,202299999073148;9,071846352000023;48,667862603000060;1
213410;08241206111120497740;08;1;11;000;2024;12;20;6;3;6;2;2;0;0;1;1;0;0;0;513161,570799999870360;5403278,377100000157952;9,179164899000057;48,782365971000047;1
213411;08241205426300494540;08;4;26;097;2024;12;07;5;3;6;4;1;0;0;0;1;0;0;1;535244,246399999596179;5334078,952700000256300;9,473929966000071;48,158979288000069;1