OID_;UIDENTSTLAE;ULAND;UREGBEZ;UKREIS;UGEMEINDE;UJAHR;UMONAT;USTUNDE;UWOCHENTAG;UKATEGORIE;UART;UTYP1;ULICHTVERH;IstStrassenzustand;IstRad;IstPKW;IstFuss;IstKrad;IstGkfz;IstSonstige;LINREFX;LINREFY;XGCSWGS84;YGCSWGS84;PLST
213412;08241205426000494920;08;4;25;141;2024;12;12;5;3;0;7;0;0;1;0;0;0;0;0;567552,866299999877810;5363296,429300000891089;9,913014566000072;48,419195811000066;1
213413;08241205425000505100;08;4;25;033;2024;12;07;5;3;2;6;2;0;1;0;0;0;0;1;553688,551300000399351;5347512,554999999701977;9,723635095000077;48,278539565000074;1
213414;08241205421300557200;08;4;21;000;2024;12;09;5;3;6;6;0;0;0;1;1;0;0;0;570990,284799999557436;5360648,145500000566244;9,959018544000060;48,394995767000069;1
213415;08241205421300519510;08;4;21;000;2024;12;07;5;2;6;7;0;0;0;0;1;0;0;1;570865,451700000092387;5359222,266899999231100;9,957091838000053;48,382183577000035;1
213417;08241205415400556960;08;4;15;061;2024;12;07;5;3;6;2;0;1;0;1;1;0;0;0;515922,083100000396371;5371766,279999999329448;9,215531579000071;48,498814943000070;1
213418;08241205326200515640;08;3;26;074;2024;12;05;5;2;6;7;2;0;0;1;1;0;0;0;464339,127700000070035;5322162,899399999529123;8,521464036000054;48,051750817000027;1
213419;08241205326000520800;08;3;35;043;2024;12;15;5;2;5;3;0;0;1;1;0;0;0;0;512737,718399999663234;5284728,378299999982119;9,169826611000076;47,715809466000053;1
213427;08241205222800563300;08;2;22;000;2024;12;12;5;3;6;7;0;0;0;0;1;0;0;1;463827,607699999585748;5485386,250499999150634;8,500228759000038;49,520017292000034;1
213429;08241205222400505980;08;2;26;036;2024;12;11;5;3;6;7;0;0;0;1;1;0;0;0;468571,111700000241399;5480040,232999999076128;8,566189871000063;49,472196622000070;1
213430;08241205221400518800;08;2;26;018;2024;12;08;5;3;5;3;0;0;1;1;0;0;0;0;473474,898000000044703;5472060,323999999091029;8,634408723000035;49,400653380000051;1
213431;08241205221400507840;08;2;26;018;2024;12;14;5;3;5;3;0;0;1;1;0;0;0;0;472854,298600000329316;5471489,935699999332428;8,625894262000031;49,395495489000041;1
213433;08241221416200540130;08;4;16;041;2024;12;12;7;3;5;3;0;0;1;1;0;0;0;0;504468,716300000436604;5373525,841299999505281;9,060510471000043;48,514830519000043;1
213434;08241205212502495760;08;2;12;000;2024;12;11;5;3;6;7;0;0;0;1;1;0;0;0;456008,879200000315905;5429042,023600000888109;8,398401649000050;49,012700944000073;1
213437;08241205125102511810;08;1;21;000;2024;12;16;5;2;6;2;2;1;0;1;1;0;0;0;516438,955099999904633;5443198,381599999964237;9,225391134000063;49,141392668000037;1
213438;08241205121500557230;08;1;25;005;2024;12;11;5;3;6;4;0;0;0;1;1;0;0;0;515502,825000000186265;5452853,406999999657273;9,212928466000051;49,228266520000034;1
213439;08241205121100506350;08;1;25;026;2024;12;17;5;3;6;4;2;1;0;1;1;0;0;0;493726,205000000074506;5442604,403999999165535;8,913990234000039;49,136237550000033;1
213443;08241205119200521290;08;1;19;020;2024;12;07;5;2;6;2;0;0;0;0;1;0;0;1;519300,030700000002980;5408609,584499999880791;9,262975965000066;48,830164404000072;1
213444;08241216221011535290;08;2;26;098;2024;12;19;2;3;3;3;2;0;1;0;0;0;0;1;476656,038700000382960;5459581,163100000470877;8,678984182000022;49,288534453000068;1
213445;08241205119200508210;08;1;19;020;2024;12;17;5;3;6;4;2;1;0;1;1;0;0;0;520992,431699999608099;5406880,311200000345707;9,285947275000069;48,814553329000034;1
213446;08241223222500573010;08;2;22;000;2024;12;15;2;3;3;2;0;1;1;1;0;0;0;0;461952,966799999587238;5479284,714400000870228;8,474916534000045;49,465022453000074;1
213447;08241205119100506180;08;1;19;008;2024;12;18;5;2;6;4;2;1;0;1;1;0;0;0;531523,058400000445545;5422461,930999999865890;9,430587792000040;48,954273437000040;1
213448;08241205118300504460;08;1;18;003;2024;12;20;5;3;6;3;2;0;0;1;1;0;0;0;509792,623999999836087;5417000,460000000894070;9,133632514000055;48,905869749000033;1
213449;08241205118100520540;08;1;18;079;2024;12;13;5;3;0;1;0;0;1;0;0;0;0;0;507849,915699999779463;5422995,504000000655651;9,107237344000055;48,959827073000042;1
213450;08241205118010523020;08;1;18;048;2024;12;17;5;2;2;2;2;1;1;1;0;0;0;0;514616,866200000047684;5415920,736600000411272;9,199426294000034;48,896061792000069;1
213453;08241205116000494800;08;4;16;025;2024;12;07;5;3;6;2;1;0;0;1;1;0;0;0;503920,059999999590218;5361291,877499999478459;9,052966546000050;48,404771814000071;1
213454;08241205111500518470;08;1;11;000;2024;12;18;5;3;6;2;2;0;0;1;1;0;0;0;510496,350800000131130;5406362,627000000327826;9,142962932000046;48,810162286000036;1
213455;08241205111500507270;08;1;11;000;2024;12;18;5;2;1;5;2;1;1;1;0;0;0;0;517230,431900000199676;5399342,628100000321865;9,234387957000024;48,746860921000064;1
213456;08241205111500496420;08;1;11;000;2024;12;17;5;3;6;2;2;1;0;1;1;0;0;0;515485,570799999870360;5407642,678999999538064;9,210965270000031;48,821573129000058;1
213458;08241205111250501720;08;1;11;000;2024;12;11;5;3;6;4;0;0;0;1;1;0;0;0;515258,726400000043213;5403600,988099999725819;9,207724704000043;48,785220235000054;1
213462;08241206119300505720;08;1;19;067;2024;12;20;6;3;0;7;2;0;1;0;0;0;0;0;539233,350399999879301;5405707,549499999731779;9,534294199000044;48,803119649000053;1
213464;08241204426200493790;08;4;26;070;2024;12;07;4;3;6;4;1;1;0;1;1;0;0;0;564321,787800000049174;5343692,156400000676513;9,866357392000054;48,243181164000077;1
213466;08241204416100516160;08;4;16;036;2024;12;23;4;3;6;4;2;0;1;0;1;0;0;0;495450,589900000020862;5369144,596400000154972;8,938444594000032;48,475414492000027;1
213467;08241204415400528140;08;4;15;061;2024;12;08;4;3;5;3;0;1;1;1;0;0;0;0;515416,765700000338256;5372590,529400000348687;9,208721768000032;48,506242773000054;1
213470;08241204335100492740;08;3;35;043;2024;12;01;4;2;0;1;2;1;1;0;0;0;0;0;514718,303399999625981;5280384,830600000917912;9,196086185000070;47,676685789000032;1
213472;08241204317600493530;08;3;17;129;2024;12;14;4;3;0;1;0;1;1;0;0;0;0;0;430403,534099999815226;5349396,180099999532104;8,061667965000026;48,293934838000041;1
213473;08241204311010516980;08;3;11;000;2024;12;18;4;3;2;6;2;0;1;1;0;0;0;0;411140,717699999921024;5315098,326999999582767;7,809167071000047;47,983013296000081;1
213476;08241204222400553920;08;2;26;038;2024;12;07;4;3;5;7;0;0;1;0;0;0;0;0;470608,120699999853969;5480927,157600000500679;8,594239855000069;49,480276223000033;1
213477;08241204215502504480;08;2;15;066;2024;12;13;4;3;5;3;0;0;1;1;0;0;0;0;460329,439699999988079;5453579,159399999305606;8,455071271000065;49,233705833000045;1
213480;08241204136100494180;08;1;36;088;2024;12;23;4;3;0;7;2;1;1;0;0;0;0;0;579076,256199999712408;5409800,940500000491738;10,077603609000050;48,836145265000027;1
213481;08241204136000505640;08;1;36;065;2024;12;13;4;3;6;4;0;0;0;0;1;0;0;1;558156,487599999643862;5405626,224799999967217;9,791963384000042;48,800905670000077;1
213485;08241204119200533560;08;1;19;020;2024;12;05;4;3;6;2;2;1;0;1;1;0;0;0;519444,859699999913573;5409029,007699999958277;9,264969231000066;48,833932926000045;1
213488;08241204111250502200;08;1;11;000;2024;12;11;4;3;6;4;0;0;0;0;1;0;0;1;515875,961000000126660;5403440,244100000709295;9,216121159000068;48,783758750000061;1
213489;08241204111230513400;08;1;11;000;2024;12;09;4;3;5;3;0;1;1;1;0;0;0;0;509871,298600000329316;5397089,212400000542402;9,134227059000068;48,726749310000059;1
213490;08241203426300492810;08;4;26;097;2024;12;07;3;3;6;4;0;1;0;1;1;0;0;0;534946,107699999585748;5333603,995999999344349;9,469882011000038;48,154722734000075;1
213491;08241203426100569420;08;4;26;021;2024;12;16;3;3;6;2;1;0;0;1;1;0;0;0;557291,971300000324845;5328331,996200000867248;9,769610677000060;48,105674066000063;1
213493;08241203417300514200;08;4;17;008;2024;12;13;3;3;6;4;0;0;0;1;1;0;0;0;493643,840900000184774;5351279,543299999088049;8,914269002000026;48,314674874000048;1
213497;08241203336200492900;08;3;36;105;2024;12;20;3;2;5;3;2;0;1;1;0;0;0;0;400084,543999999761581;5267217,828999999910593;7,672048976000042;47,550691261000054;1
213501;08241203335100528300;08;3;35;043;2024;12;18;3;3;5;3;2;1;1;1;0;0;0;0;512834,083800000138581;5278791,378200000151992;9,170936768000047;47,662388586000077;1
213505;08241203317500494030;08;3;17;096;2024;12;17;3;3;5;3;2;1;1;1;0;0;0;0;422233,459499999880791;5368757,525000000372529;7,947950471000070;48,467140225000037;1
264770;08240101116400898880;08;1;16;033;2024;01;14;2;3;0;7;0;0;1;0;0;0;0;0;536932,047157135675661;5386499,056726075708866;9,501235866000059;48,630466528000056;2
264771;08240101311400898630;08;3;15;008;2024;01;13;2;2;0;7;0;1;1;0;0;0;0;0;403888,909062926773913;5301172,848333557136357;7,715113434000045;47,856704511000032;2
264772;08240103335100950550;08;3;35;043;2024;01;08;4;3;0;6;0;1;1;0;0;0;0;0;512281,918687440338545;5279829,394055535085499;9,163611714000069;47,671739037000066;2
264773;08240106118010922190;08;1;18;046;2024;01;19;7;3;7;7;2;0;1;0;0;0;0;0;514346,642669241409749;5411781,972940882667899;9,195594291000077;48,858836800000063;2
264774;08240106326200909160;08;3;26;061;2024;01;09;7;3;8;1;0;1;1;0;0;0;0;0;472236,139115932048298;5319194,926216247491539;8,627624459000060;48,025440634000063;2
264775;08240108118300905100;08;1;18;071;2024;01;08;2;3;0;1;1;1;1;0;0;0;0;0;510995,553166798315942;5419362,111135329119861;9,150111563000053;48,927094304000036;2
264776;08240108126200941090;08;1;26;011;2024;01;03;2;3;9;1;2;2;1;0;0;0;0;0;532514,826842406182550;5446180,439993358217180;9,446039615000075;49,167575979000048;2
264777;08240108416200915780;08;4;16;041;2024;01;12;2;3;0;7;0;0;1;0;0;0;0;0;505684,705237437970936;5373275,156532028689981;9,076972634000072;48,512565433000077;2
264778;08240110311010919350;08;3;11;000;2024;01;20;4;3;2;7;2;1;1;1;0;0;0;0;411252,481893857475370;5316177,412729623727500;7,810441465000054;47,992735474000028;2
264779;08240111111230910550;08;1;11;000;2024;01;11;5;3;0;1;0;2;1;0;0;0;0;0;511231,640418076829519;5397675,647844582796097;9,152740506000043;48,732001857000057;2
264780;08240113119200943550;08;1;19;093;2024;01;14;7;3;0;1;0;2;1;0;0;0;0;0;522502,461938153661322;5403466,013074909336865;9,306328688000065;48,783786122000038;2
264781;08240113221200961280;08;2;21;000;2024;01;17;7;3;5;3;2;0;1;1;0;0;0;0;477657,612560097477399;5473210,612276971340179;8,691992740000046;49,411167957000032;2
264782;08240115115100919070;08;1;15;050;2024;01;06;2;3;0;7;2;2;1;0;0;0;0;0;487801,361593380803242;5399041,534713713452220;8,834068784000067;48,744271180000055;2
264783;08240115416010962190;08;4;15;061;2024;01;14;2;2;4;3;0;2;1;1;0;0;0;0;514119,889413947705179;5373476,635412428528070;9,191193943000030;48,514244976000043;2
264784;08240116221300935500;08;2;21;000;2024;01;11;3;3;0;1;0;2;1;0;0;0;0;0;475350,138817281054799;5475678,168606601655483;8,660029669000039;49,433274019000066;2
264785;08240117316200934400;08;3;16;009;2024;01;01;4;2;0;7;2;2;1;0;0;0;0;0;418795,673311936145183;5323808,004132284782827;7,910083061000023;48,062379038000074;2
264786;08240119115100945890;08;1;15;048;2024;01;11;6;3;1;1;0;2;1;1;0;0;0;0;510154,814354791189544;5387126,956611819565296;9,137837454000021;48,637123412000051;2
264787;08240119335400930600;08;3;35;099;2024;01;08;6;3;0;1;0;2;1;0;0;0;0;0;497579,495259396964684;5298765,535092562437057;8,967650111000069;47,842230380000046;2
264788;08240119416200959790;08;4;16;041;2024;01;12;6;2;0;1;0;2;1;0;0;0;0;0;501008,303328212932684;5370937,858771305531263;9,013647093000031;48,491563098000029;2
264789;08240120121200948670;08;1;25;058;2024;01;14;7;3;6;6;0;0;1;0;1;0;0;0;510069,903356441296637;5443175,871116413734853;9,138066163000076;49,141327615000080;2
264790;08240122216300937450;08;2;16;033;2024;01;07;2;2;0;1;2;1;1;0;0;0;0;0;446060,976288204023149;5412047,967719205655158;8,264619186000061;48,859050429000035;2
264791;08240122421300972180;08;4;21;000;2024;01;17;2;2;5;3;2;1;1;1;0;0;0;0;572604,239205581950955;5355919,891009192913771;9,980001804000040;48,352280004000079;2
264792;08240125116100977370;08;1;16;019;2024;01;16;5;2;0;1;0;0;1;0;0;0;0;0;521612,869034130650107;5399010,990935554727912;9,293984719000036;48,743740877000050;2
264793;08240126417100954010;08;4;17;079;2024;01;10;6;3;0;7;0;1;1;0;0;0;0;0;500752,215103705646470;5344373,647623963654041;9,010133482000072;48,252575822000040;2
264794;08240127128300969010;08;1;28;131;2024;01;10;7;3;0;1;0;2;1;0;0;0;0;0;538772,427243912126869;5507199,602581793442369;9,537847716000044;49,716051393000043;2
264795;08240128118200959180;08;1;18;019;2024;01;12;1;2;0;1;0;2;1;0;0;0;0;0;504432,287068561709020;5402451,036983533762395;9,060326741000040;48,775046712000062;2
264796;08240128121600983440;08;1;25;102;2024;01;16;1;2;0;1;1;2;1;0;0;0;0;0;521816,883573299506679;5441752,687168087810278;9,299047644000041;49,128220763000058;2
264797;08240129116500976710;08;1;16;041;2024;01;15;2;2;0;7;0;1;1;0;0;0;0;0;521672,638277480495162;5384522,519504796713591;9,294038145000059;48,613400486000046;2
264798;08240129136000615560;08;1;36;065;2024;01;17;2;3;0;1;1;0;1;0;0;0;0;0;561343,743274824577384;5404873,162968670949340;9,835249624000028;48,793825535000053;2
264799;08240131121500976390;08;1;25;039;2024;01;07;4;3;0;7;2;0;1;0;0;0;0;1;517002,460334517061710;5461371,393624827265739;9,233887395000067;49,304847065000047;2
264800;08240131311010967070;08;3;11;000;2024;01;12;4;3;0;7;0;1;1;0;0;0;0;0;419071,568218528933357;5314612,612930471077561;7,915521892000072;47,979696612000055;2
264801;08240131426100979810;08;4;26;128;2024;01;13;4;2;0;1;0;0;1;0;0;0;0;0;558580,525934963603504;5333085,086851056665182;9,787571824000054;48,148316307000073;2
264802;08240201225100023090;08;2;25;117;2024;02;16;5;3;0;7;0;1;1;0;1;0;0;0;513182,012407263391651;5469911,839328885078430;9,181615793000049;49,381763074000048;2
264803;08240202311010026500;08;3;11;000;2024;02;16;6;3;3;2;0;0;1;0;0;0;0;0;413822,647289083979558;5317198,204766371287405;7,844679211000027;48,002269421000051;2
264804;08240203435100995850;08;4;35;057;2024;02;16;7;3;6;6;0;0;1;0;1;0;0;0;544537,276804560911842;5278519,780323884449899;9,593147904000034;47,658538941000074;2
264805;08240203436400995170;08;4;36;012;2024;02;13;7;3;5;7;0;0;1;1;0;0;0;0;547206,447298299288377;5298407,433600654825568;9,630852345000051;47,837279682000030;2
264806;08240205118500996670;08;1;18;049;2024;02;09;2;3;3;5;0;0;1;1;0;0;0;0;519265,604785642179195;5420366,115614273585379;9,263060979000045;48,935923761000026;2
264807;08240206311010001130;08;3;15;098;2024;02;17;3;2;5;3;1;0;1;1;0;0;0;0;407712,706639568845276;5311835,268724692985415;7,763938679000034;47,953176231000043;2
264808;08240207337010014370;08;3;37;053;2024;02;16;4;2;3;6;0;1;1;0;0;0;0;0;460144,398184625664726;5269364,755531930364668;8,470032811000067;47,576472876000025;2
264809;08240208128200010730;08;1;28;139;2024;02;07;5;3;0;7;0;1;1;0;0;0;0;0;551150,317876702873036;5491182,553270483389497;9,707450060000042;49,571070816000031;2
264810;08240208416200011720;08;4;16;041;2024;02;18;5;2;4;6;1;0;1;0;0;0;0;0;505584,281024300842546;5373307,144099176861346;9,075613289000046;48,512854107000067;2
264811;08240209311010024250;08;3;11;000;2024;02;22;6;2;0;7;2;1;1;0;0;0;0;0;412890,501674784813076;5316264,692088721320033;7,832374758000071;47,993745827000055;2
264812;08240211117400043700;08;1;17;051;2024;02;13;1;3;0;1;0;0;1;0;0;0;0;0;542080,817079210770316;5395916,371263921260834;9,572069028000044;48,714856408000060;2
264813;08240211119400008450;08;1;19;079;2024;02;17;1;3;0;7;0;1;1;0;0;0;0;0;524724,575548702850938;5407440,504263371229172;9,336817381000060;48,819455375000075;2
264814;08240211126100032970;08;1;26;046;2024;02;16;1;2;9;7;0;1;1;0;0;0;0;0;549831,010132921161130;5457967,566728465259075;9,685032832000047;49,272435069000039;2
264815;08240212212502009780;08;2;12;000;2024;02;16;2;3;0;7;0;0;1;0;0;0;0;0;454019,074874794110656;5431703,566015552729368;8,370890137000060;49,036496538000051;2
264816;08240212311010016760;08;3;11;000;2024;02;16;2;2;6;6;0;0;1;0;1;0;0;0;413838,053899992024526;5317227,880953958258033;7,844879752000054;48,002538446000074;2
264817;08240213311010019430;08;3;11;000;2024;02;07;3;2;5;3;0;0;1;0;0;0;0;1;412014,912414364342112;5317241,348067977465689;7,820440562000044;48,002411238000036;2
264818;08240214311010016320;08;3;11;000;2024;02;12;4;3;0;6;0;0;1;1;0;0;0;0;416418,970999999903142;5315663,364000000059605;7,879778275000035;47,988807564000069;2
264819;08240215116400042860;08;1;16;027;2024;02;06;5;2;7;7;0;0;1;0;0;0;0;0;534241,640676269307733;5392858,162593698129058;9,465249556000060;48,687825230000044;2
264820;08240215231102034520;08;2;36;040;2024;02;19;5;2;0;7;2;0;1;0;0;0;0;0;492707,769640713813715;5418747,270198685117066;8,900457184000061;48,921618084000045;2
264821;08240215317300030300;08;3;17;065;2024;02;06;5;3;8;6;2;0;1;1;0;0;0;0;416838,756664506276138;5356818,281114483252168;7,877350330000070;48,359058866000055;2
264822;08240215335100075890;08;3;35;002;2024;02;15;5;3;8;7;0;0;1;0;1;0;0;0;504545,649914763402194;5290480,099977890029550;9,060665442000072;47,767670750000036;2
264823;08240216135200019880;08;1;35;019;2024;02;14;6;3;0;1;0;0;1;0;0;0;0;0;585214,706000962760299;5392422,040984368883073;10,157639743000061;48,679024625000068;2
264824;08240216311010043520;08;3;11;000;2024;02;23;6;3;0;1;2;0;1;0;0;0;0;0;412535,334682595683262;5317116,874975265935063;7,827441389000057;48,001362988000039;2
264825;08240216335100045970;08;3;35;043;2024;02;14;6;3;0;7;0;0;1;0;0;0;0;1;514022,221897206385620;5279300,193470026366413;9,186777791000054;47,666942070000061;2
264826;08240217119500042660;08;1;19;068;2024;02;08;7;3;6;4;0;0;1;0;1;0;0;0;525742,836466615088284;5412448,085984980687499;9,351003298000023;48,864460692000080;2
264827;08240217317500036180;08;3;17;047;2024;02;10;7;3;3;6;0;0;1;1;0;0;0;0;418127,881857406347990;5364249,747469058260322;7,893300899000053;48,426072600000055;2
264828;08240218222800053330;08;2;22;000;2024;02;15;1;3;6;4;0;1;1;0;1;0;0;0;462444,537650429876521;5487004,906829725019634;8,480966447000071;49,534492054000054;2
264829;08240218311010028460;08;3;11;000;2024;02;14;1;2;0;7;0;0;1;0;0;0;0;0;413545,816997508518398;5316463,166279435157776;7,841116827000064;47,995620114000076;2
264830;08240219119400030540;08;1;19;091;2024;02;18;2;3;6;6;2;0;1;0;1;0;0;0;526039,486373702064157;5406278,774031827226281;9,354656047000049;48,808951030000060;2
264831;08240219311010026840;08;3;36;050;2024;02;10;2;3;0;7;0;0;1;0;0;0;0;0;400923,126186314621009;5276242,918009531684220;7,681152878000034;47,632004465000080;2
264832;08240220116010057580;08;1;16;073;2024;02;17;3;2;0;7;0;0;1;0;0;0;0;1;521609,473013971117325;5388397,484379766508937;9,293383201000040;48,648262156000044;2
264833;08240220116200059230;08;1;16;077;2024;02;19;3;3;7;7;2;1;1;0;0;0;0;0;512207,162233160459436;5388043,481472318060696;9,165722112000026;48,645331894000037;2
264834;08240220119400047810;08;1;19;090;2024;02;13;3;3;4;6;0;0;1;0;0;1;0;0;530705,581420970964245;5406474,672260617837310;9,418220966000035;48,810500227000034;2
264835;08240221311010060870;08;3;11;000;2024;02;13;4;3;0;7;0;0;1;0;0;0;0;1;412892,873629848472774;5316935,681817837059498;7,832270340000036;47,999781919000043;2
264836;08240222221011057380;08;2;21;000;2024;02;16;5;2;0;7;0;1;1;1;0;0;0;0;476386,660658679902554;5471819,979454231448472;8,674554650000061;49,398611444000039;2
264837;08240222221011058170;08;2;21;000;2024;02;08;5;2;5;3;0;1;1;1;0;0;0;0;476405,232298489310779;5475497,330286600627005;8,674592002000054;49,431689278000079;2
264838;08240223116500056360;08;1;16;068;2024;02;16;6;3;0;1;0;1;1;0;0;0;0;0;524304,246795925195329;5389253,408754083327949;9,330018720000055;48,655863070000066;2
264839;08240224115300073870;08;1;15;042;2024;02;13;7;3;0;7;0;1;1;1;0;0;0;0;496881,369527503498830;5404133,243131351657212;8,957540338000058;48,790187734000028;2
264840;08240225437100045460;08;4;37;100;2024;02;14;1;3;3;6;0;0;1;0;0;0;0;0;539631,286248512915336;5314163,597343216650188;9,531073425000045;47,979548645000079;2
264841;08240226118500045620;08;1;18;049;2024;02;07;2;3;0;1;0;1;1;0;0;0;0;0;519348,704104951466434;5421155,805015790276229;9,264233136000030;48,943024910000076;2
264842;08240227115100064130;08;1;15;051;2024;02;15;3;2;0;7;0;0;1;0;0;0;0;0;503208,779000000096858;5385217,324999999254942;9,043539980000048;48,620018231000074;2
264843;08240227335100067270;08;3;35;043;2024;02;13;3;3;0;1;0;0;1;0;0;0;0;0;513152,308622773736715;5279603,893129112198949;9,175199636000059;47,669692936000047;2
264844;08240229335100064860;08;3;35;043;2024;02;22;5;3;0;1;2;0;1;0;0;0;0;0;509994,605128072667867;5287595,073951110243797;9,133319766000056;47,741651113000046;2
264845;08240301117300416450;08;1;17;026;2024;03;12;6;3;4;6;0;0;1;0;0;0;0;0;547683,213744410546497;5394381,877025343477726;9,648048927000048;48,700649574000067;2
264846;08240301311010350220;08;3;11;000;2024;03;23;6;3;4;6;2;0;1;0;0;1;0;0;410396,359543324622791;5317339,116420766338706;7,798726139000053;48,003065849000052;2
264847;08240302121100360130;08;1;25;026;2024;03;17;7;3;0;1;0;0;1;0;0;0;0;0;498813,709091948345304;5438495,088706024922431;8,983748773000059;49,099303375000034;2
264848;08240302121400394340;08;1;25;017;2024;03;14;7;3;0;1;0;0;1;0;0;0;0;0;503184,603101073182188;5433003,763281540945172;9,043583249000051;49,049899074000052;2
264849;08240302121400423480;08;1;25;074;2024;03;14;7;3;0;7;0;0;1;0;0;0;0;0;508516,540648421039805;5439978,194479958154261;9,116700884000068;49,112586740000040;2
264850;08240302221400451950;08;2;21;000;2024;03;10;7;3;0;7;0;0;1;0;0;0;0;0;475502,815998120233417;5470546,825673088431358;8,662451965000059;49,387124695000068;2
264851;08240302421200394890;08;4;21;000;2024;03;15;7;3;6;4;0;0;1;0;1;0;0;0;574272,917020102264360;5361153,354257540777326;10,003446577000034;48,399162068000066;2
264852;08240303111310418000;08;1;11;000;2024;03;07;1;3;0;7;0;0;1;0;0;0;0;0;516046,942420365463477;5404528,484606349840760;9,218491228000062;48,793544046000079;2
264853;08240303116000417570;08;4;16;036;2024;03;16;1;3;0;6;0;0;1;1;0;0;0;0;494164,809857708285563;5363144,518073889426887;8,921131103000050;48,421424328000057;2
264854;08240303116200395320;08;1;16;078;2024;03;16;1;3;6;6;0;0;1;0;1;0;0;0;509294,287968594697304;5391356,958917185664177;9,126252022000074;48,675190465000071;2
264855;08240303121300429670;08;1;21;000;2024;03;11;1;2;0;7;0;0;1;0;0;0;0;0;514758,718161961878650;5444203,281499516218901;9,202390723000065;49,150474746000043;2
264856;08240303121600365060;08;1;25;001;2024;03;14;1;3;0;7;0;0;1;0;0;0;0;0;521582,447415324044414;5434377,023583271540701;9,295440231000043;49,061882382000078;2
264857;08240303416200396420;08;4;16;009;2024;03;14;1;2;0;1;0;0;1;0;0;0;0;0;507857,243895273073576;5383070,947941631078720;9,106574363000050;48,600667850000036;2
264858;08240304119200472230;08;1;19;093;2024;03;13;2;2;0;1;0;0;1;0;0;0;0;0;522482,939785592607222;5405086,208715789951384;9,306151596000063;48,798361808000038;2
264859;08240304212010382970;08;2;12;000;2024;03;18;2;3;5;3;2;0;1;1;0;0;0;0;451292,664274148643017;5431924,217183596454561;8,333563509000044;49,038271911000038;2
264860;08240305111120435000;08;1;11;000;2024;03;07;3;3;0;1;0;1;1;0;0;0;0;0;513843,734241136582568;5403571,529184715822339;9,188460827000029;48,784988332000069;2
264861;08240305311010374640;08;3;15;115;2024;03;11;3;3;5;3;0;1;1;0;0;0;0;1;408813,303157609654590;5320022,270121335051954;7,776937085000043;48,026977244000079;2
264862;08240306119400408930;08;1;19;079;2024;03;16;4;3;0;7;0;1;1;0;0;0;0;0;524331,715287242201157;5408093,262492856010795;9,331504353000071;48,825342933000059;2
264863;08240306212010452880;08;2;12;000;2024;03;20;4;3;5;3;2;1;1;1;0;0;0;0;454111,809786288649775;5426563,901091541163623;8,372739975000059;48,990271877000055;2
264864;08240307121500450560;08;1;25;078;2024;03;05;5;3;4;6;2;0;1;0;0;0;0;0;516896,517119230586104;5453847,886201524175704;9,232112322000035;49,237175168000078;2
264865;08240308115300429560;08;1;15;028;2024;03;07;6;3;9;7;1;1;1;0;0;0;0;0;497610,337486642354634;5404069,204053467139602;8,967465493000077;48,789614872000072;2
264866;08240308116200478380;08;1;16;078;2024;03;14;6;3;2;7;0;0;1;0;0;0;0;1;509424,387739569414407;5392431,503173880279064;9,128043768000055;48,684855219000042;2
264867;08240308126100432670;08;1;26;045;2024;03;16;6;2;0;7;0;0;1;0;0;0;0;0;543419,745174788287841;5470249,502164556644857;9,598238877000028;49,383395231000065;2
264868;08240308226600398980;08;2;26;096;2024;03;16;6;3;0;7;0;0;1;0;0;0;0;1;474947,505634248314891;5489852,088534189388156;8,653577950000056;49,560747357000025;2
264869;08240309225100401120;08;2;25;118;2024;03;17;7;2;0;1;0;0;1;0;0;0;0;0;506741,480200255580712;5477488,764945817179978;9,093009938000023;49,450022507000028;2
264870;08240309235100460250;08;2;35;079;2024;03;14;7;3;7;7;0;0;1;0;0;0;0;1;462040,003435567603447;5392075,263192535378039;8,484302174000049;48,680567368000027;2
264871;08240309311010705870;08;3;15;015;2024;03;15;7;3;4;6;0;0;1;0;0;0;0;0;397343,499083306756802;5321441,217500783503056;7,622799017000034;48,037999479000064;2
264872;08240309426010401860;08;4;26;090;2024;03;16;7;3;9;7;0;0;1;0;0;0;0;0;549044,057563898037188;5324948,907983335666358;9,658434928000077;48,075926836000065;2
264873;08240311222800423030;08;2;22;000;2024;03;12;2;3;5;3;0;0;1;1;0;0;0;0;462462,919295841536950;5486893,446809675544500;8,481231089000062;49,533490676000042;2
264874;08240311311010460160;08;3;11;000;2024;03;17;2;3;4;6;0;0;1;0;0;0;0;0;412060,463712857104838;5316741,706403881311417;7,821153516000038;47,997923089000039;2
264875;08240311335100499620;08;3;35;043;2024;03;18;2;3;9;1;0;0;1;0;0;0;0;0;508114,289685334661044;5286867,879465859383345;9,108224405000044;47,735134516000073;2
264876;08240312116100504520;08;1;16;019;2024;03;20;3;3;7;7;0;0;1;0;0;0;0;1;523593,006972971605137;5397381,919082661159337;9,320825459000048;48,729014070000062;2
264877;08240312222600510620;08;2;22;000;2024;03;12;3;3;9;5;0;1;1;1;0;0;0;0;462827,684008978481870;5482758,837362235412002;8,486661358000049;49,496324633000029;2
264878;08240313111210466480;08;1;11;000;2024;03;06;4;3;0;7;1;1;1;0;0;0;0;0;509799,766434858203866;5398005,700114385224879;9,133276176000038;48,734995176000041;2