OID_;UIDENTSTLAE;ULAND;UREGBEZ;UKREIS;UGEMEINDE;UJAHR;UMONAT;USTUNDE;UWOCHENTAG;UKATEGORIE;UART;UTYP1;ULICHTVERH;IstStrassenzustand;IstRad;IstPKW;IstFuss;IstKrad;IstGkfz;IstSonstige;LINREFX;LINREFY;XGCSWGS84;YGCSWGS84;PLST
264879;08240314111500486880;08;1;11;000;2024;03;08;5;3;4;6;0;0;1;0;0;0;0;0;515156,592163053748664;5404613,387805466540158;9,206371655000055;48,794330167000055;2
264880;08240314222301061080;08;2;22;000;2024;03;12;5;3;5;3;0;0;1;1;0;0;0;0;462920,828901773376856;5482848,042084478773177;8,487939236000045;49,497132683000075;2
264881;08240314222700600900;08;2;22;000;2024;03;17;5;3;4;6;0;0;1;0;0;0;0;0;462136,698456397978589;5482271,475945182144642;8,477166164000039;49,491898341000081;2
264882;08240314311400481080;08;3;15;074;2024;03;16;5;2;8;1;0;0;1;0;0;0;0;0;394435,133372824057005;5296246,583252598531544;7,589967120000040;47,810910398000033;2
264883;08240314317100513560;08;3;17;001;2024;03;07;5;3;5;3;0;1;1;1;0;0;0;0;431224,592808849585708;5387148,142332742922008;8,066529385000024;48,633613725000032;2
264884;08240314416100552510;08;4;16;036;2024;03;11;5;3;4;7;0;0;1;0;0;0;0;1;494329,579795391298831;5363347,911819159053266;8,923355393000065;48,423255667000035;2
264885;08240315222301520860;08;2;22;000;2024;03;08;6;3;0;7;0;0;1;0;0;0;0;0;464197,061245012795553;5483925,106083047576249;8,505465587000060;49,506896997000069;2
264886;08240317111120501910;08;1;11;000;2024;03;10;1;3;5;3;0;0;1;1;0;0;0;0;514021,508000000379980;5405651,458000000566244;9,190951922000067;48,803695158000039;2
264887;08240317111230458970;08;1;11;000;2024;03;11;1;3;4;6;0;0;1;0;0;0;0;0;509853,430901343410369;5398107,623154827393591;9,134008444000074;48,735911230000056;2
264888;08240317121400499480;08;1;25;013;2024;03;10;1;3;0;1;0;0;1;0;0;0;0;0;506837,253285385784693;5435674,155481892637908;9,093617067000025;49,073890904000052;2
264889;08240317221200608040;08;2;21;000;2024;03;15;1;3;0;7;0;0;1;0;0;0;0;0;479505,411572031967808;5472915,478758929297328;8,717480987000044;49,408578317000035;2
264890;08240317226500542110;08;2;26;085;2024;03;16;1;3;0;7;0;0;1;0;0;0;0;0;492033,977652357541956;5454803,384888159111142;8,890549098000065;49,245951441000045;2
264891;08240317316100540940;08;3;16;051;2024;03;11;1;2;0;6;0;0;1;0;1;0;0;0;399387,570909522532020;5334699,002531824633479;7,647087992000024;48,157572396000035;2
264892;08240318311010471200;08;3;11;000;2024;03;15;2;3;0;7;0;0;1;0;0;0;0;0;414984,100691688596271;5318940,010210212320089;7,859901473000036;48,018093167000075;2
264893;08240318415400563680;08;4;15;061;2024;03;16;2;3;5;3;0;0;1;1;0;0;0;0;512928,430179060960654;5370617,218801844865084;9,174972211000068;48,488546308000082;2
264894;08240319231102609360;08;2;36;040;2024;03;17;3;2;5;3;0;0;1;0;0;0;0;1;488942,577423079230357;5425158,849250691011548;8,848886387000050;48,979238680000037;2
264895;08240319311010509480;08;3;15;064;2024;03;10;3;2;0;7;0;0;1;0;0;0;0;0;419316,067313480249140;5314166,304834423586726;7,918881517000045;47,975712679000026;2
264896;08240319311010521780;08;3;11;000;2024;03;11;3;3;3;6;0;0;1;0;0;0;0;0;413388,674967374361586;5316018,382307806983590;7,839100607000034;47,991597859000080;2
264897;08240319426010550370;08;4;21;000;2024;03;17;3;3;4;6;0;0;1;0;0;0;0;0;573526,545275393058546;5360745,783077141270041;9,993293107000056;48,395583373000079;2
264898;08240320212502638020;08;2;12;000;2024;03;14;4;3;0;7;0;0;1;0;0;0;0;0;454341,354439178772736;5427107,632511796429753;8,375816396000062;48,995179807000056;2
264899;08240320311010494580;08;3;11;000;2024;03;16;4;3;5;3;0;0;1;0;0;0;0;0;411958,862439757154789;5316645,218236636370420;7,819811627000036;47,997041167000077;2
264900;08240321121500529430;08;1;25;065;2024;03;08;5;3;0;7;0;1;1;0;0;0;0;0;515228,925072489480954;5448863,760739321820438;9,209015181000041;49,192385618000060;2
264901;08240321211100541410;08;2;11;000;2024;03;16;5;3;0;1;0;0;1;0;0;0;0;0;443906,732619048911147;5396835,026513145305216;8,237328759000036;48,722016766000081;2
264902;08240321311010501930;08;3;11;000;2024;03;16;5;3;0;7;0;0;1;0;0;0;0;0;411201,568977638904471;5315830,727469651959836;7,809830906000059;47,989609883000071;2
264903;08240321317500498800;08;3;17;096;2024;03;15;5;3;4;2;0;0;1;0;0;0;0;0;421411,724453841801733;5368210,045801166445017;7,936938629000053;48,462113557000066;2
264904;08240322115300507410;08;1;15;042;2024;03;16;6;3;0;7;0;0;1;0;0;0;0;0;494785,534052475239150;5407260,114144797436893;8,928966173000049;48,818302762000030;2
264905;08240322216300542760;08;2;16;015;2024;03;16;6;2;0;1;0;0;1;0;0;0;0;0;455336,847897589555942;5405930,593515209853649;8,391740590000040;48,804759573000069;2
264906;08240322235100593570;08;2;35;084;2024;03;18;6;2;8;1;0;1;1;0;0;0;0;0;472184,042533507919870;5394679,903401549905539;8,621932867000055;48,704532913000037;2
264907;08240325111240538020;08;1;11;000;2024;03;13;2;3;0;7;0;0;1;0;0;0;0;0;521033,648655522905756;5403169,618282768875360;9,286318662000042;48,781171206000067;2
264908;08240325117400584430;08;1;17;002;2024;03;07;2;2;3;2;0;0;1;0;0;0;1;0;541052,850892388378270;5386629,636562515981495;9,557173072000069;48,631384239000056;2
264909;08240325316200608770;08;3;16;056;2024;03;18;2;3;3;2;0;0;1;0;0;0;0;0;418614,833525253110565;5323507,621413782238960;7,907713472000069;48,059653912000044;2
264910;08240326221200598170;08;2;21;000;2024;03;16;3;3;0;7;0;0;1;0;0;0;0;0;482101,152774078771472;5472410,138251994736493;8,753285823000056;49,404114720000052;2
264911;08240326311010598090;08;3;11;000;2024;03;15;3;3;5;2;0;0;1;0;0;0;1;0;412918,872999999672174;5316313,914000000804663;7,832744982000065;47,994192459000033;2
264912;08240328121500602270;08;1;25;078;2024;03;09;5;3;0;1;0;1;1;0;0;0;0;0;520633,498892925214022;5456239,398724449798465;9,283570890000021;49,258572556000047;2
264913;08240329115100606980;08;1;15;003;2024;03;16;6;3;6;6;0;1;1;0;1;0;0;0;503414,230692585580982;5394217,317195607349277;9,046402014000023;48,700982388000057;2
264914;08240329118010610760;08;1;15;010;2024;03;16;6;2;8;7;0;1;1;0;0;0;0;0;485257,427031632279977;5388507,178771896287799;8,799841326000035;48,649448704000065;2
264915;08240329118600565700;08;1;18;076;2024;03;16;6;3;0;1;0;1;1;0;0;0;0;0;500847,140766349271871;5427908,101160623133183;9,011582999000041;49,004068315000040;2
264916;08240329212102606460;08;2;12;000;2024;03;10;6;3;5;3;0;1;1;0;0;0;0;1;458009,924688327009790;5427807,660067208111286;8,425893038000027;49,001737079000065;2
264917;08240329226700588710;08;2;26;095;2024;03;20;6;3;0;7;2;1;1;0;0;0;0;0;474606,104641290497966;5461127,856242446228862;8,650696625000023;49,302365188000067;2
264918;08240329311010561010;08;3;11;000;2024;03;10;6;3;4;6;0;0;1;0;0;0;0;0;412098,119182266062126;5317593,152938470244408;7,821483725000064;48,005587267000067;2
264919;08240329335200614570;08;3;35;025;2024;03;13;6;3;0;1;0;0;1;0;0;0;0;0;499720,979195584426634;5281510,971669148653746;8,996281984000063;47,686985943000082;2
264920;08240329426300595670;08;4;26;045;2024;03;12;6;3;3;6;0;0;1;0;0;0;0;0;532684,548234292771667;5328776,809783837758005;9,439103830000022;48,111414209000031;2
264921;08240330118500608750;08;1;18;070;2024;03;16;7;3;4;6;0;0;1;0;0;0;0;1;521083,474967348389328;5423437,249388393014669;9,288041642000053;48,963491115000068;2
264922;08240330136000577170;08;1;36;065;2024;03;14;7;2;8;1;0;0;1;0;0;0;0;0;557178,842239991063252;5400946,252353291958570;9,778000396000039;48,758899404000033;2
264923;08240330212702596800;08;2;15;017;2024;03;14;7;3;0;7;0;0;1;0;0;0;0;0;454296,230000000447035;5418149,419999999925494;8,376205102000029;48,914595980000058;2
264924;08240330436100615890;08;4;36;055;2024;03;11;7;3;0;7;0;0;1;0;0;0;0;1;577107,194511020556092;5297097,983252743259072;10,030149667000046;47,822609078000028;2
264925;08240330436300569370;08;4;36;049;2024;03;12;7;2;0;1;0;1;1;0;0;0;0;0;584299,666394164436497;5281891,068033605813980;10,123274308000020;47,684907702000032;2
264926;08240331111370579130;08;1;11;000;2024;03;14;1;3;0;1;0;0;1;0;0;0;0;0;512828,364194305613637;5409503,899079065769911;9,174823662000051;48,838376932000074;2
264927;08240402115300627810;08;1;15;028;2024;04;18;3;3;1;5;0;0;1;1;0;0;0;0;503105,374919165391475;5404111,586458201520145;9,042279026000074;48,789992979000033;2
264928;08240402311010680790;08;3;11;000;2024;04;20;3;3;5;3;2;0;1;0;0;0;0;0;411725,695522873895243;5317292,837392984889448;7,816553477000070;48,002834523000047;2
264929;08240403115400622690;08;1;15;029;2024;04;08;4;3;0;1;0;1;1;0;0;0;0;0;496722,538661755155772;5398401,826435049995780;8,955423536000069;48,738627189000056;2
264930;08240403221400657320;08;2;21;000;2024;04;21;4;3;0;7;2;0;1;0;0;0;0;0;476841,309739144402556;5468843,659392088651657;8,680994011000053;49,371857288000058;2
264931;08240403222500632040;08;2;22;000;2024;04;14;4;3;3;5;0;1;1;1;0;0;0;0;465588,864478734438308;5476046,690430704504251;8,525374579000072;49,436114619000080;2
264932;08240404115100648590;08;1;15;003;2024;04;12;5;3;0;7;0;1;1;0;0;0;0;0;500935,692944495589472;5392266,025265712291002;9,012712366000073;48,683437015000038;2
264933;08240405118500632590;08;1;18;049;2024;04;19;6;3;9;1;1;0;1;0;0;0;0;0;518587,368255943176337;5421953,997515796683729;9,253872580000063;48,950228487000061;2
264934;08240405128200656950;08;1;28;115;2024;04;13;6;2;4;6;0;0;1;0;0;0;0;1;547706,402356533682905;5498853,155636045150459;9,660753168000042;49,640342099000065;2
264935;08240405231102652760;08;2;36;040;2024;04;13;6;3;0;7;0;0;1;0;0;0;0;0;488566,207671575131826;5420822,727061443030834;8,843864640000049;48,940225607000059;2
264936;08240405311010626960;08;3;11;000;2024;04;13;6;2;3;6;0;0;1;0;0;0;0;0;415793,581526955240406;5315889,448939723894000;7,871353620000036;47,990759260000061;2
264937;08240405311010633030;08;3;36;091;2024;04;17;6;2;9;1;0;0;1;0;0;0;0;0;397181,463824426056817;5273600,746237826533616;7,631980928000075;47,607654249000063;2
264938;08240405416010643700;08;4;15;060;2024;04;23;6;2;0;1;2;0;1;0;0;0;0;0;513500,988184773363173;5377557,163026880472898;9,182945800000027;48,550968256000033;2
264939;08240406116400640450;08;1;16;070;2024;04;15;7;3;2;6;0;0;1;0;0;0;0;0;537516,739958759513684;5386196,413667369633913;9,509143509000069;48,627709193000044;2
264940;08240406119200652830;08;1;19;020;2024;04;16;7;3;4;6;0;0;1;1;0;0;0;0;520642,125348230241798;5404439,423930156975985;9,281052936000037;48,792607293000060;2
264941;08240406119300627420;08;1;19;086;2024;04;15;7;3;8;1;0;0;1;0;0;0;0;0;536350,068073828588240;5406097,798606405034661;9,495064745000036;48,806805477000069;2
264942;08240406311010650930;08;3;36;091;2024;04;14;7;2;2;6;0;0;1;0;0;0;0;1;395915,109503892192151;5275182,510316204279661;7,614761114000032;47,621680329000071;2
264943;08240406311010690670;08;3;11;000;2024;04;17;7;3;0;7;0;0;1;0;0;0;0;0;412683,434932446398307;5320051,460465084761381;7,828828699000042;48,027780662000055;2
264944;08240406421200639930;08;4;21;000;2024;04;16;7;3;7;1;0;0;1;0;0;0;0;0;575076,947054663323797;5363304,816264120861888;10,014692443000058;48,418419513000060;2
264945;08240407116100640820;08;1;16;019;2024;04;16;1;3;9;1;0;0;1;0;0;0;0;0;524263,302949398406781;5396971,074781458824873;9,329916030000049;48,725292419000027;2
264946;08240407116400629820;08;1;16;033;2024;04;16;1;3;0;1;0;0;1;0;0;0;0;0;532981,428556679282337;5389471,850066840648651;9,447857229000022;48,657430329000078;2
264947;08240407118200641210;08;1;18;067;2024;04;12;1;2;8;1;0;0;1;0;0;0;0;0;504900,501178732258268;5414833,084628587588668;9,066847493000068;48,886430563000033;2
264948;08240407118400653010;08;1;18;048;2024;04;11;1;3;2;6;0;0;1;0;0;0;0;0;512899,225096850132104;5418143,056745162233710;9,176061870000069;48,916091308000034;2
264949;08240407118600638040;08;1;18;076;2024;04;09;1;2;8;1;0;0;1;0;0;0;0;0;499398,945354067371227;5430284,324817988090217;8,991778230000023;49,025444145000051;2
264950;08240407121500630570;08;1;25;065;2024;04;17;1;3;0;1;0;0;1;0;0;0;0;0;518917,804344671778381;5449571,405021395534277;9,259677435000071;49,198648312000046;2
264951;08240407215402672390;08;2;15;009;2024;04;23;1;3;0;7;2;0;1;0;0;0;0;0;473738,044930382631719;5438268,057825011201203;8,640250900000069;49,096701718000077;2
264952;08240407225100630550;08;2;25;074;2024;04;17;1;2;4;6;0;0;1;0;0;0;0;0;507085,797657822549809;5465355,864601803012192;9,097544001000074;49,340883341000051;2
264953;08240407311010641940;08;3;11;000;2024;04;15;1;3;5;3;0;0;1;0;0;0;0;1;412277,872448311594781;5317000,000749523751438;7,824014477000048;48,000276390000067;2
264954;08240407311100642910;08;3;15;059;2024;04;16;1;3;0;1;0;0;1;0;0;0;0;0;399110,171077176055405;5321623,216890822164714;7,646450224000034;48,039918121000028;2
264955;08240407317500638250;08;3;17;096;2024;04;20;1;3;9;1;1;0;1;0;0;0;0;0;420982,692057263746392;5370706,962651910260320;7,930664274000037;48,484519264000028;2
264956;08240407436100650960;08;4;36;055;2024;04;09;1;3;7;1;0;0;1;0;0;0;0;0;578286,582830738509074;5290935,895975916646421;10,044791626000062;47,767032412000049;2
264957;08240408136100658100;08;1;36;021;2024;04;17;2;3;0;1;0;0;1;0;0;0;0;0;573500,078178222524002;5405427,218883161433041;10,000843874000054;48,797490886000048;2
264958;08240409311010634370;08;3;11;000;2024;04;17;3;3;4;6;0;0;1;0;0;0;0;0;412092,962634339695796;5316768,896521426737309;7,821583504000046;47,998172142000044;2
264959;08240409311100664390;08;3;15;043;2024;04;18;3;2;0;1;0;0;1;0;0;0;0;0;404564,194766149739735;5322043,706917349249125;7,719508824000059;48,044539033000035;2
264960;08240409335200631890;08;3;35;063;2024;04;07;3;3;3;6;0;0;1;0;0;0;0;0;497581,669952519412618;5286926,147280734032393;8,967745153000067;47,735705282000026;2
264961;08240410127100667070;08;1;27;063;2024;04;10;4;3;4;6;0;0;1;1;0;0;0;0;564626,081020697252825;5433705,097211876884103;9,884504431000039;49,052826753000033;2
264962;08240411127100649520;08;1;27;076;2024;04;10;5;3;0;7;0;0;1;0;0;0;0;0;553635,386695741442963;5441781,379999064840376;9,735166480000032;49,126525540000046;2
264963;08240411212010660900;08;2;12;000;2024;04;16;5;3;9;1;0;0;1;0;0;0;0;0;456274,335437277622987;5427524,865820214152336;8,402195062000033;48,999072801000068;2
264964;08240411311010646380;08;3;11;000;2024;04;07;5;3;0;1;0;1;1;0;0;0;0;0;413898,530902089027222;5316411,266036256216466;7,845854230000043;47,995200848000081;2
264965;08240411311010655540;08;3;11;000;2024;04;17;5;3;3;6;0;0;1;0;0;0;0;0;413822,378241514612455;5317198,338488932698965;7,844675577000032;48,002270588000044;2
264966;08240411311400687130;08;3;15;074;2024;04;05;5;3;4;6;2;1;1;0;0;0;0;0;396290,517254271777347;5297218,914899730123580;7,614509294000072;47,819958063000058;2
264967;08240411436000653780;08;4;35;030;2024;04;12;5;3;0;7;0;0;1;0;0;0;0;0;540230,828643972519785;5272835,295415368862450;9,535274752000021;47,607675679000067;2
264968;08240412111500670110;08;1;11;000;2024;04;22;6;2;0;7;2;0;1;0;0;0;0;0;508244,498324329964817;5401246,643684435635805;9,112189566000040;48,764173200000073;2
264969;08240412116200671130;08;1;16;047;2024;04;19;6;3;8;1;0;0;1;0;0;0;0;0;518936,270757811493240;5393363,532495979219675;9,257317985000043;48,693023655000047;2
264970;08240412119100659810;08;1;19;008;2024;04;18;6;3;0;7;0;0;1;0;0;0;0;1;530503,572039471007884;5423178,720912986434996;9,416716263000069;48,960772420000069;2
264971;08240412121200659340;08;1;21;000;2024;04;18;6;3;0;1;0;0;1;0;0;0;0;0;519275,222136825206690;5442532,258387541398406;9,264246350000064;49,135318230000053;2
264972;08240412212302660280;08;2;12;000;2024;04;16;6;3;0;7;0;0;1;0;0;0;0;0;456581,445712604967412;5429169,661807084456086;8,406217656000024;49,013889620000043;2
264973;08240412222800676530;08;2;22;000;2024;04;12;6;3;5;3;0;0;1;1;0;0;0;0;461918,534903983352706;5488566,725305698812008;8,473546268000064;49,548506821000046;2
264974;08240413117400679330;08;1;17;011;2024;04;14;7;2;0;1;0;0;1;0;0;0;0;0;547556,197366368491203;5401091,557970399968326;9,647096866000027;48,761015970000074;2
264975;08240413135200643120;08;1;35;026;2024;04;12;7;3;8;1;0;0;1;0;0;0;0;0;597380,600391243584454;5395103,776166651397943;10,323502064000024;48,701364249000051;2
264976;08240413135200643310;08;1;35;032;2024;04;14;7;2;0;1;0;0;1;0;0;0;0;0;581750,582260813564062;5394363,074099379591644;10,110973152000042;48,696946322000031;2
264977;08240413222000669750;08;2;26;062;2024;04;18;7;3;0;1;0;0;1;0;0;0;0;0;472866,922573582851328;5466229,872848030179739;8,626426948000073;49,348182613000063;2
264978;08240413225100643190;08;2;25;067;2024;04;15;7;3;0;1;0;0;1;0;0;0;0;0;512310,388860739243682;5463918,611327130347490;9,169421756000077;49,327872100000036;2
264979;08240413225100674280;08;2;25;058;2024;04;17;7;2;0;1;0;0;1;0;0;0;0;0;507380,182598805229645;5466303,271282154135406;9,101614082000026;49,349401832000069;2
264980;08240413335100642680;08;3;35;066;2024;04;23;7;3;8;1;2;0;1;0;0;0;0;0;509492,902564732416067;5281743,764212400652468;9,126499999000032;47,689010867000036;2
264981;08240414111120674820;08;1;11;000;2024;04;12;1;3;0;7;0;0;1;0;0;0;0;0;513620,528847894573119;5406144,609415447339416;9,185507579000046;48,808140402000049;2
264982;08240414111230710780;08;1;11;000;2024;04;17;1;3;3;6;0;0;1;0;0;1;0;0;506657,288568212010432;5400661,735874529927969;9,090581687000054;48,758930383000063;2
264983;08240414121600649000;08;1;25;102;2024;04;12;1;3;0;7;0;0;1;0;0;0;0;0;521526,355658380605746;5441926,952499813400209;9,295074688000057;49,129798576000042;2
264984;08240414127100671140;08;1;27;076;2024;04;01;1;3;0;1;2;0;1;0;0;0;0;0;558143,430384898441844;5440176,382501593790948;9,796719775000042;49,111679330000072;2
264985;08240414211000670060;08;2;16;017;2024;04;14;1;3;0;1;0;0;1;0;0;0;0;0;457424,587737660564017;5395103,840008176863194;8,421291367000038;48,707513616000028;2
264986;08240414222200683810;08;2;22;000;2024;04;18;1;3;0;7;0;0;1;0;1;0;0;0;460754,604379451135173;5482167,470270545221865;8,458092784000030;49,490875044000063;2
264987;08240414235100646280;08;2;35;085;2024;04;11;1;3;5;2;0;0;1;1;0;0;0;0;484835,151104048651177;5394354,950456163845956;8,793893678000074;48,702045545000033;2
264988;08240414311010726150;08;3;11;000;2024;04;22;1;3;4;6;2;0;1;0;0;0;0;0;412189,197717184666544;5317356,782337620854378;7,822752952000030;48,003473567000071;2
264989;08240414335100695010;08;3;35;043;2024;04;14;1;3;0;1;0;0;1;0;0;0;0;0;514123,394872405973729;5279296,556094654835761;9,188125303000049;47,666907140000035;2
264990;08240414416100644100;08;4;16;036;2024;04;15;1;3;8;7;0;0;1;0;0;0;0;0;497617,074934520525858;5371889,478114591911435;8,967742371000043;48,500120542000047;2
264991;08240414417000671190;08;4;16;006;2024;04;17;1;2;4;6;0;0;1;0;0;0;0;0;494949,892280834377743;5361675,774181398563087;8,931760016000055;48,408217515000047;2
264992;08240414436000662480;08;4;37;072;2024;04;12;1;3;7;1;0;1;1;0;0;0;0;0;502286,249782385420986;5317369,004532232880592;9,030654322000032;48,009611917000029;2
264993;08240415116010698600;08;1;16;016;2024;04;17;2;2;9;1;0;0;1;0;0;0;0;0;533352,127878832863644;5382995,384622757323086;9,452369758000032;48,599148893000063;2
264994;08240415231000656890;08;2;36;073;2024;04;08;2;3;0;7;0;0;1;1;0;0;0;0;479847,202480831881985;5423729,476625211536884;8,724658610000063;48,966150911000057;2
264995;08240415335100647400;08;3;35;043;2024;04;11;2;3;3;6;0;0;1;0;0;0;0;0;513052,444075004663318;5279409,477820472791791;9,173863555000025;47,667945675000055;2
264996;08240416111120684760;08;1;11;000;2024;04;08;3;2;8;1;0;0;1;0;0;0;0;0;513590,819157368852757;5403268,173717435449362;9,185007772000063;48,782264951000059;2
264997;08240416111500791040;08;1;11;000;2024;04;16;3;2;5;2;0;0;1;0;0;0;0;0;514320,822553882724606;5404390,917412032373250;9,194984159000057;48,792348660000073;2
264998;08240416118010698550;08;1;18;048;2024;04;07;3;3;4;6;0;1;1;1;0;0;0;0;518252,726401536841877;5414664,515415932983160;9,248975865000034;48,884664748000034;2
264999;08240416121200667650;08;1;21;000;2024;04;05;3;3;7;7;1;1;1;0;0;0;0;0;513695,216985454317182;5440848,403815831057727;9,187692722000065;49,120321068000067;2
265000;08240416311500665530;08;3;15;113;2024;04;05;3;3;0;7;2;2;1;0;0;0;0;0;436188,842710583878215;5305820,978918032720685;8,146174720000033;47,902541176000057;2
265001;08240416335100703270;08;3;35;043;2024;04;12;3;3;7;7;0;0;1;0;0;0;0;1;513906,735693295602687;5279285,856984072364867;9,185239052000043;47,666815569000050;2
265002;08240417116500716210;08;1;16;035;2024;04;16;4;3;7;7;0;1;1;0;0;0;0;0;527493,281438324600458;5391933,339515599422157;9,373498706000021;48,679839385000037;2
265003;08240417119500686420;08;1;19;085;2024;04;10;4;3;0;7;0;1;1;0;0;0;0;0;529929,945761044742540;5411519,840990868397057;9,408025201000044;48,855922641000063;2
265004;08240417128300688140;08;1;28;131;2024;04;11;4;2;0;1;0;1;1;0;0;0;0;0;539351,712210323894396;5505639,822291193529963;9,545725930000060;49,701984984000035;2
265005;08240418111500679650;08;1;11;000;2024;04;17;5;3;0;1;0;1;1;0;0;0;0;0;513855,748235135106370;5406043,539589188061655;9,188707768000029;48,807225991000053;2
265006;08240418118600708100;08;1;18;073;2024;04;18;5;2;0;7;0;1;1;0;0;0;0;0;497021,096566667838488;5420239,811889145523310;8,959325457000034;48,935080369000048;2
265007;08240418226600677400;08;2;26;096;2024;04;17;5;3;4;6;0;0;1;0;0;0;0;0;475453,099918240157422;5487683,126612421125174;8,660704256000031;49,541259137000054;2
265008;08240420121200667360;08;1;21;000;2024;04;15;7;2;8;7;0;0;1;0;0;0;0;0;515557,320663692778908;5442871,603976932354271;9,213290702000052;49,138476156000081;2
265009;08240421116200703050;08;1;16;078;2024;04;13;1;3;0;1;0;0;1;0;0;0;0;0;510593,605330041551497;5390353,824404775165021;9,143875977000050;48,666145468000082;2
265010;08240421311010672450;08;3;11;000;2024;04;15;1;3;0;1;0;1;1;0;0;0;0;0;414482,971395131142344;5315889,227965312078595;7,853790737000054;47,990583347000040;2
265011;08240421317500688090;08;3;17;096;2024;04;18;1;3;0;7;0;1;1;0;0;0;0;0;421129,021391819173004;5369272,819029667414725;7,932914789000051;48,471637703000056;2
265012;08240422311010672150;08;3;36;050;2024;04;19;2;3;0;1;0;0;1;0;0;0;0;0;400861,364285621675663;5276472,943535813130438;7,680278865000048;47,634064178000074;2
265013;08240422317000705130;08;3;17;065;2024;04;13;2;3;6;6;0;0;1;0;1;0;0;0;415257,403224564448465;5354485,988600223325193;7,856476453000028;48,337869968000064;2
265014;08240424118100939370;08;1;18;079;2024;04;15;4;3;5;3;0;0;1;0;0;0;0;0;509103,425693135126494;5422279,807386543601751;9,124345445000074;48,953371718000028;2
265015;08240424416200680620;08;4;16;023;2024;04;16;4;3;0;1;0;0;1;0;0;0;0;0;509472,475979187409393;5375599,517054785974324;9,128312900000026;48,533430459000044;2
265016;08240424435100679080;08;4;35;016;2024;04;15;4;3;8;1;0;0;1;0;0;0;0;0;535196,879412255482748;5277878,544634409248829;9,468705627000077;47,653345116000025;2
265017;08240425127202686920;08;1;27;014;2024;04;15;5;2;0;7;0;1;1;0;0;0;0;0;577878,631696974509396;5442925,910976388491690;10,067632383000046;49,134225459000049;2
265018;08240425135100683010;08;1;35;020;2024;04;08;5;3;5;7;0;1;1;1;0;0;0;0;586634,088489576941356;5387627,526823525317013;10,175914284000044;48,635706183000082;2
265019;08240425222600685930;08;2;22;000;2024;04;17;5;2;5;3;0;0;1;0;0;0;0;0;465130,845251508930232;5487078,319177848286927;8,518084510000051;49,535312929000042;2
265020;08240425416200718540;08;4;16;041;2024;04;19;5;2;0;1;0;0;1;0;0;0;0;0;504341,949536507425364;5373691,390883396379650;9,058795658000065;48,516320754000049;2
265021;08240426115300714540;08;1;15;050;2024;04;18;6;3;3;6;0;0;1;0;0;0;0;0;491991,929077966138721;5396690,686848261393607;8,891116258000068;48,723190889000080;2
265022;08240426119200700600;08;1;19;093;2024;04;20;6;3;0;7;1;1;1;0;0;0;0;0;524801,056690876837820;5402660,754748012870550;9,337570611000046;48,776454765000040;2
265023;08240426126200704360;08;1;26;058;2024;04;18;6;3;8;1;0;0;1;0;0;0;0;0;544015,956693444983102;5448469,368772046640515;9,604055055000060;49,187447385000041;2
265024;08240426128100700710;08;1;28;007;2024;04;14;6;3;2;6;0;0;1;0;0;0;1;0;554522,716401364887133;5483920,658225456252694;9,753084550000040;49,505462870000031;2
265025;08240427115400714720;08;1;15;045;2024;04;10;7;3;5;3;0;0;1;0;0;0;0;0;500098,436779131588992;5393587,409768600016832;9,001337682000042;48,695325020000041;2
265026;08240427118400707080;08;1;18;048;2024;04;12;7;3;0;1;0;0;1;0;0;0;0;0;516951,245671788521577;5419621,930313142016530;9,231429053000056;48,929297073000043;2
265027;08240427127100716150;08;1;27;043;2024;04;15;7;2;4;6;0;0;1;0;0;0;0;0;567361,512388657312840;5446161,684130271896720;9,924016267000070;49,164571780000074;2
265028;08240427212502719700;08;2;12;000;2024;04;23;7;3;0;1;2;0;1;0;0;0;0;0;454116,822295332443900;5427773,539772547781467;8,372671868000054;49,001153051000074;2
265029;08240427212702692060;08;2;15;017;2024;04;15;7;3;0;7;0;0;1;0;0;0;0;0;458457,872210636385716;5422778,020472998730838;8,432531110000070;48,956524740000077;2
265030;08240427436200689100;08;4;36;064;2024;04;11;7;3;0;1;0;0;1;0;0;0;0;0;546243,374210851849057;5292378,852895149961114;9,617339772000037;47,783110765000060;2
265031;08240428121600717510;08;1;25;030;2024;04;16;1;3;0;7;0;0;1;0;0;0;0;0;515389,055111243971623;5439057,790518650785089;9,210838320000050;49,104173749000040;2
265032;08240428136100715950;08;1;36;021;2024;04;17;1;2;0;1;0;0;1;0;0;0;0;0;573588,389498671283945;5404926,668933887965977;10,001956537000069;48,792978212000037;2
265033;08240428335300693910;08;3;35;075;2024;04;16;1;3;0;1;0;0;1;0;0;0;0;0;486995,151956788962707;5290438,986451340839267;8,826441185000022;47,767185640000037;2
265034;08240429111320696290;08;1;11;000;2024;04;20;2;3;0;7;1;0;1;0;0;0;0;0;516621,240143273549620;5406035,217291631735861;9,226371648000054;48,807083314000067;2
265035;08240429221011697860;08;2;21;000;2024;04;08;2;3;0;7;0;0;1;0;1;0;0;0;476085,808162724773865;5472167,050822785124183;8,670387398000059;49,401721550000048;2
265036;08240430111130739390;08;1;11;000;2024;04;06;3;3;0;7;1;1;1;0;0;0;0;0;510268,607026570127346;5403912,001449616625905;9,139799737000033;48,788120497000079;2