OID_;UIDENTSTLAE;ULAND;UREGBEZ;UKREIS;UGEMEINDE;UJAHR;UMONAT;USTUNDE;UWOCHENTAG;UKATEGORIE;UART;UTYP1;ULICHTVERH;IstStrassenzustand;IstRad;IstPKW;IstFuss;IstKrad;IstGkfz;IstSonstige;LINREFX;LINREFY;XGCSWGS84;YGCSWGS84;PLST
265037;08240430121200698930;08;1;21;000;2024;04;19;3;3;0;7;0;0;1;0;0;0;0;0;513060,382836956530809;5440113,694473230279982;9,178968596000061;49,113725888000033;2
265038;08240430135010712260;08;1;35;019;2024;04;17;3;2;4;6;0;0;1;0;0;0;0;0;583707,262173206661828;5395628,159082437865436;10,137815094000075;48,708065429000044;2
265039;08240430221200699950;08;2;21;000;2024;04;21;3;3;0;7;1;0;1;0;0;0;0;0;477655,200662313553039;5473189,095925268717110;8,691960702000074;49,410974332000080;2
265040;08240430221400710370;08;2;21;000;2024;04;18;3;3;6;4;0;0;1;0;1;0;0;0;477494,762000000104308;5471500,517999999225140;8,689844652000033;49,395779909000055;2
265041;08240430226600718720;08;2;26;082;2024;04;00;3;3;0;7;2;0;1;0;0;0;0;0;475942,197749523911625;5481114,534748919308186;8,667864895000037;49,482196483000052;2
265042;08240430317000708670;08;3;17;065;2024;04;12;3;3;6;6;0;0;1;0;1;0;0;0;415050,568954355781898;5354216,967519857920706;7,853740247000076;48,335422384000026;2
265043;08240430317010707870;08;3;17;096;2024;04;18;3;2;0;1;0;0;1;0;0;0;0;0;425211,690906571224332;5367812,121626481413841;7,988403244000040;48,458997481000040;2
265044;08240501111250727250;08;1;11;000;2024;05;09;4;3;0;7;0;0;1;0;0;0;0;0;515487,813812669308390;5401839,110643963329494;9,210776997000039;48,769364890000077;2
265045;08240501119500743160;08;1;19;085;2024;05;21;4;3;6;4;2;0;1;0;1;0;0;0;529607,521198256290518;5412388,963648651726544;9,403692676000048;48,863756402000035;2
265046;08240501121500734740;08;1;25;111;2024;05;15;4;2;9;7;0;0;1;0;0;0;0;0;526834,208915025461465;5454482,673841400071979;9,368669339000064;49,242530169000077;2
265047;08240501127100745210;08;1;27;099;2024;05;17;4;3;0;7;0;0;1;0;0;0;0;1;562630,978591494262218;5445183,389819623902440;9,858981983000035;49,156273624000050;2
265048;08240501127202736810;08;1;27;014;2024;05;14;4;3;6;7;0;0;1;0;1;0;0;0;574716,913662831881084;5441929,330857925117016;10,024111392000066;49,125654868000026;2
265049;08240501128100741450;08;1;28;007;2024;05;17;4;3;0;7;0;0;1;0;0;0;0;0;559366,707998057012446;5471483,412531286478043;9,818120616000044;49,393147525000074;2
265050;08240501136100727010;08;1;36;038;2024;05;11;4;3;0;7;0;0;1;0;0;0;0;0;588181,352169794146903;5413282,302522709593177;10,202404935000061;48,866229774000033;2
265051;08240501216100732720;08;2;16;043;2024;05;15;4;3;4;7;0;0;1;0;0;0;0;0;441200,680351509363391;5414243,376061702147126;8,198047029000065;48,878356360000055;2
265052;08240501216300728070;08;2;16;015;2024;05;12;4;3;6;7;0;0;1;0;1;0;0;0;450117,187432767590508;5406008,380704137496650;8,320650472000068;48,805062287000055;2
265053;08240501216300742170;08;2;16;015;2024;05;16;4;3;9;1;0;0;1;0;0;0;0;0;450426,314956846414134;5404194,011651186272502;8,325079137000046;48,788766209000073;2
265054;08240501226700727330;08;2;26;095;2024;05;19;4;3;0;7;0;0;1;0;0;0;0;0;473209,150134962575976;5461819,878998108208179;8,631434927000043;49,308530222000059;2
265055;08240501231102782360;08;2;36;019;2024;05;21;4;3;3;6;1;0;1;0;0;0;0;0;487159,546051258803345;5409942,804295907728374;8,824997827000061;48,842324996000059;2
265056;08240501237200744790;08;2;37;040;2024;05;20;4;3;0;6;1;0;1;0;0;0;0;0;479481,569978392915800;5368540,299242306500673;8,722408401000052;48,469659675000059;2
265057;08240501317000750290;08;3;17;113;2024;05;19;4;2;9;1;0;0;1;0;0;0;0;0;410730,014191950904205;5343591,803737634792924;7,797699777000048;48,239256041000033;2
265058;08240502119400729820;08;1;19;079;2024;05;17;5;3;6;4;0;0;1;0;1;0;0;0;525069,507303723599762;5411132,832972095347941;9,341742082000053;48,852656682000031;2
265059;08240502436200732850;08;4;36;064;2024;05;07;5;3;4;1;0;0;1;0;0;0;0;0;545916,164727699710056;5292559,392665062099695;9,612990947000071;47,784758493000027;2
265060;08240503121200748630;08;1;21;000;2024;05;11;6;3;0;7;0;0;1;0;0;0;0;0;515624,361467166338116;5443562,417421184480190;9,214236609000068;49,144688551000058;2
265061;08240503127100749510;08;1;27;076;2024;05;13;6;3;4;6;0;0;1;0;0;0;0;0;552354,936390374321491;5439812,417687775567174;9,717361674000074;49,108925680000027;2
265062;08240503212302747780;08;2;12;000;2024;05;11;6;3;0;7;0;0;1;0;0;0;0;0;455309,413782274932601;5431225,120158242993057;8,388596198000073;49,032287782000026;2
265063;08240503215102781480;08;2;15;102;2024;05;19;6;2;6;4;0;0;1;0;1;0;0;0;455869,878484538756311;5435498,607990428805351;8,395797710000068;49,070768324000028;2
265064;08240503215402738750;08;2;15;009;2024;05;19;6;3;4;6;0;0;1;0;0;0;0;0;468968,888000000268221;5441298,366000000387430;8,574689459000069;49,123737860000062;2
265065;08240503311010762140;08;3;15;014;2024;05;14;6;3;4;6;0;0;1;0;0;0;0;0;408217,864703439059667;5307823,838443874381483;7,771558075000030;47,917165153000042;2
265066;08240504118010754020;08;1;15;003;2024;05;18;7;3;0;7;0;1;1;0;0;0;0;0;502823,095566136878915;5392430,289267332293093;9,038355823000074;48,684909068000081;2
265067;08240504127202752590;08;1;27;014;2024;05;22;7;3;0;7;2;0;1;0;0;0;0;0;575493,387530706706457;5442920,792026374489069;10,034937971000033;49,134477127000025;2
265068;08240504216100730780;08;2;16;043;2024;05;10;7;3;5;2;0;0;1;0;0;0;0;1;441244,812311030284036;5414264,783822843804955;8,198645798000030;48,878553105000037;2
265069;08240504216200749860;08;2;16;063;2024;05;22;7;3;8;7;2;1;1;0;0;0;0;0;429380,820852771867067;5399520,649174439720809;8,039393282000049;48,744696938000061;2
265070;08240504335100785500;08;3;35;043;2024;05;20;7;3;4;6;1;0;1;0;0;0;0;0;513066,362459560972638;5279446,416633470915258;9,174050058000034;47,668277757000055;2
265071;08240505116400786790;08;1;16;070;2024;05;15;1;3;0;2;0;1;1;0;0;0;0;0;540463,868864646181464;5384643,281615771353245;9,548985914000070;48,613553788000047;2
265072;08240505118100741460;08;1;18;007;2024;05;18;1;3;0;1;1;1;1;0;0;0;0;0;510601,301441668765619;5427830,664001777768135;9,144949870000062;49,003281256000037;2
265073;08240505121400745580;08;1;25;058;2024;05;01;1;3;0;1;2;0;1;0;0;0;0;0;509396,754601079621352;5442386,827028675936162;9,128818403000025;49,134240532000035;2
265074;08240505216300733560;08;2;16;013;2024;05;16;1;3;0;1;0;1;1;0;0;0;0;0;453193,693457241752185;5384808,971778005361557;8,364950704000023;48,614601970000081;2
265075;08240505415100753620;08;4;15;050;2024;05;11;1;3;0;1;0;0;1;0;0;0;0;0;521906,681400892615784;5375723,444795143790543;9,296749821000049;48,534234415000071;2
265076;08240506111500778500;08;1;11;000;2024;05;13;2;3;3;6;0;0;1;0;0;0;0;1;515735,302740024751984;5406038,480245368555188;9,214305910000064;48,807135730000027;2
265077;08240506121300744800;08;1;21;000;2024;05;16;2;3;3;6;0;0;1;0;0;0;0;0;514321,700379705231171;5442220,682241302914917;9,196327344000053;49,132650936000061;2
265078;08240507116010753450;08;1;16;004;2024;05;18;3;2;9;1;0;0;1;0;0;0;0;0;528803,398673626244999;5396488,384440687485039;9,391614091000065;48,720756929000061;2
265079;08240507118300780960;08;1;18;081;2024;05;07;3;3;0;3;0;0;1;1;0;0;0;0;518144,595204397512134;5413288,100034896284342;9,247439838000048;48,872286071000076;2
265080;08240507317000736450;08;3;17;005;2024;05;21;3;3;6;6;2;0;1;0;1;0;0;0;425767,948605233919807;5376001,187929689884186;7,994470310000054;48,532724199000029;2
265081;08240508222400746250;08;2;26;038;2024;05;07;4;3;4;6;0;1;1;0;0;0;0;0;471112,907342984108254;5480042,381963191553950;8,601272957000049;49,472342207000054;2
265082;08240508311010761870;08;3;11;000;2024;05;21;4;2;0;7;2;0;1;0;0;0;0;0;415936,577716554224025;5315875,305546121671796;7,873272631000020;47,990650848000030;2
265083;08240509118010764530;08;1;18;019;2024;05;11;5;2;0;7;0;0;1;0;0;0;0;0;505283,561201087897643;5403180,481189551763237;9,071922583000060;48,781602114000066;2
265084;08240509119100766830;08;1;19;006;2024;05;22;5;3;0;1;2;0;1;0;0;0;0;0;537458,789051363943145;5422320,184662375599146;9,511650482000050;48,952667255000051;2
265085;08240509119300739470;08;1;19;067;2024;05;12;5;3;0;1;0;0;1;0;0;0;0;0;536929,280000000260770;5405687,598999999463558;9,502916028000072;48,803081348000035;2
265086;08240509121200768830;08;1;21;000;2024;05;16;5;3;0;7;0;0;1;0;0;0;0;0;517428,120113529963419;5442862,436339338310063;9,238938725000025;49,138343462000080;2
265087;08240509121400768620;08;1;25;013;2024;05;17;5;2;9;1;0;0;1;0;0;0;0;0;501438,045018300588708;5437422,439819606021047;9,019696237000062;49,089653859000066;2
265088;08240509136100764490;08;1;36;088;2024;05;19;5;3;6;7;0;0;1;0;1;0;0;0;582663,579662489937618;5414691,416250336915255;10,127467360000026;48,879663421000032;2
265089;08240509215000761190;08;2;12;000;2024;05;08;5;2;7;7;0;0;1;0;0;0;0;0;459437,840158431557938;5429917,948307776823640;8,445204274000048;49,020814981000058;2
265090;08240509215202771090;08;2;15;100;2024;05;17;5;2;0;7;0;0;1;0;0;0;0;0;474521,389631156926043;5450793,233931499533355;8,650188916000047;49,209401240000034;2
265091;08240509335100738230;08;3;35;066;2024;05;09;5;3;0;1;0;0;1;0;0;0;0;0;508050,007494566263631;5283117,495810824446380;9,107297738000057;47,701390812000056;2
265092;08240510111250782470;08;1;11;000;2024;05;07;6;3;4;6;0;0;1;0;0;0;0;0;515286,873938901291694;5405163,699431691318750;9,208166037000069;48,799277512000060;2
265093;08240510118400774810;08;1;18;048;2024;05;13;6;2;0;7;0;0;1;0;0;0;0;0;515756,911598910694011;5419176,384557186625898;9,215106163000030;48,925320656000054;2
265094;08240510121500756090;08;1;25;096;2024;05;15;6;3;0;7;0;0;1;0;0;0;0;0;514993,771306804439519;5451052,750240643508732;9,205869465000035;49,212081903000069;2
265095;08240510127202741750;08;1;27;014;2024;05;16;6;2;0;7;0;0;1;0;0;0;0;0;581260,615689476719126;5443564,326932270079851;10,114115445000039;49,139529201000073;2
265096;08240510136000749460;08;1;19;001;2024;05;16;6;3;0;1;0;0;1;0;0;0;0;0;548491,485995986033231;5411141,761900475248694;9,661009618000037;48,851348634000033;2
265097;08240510136000770520;08;1;36;042;2024;05;11;6;3;9;1;0;0;1;0;0;0;0;0;550116,834794505499303;5404751,572161651216447;9,682383043000073;48,793738101000031;2
265098;08240510212010740140;08;2;12;000;2024;05;09;6;3;5;3;0;0;1;0;0;0;0;0;454344,206702395458706;5427317,601395415142179;8,375831789000074;48,997068707000039;2
265099;08240510216300740550;08;2;16;033;2024;05;12;6;3;0;7;0;0;1;0;0;0;0;0;447333,095999700541142;5411805,144190380349755;8,281992504000073;48,856975506000026;2
265100;08240510221200769530;08;2;21;000;2024;05;12;6;3;0;6;0;0;1;0;0;0;0;0;479536,688775755348615;5473580,318143464624882;8,717877870000052;49,414559508000082;2
265101;08240510311010741580;08;3;11;000;2024;05;18;6;3;0;7;0;0;1;0;0;0;0;0;413929,200398717075586;5316492,162083098664880;7,846249028000045;47,995932668000080;2
265102;08240510311010750600;08;3;11;000;2024;05;09;6;3;5;3;0;0;1;0;0;0;0;0;410154,660012458101846;5315478,103498277254403;7,795876125000063;47,986291728000026;2
265103;08240510311010782490;08;3;11;000;2024;05;02;6;2;0;7;2;0;1;0;0;0;0;0;409307,280670812877361;5314225,570494201034307;7,784786509000071;47,974905356000079;2
265104;08240510335200754200;08;3;35;063;2024;05;16;6;2;0;1;0;0;1;0;0;0;0;0;499089,048686087538954;5287981,836908796802163;8,987847836000071;47,745207839000045;2
265105;08240510335200758690;08;3;35;063;2024;05;19;6;3;0;1;0;0;1;0;0;0;0;0;496289,143175075179897;5288322,860682044178247;8,950493971000071;47,748266197000078;2
265106;08240511119300743450;08;1;19;055;2024;05;16;7;2;0;1;0;0;1;0;0;0;0;0;542702,693833402008750;5404797,251146550290287;9,581443901000057;48,794702418000043;2
265107;08240511317000776410;08;3;17;113;2024;05;22;7;3;0;1;2;0;1;0;0;0;0;0;409240,764440367813222;5345329,750083378516138;7,777274444000057;48,254676976000042;2
265108;08240511335400744890;08;3;35;079;2024;05;16;7;3;5;7;0;0;1;0;0;1;0;0;500853,198017145681661;5300068,609351694583893;9,011405507000063;47,853958687000045;2
265109;08240511336400765800;08;3;36;091;2024;05;19;7;3;0;7;0;0;1;0;0;0;0;0;396046,707739371864591;5274997,056390399113297;7,616556012000046;47,620033274000036;2
265110;08240511425000745750;08;4;25;108;2024;05;14;7;3;4;6;0;0;1;0;0;0;0;0;555368,315376544953324;5358457,459331713616848;9,747711589000062;48,376854214000048;2
265111;08240511437200769680;08;4;37;104;2024;05;12;7;2;0;7;0;0;1;0;0;0;0;0;515549,239086950023193;5328532,712205398827791;9,208891368000025;48,109867080000072;2
265112;08240512111250776390;08;1;11;000;2024;05;15;1;3;0;7;0;0;1;0;0;0;0;0;514285,844602142809890;5404428,457376904785633;9,194509227000026;48,792687170000079;2
265113;08240512116200762390;08;1;16;077;2024;05;11;1;3;0;1;0;0;1;0;0;0;0;0;515619,708098677278031;5391541,294668937101960;9,212181923000060;48,676722555000026;2
265114;08240512135200760880;08;1;35;019;2024;05;08;1;3;8;1;0;0;1;0;0;0;0;0;584490,042179219773971;5397363,607578001916409;10,148808429000042;48,723568935000060;2
265115;08240512231302746540;08;2;31;000;2024;05;10;1;3;6;6;0;0;1;0;1;0;0;0;478061,480497285490856;5415191,326819764450192;8,700720543000045;48,889284262000047;2
265116;08240512317000744470;08;3;17;114;2024;05;16;1;3;0;1;0;0;1;0;0;0;0;0;406086,066702502197586;5345907,852426174096763;7,734656020000045;48,259417039000027;2
265117;08240512317500776190;08;3;17;096;2024;05;14;1;3;0;7;0;0;1;0;0;0;0;0;422120,928289861185476;5366482,096658132039011;7,946851843000047;48,446658945000081;2
265118;08240512425000764090;08;4;25;071;2024;05;15;1;3;0;1;0;0;1;0;0;0;0;0;555756,100982718402520;5371693,347709965892136;9,754709463000040;48,495886427000073;2
265119;08240513111120748410;08;1;11;000;2024;05;08;2;3;0;7;0;0;1;0;0;0;0;0;513395,760922626766842;5405743,975577520206571;9,182433250000031;48,804541236000034;2
265120;08240513111500750130;08;1;11;000;2024;05;18;2;3;6;4;0;0;1;0;1;0;0;0;514509,017792092519812;5404501,375137264840305;9,197550403000037;48,793337962000066;2
265121;08240513118010783820;08;1;18;076;2024;05;15;2;3;7;7;0;1;1;0;0;0;0;0;505461,903634373215027;5422985,275840247981250;9,074614716000042;48,959760777000042;2
265122;08240513135200765330;08;1;35;019;2024;05;11;2;3;0;1;0;0;1;0;0;0;0;0;585313,159002208383754;5392221,085511432029307;10,158935472000053;48,677203729000041;2
265123;08240513136000780320;08;1;36;065;2024;05;19;2;3;0;7;0;0;1;0;1;0;0;0;556508,492222598055378;5404259,789328690618277;9,769335485000056;48,788766408000072;2
265124;08240513317000775760;08;3;17;065;2024;05;15;2;3;5;2;0;0;1;1;0;0;0;0;415851,716025058878586;5354436,128449805080891;7,864504476000036;48,337500919000036;2
265125;08240513426000749340;08;4;25;039;2024;05;07;2;3;8;1;0;1;1;0;0;0;0;0;565804,839395577902906;5351810,985668402165174;9,887594702000058;48,316063226000040;2
265126;08240514118200768630;08;1;18;011;2024;05;14;3;3;5;3;0;0;1;0;0;0;0;0;504917,649089003039990;5408622,046685629524291;9,067006788000072;48,830556973000057;2
265127;08240514119400750730;08;1;19;079;2024;05;14;3;2;0;1;0;0;1;0;0;0;0;0;522834,783304672688246;5411651,629982502199709;9,311308238000038;48,857409896000036;2
265128;08240514311010772500;08;3;36;050;2024;05;12;3;3;2;6;0;0;1;0;0;0;0;0;398554,704906768107321;5272716,040675094351172;7,650451620000069;47,599912460000041;2
265129;08240514311010780270;08;3;36;069;2024;05;15;3;2;1;6;0;0;1;1;0;0;0;0;408140,895328127779067;5268997,687931771390140;7,778725662000056;47,567892236000034;2
265130;08240514316100750720;08;3;16;011;2024;05;14;3;3;4;6;0;0;1;0;1;0;0;0;414319,726001104048919;5330190,718057367950678;7,848738599000058;48,119207501000062;2
265131;08240514335100769970;08;3;35;043;2024;05;18;3;3;4;6;0;0;1;0;0;0;0;0;513347,620899999863468;5279185,014100000262260;9,177788546000045;47,665920000000028;2
265132;08240514337010837350;08;3;37;096;2024;05;19;3;2;4;6;1;1;1;1;0;0;0;0;423036,121976483496837;5270416,567282597534359;7,976474471000074;47,582594582000070;2
265133;08240514415300784240;08;4;15;092;2024;05;16;3;3;0;1;0;0;1;0;0;0;0;0;518930,876118483429309;5361402,076265510171652;9,255791398000042;48,405491097000038;2
265134;08240514415400750750;08;4;15;061;2024;05;13;3;3;5;3;0;0;1;1;0;0;0;0;514958,891169728478417;5373331,953825124539435;9,202549400000066;48,512923944000079;2
265135;08240514421200787170;08;4;25;072;2024;05;18;3;3;8;1;0;0;1;0;0;0;0;0;582117,809990863199346;5371414,147499250248075;10,111425544000042;48,490482774000043;2
265136;08240514421300782770;08;4;21;000;2024;05;09;3;3;3;2;0;0;1;0;0;0;0;0;568517,277199078584090;5352649,145515262149274;9,924312206000025;48,323314771000071;2
265137;08240514425000786100;08;4;25;033;2024;05;12;3;3;4;6;0;0;1;1;0;0;0;0;554532,945724895806052;5348452,647772734984756;9,735136553000075;48,286924467000063;2
265138;08240514426100749850;08;4;26;074;2024;05;10;3;3;0;1;0;0;1;0;0;0;0;0;556104,521615874720737;5326885,600014239549637;9,753470782000022;48,092767633000051;2
265139;08240514426200770480;08;4;26;108;2024;05;15;3;2;0;1;0;0;1;0;0;0;0;0;574768,303862995468080;5343352,936125522479415;10,006981803000031;48,238983588000053;2
265140;08240514436500753650;08;4;36;055;2024;05;14;3;2;0;1;0;0;1;0;0;0;0;0;574957,111906778416596;5292818,274251949973404;10,000689452000074;47,784362449000071;2
265141;08240515118010754660;08;1;15;045;2024;05;17;4;2;0;1;0;1;1;0;0;0;0;0;507224,913905753637664;5395021,240374745801091;9,098206133000076;48,708182037000029;2
265142;08240515118400786850;08;1;18;048;2024;05;17;4;3;6;6;0;0;1;0;1;0;0;0;512612,033574954781216;5418394,650527549907565;9,172149782000076;48,918360489000065;2
265143;08240515118500786440;08;1;18;054;2024;05;16;4;2;0;7;0;0;1;0;0;0;0;0;518953,418492574186530;5423001,054573994129896;9,258920906000071;48,959636278000062;2
265144;08240515136000942730;08;1;36;065;2024;05;08;4;3;0;1;0;0;1;0;0;0;0;0;556867,386257833568379;5406830,448197294026613;9,774577174000058;48,811857045000068;2
265145;08240515221011798910;08;2;26;012;2024;05;08;4;3;4;6;0;0;1;0;0;0;0;0;475589,434961944469251;5477714,189299909397960;8,663204569000072;49,451597209000056;2
265146;08240515311010755250;08;3;11;000;2024;05;20;4;3;0;7;1;1;1;0;0;0;0;0;413872,194912952487357;5316293,886409821920097;7,845524841000042;47,994141429000081;2
265147;08240515326000780160;08;3;35;002;2024;05;08;4;3;2;6;0;1;1;0;0;0;0;0;506791,459724329819437;5283948,119550055824220;9,090535646000035;47,708878925000079;2
265148;08240515426200773520;08;4;26;070;2024;05;17;4;3;4;6;0;0;1;0;0;0;0;0;566170,187914052396081;5338513,187915961258113;9,890442244000042;48,196402178000028;2
265149;08240516121400759540;08;1;25;066;2024;05;07;5;3;8;1;0;0;1;0;0;0;0;0;514920,481536342471372;5433339,563655108213425;9,204207673000042;49,052747349000072;2
265150;08240516316100775680;08;3;16;011;2024;05;15;5;3;4;6;0;0;1;0;0;0;0;0;413177,040697622345760;5330969,843884207308292;7,833229219000032;48,126061020000066;2
265151;08240516337010821630;08;3;37;126;2024;05;17;5;3;0;7;0;0;1;0;1;0;0;0;445627,335981541313231;5275375,024702696129680;8,276265050000063;47,629493574000037;2
265152;08240516435100760520;08;4;35;030;2024;05;15;5;3;0;1;0;0;1;0;0;0;0;0;542222,712045245221816;5271592,334331569261849;9,561655939000048;47,596365564000052;2
265153;08240518121500779940;08;1;25;078;2024;05;17;7;3;0;1;0;0;1;0;0;0;0;0;516834,935628154315054;5454844,032326735556126;9,231308213000034;49,246137363000059;2
265154;08240518222700798830;08;2;22;000;2024;05;15;7;3;3;6;0;0;1;0;0;0;0;0;464273,402159743534867;5480007,022515552118421;8,506874144000051;49,471660230000055;2
265155;08240519116500770870;08;1;16;041;2024;05;16;1;3;0;1;0;0;1;0;0;0;0;0;518609,117461942485534;5382864,041904526762664;9,252400683000076;48,598579193000035;2
265156;08240519117400781780;08;1;17;011;2024;05;01;1;3;0;1;2;1;1;0;0;0;0;0;546351,072989498032257;5399598,626510389149189;9,630531711000060;48,747677273000079;2
265157;08240519121500799100;08;1;25;027;2024;05;13;1;2;8;1;0;0;1;0;0;0;0;0;519630,172623277991079;5445390,847261891700327;9,269251653000026;49,161020813000050;2
265158;08240519237100802180;08;2;37;004;2024;05;17;1;3;0;7;0;0;1;0;1;0;0;0;441896,414974061306566;5375447,860894456505775;8,212995363000061;48,529447560000051;2
265159;08240519335300768820;08;3;35;035;2024;05;15;1;3;9;1;0;0;1;0;0;0;0;0;485649,512987163849175;5289023,293200788088143;8,808529531000033;47,754419360000043;2
265160;08240519415300769980;08;4;15;092;2024;05;15;1;3;6;6;0;0;1;0;1;0;0;0;518880,597078720456921;5361416,200144230388105;9,255112677000056;48,405619669000032;2
265161;08240519416200795350;08;4;16;031;2024;05;23;1;2;0;7;2;0;1;0;0;0;0;0;503450,041986959520727;5364173,462330313399434;9,046639528000071;48,430698818000053;2
265162;08240519435100767510;08;4;35;016;2024;05;11;1;2;0;1;0;0;1;0;0;0;0;0;537558,238598480820656;5278065,110115138813853;9,500165927000069;47,654890952000073;2
265163;08240519437000767200;08;4;37;065;2024;05;10;1;2;0;1;0;0;1;0;0;0;0;0;518545,898356067074928;5318543,392780629917979;9,248715331000028;48,019912946000034;2
265164;08240520111330818010;08;1;11;000;2024;05;18;2;3;0;7;0;0;1;0;0;0;0;0;517878,607963118469343;5410442,509948546066880;9,243688280000072;48,846695565000061;2
265165;08240520121100772450;08;1;25;026;2024;05;18;2;3;0;1;0;0;1;0;0;0;0;0;491244,763086675491650;5441641,258510365150869;8,879992215000073;49,127543328000058;2
265166;08240520121200774600;08;1;21;000;2024;05;11;2;3;0;1;0;1;1;0;0;0;0;0;515063,845446007442661;5443155,891179038211703;9,206535834000022;49,141045716000065;2
265167;08240520121500784160;08;1;25;065;2024;05;19;2;3;0;7;0;0;1;0;0;0;0;0;512630,637387655151542;5450319,211718318983912;9,173399944000039;49,205536814000027;2
265168;08240520136000774790;08;1;36;065;2024;05;17;2;3;0;7;0;0;1;0;0;0;0;0;557646,264121398562565;5403760,635423750616610;9,784754173000067;48,784172038000065;2
265169;08240520212702822600;08;2;15;017;2024;05;11;2;3;0;7;0;0;1;0;0;0;0;0;457317,472769526822958;5422486,140098940581083;8,416984591000073;48,953821530000027;2
265170;08240520317100826390;08;3;17;001;2024;05;12;2;3;0;1;0;0;1;0;0;0;0;0;428593,593056737328880;5384810,057474251836538;8,031227350000052;48,612287912000056;2
265171;08240520335100804710;08;3;35;043;2024;05;15;2;2;0;1;0;0;1;0;0;0;0;0;513025,355959110544063;5279357,291393022984266;9,173501177000048;47,667476665000038;2
265172;08240520335400791710;08;3;35;098;2024;05;19;2;3;4;6;0;0;1;0;0;0;0;0;499451,015990017796867;5294424,115555951371789;8,992668366000032;47,803172927000048;2
265173;08240520415100783500;08;4;15;050;2024;05;10;2;2;7;7;0;1;1;0;0;0;0;0;523851,579390867264010;5373403,233245857991278;9,322962427000050;48,513290358000063;2
265174;08240520416200803170;08;4;16;023;2024;05;14;2;3;0;7;0;0;1;0;0;0;0;0;508764,688123187806923;5368936,403182532638311;9,118585404000044;48,473496865000072;2
265175;08240521216100826450;08;2;16;043;2024;05;05;3;3;0;7;0;1;1;0;0;0;0;0;440283,293636017129757;5413700,801312515512109;8,185615502000076;48,873388263000038;2
265176;08240522111120809650;08;1;11;000;2024;05;20;4;3;5;2;0;0;1;0;0;0;0;0;513893,202506358269602;5403696,878667874261737;9,189138494000076;48,786114861000044;2
265177;08240522311100793620;08;3;15;072;2024;05;12;4;3;0;1;0;0;1;0;0;0;0;0;402464,338678441708907;5318016,281782402656972;7,692258803000072;48,007995736000055;2
265178;08240522317100809400;08;3;17;001;2024;05;20;4;2;0;1;0;1;1;0;0;0;0;0;429799,754928481881507;5386163,860784740187228;8,047359876000030;48,624601813000027;2
265179;08240523311010831760;08;3;11;000;2024;05;09;5;3;5;7;0;0;1;1;0;0;0;0;413562,517665778810624;5316450,729966567829251;7,841343150000057;47,995510503000048;2
265180;08240524128200811120;08;1;28;139;2024;05;21;6;2;0;1;1;1;1;0;0;0;0;0;553673,541482715401798;5487059,837069302797318;9,741783496000039;49,533772549000048;2
265181;08240525121400816200;08;1;25;086;2024;05;20;7;3;0;1;0;1;1;0;0;0;0;0;500986,407941799610853;5440307,287811882793903;9,013517419000038;49,115605270000060;2
265182;08240525136000807290;08;1;36;065;2024;05;18;7;2;0;1;0;0;1;0;0;0;0;0;566016,053167728823610;5402796,755678765475750;9,898525890000030;48,774670049000065;2
265183;08240525222301815160;08;2;22;000;2024;05;17;7;3;4;6;0;0;1;0;0;0;0;1;465636,339874748955481;5484227,724469038657844;8,525318809000055;49,509702170000025;2
265184;08240525435100832340;08;4;35;016;2024;05;18;7;3;8;1;0;0;1;0;0;0;0;0;535301,672495962469839;5277642,830475320108235;9,470082042000058;47,651218585000038;2
265185;08240526111330805150;08;1;11;000;2024;05;12;1;3;8;1;0;0;1;0;0;0;0;0;514236,843641390325502;5410337,265084358863533;9,194047127000033;48,845843032000062;2
265186;08240526115400789730;08;1;15;045;2024;05;11;1;3;0;7;0;0;1;0;0;0;0;0;501847,527789539715741;5398344,399070499464869;9,025127809000026;48,738116453000032;2
265187;08240526116000799340;08;4;16;025;2024;05;11;1;3;8;1;0;0;1;0;0;0;0;0;505315,575075115833897;5361792,236946808174253;9,071828606000054;48,409263093000050;2
265188;08240526116400805640;08;1;16;072;2024;05;14;1;2;4;6;0;0;1;0;0;0;0;0;530281,126094259554520;5393509,012831616215408;9,411486323000076;48,693884936000075;2
265189;08240526118300791360;08;1;18;051;2024;05;17;1;3;0;1;0;1;1;0;0;0;0;0;510306,633349962357897;5415766,304927209392190;9,140615641000068;48,894759262000036;2
265190;08240526119300791450;08;1;19;001;2024;05;14;1;3;8;7;0;1;1;0;0;0;0;0;549148,760469920933247;5411600,365738816559315;9,670023640000068;48,855422169000065;2
265191;08240526119300817950;08;1;19;076;2024;05;11;1;3;0;7;0;1;1;0;0;0;0;0;541914,857984403148293;5405551,148854756727815;9,570794157000023;48,801537707000080;2
265192;08240526121400793340;08;1;25;081;2024;05;17;1;3;0;1;0;1;1;0;0;0;0;0;497490,760986842797138;5435400,021176818758249;8,965644668000039;49,071457779000070;2
265193;08240526136000816110;08;1;36;009;2024;05;02;1;3;8;1;2;0;1;0;0;0;0;0;568589,963748039328493;5407313,764856472611427;9,934308114000032;48,815020959000037;2
265194;08240526136200817360;08;1;36;089;2024;05;13;1;3;3;6;0;0;1;0;0;0;0;0;583533,672405365156010;5420525,812640974298120;10,140526005000027;48,932021241000029;2