OID_;UIDENTSTLAE;ULAND;UREGBEZ;UKREIS;UGEMEINDE;UJAHR;UMONAT;USTUNDE;UWOCHENTAG;UKATEGORIE;UART;UTYP1;ULICHTVERH;IstStrassenzustand;IstRad;IstPKW;IstFuss;IstKrad;IstGkfz;IstSonstige;LINREFX;LINREFY;XGCSWGS84;YGCSWGS84;PLST
265195;08240526425000793510;08;4;25;108;2024;05;14;1;2;0;1;0;0;1;0;0;0;0;0;547702,941706798155792;5360029,815399941988289;9,644381796000062;48,391625319000070;2
265196;08240528121200936900;08;1;21;000;2024;05;13;3;2;3;6;0;0;1;0;0;0;0;1;511331,212635273637716;5438982,999852560460567;9,155241852000074;49,103589123000063;2
265197;08240528128100800730;08;1;28;020;2024;05;14;3;3;9;7;0;0;1;0;0;0;0;0;573724,672771322075278;5481079,899986760690808;10,017739669000036;49,477884471000039;2
265198;08240528136100819310;08;1;36;050;2024;05;19;3;3;0;7;0;0;1;0;0;0;0;0;579699,192896536435001;5406272,170973436906934;10,085405433000062;48,804326867000043;2
265199;08240528225100810660;08;2;25;058;2024;05;11;3;3;0;7;0;0;1;0;0;0;0;0;510506,954831794078927;5466796,647295631468296;9,144677953000041;49,353793906000078;2
265200;08240528235100813910;08;2;35;067;2024;05;13;3;3;8;1;0;0;1;0;0;0;0;0;487680,481994869536720;5399107,268122789449990;8,832422568000027;48,744860137000046;2
265201;08240528311000795670;08;3;37;013;2024;05;08;3;2;0;7;0;0;1;0;0;0;0;0;427702,299276483303402;5294298,411369470879436;8,034562201000028;47,797982124000043;2
265202;08240528311010819060;08;3;11;000;2024;05;19;3;2;6;7;0;0;1;0;1;0;0;0;413709,307984160492197;5316898,394892745651305;7,843220371000029;47,999557236000044;2
265203;08240528426300811870;08;4;26;014;2024;05;22;3;2;0;1;2;0;1;0;0;0;0;0;549736,373264790745452;5318468,524409103207290;9,666975703000048;48,017572415000075;2
265204;08240529116200803840;08;1;16;015;2024;05;18;4;3;8;1;0;0;1;0;0;0;0;0;523677,698835712566506;5392982,493787876330316;9,321724704000076;48,689433933000032;2
265205;08240529436000814940;08;4;35;066;2024;05;14;4;3;0;7;0;1;1;0;0;0;0;0;517176,539482379565015;5286830,639020775444806;9,229090032000045;47,734621818000051;2
265206;08240529437200822030;08;4;37;005;2024;05;17;4;3;0;7;0;0;1;0;0;0;0;0;501175,657151560299098;5324266,596263244748116;9,015782303000037;48,071673407000048;2
265207;08240530127100803350;08;1;27;100;2024;05;12;5;3;9;7;0;0;1;0;0;0;0;0;553701,461685456917621;5432059,614789932034910;9,734780780000051;49,039074972000037;2
265208;08240530128200816690;08;1;28;139;2024;05;14;5;2;9;7;0;0;1;0;0;0;0;0;551263,387759610312060;5492239,637727862223983;9,709151534000057;49,580568691000053;2
265209;08240530215102807440;08;2;15;109;2024;05;14;5;3;0;3;0;1;1;0;0;0;0;1;459788,890074358263519;5433479,122951040044427;8,449652292000053;49,052871243000027;2
265210;08240530231302804530;08;2;31;000;2024;05;20;5;3;0;1;1;1;1;0;0;0;0;0;478147,373870276031084;5415626,037578470073640;8,701869012000031;48,893197810000061;2
265211;08240530311500824980;08;3;15;102;2024;05;17;5;2;0;1;0;1;1;0;0;0;0;0;439714,605559833347797;5294530,747465142980218;8,194919982000044;47,801309349000064;2
265212;08240531212010814380;08;2;12;000;2024;05;11;6;3;0;1;0;1;1;1;0;0;0;0;457687,261966253514402;5429105,545687210746109;8,421346416000063;49,013389715000073;2
265213;08240531311010831530;08;3;11;000;2024;05;16;6;3;5;3;0;0;1;0;0;1;0;0;411353,709893443679903;5318195,126942912116647;7,811381079000057;48,010899352000081;2
265214;08240601118010849050;08;1;18;050;2024;06;22;7;2;8;1;2;1;1;0;0;0;0;0;507921,133019302622415;5416480,631520527414978;9,108083664000048;48,901220265000063;2
265215;08240601231102888330;08;2;36;040;2024;06;15;7;3;0;1;0;1;1;0;0;0;0;0;490428,524707607750315;5417480,119447992183268;8,869374080000057;48,910188096000070;2
265216;08240602119200841610;08;1;19;020;2024;06;18;1;3;0;7;0;1;1;0;0;0;0;0;522469,919048593030311;5403461,634439465589821;9,305885444000069;48,783747908000066;2
265217;08240602311400833050;08;3;15;006;2024;06;14;1;3;0;1;0;1;1;0;0;0;0;0;402874,216000000014901;5307772,007999999448657;7,700067148000073;47,915911691000076;2
265218;08240602415100853520;08;4;15;078;2024;06;13;1;3;0;1;0;0;1;0;0;0;0;0;530296,962852095603012;5372194,959426375105977;9,410146367000038;48,502142612000057;2
265219;08240602436400855760;08;4;36;011;2024;06;16;1;3;0;1;0;1;1;0;0;0;0;0;546269,708197947824374;5296881,439414729364216;9,618171746000030;47,823618523000050;2
265220;08240603116500835110;08;1;16;035;2024;06;19;2;3;0;7;0;0;1;0;0;0;0;0;526688,189884494175203;5393798,486110378056765;9,362682170000028;48,696653043000026;2
265221;08240603136200841660;08;1;27;014;2024;06;21;2;3;0;1;1;0;1;0;0;0;0;0;577912,892841576016508;5437825,144100684672594;10,067117490000044;49,088345437000044;2
265222;08240603212102833670;08;2;12;000;2024;06;08;2;3;5;3;0;0;1;0;0;0;0;0;461527,370916175015736;5429104,886600928381085;8,473859973000060;49,013635185000055;2
265223;08240603212702834290;08;2;15;017;2024;06;17;2;3;7;7;0;0;1;0;0;0;0;1;456549,090586499543861;5419738,084865161217749;8,406782619000069;48,929048633000036;2
265224;08240603311010839940;08;3;11;000;2024;06;20;2;2;0;7;0;0;1;0;0;0;0;0;413593,767299642786384;5317319,634522413834929;7,841586963000054;48,003330825000035;2
265225;08240604111240858000;08;1;11;000;2024;06;07;3;3;5;3;0;0;1;0;0;0;0;0;513990,578028937045019;5403954,705600416287780;9,190472910000040;48,788432063000073;2
265226;08240604335000835030;08;3;27;018;2024;06;16;3;2;4;2;0;0;1;1;0;0;0;0;475058,186422061466146;5307430,020127928815782;8,666156685000033;47,919707311000082;2
265227;08240604337010834820;08;3;37;125;2024;06;10;3;2;0;1;0;1;1;0;0;0;0;0;447297,080372742842883;5272715,155528009869158;8,298808714000074;47,605700478000074;2
265228;08240605116400842800;08;1;16;070;2024;06;07;4;3;4;6;0;0;1;0;0;0;0;0;537250,264541136333719;5386341,108284574933350;9,505540292000035;48,629026773000078;2
265229;08240605136000846680;08;1;36;009;2024;06;15;4;2;0;1;0;0;1;0;0;0;0;0;566506,764817586634308;5408498,096014663577080;9,906127303000062;48,825900231000048;2
265230;08240605311010836510;08;3;36;050;2024;06;18;4;3;2;6;0;0;1;0;0;0;0;0;399946,599669318471570;5275597,306037236005068;7,668305151000027;47,626046815000052;2
265231;08240605311010849310;08;3;11;000;2024;06;16;4;3;0;3;0;0;1;0;1;0;0;0;410723,548488011059817;5316391,620419772341847;7,803308759000060;47,994588692000036;2
265232;08240606118010870010;08;1;18;048;2024;06;17;5;2;9;1;0;0;1;0;0;0;0;0;518935,666570248373318;5417568,643711414188147;9,258426032000045;48,910768883000060;2
265233;08240606212010862940;08;2;15;090;2024;06;20;5;2;9;1;0;0;1;0;0;0;0;0;466296,004441190452781;5433969,835744654759765;8,538667482000051;49,057675633000031;2
265234;08240606316100863440;08;3;16;043;2024;06;11;5;3;0;1;0;0;1;0;0;0;0;0;411880,904599252622575;5331684,752659402787685;7,815667051000048;48,132313536000026;2
265235;08240606317600864760;08;3;17;041;2024;06;15;5;3;3;6;0;0;1;1;0;0;0;0;438787,313863534713164;5347458,833763348869979;8,174969735000047;48,277373490000059;2
265236;08240607111130840770;08;1;11;000;2024;06;08;6;3;0;1;0;0;1;0;0;0;0;0;510008,813544789445587;5400191,475729146040976;9,136172307000038;48,754655071000059;2
265237;08240607115100906470;08;1;15;013;2024;06;14;6;3;4;6;0;0;1;0;0;0;0;1;495444,969127037096769;5389865,117223632521927;8,938141607000034;48,661822226000027;2
265238;08240607116000844920;08;4;17;054;2024;06;18;6;3;5;3;0;0;1;1;0;0;0;0;479025,894000000320375;5348176,005999999120831;8,717260008000039;48,286437631000069;2
265239;08240607311300852290;08;3;15;014;2024;06;20;6;2;0;1;0;0;1;0;0;0;0;0;409030,531880145194009;5307994,148195385001600;7,782396574000074;47,918812964000040;2
265240;08240607336100852990;08;3;36;050;2024;06;23;6;3;9;7;2;0;1;0;0;0;0;0;399119,273563270748127;5275537,529359953477979;7,657310450000068;47,625380770000049;2
265241;08240607337010878020;08;3;37;128;2024;06;21;6;2;0;1;1;0;1;0;0;0;0;0;449363,085865014698356;5288627,289814882911742;8,324448585000027;47,749027793000039;2
265242;08240607435100842000;08;4;35;016;2024;06;19;6;3;4;1;0;0;1;0;0;0;0;1;535556,542737834388390;5278357,367203007452190;9,473533930000031;47,657633620000070;2
265243;08240608111130907950;08;1;11;000;2024;06;14;7;3;0;7;0;0;1;0;0;0;0;0;508347,251504222280346;5399902,187651754356921;9,113560543000062;48,752077134000046;2
265244;08240608116500843500;08;1;16;049;2024;06;15;7;3;0;1;0;0;1;0;0;0;0;0;529513,164936696994118;5385583,819567920640111;9,400485712000034;48,622627234000049;2
265245;08240608126100857030;08;1;26;039;2024;06;16;7;3;0;7;0;0;1;0;0;0;0;1;550182,872354349587113;5463777,850552911870182;9,690599414000076;49,324666864000051;2
265246;08240608221011864780;08;2;21;000;2024;06;12;7;3;5;3;0;0;1;0;0;0;0;0;477464,486375890613999;5471762,108581036329269;8,689412579000077;49,398131760000069;2
265247;08240608426300841390;08;4;26;124;2024;06;14;7;3;8;7;0;0;1;0;0;0;0;0;548519,647891942877322;5331420,637694416567683;9,652131107000059;48,134189483000057;2
265248;08240608435200862050;08;4;35;066;2024;06;10;7;3;3;6;0;0;1;0;0;0;0;0;516413,182968718872871;5287930,350879274308681;9,218950417000030;47,744536382000035;2
265249;08240609119400845920;08;1;19;091;2024;06;15;1;3;0;7;0;0;1;0;0;0;0;0;527997,928929566638544;5406247,633964460343122;9,381327181000074;48,808585753000045;2
265250;08240609121500845730;08;1;25;007;2024;06;19;1;3;0;1;0;0;1;0;0;0;0;0;511244,557176624308340;5452904,388912608847022;9,154443631000049;49,228818112000056;2
265251;08240609121500872970;08;1;25;027;2024;06;18;1;3;7;7;0;0;1;0;1;0;0;0;517801,178931537724566;5446628,488146459683776;9,244219782000073;49,172209499000076;2
265252;08240609136100843060;08;1;36;050;2024;06;14;1;2;8;7;0;0;1;0;0;0;0;0;581059,293101617833599;5405665,397461671382189;10,103804994000029;48,798693503000038;2
265253;08240609215102845750;08;2;15;090;2024;06;12;1;2;3;6;0;0;1;0;0;0;0;0;464257,864598344953265;5430809,429891861043870;8,511049719000027;49,029132206000043;2
265254;08240609226095843990;08;2;26;095;2024;06;10;1;3;4;6;0;0;1;0;0;0;0;0;475044,070770034217276;5461078,527235480956733;8,656723996000039;49,301939526000069;2
265255;08240609317500874130;08;3;17;096;2024;06;18;1;2;8;1;0;0;1;0;0;0;0;0;422784,365707061486319;5372178,243086723610759;7,954769938000027;48,497977225000056;2
265256;08240609435100844260;08;4;35;016;2024;06;14;1;3;0;1;0;0;1;0;0;0;0;0;531260,207592851482332;5279645,324879115447402;9,416410134000046;47,669443871000055;2
265257;08240610118010857130;08;1;15;003;2024;06;12;2;2;4;6;0;0;1;0;0;0;0;1;499789,888303370564245;5391762,292885392904282;8,997145669000076;48,678906045000076;2
265258;08240610118010919900;08;1;18;081;2024;06;08;2;2;5;3;0;0;1;0;0;0;0;1;517658,770811091759242;5413775,475397340953350;9,240835703000073;48,876684397000076;2
265259;08240610136000861850;08;1;36;027;2024;06;14;2;2;0;1;0;0;1;0;0;0;0;0;558901,965862124925479;5421313,925790693610907;9,804373119000047;48,941945298000064;2
265260;08240610212010845380;08;2;12;000;2024;06;17;2;3;4;6;0;0;1;1;0;0;0;0;459883,828071187599562;5427527,880162989720702;8,451540255000054;48,999345035000033;2
265261;08240610212010876840;08;2;12;000;2024;06;14;2;2;0;3;0;0;1;0;0;0;0;0;453678,569703683140688;5428256,323389205150306;8,366625261000024;49,005462987000044;2
265262;08240610215502849190;08;2;15;066;2024;06;09;2;3;4;1;0;0;1;0;0;0;0;0;456567,211514261492994;5453510,127797044813633;8,403402277000055;49,232829582000079;2
265263;08240610216100860720;08;2;16;043;2024;06;20;2;2;0;1;0;0;1;0;0;0;0;0;443440,768822415673640;5413230,905275157652795;8,228736239000057;48,869457610000040;2
265264;08240610222400849460;08;2;26;038;2024;06;15;2;3;5;3;0;0;1;0;0;0;0;0;471576,900184479076415;5479817,272912934422493;8,607693439000059;49,470339324000065;2
265265;08240610222400863810;08;2;26;105;2024;06;19;2;3;3;6;0;0;1;0;0;0;0;0;471443,860909100330900;5478666,984482174739242;8,605940213000054;49,459986611000033;2
265266;08240610222600849080;08;2;22;000;2024;06;17;2;3;0;7;0;0;1;0;0;0;0;0;462886,496426226454787;5482857,071649198420346;8,487464278000061;49,497211799000070;2
265267;08240611111130902860;08;1;11;000;2024;06;19;3;3;6;6;0;0;1;0;1;0;0;0;514332,634146152355243;5405887,655213997699320;9,195197214000075;48,805812861000049;2
265268;08240611111310848960;08;1;11;000;2024;06;07;3;3;5;2;0;0;1;0;0;0;0;0;515587,431066615972668;5405238,912105577066541;9,212261642000044;48,799946651000027;2
265269;08240611115100863730;08;1;15;013;2024;06;07;3;3;0;7;0;0;1;0;0;0;0;0;493798,491210970329121;5388199,255405823700130;8,915807027000028;48,646821708000061;2
265270;08240611116500851760;08;1;16;049;2024;06;15;3;3;6;6;0;0;1;0;1;0;0;0;525242,198618003283627;5386167,043315147981048;9,342566527000031;48,628060881000067;2
265271;08240611121200850560;08;1;21;000;2024;06;18;3;2;0;7;0;0;1;0;0;0;0;0;519815,273920214967802;5441857,627280811779201;9,271616744000028;49,129232534000039;2
265272;08240611127202867540;08;1;27;102;2024;06;16;3;3;3;6;0;0;1;0;0;0;0;0;589238,366940586827695;5434920,059041487053037;10,221558941000069;49,060680672000046;2
265273;08240611128100849770;08;1;28;126;2024;06;13;3;3;0;1;0;0;1;0;0;0;0;0;564536,765627124812454;5479806,216242108494043;9,890713810000022;49,467475571000080;2
265274;08240612127202861770;08;1;27;075;2024;06;00;4;3;7;7;2;0;1;0;0;0;0;0;573394,824046370573342;5465251,830175167880952;10,010261637000042;49,335573495000062;2
265275;08240612128200883380;08;1;28;115;2024;06;23;4;3;8;6;2;0;1;0;0;0;0;1;548415,716659555910155;5496006,142268067225814;9,670225352000045;49,614679529000057;2
265276;08240612327100882730;08;3;27;050;2024;06;07;4;3;4;6;0;0;1;0;0;0;0;0;487113,843000000342727;5314476,586999999359250;8,827308056000049;47,983462558000042;2
265277;08240613222200886960;08;2;22;000;2024;06;10;5;3;5;3;0;0;1;1;0;0;0;0;461192,297000000253320;5481159,462999999523163;8,464235187000043;49,481836714000053;2
265278;08240613225200886510;08;2;25;032;2024;06;18;5;2;0;7;0;0;1;0;0;0;0;0;528354,564834443852305;5498948,989548902958632;9,392738148000035;49,642423424000071;2
265279;08240613226400897140;08;2;26;037;2024;06;19;5;3;0;6;0;0;1;1;0;0;0;0;464560,558069583086763;5466525,629529612138867;8,512040977000026;49,350416706000033;2
265280;08240613237200942240;08;2;37;054;2024;06;17;5;3;0;1;0;0;1;0;0;0;0;0;468828,703340302454308;5376036,155059251002967;8,577730519000056;48,536655712000027;2
265281;08240613311010888520;08;3;11;000;2024;06;18;5;3;4;6;0;0;1;0;0;0;0;0;412150,685787141905166;5316842,894825143739581;7,822341979000043;47,998845712000048;2
265282;08240613416200873270;08;4;16;041;2024;06;13;5;3;5;2;0;0;1;0;0;0;0;0;503131,924100000411272;5373367,753000000491738;9,042407912000044;48,513416389000042;2
265283;08240614231000877650;08;2;31;000;2024;06;08;6;3;5;6;0;0;1;0;0;0;0;0;478025,027999999932945;5415207,493000000715256;8,700222406000023;48,889428396000028;2
265284;08240614415100895570;08;4;15;050;2024;06;14;6;2;0;1;0;0;1;0;0;0;0;0;518657,965558100666385;5374442,842391624115407;9,252685594000070;48,522818792000066;2
265285;08240614415400859390;08;4;15;061;2024;06;18;6;3;0;7;0;0;1;0;0;0;0;0;515692,068855500489008;5370408,607609409838915;9,212366968000026;48,486606634000054;2
265286;08240614416100889690;08;4;16;036;2024;06;19;6;2;7;7;0;0;1;0;0;0;0;1;493890,150064050452784;5363102,513626111671329;8,917419395000024;48,421043829000041;2
265287;08240614435100879380;08;4;35;029;2024;06;14;6;2;6;1;0;0;1;0;1;0;0;0;545135,422471938305534;5271730,336003893986344;9,600413546000027;47,597410965000051;2
265288;08240614436000857360;08;4;35;013;2024;06;14;6;2;0;1;0;0;1;0;0;0;0;0;540015,186980614671484;5274234,418317656032741;9,532533544000046;47,620277507000026;2
265289;08240615118010897960;08;1;18;048;2024;06;12;7;1;0;1;0;0;1;0;0;0;0;0;515391,087806926516350;5417347,813852578401566;9,210043161000044;48,908880614000054;2
265290;08240615118300861810;08;1;18;051;2024;06;15;7;3;6;6;0;0;1;0;1;0;0;0;508632,433391507074703;5415241,540329974144697;9,117763135000075;48,890064192000068;2
265291;08240615118300895870;08;1;18;046;2024;06;04;7;2;0;1;2;1;1;0;0;0;0;0;514444,501509526337031;5411814,531654627993703;9,196929585000021;48,859127421000039;2
265292;08240615136000863840;08;1;36;065;2024;06;15;7;3;2;6;0;0;1;0;0;0;0;0;566016,702322584344074;5404752,731054533272982;9,898848873000077;48,792263681000065;2
265293;08240615311100877090;08;3;15;030;2024;06;15;7;2;0;1;0;0;1;0;0;0;0;0;404056,593772488995455;5327424,505101635120809;7,711492214000032;48,092862157000070;2
265294;08240615416200879560;08;4;16;026;2024;06;15;7;3;0;7;0;0;1;0;0;0;0;0;505460,793475896294694;5363013,372337203472853;9,073806819000026;48,420247829000061;2
265295;08240616118100900500;08;1;18;079;2024;06;16;1;2;5;3;0;0;1;1;0;0;0;0;508514,585480962356087;5420488,956569029949605;9,116264950000073;48,937270180000041;2
265296;08240616119100927250;08;1;19;008;2024;06;12;1;3;5;3;0;0;1;0;0;0;0;0;531915,243708294816315;5418660,523497604764998;9,435646988000030;48,920057928000062;2
265297;08240616119500863720;08;1;19;068;2024;06;11;1;3;0;7;0;0;1;0;0;0;0;0;526240,501874763052911;5413504,319089711643755;9,357856574000039;48,873941336000030;2
265298;08240616128200899580;08;1;28;047;2024;06;11;1;3;0;1;0;0;1;0;0;0;0;0;552210,547501281951554;5496510,296961601823568;9,722820528000057;49,618897822000065;2
265299;08240616136000864990;08;1;36;065;2024;06;15;1;2;0;1;0;0;1;0;0;0;0;0;566079,606823615613393;5402043,422784667462111;9,899269762000074;48,767887174000066;2
265300;08240616221300882950;08;2;21;000;2024;06;17;1;3;0;7;0;1;1;0;0;0;0;0;479735,038005820533726;5475462,907612707465887;8,720516262000046;49,431499752000036;2
265301;08240616317500862830;08;3;17;096;2024;06;14;1;3;0;7;0;0;1;0;0;0;0;0;421784,703469834756106;5367909,776717348955572;7,942039141000066;48,459459146000029;2
265302;08240616317600880540;08;3;17;145;2024;06;15;1;3;3;6;0;0;1;0;0;0;0;0;441860,389344669179991;5352392,558486764319241;8,215705194000066;48,322046323000052;2
265303;08240616335100915430;08;3;35;043;2024;06;18;1;3;5;3;0;0;1;1;0;0;0;0;512135,311999999918044;5279880,967000000178814;9,161660157000028;47,672205841000050;2
265304;08240616426300877130;08;4;26;008;2024;06;11;1;3;0;1;0;0;1;0;0;0;0;0;528955,219728529453278;5327152,324342349544168;9,388892805000069;48,096979519000058;2
265305;08240617121500902740;08;1;25;005;2024;06;19;2;3;0;7;0;0;1;1;0;0;0;0;514627,169867759977933;5453926,932053651660681;9,200940747000061;49,237944631000062;2
265306;08240617221200906160;08;2;21;000;2024;06;11;2;3;0;7;0;0;1;0;0;0;0;0;479563,473342545446940;5472828,158392673358321;8,718285855000033;49,407794834000072;2
265307;08240617222014908310;08;2;22;000;2024;06;16;2;2;0;7;0;0;1;0;0;0;0;0;465081,796431862341706;5480886,357835337519646;8,517954180000061;49,479616487000044;2
265308;08240617311010867090;08;3;11;000;2024;06;10;2;3;0;1;0;0;1;0;0;0;0;0;413540,091025643399917;5316454,028374368324876;7,841041929000028;47,995537141000057;2
265309;08240618111210906840;08;1;11;000;2024;06;07;3;3;0;7;0;0;1;0;0;0;0;0;513380,881954342708923;5395672,937808726914227;9,181903192000050;48,713943018000066;2
265310;08240618115200885710;08;1;15;016;2024;06;20;3;2;5;3;0;0;1;1;0;0;0;0;486973,307519949448761;5377068,778557392768562;8,823496415000022;48,546584645000053;2
265311;08240618115200888450;08;1;15;021;2024;06;16;3;3;0;7;0;0;1;1;0;0;0;0;493031,515410759253427;5380738,438332868739963;8,905519732000073;48,579694542000027;2
265312;08240618119500904560;08;1;19;085;2024;06;10;3;2;0;7;0;0;1;0;0;0;0;0;531835,104800439556129;5411851,541212273761630;9,434022653000056;48,858811643000081;2
265313;08240618128100920700;08;1;28;007;2024;06;17;3;3;4;6;0;0;1;0;0;0;0;0;556651,147857860894874;5482675,092869465239346;9,782301657000062;49,494065172000035;2
265314;08240618316100906600;08;3;16;011;2024;06;08;3;3;4;6;0;0;1;0;1;0;0;0;416089,468358740210533;5328661,874781661666930;7,872814140000060;48,105690875000050;2
265315;08240618317500891460;08;3;17;096;2024;06;17;3;3;4;6;0;0;1;0;0;0;0;0;421255,916016245086212;5368739,963381079956889;7,934731635000048;48,466860627000074;2
265316;08240618327100869040;08;3;27;055;2024;06;07;3;3;0;1;0;0;1;0;0;0;0;0;480365,440396304475144;5315950,383062362670898;8,736803732000055;47,996550898000066;2
265317;08240618336400872390;08;3;36;014;2024;06;17;3;2;0;7;0;1;1;0;0;0;0;0;389352,900713877170347;5282871,349167399108410;7,525509153000030;47,689751872000045;2
265318;08240618415100905460;08;4;15;088;2024;06;18;3;3;7;7;0;0;1;0;0;0;0;0;535372,430803052848205;5372203,816314270719886;9,478854151000064;48,501956976000031;2
265319;08240618425000906150;08;4;25;033;2024;06;22;3;3;0;7;2;0;1;0;0;0;0;0;553810,092840016586706;5346943,025824910961092;9,725200628000039;48,273405743000069;2
265320;08240618426010870160;08;4;26;062;2024;06;13;3;2;2;6;0;0;1;0;0;0;0;0;554926,222379362792708;5317414,498970066197217;9,736432012000023;48,007664834000082;2
265321;08240618436400901440;08;4;36;082;2024;06;11;3;3;0;1;0;1;1;0;0;0;0;0;549579,218127645552158;5295414,031898600980639;9,662216552000075;47,810169846000065;2
265322;08240619121600908420;08;1;25;046;2024;06;17;4;3;0;7;0;0;1;0;0;0;0;0;519940,799940291093662;5433631,220402193255723;9,272931405000065;49,055228902000067;2
265323;08240619136000907520;08;1;36;065;2024;06;06;4;3;4;6;0;1;1;0;0;0;0;0;558852,807623983477242;5405884,949686159379780;9,801481849000027;48,803167376000033;2
265324;08240619221300923400;08;2;21;000;2024;06;13;4;3;0;6;0;1;1;1;0;0;0;0;479490,814325743529480;5473771,175274395383894;8,717235556000048;49,416274696000073;2
265325;08240619311010905290;08;3;11;000;2024;06;23;4;2;0;7;2;0;1;0;0;0;0;0;412731,509466885356233;5317028,423917077481747;7,830088748000037;48,000594155000044;2
265326;08240619335100874600;08;3;35;043;2024;06;20;4;3;0;7;0;0;1;0;0;0;0;0;513099,405918339034542;5279537,508889520540833;9,174492941000040;47,669096707000051;2
265327;08240619337010920240;08;3;37;126;2024;06;17;4;2;4;1;0;0;1;0;0;0;0;0;444095,492423128802329;5274388,719755098223686;8,256002914000021;47,620489335000059;2
265328;08240619436000877350;08;4;37;123;2024;06;14;4;3;4;6;0;0;1;1;0;0;0;0;503063,211013901163824;5314473,514041682705283;9,041051242000037;47,983557385000040;2
265329;08240619437200908710;08;4;37;104;2024;06;15;4;3;0;6;0;0;1;0;0;0;0;0;516449,701512879517395;5326244,508693005889654;9,220900044000075;48,089257572000065;2
265330;08240620118010914860;08;1;18;079;2024;06;16;5;3;0;7;0;0;1;0;0;0;0;0;509521,290759528987110;5422381,796646693721414;9,130055514000048;48,954282885000055;2
265331;08240620212000904590;08;2;12;000;2024;06;19;5;2;0;1;0;1;1;0;0;0;0;0;456525,201724006037693;5430357,018740460276604;8,405321288000039;49,024566056000026;2
265332;08240620215102878440;08;2;15;109;2024;06;20;5;3;0;1;0;1;1;0;0;0;0;0;462681,005826511420310;5435044,229659928008914;8,489089116000059;49,067131595000035;2
265333;08240620226700899310;08;2;26;041;2024;06;13;5;2;0;7;0;1;1;0;0;0;0;0;481441,445321150240488;5466254,754688100889325;8,744479828000067;49,348727670000073;2
265334;08240620317100882120;08;3;17;001;2024;06;15;5;3;0;7;0;0;1;0;0;0;0;0;433079,222605153336190;5389841,110841128043830;8,091263307000077;48,658038331000057;2
265335;08240620415400913940;08;4;15;061;2024;06;19;5;3;5;3;0;0;1;1;0;0;0;0;516428,326805561431684;5375398,920423058792949;9,222527438000043;48,531482265000079;2
265336;08240620421300938360;08;4;21;000;2024;06;18;5;3;6;6;0;0;1;0;1;0;0;0;566034,572998386807740;5355583,969396274536848;9,891284383000027;48,349979429000030;2
265337;08240621119300161720;08;1;19;067;2024;06;23;6;3;9;1;2;0;1;0;0;0;0;0;538743,874997990787961;5406154,841040101833642;9,527670852000028;48,807173981000062;2
265338;08240621119300931340;08;1;19;061;2024;06;17;6;2;0;7;0;0;1;0;0;0;0;0;541061,295603873324580;5414470,757632595486939;9,560064899000054;48,881830439000055;2
265339;08240621121300914760;08;1;21;000;2024;06;17;6;3;4;6;0;1;1;0;0;0;0;1;514903,493788307416253;5445240,042263492941856;9,204414432000021;49,159797241000035;2
265340;08240621316100919330;08;3;16;043;2024;06;19;6;3;0;1;0;0;1;0;0;0;0;0;411132,649929104954936;5331920,547194407321513;7,805563465000034;48,134330453000075;2
265341;08240621435100881040;08;4;35;016;2024;06;14;6;3;0;1;0;0;1;0;0;0;0;0;536184,138499713269994;5278371,491727797314525;9,481892975000051;47,657725904000074;2
265342;08240622116010933410;08;1;16;070;2024;06;11;7;2;0;7;0;0;1;0;0;0;0;0;539933,507221244508401;5383074,209491584450006;9,541639701000065;48,599472754000033;2
265343;08240622221400885180;08;2;21;000;2024;06;20;7;3;0;7;2;1;1;0;0;0;0;0;474645,340471199771855;5472990,335088004358113;8,650481049000064;49,409068539000032;2
265344;08240622335100923280;08;3;35;043;2024;06;16;7;3;0;1;0;1;1;0;0;0;0;0;513446,637873511237558;5278462,419440803118050;9,179085195000027;47,659416276000059;2
265345;08240622436200887640;08;4;36;064;2024;06;14;7;3;4;6;0;0;1;0;0;0;0;0;543824,244256199686788;5288048,513519654050469;9,584609955000076;47,744319455000038;2
265346;08240623118100923580;08;1;18;007;2024;06;13;1;3;4;6;0;0;1;0;0;0;0;0;510650,349866196454968;5427351,839013396762311;9,145607943000073;48,998973100000057;2
265347;08240623121100891140;08;1;25;026;2024;06;12;1;3;4;6;0;0;1;0;0;0;0;0;489957,276509527291637;5444317,352015925571322;8,862278038000056;49,151596093000080;2
265348;08240623215102935370;08;2;15;109;2024;06;12;1;3;7;7;0;0;1;0;0;0;0;1;463725,381993938121013;5440889,635401404462755;8,502861667000047;49,119774189000054;2
265349;08240623325102908260;08;3;25;045;2024;06;16;1;2;0;7;0;0;1;0;0;0;0;0;468322,486200259067118;5346841,007739466615021;8,573077003000037;48,273982095000065;2
265350;08240623435100886780;08;4;35;016;2024;06;14;1;3;0;1;0;0;1;0;0;0;0;0;537372,917331242933869;5278308,180265991017222;9,497718868000049;47,657088681000062;2
265351;08240624116400892580;08;1;16;033;2024;06;15;2;3;0;1;0;0;1;0;0;0;0;0;530895,764232406625524;5389713,933997171930969;9,419554731000062;48,659714722000047;2
265352;08240624118600932940;08;1;18;076;2024;06;07;2;3;6;3;0;0;1;0;1;0;0;0;505441,115369492908940;5422592,309452116489410;9,074325478000048;48,956225963000065;2