OID_;UIDENTSTLAE;ULAND;UREGBEZ;UKREIS;UGEMEINDE;UJAHR;UMONAT;USTUNDE;UWOCHENTAG;UKATEGORIE;UART;UTYP1;ULICHTVERH;IstStrassenzustand;IstRad;IstPKW;IstFuss;IstKrad;IstGkfz;IstSonstige;LINREFX;LINREFY;XGCSWGS84;YGCSWGS84;PLST
265353;08240624415200061820;08;4;15;053;2024;06;04;2;2;0;1;2;0;1;0;0;0;0;0;532939,853919547749683;5363718,774721118621528;9,445256053000037;48,425756247000038;2
265354;08240624421300912830;08;4;21;000;2024;06;15;2;3;0;1;0;0;1;0;0;0;0;0;570345,621572885196656;5362989,363626824691892;9,950703401000055;48,416128004000029;2
265355;08240625118100942390;08;1;18;007;2024;06;13;3;3;6;7;0;0;1;0;1;0;0;0;510132,619113364838995;5427085,863385456614196;9,138523092000071;48,996589207000056;2
265356;08240625311010932660;08;3;11;000;2024;06;16;3;3;3;7;0;0;1;0;0;0;0;0;412698,865769028489012;5317388,584772720001638;7,829577931000074;48,003829454000027;2
265357;08240625311400937010;08;3;15;048;2024;06;15;3;2;0;7;0;0;1;0;0;0;0;0;397574,138000000268221;5308013,637000000104308;7,629093874000034;47,917260301000056;2
265358;08240625335000920050;08;3;35;028;2024;06;17;3;2;4;6;0;0;1;0;0;0;0;1;480284,408456487348303;5286407,307263214141130;8,737065186000052;47,730740291000075;2
265359;08240625415100898980;08;4;15;078;2024;06;17;3;3;0;7;0;0;1;0;0;0;0;0;527253,583207132527605;5372756,969329604879022;9,368984129000069;48,507337991000043;2
265360;08240625416010928070;08;4;15;061;2024;06;16;3;2;4;7;0;0;1;0;0;0;0;0;514933,738024624646641;5376791,329605692997575;9,202332760000047;48,544046126000069;2
265361;08240625416100908750;08;4;16;036;2024;06;22;3;3;0;1;2;0;1;0;0;0;0;0;495545,191627857217100;5369043,177497413940728;8,939725675000034;48,474502761000053;2
265362;08240626111240913300;08;1;11;000;2024;06;23;4;3;0;7;2;0;1;0;0;0;0;0;515100,132599925389513;5404872,020878037437797;9,205612416000065;48,796658172000036;2
265363;08240626116100928110;08;1;16;019;2024;06;09;4;3;0;1;0;0;1;0;0;0;0;0;522977,724363415909465;5396675,325093931518495;9,312419400000067;48,722680603000072;2
265364;08240626118100942440;08;1;18;079;2024;06;15;4;3;5;3;0;0;1;1;0;0;0;0;507623,280213859979995;5420173,751545729115605;9,104088483000055;48,934446314000070;2
265365;08240626127202929230;08;1;27;103;2024;06;15;4;3;0;7;0;0;1;0;0;0;0;0;574758,631000000052154;5439178,312400000169873;10,024173565000069;49,100907136000046;2
265366;08240626216100899960;08;2;11;000;2024;06;10;4;3;0;7;0;0;1;0;0;0;0;0;443202,403354331501760;5406852,832340055145323;8,226370227000075;48,812064775000067;2
265367;08240626311010937930;08;3;11;000;2024;06;10;4;3;6;4;0;0;1;0;1;0;0;0;416084,835121509153396;5315870,249187316745520;7,875260361000073;47,990624836000052;2
265368;08240626416010923310;08;4;16;025;2024;06;11;4;2;5;3;0;0;1;1;0;0;0;0;503550,891046746284701;5361509,213268727995455;9,047980298000027;48,406729273000053;2
265369;08240626426000914360;08;4;25;020;2024;06;13;4;3;0;6;0;1;1;0;0;0;0;1;558524,989377272431739;5361499,127185858786106;9,790760075000037;48,403931264000050;2
265370;08240627116000901160;08;4;15;091;2024;06;10;5;3;0;1;0;0;1;0;0;0;0;0;511820,912749129463919;5358823,710437545552850;9,159650468000052;48,382468203000030;2
265371;08240627121200933970;08;1;21;000;2024;06;19;5;3;0;7;0;0;1;0;0;0;0;0;517587,639642810914665;5444142,018987287767231;9,241181563000055;49,149849160000031;2
265372;08240627121300922370;08;1;21;000;2024;06;14;5;3;5;3;0;0;1;1;0;0;0;0;514540,206579996040091;5444449,934640182182193;9,199403132000043;49,152698684000029;2
265373;08240627311010928880;08;3;11;000;2024;06;09;5;3;0;7;0;0;1;0;0;0;0;0;409666,804673114907928;5317469,756142739206553;7,788920084000040;48,004138289000025;2
265374;08240627311100918190;08;3;15;015;2024;06;16;5;2;4;6;0;0;1;0;0;0;0;0;396578,450038869515993;5318988,625272065401077;7,613130563000027;48,015816154000049;2
265375;08240627317500905990;08;3;17;096;2024;06;18;5;3;0;1;0;0;1;0;0;0;0;0;421979,322224746458232;5368749,982398054562509;7,944514438000056;48,467040905000033;2
265376;08240627327100942570;08;3;27;050;2024;06;05;5;3;4;6;0;0;1;0;0;0;0;1;485179,747987201611977;5314167,014113659039140;8,801399400000037;47,980635389000042;2
265377;08240627336200932000;08;3;36;069;2024;06;16;5;3;5;3;0;0;1;0;0;0;0;0;407651,318369975255337;5268746,347519699484110;7,772271077000028;47,565561746000071;2
265378;08240627337101917460;08;3;37;045;2024;06;13;5;2;8;1;0;0;1;0;0;0;0;0;436734,338426676113158;5288255,031955046579242;8,156038520000038;47,744563439000046;2
265379;08240627337200936820;08;3;37;065;2024;06;13;5;3;6;6;0;0;1;0;1;0;0;0;448041,696000000461936;5275710,617000000551343;8,308359417000077;47,632711162000078;2
265380;08240628117400932980;08;1;17;012;2024;06;16;6;3;4;6;0;0;1;0;0;0;0;0;543388,164204069296829;5387684,901048307307065;9,588976954000032;48,640719413000056;2
265381;08240628119100931760;08;1;19;008;2024;06;11;6;2;0;7;0;0;1;0;0;0;0;0;533928,083822427201085;5422917,837744751013815;9,463476035000042;48,958247197000048;2
265382;08240628121500907630;08;1;25;096;2024;06;13;6;3;2;2;0;0;1;0;0;0;0;0;515000,468500909570139;5451276,471278255805373;9,205969780000032;49,214094161000048;2
265383;08240628127100920830;08;1;27;025;2024;06;13;6;3;2;6;0;0;1;0;0;0;0;0;556107,683495860896073;5429316,246837515383959;9,767321819000074;49,014184705000048;2
265384;08240628127202922550;08;1;27;014;2024;06;19;6;3;0;1;0;0;1;0;0;0;0;0;577574,063322762609459;5442916,837493375875056;10,063456087000077;49,134182383000052;2
265385;08240628221400908030;08;2;21;000;2024;06;17;6;3;2;6;0;0;1;0;0;0;0;1;476887,425955390383024;5471158,110136606730521;8,681494717000021;49,392677243000037;2
265386;08240628311010932460;08;3;11;000;2024;06;07;6;2;5;3;0;0;1;0;0;0;0;0;410535,808578524214681;5317619,270755239762366;7,800536811000029;48,005605428000081;2
265387;08240628426200905700;08;4;26;070;2024;06;13;6;3;4;6;0;0;1;0;0;0;0;0;566519,949643442407250;5342752,198141406290233;9,895813339000028;48,234498696000060;2
265388;08240628426300906500;08;4;26;121;2024;06;20;6;3;0;1;0;0;1;0;0;0;0;0;538056,386279473081231;5335466,349295272491872;9,511867530000075;48,171298967000041;2
265389;08240629116100909730;08;1;16;019;2024;06;11;7;3;0;1;0;0;1;0;0;0;0;0;524329,991862489026971;5401333,624840847216547;9,331080494000048;48,764534736000030;2
265390;08240629116200920750;08;1;16;078;2024;06;10;7;3;0;1;0;0;1;0;0;0;0;0;509474,815522877033800;5393872,347464536316693;9,128761946000054;48,697816403000047;2
265391;08240629121200912430;08;1;21;000;2024;06;13;7;3;0;7;0;0;1;0;0;0;0;0;516268,742081817646977;5443452,475242523476481;9,223067656000069;49,143682854000076;2
265392;08240629212702924070;08;2;15;110;2024;06;18;7;3;3;6;0;0;1;0;0;0;0;0;460482,023977257893421;5420529,960270883515477;8,460397961000069;48,936435463000066;2
265393;08240629231000934970;08;2;36;019;2024;06;14;7;2;9;1;0;0;1;0;0;0;0;0;488718,131407585751731;5408622,630057654343545;8,846275998000067;48,830479205000074;2
265394;08240629311100933090;08;3;15;072;2024;06;10;7;3;4;6;0;0;1;1;0;0;0;0;402950,926675136433914;5319447,151484150439501;7,698457232000067;48,020940257000063;2
265395;08240629326400935130;08;3;26;074;2024;06;16;7;3;0;1;0;0;1;0;0;0;0;0;460490,549694982415531;5319573,755676655098796;8,470060811000053;48,028230274000066;2
265396;08240629416100908820;08;4;16;036;2024;06;17;7;2;0;7;0;0;1;0;0;0;0;0;490481,071228937769774;5366253,421960551291704;8,871270863000063;48,449348622000059;2
265397;08240629421200912930;08;4;21;000;2024;06;12;7;3;0;7;0;0;1;0;0;0;0;0;572729,915566816227511;5361062,024916539900005;9,982587624000075;48,398520441000073;2
265398;08240629435100910950;08;4;35;016;2024;06;14;7;3;9;3;0;0;1;0;0;0;0;0;538100,182909705210477;5276890,606586599722505;9,507280410000021;47,644291802000055;2
265399;08240630111500936990;08;1;11;000;2024;06;13;1;3;6;7;0;0;1;0;1;0;0;0;514384,545851933769882;5404408,468827350065112;9,195852389000038;48,792505080000069;2
265400;08240630116100934720;08;1;16;019;2024;06;10;1;3;0;1;0;1;1;0;0;0;0;0;523821,166988811455667;5401752,233967785723507;9,324180802000058;48,768320160000030;2
265401;08240630118400934580;08;1;18;048;2024;06;03;1;3;8;1;2;1;1;0;0;0;0;0;517605,513276624435093;5418281,531118270009756;9,240303587000028;48,917221032000043;2
265402;08240630121400927420;08;1;25;074;2024;06;12;1;3;0;1;0;1;1;0;0;0;0;0;506911,678101083962247;5438785,381469763815403;9,094689308000056;49,101877002000037;2
265403;08240630128100935190;08;1;28;007;2024;06;01;1;2;7;1;2;1;1;0;1;0;0;0;557055,452573383459821;5482537,132448514923453;9,787864272000036;49,492786469000066;2
265404;08240630136000915550;08;1;36;065;2024;06;15;1;3;8;1;0;0;1;0;0;0;0;0;557887,886718397261575;5402071,037647278048098;9,787805259000038;48,768951470000047;2
265405;08240630311400924240;08;3;15;111;2024;06;21;1;3;9;1;2;0;1;0;0;0;0;0;401962,875129897089209;5299436,592940258793533;7,689765118000025;47,840795763000074;2
265406;08240630335300943680;08;3;35;075;2024;06;17;1;3;2;1;0;0;1;0;0;0;0;0;491499,145787725981791;5288477,816859997808933;8,886588340000060;47,749615071000051;2
265407;08240630415100937060;08;4;15;014;2024;06;11;1;3;0;1;0;1;1;0;0;0;0;0;527025,228986129048280;5372921,550369098782539;9,365903184000047;48,508828464000032;2
265408;08240630417200929710;08;4;17;071;2024;06;14;1;3;9;1;0;1;1;0;0;0;0;0;483692,219768726383336;5337234,927612395957112;8,780584845000021;48,188140953000072;2
265409;08240701121100945680;08;1;25;026;2024;07;15;2;3;0;7;0;1;1;0;0;0;0;0;495452,029391743941233;5445412,674067136831582;8,937618472000054;49,161514202000035;2
265410;08240701136200951350;08;1;36;019;2024;07;12;2;3;0;7;0;0;1;0;0;0;0;0;581167,723067216691561;5424564,862343706190586;10,109033912000029;48,968663360000050;2
265411;08240701337100957030;08;3;37;076;2024;07;05;2;3;0;1;1;1;1;0;0;0;0;0;425596,388822226319462;5267367,212205322459340;8,011034182000060;47,555459733000077;2
265412;08240702311010946970;08;3;11;000;2024;07;13;3;3;5;3;0;1;1;1;0;0;0;0;412041,781602229631972;5315282,712607601657510;7,821202101000040;47,984796442000061;2
265413;08240702311010952720;08;3;11;000;2024;07;14;3;3;5;3;0;0;1;0;0;0;0;0;417766,385748501168564;5314852,963836134411395;7,897989152000036;47,981692255000041;2
265414;08240702416200946790;08;4;16;041;2024;07;16;3;3;0;1;0;1;1;0;0;0;0;0;505513,944528365856968;5377391,939044471830130;9,074714951000033;48,549602950000065;2
265415;08240703115100969760;08;1;15;024;2024;07;15;4;2;0;7;0;1;1;0;1;0;0;0;500510,275693039002363;5387337,144010876305401;9,006926551000049;48,639096563000066;2
265416;08240703121500948180;08;1;25;007;2024;07;15;4;3;0;7;0;1;1;0;0;0;0;0;511626,079760955879465;5453250,489622622728348;9,159693845000049;49,231924239000080;2
265417;08240703216200947350;08;2;16;007;2024;07;14;4;3;5;7;0;1;1;1;0;0;0;0;435990,764521060977131;5394095,763884527608752;8,130136413000059;48,696614397000076;2
265418;08240703326000950090;08;3;35;028;2024;07;14;4;3;3;3;0;1;1;0;0;0;0;0;480828,165323605819140;5286148,473577334545553;8,744328261000021;47,728427814000042;2
265419;08240703335400947470;08;3;35;079;2024;07;16;4;3;5;3;0;1;1;1;0;0;0;0;501136,546566723496653;5299856,365874582901597;9,015192739000042;47,852048604000061;2
265420;08240704121400956890;08;1;25;013;2024;07;18;5;3;0;1;0;1;1;0;0;0;0;0;506155,361358285765164;5437508,761077912524343;9,084308406000048;49,090401253000039;2
265421;08240704335100949730;08;3;35;043;2024;07;16;5;3;6;7;0;0;1;0;1;0;0;0;513177,146843797469046;5279997,324406477622688;9,175542371000063;47,673232392000045;2
265422;08240704426010971530;08;4;21;000;2024;07;19;5;2;5;3;0;0;1;0;0;0;0;1;571492,698579305084422;5360498,694093671627343;9,965779284000064;48,393594640000060;2
265423;08240705111500992890;08;1;11;000;2024;07;17;6;3;0;2;0;0;1;0;0;0;0;0;515513,653197154926602;5405376,686113733798265;9,211262184000077;48,801187894000066;2
265424;08240705118400980720;08;1;18;048;2024;07;13;6;2;3;6;0;0;1;0;0;0;0;1;517717,247659360233229;5417440,518122576177120;9,241792161000035;48,909652367000035;2
265425;08240705136000980600;08;1;36;065;2024;07;18;6;2;0;7;0;0;1;0;0;0;0;0;557698,520572668872774;5405732,371879210695624;9,785742412000047;48,801903149000054;2
265426;08240705212010954580;08;2;12;000;2024;07;18;6;3;5;3;0;0;1;0;0;0;0;0;454345,503116652253084;5430317,528009448200464;8,375512102000073;49,024053339000034;2
265427;08240705216300979490;08;2;16;013;2024;07;16;6;3;0;1;0;1;1;0;0;0;0;0;453311,933060233364813;5393143,264503142796457;8,365614964000031;48,689582859000041;2
265428;08240705221300996410;08;2;21;000;2024;07;18;6;3;5;3;0;0;1;1;0;0;0;0;475846,833219524822198;5476054,369586824439466;8,666857026000059;49,436677801000030;2
265429;08240705231000960170;08;2;37;061;2024;07;12;6;2;4;6;0;0;1;1;0;0;0;0;466746,393353705527261;5366676,811162296682596;8,550268175000042;48,452350904000070;2
265430;08240705311010949780;08;3;11;000;2024;07;06;6;3;0;7;0;0;1;0;0;0;0;0;412015,181616946996655;5316696,838868319056928;7,820555834000061;47,997513263000030;2
265431;08240705311010973930;08;3;11;000;2024;07;08;6;3;0;7;0;0;1;0;0;0;0;0;417750,929533677292056;5315385,045036153867841;7,897680149000053;47,986476628000048;2
265432;08240705317100951110;08;3;17;110;2024;07;14;6;3;0;1;0;0;1;0;0;0;0;0;432433,505705104267690;5380996,726552280597389;8,083936795000056;48,578413041000033;2
265433;08240705317600972060;08;3;17;088;2024;07;20;6;2;8;1;0;0;1;0;0;0;0;0;438777,263483162620105;5357216,953108307905495;8,173417206000067;48,365154082000060;2
265434;08240705327100962710;08;3;27;050;2024;07;14;6;3;0;7;0;0;1;0;0;0;0;0;483641,537894866371062;5312379,426054998300970;8,780854635000026;47,964514678000057;2
265435;08240705426000953960;08;4;26;014;2024;07;15;6;3;0;1;0;0;1;0;0;0;0;0;548229,227395049063489;5315538,893289327621460;9,646436482000070;47,991331236000065;2
265436;08240706222400951630;08;2;26;038;2024;07;09;7;3;5;2;0;0;1;1;0;0;0;0;471621,709993740776554;5479130,324526839889586;8,608361163000041;49,464162543000043;2
265437;08240706417200951970;08;4;17;002;2024;07;08;7;3;8;1;0;0;1;0;0;0;0;0;489065,893600018927827;5345557,930891586467624;8,852670584000066;48,263136629000030;2
265438;08240706426000978260;08;4;21;000;2024;07;10;7;2;0;1;0;0;1;0;0;0;0;0;568542,928555962746032;5352113,440766345709562;9,924571107000077;48,318493053000054;2
265439;08240707212010983930;08;2;12;000;2024;07;21;1;2;0;7;1;0;1;0;0;0;0;0;458050,939940719399601;5431247,418505502864718;8,426098177000028;49,032680970000058;2
265440;08240707212102953420;08;2;12;000;2024;07;20;1;3;0;1;0;0;1;0;0;0;0;0;458400,243855826207437;5427932,733423466794193;8,431216567000035;49,002888564000045;2
265441;08240707221011979020;08;2;21;000;2024;07;09;1;2;6;7;0;0;1;0;1;0;0;0;475356,476218524971046;5468957,967278137803078;8,660534034000023;49,372827226000027;2
265442;08240707226300029620;08;2;21;000;2024;07;15;1;3;0;7;0;1;1;0;0;0;0;0;481630,405122972209938;5470245,780714301392436;8,746897249000028;49,384632489000069;2
265443;08240708116200967110;08;1;16;078;2024;07;10;2;3;0;7;0;0;1;0;0;0;0;0;512317,165423112339340;5393268,714157592505217;9,167371089000028;48,692336439000030;2
265444;08240708231000026310;08;2;36;076;2024;07;18;2;3;5;7;0;0;1;0;0;0;0;0;472096,398668452806305;5423161,468508264981210;8,618802852000044;48,960740062000070;2
265445;08240708311010955160;08;3;11;000;2024;07;10;2;3;3;6;0;0;1;0;0;0;0;0;414464,975660145399161;5315277,522677388042212;7,853671456000029;47,985078405000081;2
265446;08240708317500958400;08;3;17;096;2024;07;13;2;2;4;6;0;0;1;0;0;0;0;0;422632,017895050463267;5370259,137740787118673;7,953063474000032;48,480696295000030;2
265447;08240708335100985490;08;3;35;043;2024;07;19;2;3;8;1;0;0;1;0;0;0;0;0;512470,266733948199544;5279742,562781346961856;9,166118274000041;47,670954153000025;2
265448;08240708416200954620;08;4;16;041;2024;07;16;2;3;0;1;0;0;1;0;0;0;0;0;502216,944061471847817;5374585,379155085422099;9,030025073000047;48,524374502000057;2
265449;08240708421300016030;08;4;21;000;2024;07;19;2;3;8;7;0;0;1;0;0;0;0;0;568993,004144650069065;5352833,352632558904588;9,930759133000038;48,324920056000053;2
265450;08240708435100033880;08;4;35;029;2024;07;16;2;3;6;3;0;0;1;0;1;0;0;0;544813,064163724542595;5271665,539052656851709;9,596118995000040;47,596850330000052;2
265451;08240709111500984420;08;1;11;000;2024;07;17;3;3;6;4;0;0;1;0;1;0;0;0;514540,456957720103674;5404530,737493928521872;9,197979507000070;48,793601369000044;2
265452;08240709115300993890;08;1;15;028;2024;07;17;3;2;0;7;0;0;1;0;0;0;0;0;497885,824959527235478;5403273,820924158208072;8,971220260000052;48,782460641000057;2
265453;08240709116200986220;08;1;16;077;2024;07;10;3;3;0;1;0;0;1;0;0;0;0;0;513022,412974826293066;5387302,653453868813813;9,176766458000031;48,638650850000033;2
265454;08240709116200998280;08;1;16;077;2024;07;07;3;3;0;3;0;0;1;0;0;0;0;1;514623,001000000163913;5389651,923000000417233;9,198575704000064;48,659749752000039;2
265455;08240709118500993080;08;1;18;049;2024;07;11;3;2;6;6;0;0;1;0;1;0;0;0;518976,553114578884561;5419924,253127093426883;9,259093614000051;48,931957864000026;2
265456;08240709119200988320;08;1;19;093;2024;07;20;3;2;0;7;0;0;1;0;0;0;0;0;524779,236467957496643;5402586,455730855464935;9,337269141000036;48,775787255000068;2
265457;08240709119400971310;08;1;19;079;2024;07;18;3;2;0;1;0;0;1;0;0;0;0;0;525080,989512489177287;5407323,788580672815442;9,341665504000048;48,818391143000042;2
265458;08240709121300957060;08;1;21;000;2024;07;15;3;3;8;7;0;0;1;0;0;0;0;0;515329,713725628564134;5442544,412210848182440;9,210157792000075;49,135538677000056;2
265459;08240709136000958580;08;1;36;065;2024;07;16;3;3;6;7;0;0;1;0;1;0;0;0;561329,982316169771366;5404665,295969617553055;9,835031245000039;48,791957132000050;2
265460;08240709212010963790;08;2;12;000;2024;07;08;3;3;4;6;0;0;1;0;0;0;0;0;457959,139691385556944;5428021,406035162508488;8,425176592000071;49,003656301000035;2
265461;08240709311010977350;08;3;36;050;2024;07;16;3;3;0;1;0;0;1;0;0;0;0;0;403049,983587311813608;5278727,666083456948400;7,708906020000029;47,654677859000060;2
265462;08240709336300007140;08;3;36;087;2024;07;17;3;2;0;1;0;0;1;0;0;0;0;0;418921,183222395193297;5299806,734997595660388;7,916291840000042;47,846488208000039;2
265463;08240709421300959260;08;4;21;000;2024;07;18;3;2;6;6;0;0;1;0;1;0;0;0;569709,937183020636439;5361834,660426244139671;9,941921630000024;48,405811731000028;2
265464;08240709436300958170;08;4;36;081;2024;07;21;3;3;0;1;1;0;1;0;0;0;0;0;556390,162027333630249;5274813,335880965925753;9,750514457000065;47,624267514000053;2
265465;08240710111310978060;08;1;11;000;2024;07;08;4;3;0;1;0;1;1;0;0;0;0;0;515028,419829712947831;5404715,325692142359912;9,204630205000058;48,795250299000031;2
265466;08240710128300961050;08;1;28;131;2024;07;20;4;2;0;7;0;0;1;0;0;0;0;0;536664,013574622455053;5513683,604105549864471;9,509211303000029;49,774501230000055;2
265467;08240710215502975840;08;2;15;066;2024;07;10;4;3;0;7;0;0;1;0;0;0;0;0;460717,508487327955663;5454405,417673964984715;8,460320700000068;49,241162921000068;2
265468;08240710222600993590;08;2;22;000;2024;07;19;4;3;5;3;0;0;1;1;0;0;0;0;463484,399505572684575;5483369,609646436758339;8,495673578000037;49,501858101000039;2
265469;08240710311200037040;08;3;11;000;2024;07;18;4;3;3;6;0;0;1;0;0;0;0;0;413445,181204528664239;5316517,745186559855938;7,839757123000027;47,996097455000040;2
265470;08240711118400978530;08;1;18;048;2024;07;18;5;3;0;7;0;0;1;0;0;0;0;0;516204,330207533203065;5416350,456611845642328;9,221101865000037;48,899887941000031;2
265471;08240711311010964940;08;3;11;000;2024;07;09;5;3;6;6;0;0;1;0;1;0;0;0;410497,651999999769032;5316420,251000000163913;7,800275483000064;47,994814649000034;2
265472;08240712117200995140;08;1;17;024;2024;07;22;6;3;0;1;2;1;1;0;0;0;0;0;560628,962328141089529;5385526,872638566419482;9,822676646000048;48,619872966000059;2
265473;08240712117300969100;08;1;17;026;2024;07;16;6;3;0;1;0;1;1;0;0;0;0;0;549473,827840835554525;5392248,083139182999730;9,672127403000047;48,681315625000082;2
265474;08240712119300004230;08;1;19;067;2024;07;19;6;3;0;3;0;0;1;0;0;0;0;0;539868,628224468789995;5408946,147259322926402;9,543259970000065;48,832212024000057;2
265475;08240712212010974170;08;2;12;000;2024;07;08;6;3;6;7;0;0;1;0;1;0;0;0;455102,583841820131056;5427992,994011385366321;8,386124404000043;49,003199550000033;2
265476;08240712415400982800;08;4;15;061;2024;07;13;6;3;3;6;0;0;1;0;0;0;0;1;515175,335058489814401;5371116,271290077827871;9,205399563000071;48,492985721000082;2
265477;08240712435100982740;08;4;35;013;2024;07;13;6;3;0;1;0;0;1;0;0;0;0;0;539531,281479174620472;5275146,001975418068469;9,526176175000046;47,628509103000056;2
265478;08240713111130969650;08;1;11;000;2024;07;12;7;3;0;1;0;0;1;0;0;0;0;0;506617,788852036639582;5403035,276703736744821;9,090082426000038;48,780283098000041;2
265479;08240713116010987870;08;1;16;019;2024;07;16;7;3;0;1;0;0;1;0;0;0;0;0;521915,568598109122831;5401748,144847711548209;9,298247796000055;48,768353400000080;2
265480;08240713116400986710;08;1;16;033;2024;07;20;7;3;0;1;0;0;1;0;0;0;0;0;534964,309590885532089;5386192,488865560851991;9,474505169000054;48,627821799000060;2
265481;08240713225000030000;08;2;25;091;2024;07;18;7;3;8;6;0;0;1;0;0;0;0;1;521212,875791699043475;5475879,583559170365334;9,292578985000034;49,435215346000064;2
265482;08240713311010970580;08;3;11;000;2024;07;21;7;3;0;1;2;0;1;0;1;0;0;0;415980,896515832166187;5315870,761934991925955;7,873867420000067;47,990615800000057;2
265483;08240713421200984700;08;4;21;000;2024;07;19;7;3;6;6;1;0;1;0;1;0;0;0;573695,788999999873340;5360790,627000000327826;9,995586985000045;48,395966993000059;2
265484;08240713435100998610;08;4;35;016;2024;07;10;7;3;0;1;0;0;1;0;0;0;0;0;536961,352096768678166;5281886,921343488618731;9,492540905000055;47,689311581000027;2
265485;08240714111500986750;08;1;11;000;2024;07;04;1;2;8;1;2;0;1;0;0;0;0;0;509813,301987011684105;5405472,054537453688681;9,133638374000043;48,802161950000027;2
265486;08240714136000013940;08;1;36;065;2024;07;18;1;3;0;7;0;0;1;0;0;0;0;0;560429,190170444780961;5409160,834195580333471;9,823429916000066;48,832482609000067;2
265487;08240714136200974620;08;1;36;019;2024;07;16;1;3;9;1;0;0;1;0;0;0;0;0;581800,693009126465768;5427918,521118619479239;10,118355575000066;48,998742465000078;2
265488;08240714216300997160;08;2;16;017;2024;07;15;1;3;0;1;0;0;1;0;0;0;0;0;454452,793607855215669;5400310,790248168632388;8,380324150000035;48,754142839000053;2
265489;08240714311010986260;08;3;11;000;2024;07;11;1;2;0;7;0;0;1;0;0;0;0;0;410683,776886828767601;5317655,435067342594266;7,802512670000056;48,005951428000060;2
265490;08240714311010991560;08;3;15;047;2024;07;13;1;3;0;7;0;0;1;0;0;0;0;0;416093,851832978310995;5321732,710611824877560;7,874233629000059;48,043361341000036;2
265491;08240714311400008000;08;3;15;108;2024;07;14;1;2;4;6;0;0;1;0;0;0;0;0;404683,367427365970798;5304608,471987877972424;7,724973657000021;47,887726848000057;2
265492;08240714317000002870;08;3;17;057;2024;07;14;1;3;0;1;0;0;1;0;0;0;0;0;411831,684630099916831;5380920,001267418265343;7,804690548000053;48,575162399000078;2
265493;08240714327100973680;08;3;27;008;2024;07;10;1;3;0;7;0;0;1;0;0;0;0;0;499804,226041425135918;5316470,905638037249446;8,997375448000071;48,001535620000027;2
265494;08240714327100993800;08;3;27;054;2024;07;14;1;3;0;7;0;0;1;0;0;0;0;0;483163,478394841949921;5316061,742433751001954;8,774306023000065;47,997632622000026;2
265495;08240714335300991620;08;3;35;022;2024;07;18;1;3;8;1;0;0;1;0;0;0;0;0;478273,415767683181912;5302781,889580786228180;8,709425650000071;47,878004050000072;2
265496;08240714415300026450;08;4;15;092;2024;07;09;1;3;0;1;0;0;1;0;0;0;0;0;518560,518810963432770;5361554,018283396027982;9,250793952000038;48,406869053000037;2
265497;08240714437000974800;08;4;37;104;2024;07;12;1;3;0;1;0;0;1;0;0;0;0;0;510420,037160815496463;5325747,935680638998747;9,139916985000070;48,084917016000077;2
265498;08240715111500012310;08;1;11;000;2024;07;15;2;3;5;3;0;0;1;0;0;0;0;0;517379,068395239883102;5410074,262487364001572;9,236863914000025;48,843397082000081;2
265499;08240715116400992850;08;1;16;016;2024;07;13;2;3;8;1;0;0;1;0;0;0;0;0;532670,725690202787519;5383316,665878162719309;9,443153170000073;48,602075064000076;2
265500;08240715118010014580;08;1;15;045;2024;07;19;2;3;5;7;0;0;1;0;0;0;0;0;498699,805742727709003;5397077,683382389135659;8,982320346000051;48,726722417000076;2
265501;08240715118100980480;08;1;18;079;2024;07;16;2;3;8;1;0;0;1;0;0;0;0;0;508370,320209598983638;5424048,390074796974659;9,114368209000077;48,969291645000055;2
265502;08240715311010991570;08;3;15;064;2024;07;06;2;3;0;7;0;0;1;0;0;0;0;0;420182,852293769712560;5313612,494902089238167;7,930596713000057;47,970839515000080;2
265503;08240715311400036950;08;3;15;074;2024;07;15;2;3;0;1;0;0;1;0;0;0;0;0;397492,271919811377302;5295610,808712719008327;7,630939500000068;47,805685910000079;2
265504;08240715317000009510;08;3;17;113;2024;07;20;2;3;4;6;1;1;1;0;0;0;0;0;408012,373043628933374;5345030,085549972951412;7,760794457000031;48,251804443000026;2
265505;08240715317000015260;08;3;17;088;2024;07;06;2;2;9;1;0;0;1;0;0;0;0;0;434169,817914802348241;5357056,422128969803452;8,111243618000060;48,363246280000055;2
265506;08240715415100992990;08;4;15;014;2024;07;11;2;3;2;6;0;0;1;0;0;0;0;1;527279,340151331969537;5373477,823485882952809;9,369379974000026;48,513821819000043;2
265507;08240716111340015720;08;1;11;000;2024;07;08;3;3;0;7;0;0;1;0;0;0;0;0;506934,593343767686747;5406543,265910522080958;9,094454040000073;48,811837251000043;2
265508;08240716116000978840;08;4;15;091;2024;07;14;3;3;0;1;0;0;1;0;0;0;0;0;519599,438646240509115;5360646,703655764460564;9,264789550000046;48,398674982000045;2
265509;08240716226300011370;08;2;26;097;2024;07;07;3;3;0;1;0;1;1;0;0;0;0;0;485166,514824679354206;5467458,766250382177532;8,795722558000023;49,359659753000074;2
265510;08240716235200981900;08;2;35;080;2024;07;18;3;3;0;1;0;0;1;0;0;0;0;0;481517,574133743182756;5386908,544038411229849;8,749137444000041;48,634967818000064;2