OID_;UIDENTSTLAE;ULAND;UREGBEZ;UKREIS;UGEMEINDE;UJAHR;UMONAT;USTUNDE;UWOCHENTAG;UKATEGORIE;UART;UTYP1;ULICHTVERH;IstStrassenzustand;IstRad;IstPKW;IstFuss;IstKrad;IstGkfz;IstSonstige;LINREFX;LINREFY;XGCSWGS84;YGCSWGS84;PLST
265985;08241010221400326010;08;2;21;000;2024;10;01;5;2;4;6;2;1;1;0;0;0;0;0;476997,262484788720030;5471050,229602265171707;8,683014550000053;49,391711032000046;2
265986;08241010317010302060;08;3;17;096;2024;10;12;5;3;4;6;0;0;1;0;0;0;0;0;421105,809295765298884;5369363,976506159640849;7,932583598000065;48,472454742000082;2
265987;08241010415400285660;08;4;15;061;2024;10;16;5;2;0;1;0;1;1;0;0;0;0;0;511371,239898274710868;5363500,235996450297534;9,153704027000060;48,424548928000036;2
265988;08241012118400298650;08;1;18;048;2024;10;11;7;3;8;6;0;0;1;0;0;0;0;0;516525,610419246251695;5419532,796374605037272;9,225614448000044;48,928506768000034;2
265989;08241012311010290160;08;3;11;000;2024;10;12;7;3;0;7;0;0;1;0;0;0;0;0;412027,234769273200072;5317803,700687368400395;7,820490387000063;48,007471448000047;2
265990;08241012415300367650;08;4;15;059;2024;10;19;7;3;0;1;2;0;1;0;0;0;0;0;517207,987951216346119;5369165,842463112436235;9,232831159000057;48,475386597000067;2
265991;08241014311010313750;08;3;11;000;2024;10;15;2;3;5;3;0;0;1;0;0;0;0;1;412855,546386138419621;5316957,060179687105119;7,831765709000024;47,999969137000051;2
265992;08241014317000306080;08;3;17;057;2024;10;14;2;3;4;7;0;1;1;1;0;0;0;0;414156,115860257414170;5381459,467654325067997;7,836084903000028;48,580337366000037;2
265993;08241015118100325110;08;1;18;079;2024;10;11;3;3;0;7;0;1;1;0;0;0;0;0;510290,959090820688289;5424695,764583302661777;9,140627239000025;48,975086187000045;2
265994;08241015212502381660;08;2;12;000;2024;10;16;3;3;5;3;0;0;1;1;0;0;0;0;453678,659751089697238;5428256,495800912380219;8,366626473000053;49,005464544000063;2
265995;08241016212102303080;08;2;12;000;2024;10;17;4;3;0;7;0;0;1;0;0;0;0;0;464507,201238226261921;5424047,384387870319188;8,515051383000070;48,968320010000070;2
265996;08241016311010324950;08;3;11;000;2024;10;14;4;3;4;6;0;1;1;0;0;0;0;0;412152,961506853811443;5317413,816832282580435;7,822255573000064;48,003981629000066;2
265997;08241016316100314920;08;3;16;039;2024;10;06;4;3;4;6;2;1;1;0;0;0;0;0;417760,248188390862197;5327551,791812787763774;7,895467623000059;48,095923214000038;2
265998;08241016426010302320;08;4;21;000;2024;10;16;4;2;4;6;0;0;1;0;0;0;0;0;572986,175489787245169;5360092,906783970072865;9,985880741000074;48,389773382000044;2
265999;08241017116400353150;08;1;16;016;2024;10;11;5;3;0;7;0;0;1;0;0;0;0;0;533532,503707422176376;5384070,796938528306782;9,454903069000068;48,608813616000077;2
266000;08241017117100349340;08;1;17;019;2024;10;08;5;3;5;3;0;0;1;1;0;0;0;0;551945,618529606843367;5393691,587493752129376;9,705886825000050;48,694099755000082;2
266001;08241017118200320300;08;1;18;019;2024;10;15;5;3;8;1;0;0;1;0;0;0;0;0;505477,648796196735930;5404417,326902333647013;9,074581089000048;48,792727028000058;2
266002;08241017136100301860;08;1;36;088;2024;10;14;5;3;3;6;0;0;1;0;0;0;0;0;583044,124346606200561;5412392,112910056486726;10,132189905000075;48,858932483000046;2
266003;08241017221300322760;08;2;21;000;2024;10;15;5;3;0;7;0;1;1;0;0;0;0;0;477831,424671060114633;5472802,245541727170348;8,694411641000045;49,407501118000027;2
266004;08241017311010320060;08;3;15;064;2024;10;13;5;2;0;7;0;1;1;0;0;0;0;0;421368,996520367683843;5314173,535947008058429;7,946383390000051;47,976033325000060;2
266005;08241017316100303750;08;3;16;039;2024;10;12;5;3;4;1;0;0;1;0;0;0;0;0;417094,146184681099840;5326358,415609526447952;7,886754933000077;48,085102056000039;2
266006;08241017316200335080;08;3;16;056;2024;10;12;5;3;4;6;0;1;1;0;0;0;0;0;422689,510131150891539;5327611,818360304459929;7,961648253000021;48,097080391000077;2
266007;08241017317200364870;08;3;17;141;2024;10;14;5;3;8;1;0;0;1;0;0;0;0;0;417458,190948161645792;5376236,996697063557804;7,881882811000025;48,533807153000055;2
266008;08241017425000337590;08;4;25;093;2024;10;15;5;3;0;1;0;0;1;0;0;0;0;0;559532,956287756795064;5348999,732669136486948;9,802610208000033;48,291395378000061;2
266009;08241018111330381130;08;1;11;000;2024;10;14;6;3;5;3;0;1;1;0;0;0;0;1;512976,605958649655804;5409805,723399183712900;9,176853435000055;48,841089009000029;2
266010;08241019118010350260;08;1;18;079;2024;10;11;7;2;0;1;0;1;1;0;0;0;0;0;507731,755486065871082;5424004,118629433214664;9,105642329000034;48,968901713000037;2
266011;08241019231302309060;08;2;31;000;2024;10;22;7;3;0;1;2;0;1;0;0;0;0;0;479749,889514467271511;5415877,680101471021771;8,723719060000064;48,895515952000039;2
266012;08241019317010312790;08;3;17;150;2024;10;21;7;2;3;6;2;0;1;0;0;0;0;0;409518,358586375426967;5358090,922024292871356;7,778275986000040;48,369498991000057;2
266013;08241019436400308620;08;4;36;083;2024;10;12;7;3;0;1;0;1;1;0;0;0;0;0;533212,459151340415701;5298630,999732766300440;9,443865201000051;47,840166435000071;2
266014;08241020117200361410;08;1;17;049;2024;10;17;1;3;9;1;0;1;1;0;0;0;0;0;555243,933927492820658;5390094,063705201260746;9,750222887000064;48,661455455000066;2
266015;08241020215102359820;08;2;12;000;2024;10;16;1;3;6;6;0;0;1;0;1;0;0;0;458851,892931963200681;5431161,848481690511107;8,437064078000049;49,031965229000036;2
266016;08241020311010333660;08;3;15;014;2024;10;16;1;2;6;6;0;0;1;0;1;0;0;0;410156,795675721426960;5308550,369421069510281;7,797351896000066;47,923975183000039;2
266017;08241020311010333930;08;3;15;052;2024;10;18;1;2;4;6;2;0;1;0;0;1;0;0;426924,544090135314036;5304007,788539710454643;8,022538299000075;47,885241108000059;2
266018;08241020325000376720;08;3;26;074;2024;10;15;1;2;8;6;0;0;1;1;0;0;0;0;467652,212812177021988;5322605,924157732166350;8,565887686000053;48,055913202000056;2
266019;08241020325102312340;08;3;25;057;2024;10;13;1;3;0;1;0;1;1;0;0;0;0;0;473257,220081631385256;5356446,618263695389032;8,638972509000041;48,360626725000031;2
266020;08241020327200349200;08;3;27;019;2024;10;16;1;3;1;7;0;0;1;1;0;0;0;0;480936,740131178812589;5331964,095705088227987;8,743747553000048;48,140643392000072;2
266021;08241020426010349060;08;4;21;000;2024;10;13;1;2;5;3;0;0;1;1;0;0;0;0;567631,625413827365264;5359854,734595456160605;9,913524282000026;48,388227917000052;2
266022;08241021121600319640;08;1;25;059;2024;10;16;2;2;0;7;0;0;1;0;0;0;0;0;528436,711972599150613;5440673,929929818958044;9,389708740000060;49,118246434000071;2
266023;08241021136000316710;08;1;36;065;2024;10;16;2;2;2;6;0;0;1;0;0;0;0;0;565119,932775497436523;5406091,238195520825684;9,886852699000030;48,804397920000042;2
266024;08241021317000329210;08;3;17;089;2024;10;17;2;3;6;6;0;0;1;0;1;0;0;0;429371,215070211444981;5377190,340851007029414;8,043070429000068;48,543836662000047;2
266025;08241022221200355340;08;2;21;000;2024;10;18;3;3;0;1;1;0;1;0;0;0;0;0;477462,372016620181967;5471721,178713150322437;8,689385761000040;49,397763523000037;2
266026;08241022437200355690;08;4;37;005;2024;10;14;3;2;8;1;0;0;1;0;0;0;0;0;501167,885528287151828;5324263,537678021006286;9,015677965000066;48,071645903000046;2
266027;08241023231102327320;08;2;36;050;2024;10;13;4;3;5;2;0;1;1;0;0;0;0;1;485529,257000000216067;5424388,498299999162555;8,802266730000042;48,972238380000078;2
266028;08241023231102357650;08;2;36;033;2024;10;16;4;2;5;3;0;1;1;1;0;0;0;0;484276,845546255586669;5428915,347870202735066;8,784978288000048;49,012929349000046;2
266029;08241023311200338160;08;3;11;000;2024;10;18;4;3;0;7;2;1;1;0;0;0;0;0;416814,041015488852281;5319366,687617676332593;7,884354042000041;48,022172219000026;2
266030;08241023435100329140;08;4;35;035;2024;10;13;4;3;0;7;0;1;1;0;0;0;0;1;540578,004100951016881;5280821,674743701703846;9,540634655000076;47,679510267000069;2
266031;08241024111500384150;08;1;11;000;2024;10;07;5;3;4;6;2;0;1;0;0;0;0;0;513919,653769330761861;5405954,016139793209732;9,189575087000037;48,806419221000056;2
266032;08241024118010374020;08;1;18;018;2024;10;07;5;2;6;6;2;0;1;0;1;0;0;0;512023,493724307802040;5431578,959491143003106;9,164506282000048;49,036973161000049;2
266033;08241025311010341050;08;3;15;003;2024;10;07;6;3;4;6;2;0;1;0;0;0;0;0;412732,208662462246139;5312537,470252290368080;7,831010610000021;47,960196588000031;2
266034;08241025416010337580;08;4;16;036;2024;10;14;6;3;4;6;0;0;1;0;0;1;0;0;495248,915168408770114;5367958,311230940744281;8,935729332000051;48,464740654000082;2
266035;08241026118010367210;08;1;18;007;2024;10;16;7;2;4;6;0;0;1;0;0;0;0;0;511038,748208960751072;5425566,022785058245063;9,150869460000024;48,982901790000028;2
266036;08241026118010368780;08;1;15;046;2024;10;11;7;2;5;3;0;0;1;1;0;0;0;0;509742,407685542362742;5390057,975323315709829;9,132308590000036;48,663497833000065;2
266037;08241026119500366050;08;1;19;085;2024;10;16;7;3;5;3;0;0;1;1;0;0;0;0;528701,459350900608115;5412978,412970717996359;9,391380358000049;48,869101453000042;2
266038;08241026121300377980;08;1;21;000;2024;10;16;7;2;0;6;0;0;1;0;0;0;0;0;514453,978820462303702;5442026,956318917684257;9,198133711000025;49,130905205000033;2
266039;08241026317000332690;08;3;17;057;2024;10;14;7;3;0;1;0;0;1;0;0;0;0;0;412272,531328199896961;5377269,391562000848353;7,811435391000032;48,542389347000039;2
266040;08241026335100333230;08;3;35;043;2024;10;00;7;3;0;1;2;0;1;0;0;0;0;0;513007,271183596109040;5279595,609017629176378;9,173267381000073;47,669621332000077;2
266041;08241027116200366510;08;1;16;077;2024;10;18;1;2;0;1;0;1;1;0;0;0;0;0;513235,223085802805144;5389346,502441693097353;9,179720456000041;48,657033100000035;2
266042;08241027116400363680;08;1;16;016;2024;10;02;1;2;0;1;2;0;1;0;0;0;0;0;532677,180137577001005;5383325,289497760124505;9,443241395000030;48,602152305000061;2
266043;08241027216200378060;08;2;16;028;2024;10;16;1;3;5;2;0;0;1;0;0;0;0;0;428298,721743949456140;5398564,064841172657907;8,024842564000039;48,735969100000034;2
266044;08241027226400365490;08;2;26;062;2024;10;09;1;3;4;6;0;0;1;0;0;0;0;0;469256,023163398844190;5468706,323025311343372;8,576521560000060;49,370286450000037;2
266045;08241027311010338740;08;3;15;064;2024;10;12;1;3;0;7;0;0;1;0;0;0;0;1;424565,901565951877274;5312048,020166801288724;7,989586330000066;47,957297448000077;2
266046;08241027317000335520;08;3;17;096;2024;10;15;1;3;0;1;0;0;1;0;0;0;0;0;422123,456241867272183;5366605,235553260892630;7,946863118000067;48,447766887000057;2
266047;08241027317000346430;08;3;17;057;2024;10;11;1;3;8;7;0;0;1;0;0;0;0;0;414449,738501352665480;5378806,059834982268512;7,840610899000069;48,556511592000049;2
266048;08241027317100364550;08;3;17;098;2024;10;11;1;3;8;7;0;0;1;0;0;0;0;0;437062,147960728150792;5367717,463426062837243;8,148688210000046;48,459443213000043;2
266049;08241028225200338510;08;2;25;014;2024;10;13;2;3;0;1;0;0;1;0;0;0;0;0;523461,520864083606284;5484321,722339199855924;9,324093593000043;49,511067501000070;2
266050;08241029116010374930;08;1;16;076;2024;10;14;3;1;9;1;0;0;1;0;0;0;0;0;529633,082009858568199;5398800,015838158316910;9,403060446000040;48,741513049000048;2
266051;08241029116100380440;08;1;16;027;2024;10;15;3;3;0;1;0;0;1;0;0;0;0;0;533879,603237837785855;5394780,125375814735889;9,460488296000051;48,705134586000042;2
266052;08241029121400347500;08;1;25;056;2024;10;12;3;3;0;1;0;0;1;0;0;0;0;0;513210,112841780064628;5433919,898972311988473;9,180817947000037;49,058006791000025;2
266053;08241029311010362220;08;3;15;041;2024;10;15;3;3;5;3;0;0;1;0;0;0;0;0;419370,898021192464512;5323228,697873705998063;7,917911464000042;48,057240867000075;2
266054;08241030121600371450;08;1;25;024;2024;10;16;4;3;0;7;0;0;1;0;0;0;0;0;523760,952873116533738;5444275,670774468220770;9,325843637000048;49,150843543000065;2
266055;08241030135010356890;08;1;35;027;2024;10;20;4;3;0;1;2;1;1;0;0;0;0;0;589855,496835404308513;5378110,271672371774912;10,217570664000050;48,549651250000068;2
266056;08241030221400346510;08;2;21;000;2024;10;19;4;3;0;7;2;0;1;0;0;0;0;0;477159,953288521210197;5471420,266447597183287;8,685235181000053;49,395045587000027;2
266057;08241030326100374990;08;3;26;012;2024;10;11;4;3;0;1;0;1;1;0;0;0;0;0;465280,155942025652621;5313244,158088963478804;8,534813562000068;47,971561946000065;2
266058;08241031119300373340;08;1;19;076;2024;10;17;5;3;4;6;1;0;1;1;0;0;0;0;541060,304204044165090;5406165,025329069234431;9,559218872000031;48,807116865000069;2
266059;08241031215402378160;08;2;15;009;2024;10;23;5;3;0;7;2;0;1;0;0;0;0;0;468795,423765790590551;5440674,291949572041631;8,572360308000043;49,118115421000027;2
266060;08241031311010372930;08;3;11;000;2024;10;08;5;3;3;6;0;0;1;0;0;0;0;0;412913,672457946522627;5316967,571254383772612;7,832542631000024;48,000071609000031;2
266061;08241101136000382820;08;1;36;065;2024;11;14;6;3;0;7;0;0;1;0;0;0;0;0;563226,694328437093645;5398545,068071526475251;9,859912272000031;48,736715894000042;2
266062;08241102111500384030;08;1;11;000;2024;11;17;7;3;0;1;0;0;1;0;0;0;0;0;513402,944000000134110;5403332,550000000745058;9,182452396000031;48,782848152000042;2
266063;08241102119200398570;08;1;19;020;2024;11;21;7;3;9;7;2;0;1;0;0;0;0;0;519080,907478693872690;5410621,876421716064215;9,260083999000074;48,848273303000042;2
266064;08241102216100401290;08;2;16;012;2024;11;17;7;3;0;1;2;0;1;0;0;0;0;0;442655,042668611567933;5420090,701218440197408;8,217059595000023;48,931088854000052;2
266065;08241102326100383030;08;3;26;012;2024;11;14;7;3;0;1;0;0;1;0;0;0;0;0;458152,605456097633578;5313681,316369945183396;8,439278349000062;47,975068529000055;2
266066;08241102327100396830;08;3;27;018;2024;11;16;7;3;0;7;0;0;1;0;0;0;0;0;474511,073690166231245;5307602,904419172555208;8,658823550000022;47,921241257000077;2
266067;08241103118400404690;08;1;18;048;2024;11;12;1;2;0;7;0;0;1;0;0;0;0;0;515751,462191758269910;5414750,995662525296211;9,214861035000069;48,885511317000066;2
266068;08241103415400404650;08;4;16;041;2024;11;13;1;3;0;1;0;1;1;0;0;0;0;0;509222,299466209195089;5379820,497298189438879;9,125017564000075;48,571407379000050;2
266069;08241104212402415860;08;2;12;000;2024;11;15;2;3;6;6;0;0;1;0;1;0;0;0;457402,922978146234527;5427922,284619005396962;8,417582264000032;49,002726552000070;2
266070;08241104417300385910;08;4;17;023;2024;11;16;2;3;8;1;0;0;1;1;0;0;0;0;490366,745608167257160;5355113,437730036675930;8,869980432000034;48,349125611000034;2
266071;08241105119300385930;08;1;19;084;2024;11;12;3;3;0;1;0;0;1;0;0;0;0;0;546637,165431476663798;5411937,760938879102468;9,635824859000024;48,858651016000067;2
266072;08241105436400408200;08;4;36;009;2024;11;16;3;3;0;1;0;0;1;0;0;0;0;0;558636,290535293403082;5307080,076428269036114;9,784761213000024;47,914362574000052;2
266073;08241106117400387990;08;1;17;060;2024;11;05;4;3;4;6;2;0;1;0;0;0;0;1;541990,661296745762229;5388139,621178268454969;9,570053504000043;48,644905392000055;2
266074;08241106416200408050;08;4;16;041;2024;11;19;4;3;6;7;2;0;1;0;1;0;0;0;504185,316159389039967;5373722,441954584792256;9,056674952000037;48,516601165000054;2
266075;08241106421200387810;08;4;21;000;2024;11;07;4;3;0;1;0;1;1;0;0;0;0;0;573314,269069321569987;5367779,790643303655088;9,991656168000077;48,458880171000033;2
266076;08241106421200394950;08;4;25;031;2024;11;11;4;2;0;1;0;0;1;0;0;0;0;0;568969,960866468027234;5370123,548355883918703;9,933289542000068;48,480454151000060;2
266077;08241106421300407950;08;4;21;000;2024;11;20;4;3;4;6;2;0;1;0;0;0;0;0;572376,789056484703906;5361465,167375819757581;9,977887088000045;48,402187447000074;2
266078;08241107111340392000;08;1;11;000;2024;11;19;5;3;1;5;2;0;1;1;0;0;0;0;509277,801103978650644;5407240,235444353893399;9,126385868000057;48,818076539000060;2
266079;08241107115400393320;08;1;15;045;2024;11;14;5;3;0;7;0;0;1;0;0;0;0;0;498760,792569492943585;5396549,994524922221899;8,983151213000042;48,721975426000029;2
266080;08241108121500393560;08;1;25;113;2024;11;18;6;3;0;1;2;0;1;0;0;0;0;0;530404,358646842418239;5450490,790035080164671;9,417414993000023;49,206456135000053;2
266081;08241108136000414790;08;1;36;065;2024;11;07;6;3;0;7;1;0;1;0;0;0;0;0;561579,119296854129061;5403068,066525799222291;9,838183657000059;48,777565446000040;2
266082;08241108136200422870;08;1;36;019;2024;11;08;6;3;4;6;2;0;1;0;0;0;0;1;585895,839829233940691;5422576,039648834615946;10,173203022000052;48,950137228000074;2
266083;08241108337010434800;08;3;37;065;2024;11;07;6;3;6;7;0;1;1;0;1;0;0;0;449162,571824069484137;5275245,165654457174242;8,323332879000077;47,628612409000027;2
266084;08241108416200393420;08;4;16;041;2024;11;13;6;3;0;1;0;0;1;0;0;0;0;0;505493,651335482136346;5374894,895476201549172;9,074407046000033;48,527138893000028;2
266085;08241109119400395700;08;1;19;020;2024;11;13;7;2;0;7;0;0;1;0;0;0;0;0;521688,053452240768820;5404051,915558435954154;9,295273127000030;48,789085734000025;2
266086;08241110415300427710;08;4;15;019;2024;11;17;1;3;0;1;2;1;1;0;0;0;0;0;519425,943579119630158;5369217,982854861766100;9,262843124000028;48,475791052000034;2
266087;08241111336400402150;08;3;36;104;2024;11;14;2;3;0;1;0;0;1;0;0;0;0;0;404332,310478002589662;5292630,689738643355668;7,722925639000039;47,779931989000033;2
266088;08241113212302436720;08;2;12;000;2024;11;19;4;3;0;1;2;1;1;0;0;0;0;0;456435,811699703685008;5429195,287253603339195;8,404223360000060;49,014109859000030;2
266089;08241113212702478510;08;2;15;046;2024;11;09;4;2;0;3;0;0;1;0;0;0;0;1;450231,164777503581718;5413706,774790537543595;8,321267572000068;48,874320302000058;2
266090;08241113231102471060;08;2;36;025;2024;11;06;4;2;0;7;2;0;1;0;0;0;0;0;488876,762731075403281;5407981,233745532110333;8,848454861000050;48,824712158000068;2
266091;08241114117200406490;08;1;17;024;2024;11;09;5;3;8;1;0;0;1;0;0;0;0;0;560583,930910029215738;5386251,472667833790183;9,822171543000024;48,626395310000078;2
266092;08241114118300435340;08;1;18;081;2024;11;07;5;3;4;6;1;1;1;1;0;0;0;0;516849,231208584504202;5414204,199163862504065;9,229812717000073;48,880563613000049;2
266093;08241114311010420680;08;3;11;000;2024;11;09;5;3;8;1;0;0;1;0;0;0;0;0;412696,002548703050707;5316376,055909655056894;7,829745579000075;47,994721053000035;2
266094;08241116231102412640;08;2;36;040;2024;11;15;7;3;0;7;0;1;1;0;0;0;0;0;493036,561251084669493;5421290,643048618920147;8,904901913000060;48,944501312000057;2
266095;08241116311010412560;08;3;11;000;2024;11;16;7;3;0;7;0;0;1;0;0;0;0;0;414398,085316318902187;5317571,809135517105460;7,852317549000077;48,005707452000081;2
266096;08241116415400412170;08;4;15;061;2024;11;16;7;3;7;7;1;0;1;0;0;0;0;1;512555,845987682871055;5372000,528625936247408;9,169971306000036;48,500998629000037;2
266097;08241118212010452910;08;2;12;000;2024;11;16;2;3;0;7;0;1;1;0;0;0;0;0;462283,057460328564048;5428989,461868117563426;8,484204798000064;49,012643572000059;2
266098;08241120111500489640;08;1;11;000;2024;11;08;4;3;4;6;0;1;1;0;0;0;0;0;513608,194670467462856;5403281,678273783996701;9,185244746000023;48,782386058000043;2
266099;08241120119200452950;08;1;19;020;2024;11;08;4;3;3;6;0;1;1;1;0;0;0;0;519762,294470020453446;5409500,504628405906260;9,269317505000060;48,838164383000048;2
266100;08241120335100427610;08;3;35;043;2024;11;12;4;3;0;1;0;0;1;0;0;0;0;0;513065,801430440857075;5279444,908042561262846;9,174042539000027;47,668264194000074;2
266101;08241122317000428670;08;3;17;065;2024;11;07;6;3;0;1;0;2;1;0;0;0;0;0;414275,715880827687215;5354181,002386793494225;7,843294340000057;48,334994230000063;2
266102;08241124117400436660;08;1;17;029;2024;11;09;1;3;9;1;0;1;1;0;0;0;0;0;542188,295412432868034;5390773,315759802237153;9,573004838000031;48,668584022000061;2
266103;08241124317100440040;08;3;17;001;2024;11;15;1;2;0;1;0;0;1;0;0;0;0;0;429033,788302247761749;5388418,637619491666555;8,036580865000076;48,644796904000032;2
266104;08241124416100470180;08;4;16;036;2024;11;17;1;3;0;1;2;0;1;0;0;0;0;0;495384,106485361058731;5370361,220238488167524;8,937531609000075;48,486359273000062;2
266105;08241124421200440540;08;4;21;000;2024;11;13;1;3;4;6;0;0;1;0;0;0;0;0;573011,609289347077720;5360141,979392744600773;9,986232773000040;48,390211857000054;2
266106;08241124421300437560;08;4;21;000;2024;11;13;1;3;0;7;0;0;1;0;0;0;0;0;569646,063825536868535;5361857,288187906146049;9,941062448000025;48,406022337000081;2
266107;08241125211100438160;08;2;11;000;2024;11;08;2;3;0;7;0;0;1;0;0;0;0;0;444894,894299999810755;5404121,976999999955297;8,249787684000069;48,787652702000059;2
266108;08241126436200444570;08;4;36;064;2024;11;16;3;2;8;1;2;0;1;0;0;0;0;0;545508,055076317512430;5293982,571565231308341;9,607692171000053;47,797591813000054;2
266109;08241127221400586260;08;2;21;000;2024;11;22;4;2;6;7;2;0;1;0;1;0;0;0;474724,463897191453725;5471709,630996520631015;8,651653261000035;49,397552129000076;2
266110;08241127311010479040;08;3;11;000;2024;11;12;4;3;0;6;0;1;1;0;0;0;0;0;409565,546989631839097;5314156,367896722629666;7,788260845000025;47,974319420000029;2
266111;08241128116500463970;08;1;16;049;2024;11;07;5;3;5;3;0;1;1;1;0;0;0;0;525553,653519464773126;5387116,216226035729051;9,346851781000055;48,636587018000057;2
266112;08241128118200450000;08;1;18;011;2024;11;12;5;3;0;7;0;0;1;0;0;0;1;0;503121,295198117382824;5408650,440710093826056;9,042530296000052;48,830824029000041;2
266113;08241129337010478920;08;3;37;128;2024;11;12;6;2;0;7;0;0;1;0;0;0;0;0;441817,200402043818031;5287461,555134410969913;8,223943105000046;47,737903275000065;2
266114;08241129415300477460;08;4;15;019;2024;11;15;6;3;5;3;0;0;1;0;0;0;0;0;517058,422146496188361;5369942,393236514180899;9,230839182000068;48,482376803000079;2
266115;08241130231102483540;08;2;36;040;2024;11;23;7;3;0;7;2;1;1;0;0;0;0;0;488386,207731252303347;5421389,987168345600367;8,841390471000068;48,945325139000033;2
266116;08241201311300494550;08;3;11;000;2024;12;00;1;3;8;7;2;0;1;0;0;0;0;0;412620,100732425984461;5316415,737494150176644;7,828720304000058;47,995067633000076;2
266117;08241202111330491140;08;1;11;000;2024;12;07;2;3;0;7;0;2;1;0;0;0;0;0;517040,982438112434465;5409709,943219151347876;9,232240937000029;48,840129116000071;2
266118;08241202111330491150;08;1;11;000;2024;12;07;2;3;0;7;0;2;1;0;0;0;0;0;517040,507739370455965;5409708,950363331474364;9,232234426000048;48,840120198000079;2
266119;08241203311010492690;08;3;11;000;2024;12;20;3;3;8;1;2;1;1;0;0;0;0;0;412780,199880326923449;5317473,840998359024525;7,830650784000056;48,004607464000060;2
266120;08241204121400517510;08;1;21;000;2024;12;09;4;3;6;6;0;0;1;0;1;0;0;0;511275,756488995801192;5440288,614237216301262;9,154518553000059;49,115334681000036;2
266121;08241204221200494650;08;2;21;000;2024;12;16;4;2;0;1;2;1;1;0;0;0;0;0;479353,820396002091002;5472761,848600236698985;8,715399309000077;49,407191309000041;2
266122;08241204235100502310;08;2;35;073;2024;12;08;4;2;0;7;0;2;1;0;0;0;0;0;476443,007551769725978;5406511,654676030389965;8,679141404000063;48,811145037000074;2
266123;08241205311010517010;08;3;11;000;2024;12;08;5;3;4;1;0;0;1;0;0;0;0;0;413686,727127182180993;5315917,566072626039386;7,843114991000050;47,990731281000080;2
266124;08241207116200581240;08;1;16;078;2024;12;15;7;3;5;3;0;0;1;0;0;0;0;1;510516,403004663588945;5393598,620857934467494;9,142910019000055;48,695337252000058;2
266125;08241208111320499270;08;1;11;000;2024;12;03;1;3;6;6;2;1;1;0;1;0;0;0;514684,838618674664758;5405433,475635481067002;9,199977638000064;48,801718898000047;2
266126;08241213311010513520;08;3;11;000;2024;12;09;6;3;8;1;0;0;1;0;0;0;0;0;413875,038253832142800;5316306,934697841294110;7,845560328000033;47,994259186000079;2
266127;08241215119100550540;08;1;19;044;2024;12;18;1;3;0;1;2;1;1;0;0;0;0;0;542219,357550601474941;5425300,226942073553801;9,576981136000029;48,979166640000074;2
266128;08241216222400522480;08;2;26;028;2024;12;11;2;3;5;3;0;0;1;0;0;0;0;0;471268,323125990806147;5483577,924202395603061;8,603161128000067;49,504150498000058;2
266129;08241217119500576650;08;1;19;085;2024;12;13;3;2;0;7;0;0;1;0;0;0;0;0;528112,856232242775150;5413976,265338457189500;9,383422796000048;48,878104709000070;2
266130;08241217317000580110;08;3;17;127;2024;12;17;3;3;0;1;2;0;1;0;0;0;0;0;423878,743059281609021;5352777,700319573283195;7,973101595000060;48,323601163000035;2
266131;08241217436200530170;08;4;36;064;2024;12;18;3;2;6;6;2;0;1;0;1;0;0;0;545511,179280140553601;5294023,325143487192690;9,607738164000068;47,797958251000068;2
266132;08241218128100555350;08;1;28;007;2024;12;16;4;2;4;6;0;0;1;1;0;0;0;0;555986,255700234090909;5480616,967147294431925;9,772829548000061;49,475616031000072;2
266133;08241218226600532280;08;2;26;082;2024;12;17;4;3;0;7;2;0;1;0;0;0;0;0;475324,469792988442350;5480184,824691969901323;8,659394879000047;49,473809212000049;2
266134;08241219111330550890;08;1;11;000;2024;12;12;5;3;0;7;0;1;1;0;0;0;0;1;514320,767912245122716;5410125,696084703318775;9,195183606000057;48,843937867000079;2
266135;08241219116500531000;08;1;16;035;2024;12;07;5;3;5;3;1;1;1;1;0;0;0;0;527119,683862758101895;5391307,327343623153865;9,368382397000062;48,674224161000041;2
266136;08241220327100583170;08;3;27;050;2024;12;15;6;2;0;7;0;1;1;0;0;0;0;0;488606,060423958930187;5316930,036005457863212;8,847240570000054;48,005564964000030;2
266137;08241221136100576910;08;1;36;088;2024;12;16;7;3;0;7;2;0;1;0;0;0;0;0;578830,032546988455579;5411053,071775534190238;10,074489745000051;48,847438598000053;2
266138;08241221311400567630;08;3;15;108;2024;12;23;7;2;0;7;2;1;1;0;0;0;0;0;404586,262693687807769;5303437,157414492219687;7,723933870000053;47,877176283000040;2
266139;08241225435100573370;08;4;35;035;2024;12;22;4;3;3;6;2;1;1;0;0;0;0;1;541929,489346872782335;5282882,924411337822676;9,558838165000054;47,697969594000028;2
266140;08241226136200576930;08;1;36;068;2024;12;11;5;3;0;6;0;0;1;1;0;0;0;0;598988,912037166999653;5428969,220165903680027;10,353541362000044;49,005674846000034;2
266141;08241228421300570810;08;4;25;137;2024;12;15;7;2;0;7;0;2;1;0;0;0;0;0;574558,654209308791906;5354771,874066757969558;10,006174734000069;48,341725558000064;2
266142;08241231136100568980;08;1;36;088;2024;12;15;3;3;4;6;0;0;1;0;0;0;0;0;580510,890640129684471;5410309,812487296760082;10,097250203000044;48,840537792000077;2